Customer_ID,Customer_Name,Gender,Age,Marital_Status,Occupation,Income,City,State,Customer_Segment
C00001,Sunil Nayak,Male,48,Married,Professional,2435000.0,Kolkata,West Bengal,Premium
C00002,Bhavesh Agarwal,Male,21,Single,Government Employee,418000.0,Jodhpur,Rajasthan,Mass Market
C00003,Jyoti Deshmukh,Female,57,Widowed,Salaried,1069000.0,Surat,Gujarat,Affluent
C00004,Nikhil Jadhav,Male,54,Married,Retired,446000.0,Lucknow,Uttar Pradesh,Mass Market
C00005,Vihaan Nair,Male,57,Married,Self-Employed,1303000.0,Bhubaneswar,Odisha,Affluent
C00006,Bhavesh Krishnan,Male,56,Married,Business Owner,6600000.0,Coimbatore,Tamil Nadu,Premium
C00007,Bhavna Reddy,Female,30,Married,Salaried,576000.0,Bhopal,Madhya Pradesh,Mass Market
C00008,Shweta Deshmukh,Female,68,Married,Professional,1837000.0,Kolkata,West Bengal,Affluent
C00009,Advait Iyengar,Male,62,Married,Retired,337000.0,Bengaluru,Karnataka,Mass Market
C00010,Rudra Mishra,Male,53,Married,Salaried,602000.0,Nagpur,Maharashtra,Mass Market
C00011,Vandana Iyengar,Female,49,Widowed,Self-Employed,2012000.0,Ghaziabad,Uttar Pradesh,Premium
C00012,Varun Dubey,Male,37,Married,Business Owner,3231000.0,Delhi,Delhi,Premium
C00013,Prakash Deshmukh,Male,39,Married,Government Employee,523000.0,Coimbatore,Tamil Nadu,Mass Market
C00014,Prakash Mishra,Male,44,Married,Self-Employed,574000.0,Ahmedabad,Gujarat,Mass Market
C00015,Arvind Srivastava,Male,43,Divorced,Professional,3076000.0,Faridabad,Haryana,Premium
C00016,Tarun Sinha,Male,54,Single,Salaried,1296000.0,Ranchi,Jharkhand,Affluent
C00017,Anil Jadhav,Male,21,Single,Self-Employed,769000.0,Delhi,Delhi,Young Professional
C00018,Geeta Anand,Female,21,Married,Government Employee,289000.0,Visakhapatnam,Andhra Pradesh,Mass Market
C00019,Arjun Shah,Male,54,Divorced,Salaried,903000.0,Visakhapatnam,Andhra Pradesh,Mass Market
C00020,Kabir Mishra,Male,46,Married,Professional,2149000.0,Vijayawada,Andhra Pradesh,Premium
C00021,Kabir Bansal,Male,23,Single,Salaried,460000.0,Ludhiana,Punjab,Young Professional
C00022,Anil Tiwari,Male,41,Married,Government Employee,936000.0,Faridabad,Haryana,Mass Market
C00023,Varun Banerjee,Male,69,Married,Retired,344000.0,Mysuru,Karnataka,Mass Market
C00024,Kabir Sharma,Male,44,Single,Self-Employed,550000.0,Bengaluru,Karnataka,Mass Market
C00025,Abhishek Pandey,Male,33,Married,Salaried,430000.0,Raipur,Chhattisgarh,Mass Market
C00026,Rohan Sinha,Male,51,Married,Self-Employed,1864000.0,Kochi,Kerala,Affluent
C00027,Aakash Saxena,Male,52,Married,Salaried,658000.0,Coimbatore,Tamil Nadu,Mass Market
C00028,Saurabh Kapoor,Male,33,Divorced,Salaried,566000.0,Pune,Maharashtra,Mass Market
C00029,Bhavesh Bose,Male,31,Divorced,Self-Employed,592000.0,Ghaziabad,Uttar Pradesh,Mass Market
C00030,Ankit Arora,Male,21,Single,Professional,1297000.0,Guwahati,Assam,Affluent
C00031,Varun Yadav,Male,21,Single,Business Owner,2616000.0,Jaipur,Rajasthan,Premium
C00032,Nikhil Agarwal,Male,30,Married,Salaried,510000.0,Chandigarh,Chandigarh,Mass Market
C00033,Usha Dubey,Female,34,Married,Business Owner,761000.0,Mysuru,Karnataka,Mass Market
C00034,Saanvi Sen,Female,45,Married,Retired,347000.0,Jodhpur,Rajasthan,Mass Market
C00035,Pankaj Chauhan,Male,39,Married,Professional,1819000.0,Vadodara,Gujarat,Affluent
C00036,Sameer Rana,Male,51,Married,Self-Employed,2286000.0,Madurai,Tamil Nadu,Premium
C00037,Harleen Srivastava,Female,28,Married,Self-Employed,971000.0,Dehradun,Uttarakhand,Young Professional
C00038,Lavanya Pillai,Female,23,Married,Salaried,540000.0,Indore,Madhya Pradesh,Young Professional
C00039,Rahul Das,Male,68,Widowed,Retired,577000.0,Lucknow,Uttar Pradesh,Mass Market
C00040,Tarun Patel,Male,56,Married,Salaried,832000.0,Faridabad,Haryana,Mass Market
C00041,Kunal Iyengar,Male,52,Married,Salaried,875000.0,Bhopal,Madhya Pradesh,Mass Market
C00042,Deepak Verma,Male,43,Married,Business Owner,4205000.0,Nagpur,Maharashtra,Premium
C00043,Naveen Thakur,Male,48,Divorced,Business Owner,1117000.0,Bengaluru,Karnataka,Affluent
C00044,Karan Rana,Male,70,Widowed,Retired,635000.0,Varanasi,Uttar Pradesh,Mass Market
C00045,Varun Desai,Male,21,Single,Salaried,288000.0,Bhubaneswar,Odisha,Mass Market
C00046,Parth Dubey,Male,21,Single,Government Employee,247000.0,Chandigarh,Chandigarh,Mass Market
C00047,Deepak Jain,Male,54,Married,Retired,243000.0,Bhopal,Madhya Pradesh,Mass Market
C00048,Vikram Nayak,Male,41,Married,Government Employee,680000.0,Mumbai,Maharashtra,Mass Market
C00049,Ajay Nair,Male,37,Married,Self-Employed,1222000.0,Kochi,Kerala,Affluent
C00050,Kajal Kumar,Female,21,Single,Salaried,316000.0,Raipur,Chhattisgarh,Mass Market
C00051,Naveen Naidu,Male,52,Married,Salaried,1238000.0,Jodhpur,Rajasthan,Affluent
C00052,Jaya Joshi,Female,27,Married,Salaried,371000.0,Pune,Maharashtra,Mass Market
C00053,Aditi Sinha,Female,36,Married,Professional,2120000.0,Amritsar,Punjab,Premium
C00054,Om Raut,Male,37,Married,Salaried,1112000.0,Dehradun,Uttarakhand,Affluent
C00055,Dhruv Kamble,Male,32,Married,Business Owner,1963000.0,Jodhpur,Rajasthan,Affluent
C00056,Advait Rathore,Male,62,Widowed,Retired,329000.0,Lucknow,Uttar Pradesh,Mass Market
C00057,Shalini Raut,Female,36,Married,Salaried,1035000.0,Visakhapatnam,Andhra Pradesh,Affluent
C00058,Nandini Aggarwal,Female,49,Married,Self-Employed,1399000.0,Patna,Bihar,Affluent
C00059,Chitra Rathore,Female,45,Married,Business Owner,1228000.0,Bhopal,Madhya Pradesh,Affluent
C00060,Vishal Chatterjee,Male,52,Married,Government Employee,637000.0,Ahmedabad,Gujarat,Mass Market
C00061,Tanvi Bose,Female,43,Married,Salaried,906000.0,Patna,Bihar,Mass Market
C00062,Divya Joshi,Female,24,Single,Self-Employed,745000.0,Ranchi,Jharkhand,Young Professional
C00063,Vijay Tiwari,Male,34,Single,Self-Employed,768000.0,Surat,Gujarat,Mass Market
C00064,Ritu Singh,Female,32,Married,Self-Employed,468000.0,Surat,Gujarat,Mass Market
C00065,Gauri Ghosh,Female,48,Married,Salaried,635000.0,Bhubaneswar,Odisha,Mass Market
C00066,Kajal Yadav,Female,48,Married,Professional,2113000.0,Ranchi,Jharkhand,Premium
C00067,Pankaj Raut,Male,46,Widowed,Salaried,1268000.0,Hyderabad,Telangana,Affluent
C00068,Namrata Kamble,Female,53,Single,Self-Employed,1454000.0,Bhubaneswar,Odisha,Affluent
C00069,Ananya Kulkarni,Female,35,Married,Salaried,568000.0,Madurai,Tamil Nadu,Mass Market
C00070,Girish Thakur,Male,30,Single,Professional,2601000.0,Mysuru,Karnataka,Premium
C00071,Sunil Sen,Male,41,Married,Retired,633000.0,Mumbai,Maharashtra,Mass Market
C00072,Charu Chopra,Female,57,Married,Retired,274000.0,Chandigarh,Chandigarh,Mass Market
C00073,Ajay Malhotra,Male,24,Single,Salaried,388000.0,Ranchi,Jharkhand,Mass Market
C00074,Rakesh Chauhan,Male,43,Married,Retired,589000.0,Thane,Maharashtra,Mass Market
C00075,Vihaan Tiwari,Male,42,Married,Business Owner,4359000.0,Noida,Uttar Pradesh,Premium
C00076,Aarti Solanki,Female,34,Married,Salaried,1079000.0,Coimbatore,Tamil Nadu,Affluent
C00077,Shaurya Naidu,Male,43,Widowed,Business Owner,1765000.0,Lucknow,Uttar Pradesh,Affluent
C00078,Diya Naidu,Female,36,Married,Government Employee,533000.0,Jaipur,Rajasthan,Mass Market
C00079,Vihaan Patel,Male,40,Married,Salaried,1276000.0,Guwahati,Assam,Affluent
C00080,Manoj Deshmukh,Male,43,Married,Business Owner,1867000.0,Kochi,Kerala,Affluent
C00081,Sarita Kumar,Female,48,Married,Government Employee,885000.0,Amritsar,Punjab,Mass Market
C00082,Shweta Bose,Female,47,Married,Professional,2051000.0,Visakhapatnam,Andhra Pradesh,Premium
C00083,Jaya Bose,Female,41,Married,Salaried,1101000.0,Indore,Madhya Pradesh,Affluent
C00084,Shweta Mukherjee,Female,41,Widowed,Self-Employed,971000.0,Coimbatore,Tamil Nadu,Mass Market
C00085,Mahesh Raut,Male,48,Married,Salaried,1151000.0,Bhubaneswar,Odisha,Affluent
C00086,Advait Verma,Male,43,Widowed,Business Owner,6010000.0,Chennai,Tamil Nadu,Premium
C00087,Priya Sinha,Female,34,Married,Professional,1361000.0,Ranchi,Jharkhand,Affluent
C00088,Ajay Jain,Male,40,Married,Retired,509000.0,Agra,Uttar Pradesh,Mass Market
C00089,Reyansh Bhatt,Male,43,Married,Business Owner,2016000.0,Ahmedabad,Gujarat,Premium
C00090,Naveen Menon,Male,39,Married,Salaried,792000.0,Delhi,Delhi,Mass Market
C00091,Ashok Chatterjee,Male,25,Married,Government Employee,533000.0,Delhi,Delhi,Mass Market
C00092,Lavanya Saxena,Female,46,Married,Business Owner,2943000.0,Jaipur,Rajasthan,Premium
C00093,Ravi Rana,Male,32,Married,Salaried,974000.0,Pune,Maharashtra,Mass Market
C00094,Ashwin Reddy,Male,32,Married,Self-Employed,1660000.0,Visakhapatnam,Andhra Pradesh,Affluent
C00095,Kavita Nayak,Female,29,Married,Salaried,642000.0,Vijayawada,Andhra Pradesh,Young Professional
C00096,Kunal Shah,Male,27,Single,Salaried,921000.0,Lucknow,Uttar Pradesh,Young Professional
C00097,Vihaan Prasad,Male,28,Single,Business Owner,2309000.0,Madurai,Tamil Nadu,Premium
C00098,Shweta Dubey,Female,47,Married,Professional,2682000.0,Ghaziabad,Uttar Pradesh,Premium
C00099,Anjali Anand,Female,53,Married,Salaried,758000.0,Nagpur,Maharashtra,Mass Market
C00100,Vikram Trivedi,Male,43,Widowed,Professional,1885000.0,Bhopal,Madhya Pradesh,Affluent
C00101,Rajesh Pillai,Male,47,Widowed,Business Owner,1625000.0,Ghaziabad,Uttar Pradesh,Affluent
C00102,Kavya Mishra,Female,46,Married,Business Owner,5319000.0,Mysuru,Karnataka,Premium
C00103,Om Saxena,Male,45,Single,Professional,3322000.0,Ranchi,Jharkhand,Premium
C00104,Pooja Kapoor,Female,23,Married,Business Owner,2774000.0,Nashik,Maharashtra,Premium
C00105,Vivaan Kulkarni,Male,48,Married,Government Employee,459000.0,Coimbatore,Tamil Nadu,Mass Market
C00106,Nandini Shah,Female,57,Married,Government Employee,882000.0,Bhubaneswar,Odisha,Mass Market
C00107,Rajiv Aggarwal,Male,47,Married,Self-Employed,830000.0,Kochi,Kerala,Mass Market
C00108,Nisha Chauhan,Female,21,Married,Salaried,244000.0,Amritsar,Punjab,Mass Market
C00109,Rakesh Agarwal,Male,41,Married,Salaried,860000.0,Kanpur,Uttar Pradesh,Mass Market
C00110,Kartik Rana,Male,35,Married,Salaried,510000.0,Ranchi,Jharkhand,Mass Market
C00111,Bhavna Bose,Female,37,Married,Salaried,666000.0,Kochi,Kerala,Mass Market
C00112,Amit Mukherjee,Male,41,Widowed,Retired,721000.0,Bhopal,Madhya Pradesh,Mass Market
C00113,Shalini Bhatt,Female,51,Single,Self-Employed,947000.0,Dehradun,Uttarakhand,Mass Market
C00114,Girish Ghosh,Male,39,Married,Professional,2830000.0,Amritsar,Punjab,Premium
C00115,Parth Kulkarni,Male,38,Married,Professional,1928000.0,Delhi,Delhi,Affluent
C00116,Sarita Malhotra,Female,45,Married,Business Owner,3465000.0,Ludhiana,Punjab,Premium
C00117,Nidhi Krishnan,Female,44,Married,Retired,340000.0,Indore,Madhya Pradesh,Mass Market
C00118,Riya Mukherjee,Female,44,Married,Professional,1569000.0,Visakhapatnam,Andhra Pradesh,Affluent
C00119,Chitra Arora,Female,37,Married,Government Employee,862000.0,Vijayawada,Andhra Pradesh,Mass Market
C00120,Varun Patel,Male,41,Married,Professional,2703000.0,Mumbai,Maharashtra,Premium
C00121,Bhavesh Malhotra,Male,60,Married,Business Owner,3934000.0,Bhopal,Madhya Pradesh,Premium
C00122,Harish Trivedi,Male,37,Married,Salaried,778000.0,Jodhpur,Rajasthan,Mass Market
C00123,Nandini Rathore,Female,48,Divorced,Retired,468000.0,Gurugram,Haryana,Mass Market
C00124,Amit Das,Male,44,Married,Retired,360000.0,Delhi,Delhi,Mass Market
C00125,Arvind Trivedi,Male,43,Married,Salaried,1386000.0,Thane,Maharashtra,Affluent
C00126,Kunal Saxena,Male,52,Married,Professional,3496000.0,Bhopal,Madhya Pradesh,Premium
C00127,Ashwin Thakur,Male,40,Married,Government Employee,765000.0,Madurai,Tamil Nadu,Mass Market
C00128,Pallavi Chauhan,Female,35,Married,Government Employee,589000.0,Jodhpur,Rajasthan,Mass Market
C00129,Tanvi Mishra,Female,26,Single,Professional,1082000.0,Jodhpur,Rajasthan,Affluent
C00130,Bhavna Sen,Female,55,Married,Self-Employed,807000.0,Amritsar,Punjab,Mass Market
C00131,Vijay Mehta,Male,41,Married,Business Owner,3427000.0,Visakhapatnam,Andhra Pradesh,Premium
C00132,Aditi Mehta,Female,24,Single,Salaried,314000.0,Nagpur,Maharashtra,Mass Market
C00133,Sarita Menon,Female,47,Married,Salaried,1452000.0,Ranchi,Jharkhand,Affluent
C00134,Kartik Mukherjee,Male,28,Married,Self-Employed,1330000.0,Indore,Madhya Pradesh,Affluent
C00135,Vishal Shah,Male,55,Single,Retired,208000.0,Madurai,Tamil Nadu,Mass Market
C00136,Sapna Iyengar,Female,46,Married,Retired,625000.0,Nagpur,Maharashtra,Mass Market
C00137,Nikhil Sen,Male,32,Divorced,Professional,2641000.0,Nashik,Maharashtra,Premium
C00138,Suresh Mukherjee,Male,37,Married,Government Employee,892000.0,Mumbai,Maharashtra,Mass Market
C00139,Priya Arora,Female,49,Divorced,Salaried,1431000.0,Bengaluru,Karnataka,Affluent
C00140,Suresh Aggarwal,Male,25,Married,Salaried,665000.0,Vadodara,Gujarat,Young Professional
C00141,Vikram Deshmukh,Male,41,Married,Self-Employed,1041000.0,Noida,Uttar Pradesh,Affluent
C00142,Vishal Thakur,Male,44,Married,Self-Employed,1825000.0,Mumbai,Maharashtra,Affluent
C00143,Harleen Ghosh,Female,40,Married,Business Owner,3859000.0,Gurugram,Haryana,Premium
C00144,Krishna Banerjee,Male,25,Married,Salaried,487000.0,Kanpur,Uttar Pradesh,Young Professional
C00145,Anil Subramaniam,Male,29,Single,Business Owner,1368000.0,Gurugram,Haryana,Affluent
C00146,Aarti Malhotra,Female,55,Married,Self-Employed,1733000.0,Ahmedabad,Gujarat,Affluent
C00147,Krishna Rao,Male,33,Married,Professional,1451000.0,Ahmedabad,Gujarat,Affluent
C00148,Saurabh Patel,Male,41,Married,Business Owner,674000.0,Surat,Gujarat,Mass Market
C00149,Rajesh Arora,Male,26,Single,Government Employee,296000.0,Bhopal,Madhya Pradesh,Mass Market
C00150,Kiran Nayak,Female,21,Married,Salaried,260000.0,Bhubaneswar,Odisha,Mass Market
C00151,Shweta Rathore,Female,40,Married,Salaried,794000.0,Raipur,Chhattisgarh,Mass Market
C00152,Saurabh Deshmukh,Male,39,Married,Salaried,603000.0,Dehradun,Uttarakhand,Mass Market
C00153,Ekta Sen,Female,32,Married,Professional,1844000.0,Madurai,Tamil Nadu,Affluent
C00154,Ishaan Agarwal,Male,35,Single,Business Owner,3144000.0,Mysuru,Karnataka,Premium
C00155,Pankaj Aggarwal,Male,46,Single,Self-Employed,1089000.0,Kolkata,West Bengal,Affluent
C00156,Aparna Saxena,Female,43,Married,Professional,1612000.0,Indore,Madhya Pradesh,Affluent
C00157,Ramesh Chatterjee,Male,55,Married,Salaried,1114000.0,Chennai,Tamil Nadu,Affluent
C00158,Karan Reddy,Male,31,Single,Salaried,831000.0,Kanpur,Uttar Pradesh,Mass Market
C00159,Gauri Rathore,Female,33,Married,Retired,409000.0,Mumbai,Maharashtra,Mass Market
C00160,Advait Das,Male,47,Divorced,Salaried,1188000.0,Vijayawada,Andhra Pradesh,Affluent
C00161,Vijay Das,Male,38,Married,Government Employee,533000.0,Bengaluru,Karnataka,Mass Market
C00162,Jaya Singh,Female,34,Married,Salaried,536000.0,Vadodara,Gujarat,Mass Market
C00163,Aparna Pillai,Female,43,Married,Retired,245000.0,Thane,Maharashtra,Mass Market
C00164,Abhishek Chauhan,Male,33,Single,Government Employee,481000.0,Madurai,Tamil Nadu,Mass Market
C00165,Kiran Jain,Female,50,Married,Business Owner,4291000.0,Pune,Maharashtra,Premium
C00166,Bhavna Subramaniam,Female,26,Married,Retired,513000.0,Surat,Gujarat,Mass Market
C00167,Anjali Kumar,Female,26,Single,Salaried,640000.0,Surat,Gujarat,Young Professional
C00168,Rachna Bansal,Female,41,Married,Salaried,783000.0,Lucknow,Uttar Pradesh,Mass Market
C00169,Radha Rathore,Female,61,Married,Business Owner,1881000.0,Mysuru,Karnataka,Affluent
C00170,Shaurya Trivedi,Male,31,Single,Professional,2046000.0,Pune,Maharashtra,Premium
C00171,Aarti Sinha,Female,63,Married,Business Owner,6240000.0,Ghaziabad,Uttar Pradesh,Premium
C00172,Parth Rathore,Male,50,Married,Salaried,1456000.0,Patna,Bihar,Affluent
C00173,Reyansh Jadhav,Male,35,Widowed,Self-Employed,609000.0,Chennai,Tamil Nadu,Mass Market
C00174,Isha Bansal,Female,24,Single,Business Owner,3305000.0,Kochi,Kerala,Premium
C00175,Diya Patel,Female,55,Single,Business Owner,2216000.0,Visakhapatnam,Andhra Pradesh,Premium
C00176,Ananya Bhatt,Female,26,Single,Salaried,484000.0,Thane,Maharashtra,Young Professional
C00177,Kavya Bhatt,Female,38,Married,Self-Employed,677000.0,Patna,Bihar,Mass Market
C00178,Advait Khanna,Male,51,Widowed,Salaried,1172000.0,Kanpur,Uttar Pradesh,Affluent
C00179,Prakash Nair,Male,34,Single,Salaried,687000.0,Dehradun,Uttarakhand,Mass Market
C00180,Kabir Aggarwal,Male,37,Divorced,Professional,2837000.0,Madurai,Tamil Nadu,Premium
C00181,Amit Thakur,Male,40,Married,Self-Employed,663000.0,Noida,Uttar Pradesh,Mass Market
C00182,Gauri Ghosh,Female,49,Married,Salaried,888000.0,Agra,Uttar Pradesh,Mass Market
C00183,Sunita Kulkarni,Female,29,Married,Salaried,347000.0,Ludhiana,Punjab,Mass Market
C00184,Tarun Yadav,Male,35,Divorced,Salaried,554000.0,Lucknow,Uttar Pradesh,Mass Market
C00185,Radha Saxena,Female,70,Married,Professional,1499000.0,Noida,Uttar Pradesh,Affluent
C00186,Ishita Rana,Female,46,Married,Self-Employed,1450000.0,Guwahati,Assam,Affluent
C00187,Aditi Banerjee,Female,65,Married,Retired,305000.0,Chennai,Tamil Nadu,Mass Market
C00188,Kavita Nayak,Female,23,Married,Government Employee,418000.0,Ludhiana,Punjab,Mass Market
C00189,Saanvi Saxena,Female,47,Married,Salaried,1134000.0,Guwahati,Assam,Affluent
C00190,Shaurya Yadav,Male,53,Married,Self-Employed,2420000.0,Ranchi,Jharkhand,Premium
C00191,Manisha Khanna,Female,43,Married,Professional,2652000.0,Hyderabad,Telangana,Premium
C00192,Oindrila Aggarwal,Female,51,Married,Government Employee,854000.0,Nashik,Maharashtra,Mass Market
C00193,Krishna Iyer,Male,34,Married,Self-Employed,690000.0,Dehradun,Uttarakhand,Mass Market
C00194,Rekha Prasad,Female,44,Married,Professional,2826000.0,Patna,Bihar,Premium
C00195,Aryan Jadhav,Male,37,Married,Professional,1199000.0,Vadodara,Gujarat,Affluent
C00196,Anita Verma,Female,37,Married,Government Employee,384000.0,Noida,Uttar Pradesh,Mass Market
C00197,Harish Desai,Male,21,Single,Professional,866000.0,Vijayawada,Andhra Pradesh,Young Professional
C00198,Rachna Arora,Female,22,Single,Government Employee,452000.0,Lucknow,Uttar Pradesh,Mass Market
C00199,Bhavesh Patel,Male,42,Married,Professional,1571000.0,Mumbai,Maharashtra,Affluent
C00200,Kavita Rana,Female,21,Married,Salaried,354000.0,Thane,Maharashtra,Mass Market
C00201,Nisha Malhotra,Female,25,Married,Professional,653000.0,Pune,Maharashtra,Young Professional
C00202,Rakesh Yadav,Male,21,Single,Government Employee,181000.0,Vadodara,Gujarat,Mass Market
C00203,Advait Chatterjee,Male,40,Divorced,Professional,1643000.0,Gurugram,Haryana,Affluent
C00204,Swati Tiwari,Female,51,Married,Salaried,857000.0,Amritsar,Punjab,Mass Market
C00205,Manoj Deshmukh,Male,33,Single,Salaried,435000.0,Nagpur,Maharashtra,Mass Market
C00206,Chitra Nayak,Female,46,Married,Business Owner,3712000.0,Ahmedabad,Gujarat,Premium
C00207,Riya Prasad,Female,33,Single,Government Employee,483000.0,Bhubaneswar,Odisha,Mass Market
C00208,Rakesh Subramaniam,Male,44,Married,Government Employee,771000.0,Faridabad,Haryana,Mass Market
C00209,Vishal Solanki,Male,70,Divorced,Professional,2469000.0,Mumbai,Maharashtra,Premium
C00210,Nandini Deshmukh,Female,28,Divorced,Self-Employed,1104000.0,Ghaziabad,Uttar Pradesh,Affluent
C00211,Ira Chopra,Female,21,Single,Professional,1450000.0,Surat,Gujarat,Affluent
C00212,Devendra Ghosh,Male,38,Single,Salaried,501000.0,Gurugram,Haryana,Mass Market
C00213,Girish Rana,Male,32,Single,Salaried,985000.0,Jodhpur,Rajasthan,Mass Market
C00214,Manisha Trivedi,Female,31,Married,Business Owner,2163000.0,Ludhiana,Punjab,Premium
C00215,Namrata Iyengar,Female,21,Single,Salaried,429000.0,Bhopal,Madhya Pradesh,Young Professional
C00216,Kavya Bose,Female,50,Married,Salaried,1365000.0,Bhubaneswar,Odisha,Affluent
C00217,Girish Tiwari,Male,33,Single,Self-Employed,732000.0,Gurugram,Haryana,Mass Market
C00218,Parth Gupta,Male,47,Married,Professional,1630000.0,Surat,Gujarat,Affluent
C00219,Pihu Anand,Female,21,Single,Business Owner,1378000.0,Jaipur,Rajasthan,Affluent
C00220,Sanjay Deshmukh,Male,21,Single,Self-Employed,809000.0,Coimbatore,Tamil Nadu,Young Professional
C00221,Meera Khanna,Female,49,Married,Professional,3830000.0,Dehradun,Uttarakhand,Premium
C00222,Vivaan Solanki,Male,47,Married,Government Employee,1210000.0,Amritsar,Punjab,Affluent
C00223,Gauri Deshmukh,Female,32,Single,Professional,857000.0,Surat,Gujarat,Mass Market
C00224,Anjali Thakur,Female,29,Married,Salaried,798000.0,Surat,Gujarat,Young Professional
C00225,Yash Agarwal,Male,55,Married,Professional,1149000.0,Visakhapatnam,Andhra Pradesh,Affluent
C00226,Divya Kulkarni,Female,40,Single,Salaried,625000.0,Guwahati,Assam,Mass Market
C00227,Girish Bose,Male,45,Widowed,Salaried,582000.0,Coimbatore,Tamil Nadu,Mass Market
C00228,Arjun Agarwal,Male,43,Married,Government Employee,1124000.0,Noida,Uttar Pradesh,Affluent
C00229,Harish Aggarwal,Male,23,Single,Business Owner,2383000.0,Ahmedabad,Gujarat,Premium
C00230,Vijay Chandra,Male,25,Married,Retired,260000.0,Vadodara,Gujarat,Mass Market
C00231,Farah Shah,Female,21,Single,Self-Employed,480000.0,Chennai,Tamil Nadu,Young Professional
C00232,Aryan Reddy,Male,40,Married,Business Owner,2131000.0,Kolkata,West Bengal,Premium
C00233,Diya Gupta,Female,62,Married,Professional,2996000.0,Ghaziabad,Uttar Pradesh,Premium
C00234,Neha Das,Female,54,Married,Business Owner,5006000.0,Ludhiana,Punjab,Premium
C00235,Ashwin Chauhan,Male,33,Married,Self-Employed,1247000.0,Agra,Uttar Pradesh,Affluent
C00236,Shalini Khanna,Female,47,Divorced,Salaried,1049000.0,Surat,Gujarat,Affluent
C00237,Siddharth Reddy,Male,54,Married,Government Employee,1024000.0,Bhubaneswar,Odisha,Affluent
C00238,Divya Agarwal,Female,36,Married,Salaried,820000.0,Kanpur,Uttar Pradesh,Mass Market
C00239,Jyoti Malhotra,Female,52,Married,Salaried,1062000.0,Chandigarh,Chandigarh,Affluent
C00240,Swati Iyengar,Female,47,Married,Professional,2613000.0,Madurai,Tamil Nadu,Premium
C00241,Mahesh Rana,Male,39,Divorced,Self-Employed,1059000.0,Amritsar,Punjab,Affluent
C00242,Vivaan Kamble,Male,37,Married,Retired,201000.0,Visakhapatnam,Andhra Pradesh,Mass Market
C00243,Radha Srivastava,Female,21,Single,Salaried,290000.0,Amritsar,Punjab,Mass Market
C00244,Ramesh Singh,Male,38,Married,Business Owner,2689000.0,Ranchi,Jharkhand,Premium
C00245,Pallavi Anand,Female,21,Single,Business Owner,1448000.0,Dehradun,Uttarakhand,Affluent
C00246,Ekta Trivedi,Female,35,Married,Government Employee,512000.0,Ghaziabad,Uttar Pradesh,Mass Market
C00247,Rudra Kulkarni,Male,32,Married,Business Owner,2752000.0,Visakhapatnam,Andhra Pradesh,Premium
C00248,Abhishek Tiwari,Male,54,Married,Salaried,988000.0,Ghaziabad,Uttar Pradesh,Mass Market
C00249,Sunita Chatterjee,Female,33,Married,Salaried,748000.0,Gurugram,Haryana,Mass Market
C00250,Sunil Bhatia,Male,51,Married,Government Employee,950000.0,Chandigarh,Chandigarh,Mass Market
C00251,Ankit Verma,Male,58,Married,Salaried,1123000.0,Vadodara,Gujarat,Affluent
C00252,Chitra Sharma,Female,55,Single,Professional,2257000.0,Guwahati,Assam,Premium
C00253,Krishna Naidu,Male,41,Single,Self-Employed,1606000.0,Mysuru,Karnataka,Affluent
C00254,Oindrila Raut,Female,26,Married,Self-Employed,767000.0,Vijayawada,Andhra Pradesh,Young Professional
C00255,Vandana Bansal,Female,49,Married,Business Owner,1865000.0,Vadodara,Gujarat,Affluent
C00256,Kiran Aggarwal,Female,30,Married,Self-Employed,512000.0,Agra,Uttar Pradesh,Mass Market
C00257,Mahesh Srivastava,Male,41,Married,Salaried,685000.0,Nagpur,Maharashtra,Mass Market
C00258,Sanjay Kamble,Male,29,Married,Business Owner,2424000.0,Jaipur,Rajasthan,Premium
C00259,Kunal Pillai,Male,49,Married,Self-Employed,1435000.0,Bengaluru,Karnataka,Affluent
C00260,Arjun Anand,Male,48,Single,Salaried,786000.0,Dehradun,Uttarakhand,Mass Market
C00261,Suresh Patel,Male,42,Married,Government Employee,707000.0,Nashik,Maharashtra,Mass Market
C00262,Sameer Chandra,Male,43,Single,Salaried,1267000.0,Vadodara,Gujarat,Affluent
C00263,Geeta Menon,Female,41,Married,Retired,634000.0,Bhubaneswar,Odisha,Mass Market
C00264,Simran Khanna,Female,33,Married,Professional,1044000.0,Jaipur,Rajasthan,Affluent
C00265,Bhavna Raut,Female,31,Single,Government Employee,351000.0,Faridabad,Haryana,Mass Market
C00266,Mahesh Naidu,Male,40,Married,Salaried,996000.0,Lucknow,Uttar Pradesh,Mass Market
C00267,Ankit Chandra,Male,43,Single,Salaried,685000.0,Gurugram,Haryana,Mass Market
C00268,Anil Rana,Male,23,Single,Salaried,483000.0,Coimbatore,Tamil Nadu,Young Professional
C00269,Swati Bhatt,Female,48,Single,Retired,216000.0,Ahmedabad,Gujarat,Mass Market
C00270,Sonal Kulkarni,Female,46,Married,Professional,1509000.0,Thane,Maharashtra,Affluent
C00271,Simran Patel,Female,38,Single,Salaried,1039000.0,Jodhpur,Rajasthan,Affluent
C00272,Vivaan Banerjee,Male,25,Single,Salaried,667000.0,Guwahati,Assam,Young Professional
C00273,Rajesh Rana,Male,44,Widowed,Professional,2236000.0,Ranchi,Jharkhand,Premium
C00274,Sandeep Anand,Male,33,Single,Self-Employed,1881000.0,Nashik,Maharashtra,Affluent
C00275,Komal Shah,Female,53,Married,Salaried,688000.0,Chandigarh,Chandigarh,Mass Market
C00276,Advait Verma,Male,36,Married,Retired,352000.0,Thane,Maharashtra,Mass Market
C00277,Sameer Naidu,Male,22,Single,Salaried,356000.0,Varanasi,Uttar Pradesh,Mass Market
C00278,Ajay Jain,Male,25,Married,Salaried,559000.0,Varanasi,Uttar Pradesh,Young Professional
C00279,Kajal Naidu,Female,49,Single,Salaried,1540000.0,Ahmedabad,Gujarat,Affluent
C00280,Bhavesh Mehta,Male,44,Married,Professional,1660000.0,Ghaziabad,Uttar Pradesh,Affluent
C00281,Reyansh Sinha,Male,49,Married,Professional,2562000.0,Jaipur,Rajasthan,Premium
C00282,Usha Malhotra,Female,32,Married,Salaried,889000.0,Bengaluru,Karnataka,Mass Market
C00283,Sanjay Chatterjee,Male,61,Widowed,Retired,511000.0,Pune,Maharashtra,Mass Market
C00284,Manoj Tiwari,Male,34,Single,Salaried,428000.0,Ranchi,Jharkhand,Mass Market
C00285,Ashwin Saxena,Male,21,Married,Salaried,354000.0,Amritsar,Punjab,Mass Market
C00286,Charu Anand,Female,52,Married,Professional,1812000.0,Ranchi,Jharkhand,Affluent
C00287,Dinesh Jain,Male,53,Married,Business Owner,6600000.0,Surat,Gujarat,Premium
C00288,Nandini Agarwal,Female,40,Married,Self-Employed,982000.0,Kolkata,West Bengal,Mass Market
C00289,Prakash Gupta,Male,62,Widowed,Retired,739000.0,Bhubaneswar,Odisha,Mass Market
C00290,Ravi Rathore,Male,54,Married,Salaried,1397000.0,Nashik,Maharashtra,Affluent
C00291,Jyoti Kulkarni,Female,55,Married,Government Employee,1038000.0,Dehradun,Uttarakhand,Affluent
C00292,Sanjay Srivastava,Male,42,Single,Salaried,503000.0,Nashik,Maharashtra,Mass Market
C00293,Nidhi Kumar,Female,34,Married,Professional,908000.0,Nashik,Maharashtra,Mass Market
C00294,Chitra Menon,Female,34,Single,Business Owner,3489000.0,Guwahati,Assam,Premium
C00295,Rudra Patel,Male,45,Married,Salaried,984000.0,Pune,Maharashtra,Mass Market
C00296,Aditya Kumar,Male,29,Single,Salaried,465000.0,Indore,Madhya Pradesh,Young Professional
C00297,Naveen Joshi,Male,43,Married,Business Owner,3836000.0,Coimbatore,Tamil Nadu,Premium
C00298,Sneha Singh,Female,37,Married,Salaried,1171000.0,Mysuru,Karnataka,Affluent
C00299,Pankaj Anand,Male,53,Married,Retired,418000.0,Jodhpur,Rajasthan,Mass Market
C00300,Vandana Ghosh,Female,45,Married,Professional,2029000.0,Indore,Madhya Pradesh,Premium
C00301,Saanvi Mukherjee,Female,54,Married,Salaried,1022000.0,Surat,Gujarat,Affluent
C00302,Rekha Chopra,Female,38,Married,Self-Employed,1529000.0,Surat,Gujarat,Affluent
C00303,Geeta Mehta,Female,25,Single,Professional,1368000.0,Visakhapatnam,Andhra Pradesh,Affluent
C00304,Suresh Sharma,Male,38,Married,Salaried,757000.0,Delhi,Delhi,Mass Market
C00305,Jyoti Anand,Female,34,Married,Retired,419000.0,Agra,Uttar Pradesh,Mass Market
C00306,Aditya Nair,Male,46,Married,Business Owner,3541000.0,Ludhiana,Punjab,Premium
C00307,Priya Joshi,Female,53,Married,Salaried,1540000.0,Visakhapatnam,Andhra Pradesh,Affluent
C00308,Kavita Chandra,Female,49,Divorced,Salaried,663000.0,Bhubaneswar,Odisha,Mass Market
C00309,Advait Rathore,Male,34,Married,Self-Employed,1276000.0,Ahmedabad,Gujarat,Affluent
C00310,Sunita Rathore,Female,21,Single,Salaried,285000.0,Nashik,Maharashtra,Mass Market
C00311,Ajay Sinha,Male,50,Married,Government Employee,964000.0,Faridabad,Haryana,Mass Market
C00312,Reyansh Solanki,Male,33,Married,Self-Employed,825000.0,Varanasi,Uttar Pradesh,Mass Market
C00313,Usha Rana,Female,39,Married,Salaried,952000.0,Raipur,Chhattisgarh,Mass Market
C00314,Ishaan Thakur,Male,30,Married,Government Employee,610000.0,Delhi,Delhi,Mass Market
C00315,Ekta Srivastava,Female,46,Single,Salaried,806000.0,Guwahati,Assam,Mass Market
C00316,Nandini Desai,Female,37,Married,Professional,1132000.0,Kolkata,West Bengal,Affluent
C00317,Anjali Kamble,Female,32,Single,Salaried,386000.0,Dehradun,Uttarakhand,Mass Market
C00318,Sameer Bansal,Male,46,Married,Salaried,858000.0,Chennai,Tamil Nadu,Mass Market
C00319,Pooja Joshi,Female,30,Single,Self-Employed,982000.0,Surat,Gujarat,Mass Market
C00320,Isha Tiwari,Female,52,Married,Salaried,904000.0,Patna,Bihar,Mass Market
C00321,Sapna Rana,Female,41,Married,Self-Employed,383000.0,Vijayawada,Andhra Pradesh,Mass Market
C00322,Kabir Shah,Male,27,Married,Salaried,467000.0,Faridabad,Haryana,Young Professional
C00323,Ravi Chauhan,Male,54,Married,Self-Employed,1480000.0,Pune,Maharashtra,Affluent
C00324,Vandana Yadav,Female,40,Married,Salaried,1449000.0,Dehradun,Uttarakhand,Affluent
C00325,Rudra Dubey,Male,55,Married,Self-Employed,2244000.0,Coimbatore,Tamil Nadu,Premium
C00326,Sanjay Bose,Male,48,Married,Salaried,1436000.0,Bhubaneswar,Odisha,Affluent
C00327,Aakash Saxena,Male,48,Single,Self-Employed,683000.0,Kochi,Kerala,Mass Market
C00328,Komal Rao,Female,49,Married,Business Owner,3641000.0,Visakhapatnam,Andhra Pradesh,Premium
C00329,Pooja Patel,Female,57,Married,Salaried,1220000.0,Gurugram,Haryana,Affluent
C00330,Shreya Chauhan,Female,46,Married,Business Owner,2752000.0,Chennai,Tamil Nadu,Premium
C00331,Komal Krishnan,Female,30,Married,Salaried,611000.0,Kolkata,West Bengal,Mass Market
C00332,Ishaan Anand,Male,24,Married,Salaried,311000.0,Jaipur,Rajasthan,Mass Market
C00333,Tarun Saxena,Male,27,Married,Retired,694000.0,Jodhpur,Rajasthan,Mass Market
C00334,Bhavesh Mishra,Male,30,Married,Business Owner,4062000.0,Pune,Maharashtra,Premium
C00335,Krishna Das,Male,44,Married,Salaried,750000.0,Kochi,Kerala,Mass Market
C00336,Kunal Mishra,Male,22,Married,Government Employee,290000.0,Vijayawada,Andhra Pradesh,Mass Market
C00337,Pihu Iyer,Female,46,Widowed,Salaried,560000.0,Kolkata,West Bengal,Mass Market
C00338,Kartik Iyengar,Male,48,Married,Salaried,782000.0,Surat,Gujarat,Mass Market
C00339,Pallavi Kulkarni,Female,53,Single,Salaried,679000.0,Kolkata,West Bengal,Mass Market
C00340,Komal Mehta,Female,56,Married,Business Owner,5248000.0,Jodhpur,Rajasthan,Premium
C00341,Kiran Krishnan,Female,36,Divorced,Professional,2333000.0,Patna,Bihar,Premium
C00342,Vihaan Bansal,Male,24,Single,Self-Employed,652000.0,Kochi,Kerala,Young Professional
C00343,Diya Nair,Female,28,Married,Retired,432000.0,Patna,Bihar,Mass Market
C00344,Kunal Naidu,Male,41,Married,Salaried,861000.0,Patna,Bihar,Mass Market
C00345,Pallavi Sharma,Female,36,Married,Salaried,651000.0,Coimbatore,Tamil Nadu,Mass Market
C00346,Swati Bhatia,Female,51,Married,Self-Employed,435000.0,Kanpur,Uttar Pradesh,Mass Market
C00347,Pooja Rao,Female,62,Widowed,Retired,712000.0,Guwahati,Assam,Mass Market
C00348,Shreya Chandra,Female,39,Married,Business Owner,3721000.0,Delhi,Delhi,Premium
C00349,Ravi Tiwari,Male,44,Widowed,Self-Employed,1335000.0,Raipur,Chhattisgarh,Affluent
C00350,Jaya Ghosh,Female,35,Married,Government Employee,538000.0,Bhubaneswar,Odisha,Mass Market
C00351,Ashwin Sen,Male,21,Single,Professional,1066000.0,Lucknow,Uttar Pradesh,Affluent
C00352,Rahul Jadhav,Male,31,Single,Professional,1288000.0,Ludhiana,Punjab,Affluent
C00353,Ashok Reddy,Male,21,Single,Business Owner,1259000.0,Hyderabad,Telangana,Affluent
C00354,Priya Srivastava,Female,28,Married,Salaried,488000.0,Varanasi,Uttar Pradesh,Young Professional
C00355,Rakesh Rathore,Male,26,Married,Professional,492000.0,Chennai,Tamil Nadu,Young Professional
C00356,Nakul Bansal,Male,49,Married,Government Employee,650000.0,Kochi,Kerala,Mass Market
C00357,Dinesh Mukherjee,Male,35,Married,Government Employee,829000.0,Dehradun,Uttarakhand,Mass Market
C00358,Anil Mishra,Male,21,Single,Salaried,567000.0,Indore,Madhya Pradesh,Young Professional
C00359,Anil Das,Male,21,Single,Professional,1512000.0,Kochi,Kerala,Affluent
C00360,Nakul Khanna,Male,44,Married,Government Employee,848000.0,Madurai,Tamil Nadu,Mass Market
C00361,Reyansh Iyengar,Male,34,Married,Salaried,898000.0,Ghaziabad,Uttar Pradesh,Mass Market
C00362,Ishaan Sharma,Male,46,Divorced,Salaried,792000.0,Guwahati,Assam,Mass Market
C00363,Usha Sinha,Female,57,Divorced,Salaried,1463000.0,Indore,Madhya Pradesh,Affluent
C00364,Manoj Bhatt,Male,37,Married,Salaried,786000.0,Indore,Madhya Pradesh,Mass Market
C00365,Sapna Bose,Female,40,Single,Self-Employed,499000.0,Visakhapatnam,Andhra Pradesh,Mass Market
C00366,Aarav Malhotra,Male,36,Married,Salaried,948000.0,Pune,Maharashtra,Mass Market
C00367,Nikhil Joshi,Male,41,Married,Government Employee,479000.0,Kochi,Kerala,Mass Market
C00368,Vandana Kapoor,Female,31,Married,Salaried,474000.0,Chandigarh,Chandigarh,Mass Market
C00369,Sunil Singh,Male,33,Single,Professional,1984000.0,Jodhpur,Rajasthan,Affluent
C00370,Kavya Chauhan,Female,59,Married,Salaried,1005000.0,Guwahati,Assam,Affluent
C00371,Jaya Naidu,Female,43,Widowed,Salaried,895000.0,Delhi,Delhi,Mass Market
C00372,Aakash Bhatia,Male,52,Married,Business Owner,6450000.0,Ahmedabad,Gujarat,Premium
C00373,Arvind Desai,Male,25,Single,Salaried,608000.0,Kochi,Kerala,Young Professional
C00374,Ankit Mehta,Male,27,Married,Retired,696000.0,Bhubaneswar,Odisha,Mass Market
C00375,Ananya Bose,Female,41,Single,Professional,2415000.0,Guwahati,Assam,Premium
C00376,Rudra Raut,Male,48,Married,Self-Employed,880000.0,Lucknow,Uttar Pradesh,Mass Market
C00377,Amit Chauhan,Male,48,Married,Salaried,1255000.0,Nashik,Maharashtra,Affluent
C00378,Naveen Chauhan,Male,40,Married,Salaried,605000.0,Kolkata,West Bengal,Mass Market
C00379,Aarti Khanna,Female,38,Married,Salaried,800000.0,Madurai,Tamil Nadu,Mass Market
C00380,Sonal Deshmukh,Female,38,Married,Salaried,915000.0,Chennai,Tamil Nadu,Mass Market
C00381,Yash Iyengar,Male,47,Married,Salaried,1176000.0,Ghaziabad,Uttar Pradesh,Affluent
C00382,Gaurav Singh,Male,21,Single,Salaried,480000.0,Coimbatore,Tamil Nadu,Young Professional
C00383,Anil Khanna,Male,46,Married,Professional,1290000.0,Faridabad,Haryana,Affluent
C00384,Varun Kamble,Male,46,Married,Self-Employed,1105000.0,Faridabad,Haryana,Affluent
C00385,Devendra Solanki,Male,34,Married,Self-Employed,1412000.0,Agra,Uttar Pradesh,Affluent
C00386,Jyoti Shah,Female,31,Married,Salaried,543000.0,Surat,Gujarat,Mass Market
C00387,Mahesh Menon,Male,42,Married,Business Owner,3303000.0,Surat,Gujarat,Premium
C00388,Nisha Bhatt,Female,32,Married,Professional,1786000.0,Kanpur,Uttar Pradesh,Affluent
C00389,Geeta Sinha,Female,22,Single,Salaried,679000.0,Ahmedabad,Gujarat,Young Professional
C00390,Shaurya Bhatt,Male,21,Single,Self-Employed,529000.0,Noida,Uttar Pradesh,Young Professional
C00391,Dhruv Srivastava,Male,42,Divorced,Salaried,1046000.0,Mysuru,Karnataka,Affluent
C00392,Isha Deshmukh,Female,37,Married,Business Owner,4658000.0,Mysuru,Karnataka,Premium
C00393,Nisha Rathore,Female,37,Divorced,Government Employee,722000.0,Ludhiana,Punjab,Mass Market
C00394,Advait Rathore,Male,54,Married,Government Employee,1210000.0,Ahmedabad,Gujarat,Affluent
C00395,Prakash Anand,Male,59,Widowed,Salaried,710000.0,Ghaziabad,Uttar Pradesh,Mass Market
C00396,Sunil Kapoor,Male,35,Married,Business Owner,3017000.0,Hyderabad,Telangana,Premium
C00397,Rachna Rana,Female,32,Married,Business Owner,1692000.0,Ahmedabad,Gujarat,Affluent
C00398,Ishita Kumar,Female,36,Married,Salaried,647000.0,Dehradun,Uttarakhand,Mass Market
C00399,Vishal Singh,Male,36,Married,Government Employee,628000.0,Nashik,Maharashtra,Mass Market
C00400,Mohit Rana,Male,39,Single,Salaried,797000.0,Chennai,Tamil Nadu,Mass Market
C00401,Kavya Rathore,Female,45,Married,Business Owner,4392000.0,Madurai,Tamil Nadu,Premium
C00402,Varun Bose,Male,52,Married,Salaried,1438000.0,Mysuru,Karnataka,Affluent
C00403,Lavanya Kapoor,Female,21,Single,Government Employee,254000.0,Vijayawada,Andhra Pradesh,Mass Market
C00404,Ishaan Rathore,Male,31,Married,Salaried,1177000.0,Surat,Gujarat,Affluent
C00405,Riya Desai,Female,38,Single,Salaried,592000.0,Kolkata,West Bengal,Mass Market
C00406,Nikhil Gupta,Male,30,Married,Professional,2287000.0,Chennai,Tamil Nadu,Premium
C00407,Aryan Rathore,Male,35,Married,Salaried,469000.0,Bhopal,Madhya Pradesh,Mass Market
C00408,Ramesh Pandey,Male,52,Widowed,Professional,3850000.0,Raipur,Chhattisgarh,Premium
C00409,Vishal Tiwari,Male,48,Married,Business Owner,5167000.0,Nashik,Maharashtra,Premium
C00410,Yash Srivastava,Male,21,Single,Salaried,507000.0,Bhubaneswar,Odisha,Young Professional
C00411,Priya Pillai,Female,58,Divorced,Salaried,1029000.0,Vijayawada,Andhra Pradesh,Affluent
C00412,Rohan Ghosh,Male,32,Married,Salaried,537000.0,Coimbatore,Tamil Nadu,Mass Market
C00413,Namrata Das,Female,21,Single,Salaried,520000.0,Kolkata,West Bengal,Young Professional
C00414,Nisha Ghosh,Female,28,Married,Salaried,735000.0,Visakhapatnam,Andhra Pradesh,Young Professional
C00415,Deepak Naidu,Male,38,Married,Self-Employed,1355000.0,Chennai,Tamil Nadu,Affluent
C00416,Kunal Jain,Male,37,Single,Business Owner,2978000.0,Agra,Uttar Pradesh,Premium
C00417,Rekha Bansal,Female,60,Widowed,Self-Employed,2135000.0,Guwahati,Assam,Premium
C00418,Kunal Arora,Male,31,Married,Salaried,445000.0,Chennai,Tamil Nadu,Mass Market
C00419,Tanvi Subramaniam,Female,55,Married,Retired,514000.0,Chandigarh,Chandigarh,Mass Market
C00420,Amit Jain,Male,27,Single,Professional,2215000.0,Jaipur,Rajasthan,Premium
C00421,Rajiv Verma,Male,31,Married,Self-Employed,1125000.0,Kochi,Kerala,Affluent
C00422,Kunal Nair,Male,44,Married,Salaried,997000.0,Nashik,Maharashtra,Mass Market
C00423,Yash Sinha,Male,42,Married,Salaried,976000.0,Indore,Madhya Pradesh,Mass Market
C00424,Varun Iyengar,Male,33,Divorced,Salaried,688000.0,Noida,Uttar Pradesh,Mass Market
C00425,Nisha Singh,Female,34,Single,Salaried,760000.0,Jaipur,Rajasthan,Mass Market
C00426,Meera Kapoor,Female,54,Divorced,Salaried,1383000.0,Vadodara,Gujarat,Affluent
C00427,Arjun Saxena,Male,49,Married,Salaried,1449000.0,Ranchi,Jharkhand,Affluent
C00428,Suresh Bansal,Male,21,Single,Salaried,662000.0,Coimbatore,Tamil Nadu,Young Professional
C00429,Ashok Reddy,Male,55,Married,Salaried,1275000.0,Chandigarh,Chandigarh,Affluent
C00430,Lata Solanki,Female,40,Married,Government Employee,603000.0,Kanpur,Uttar Pradesh,Mass Market
C00431,Reyansh Yadav,Male,48,Married,Business Owner,2571000.0,Dehradun,Uttarakhand,Premium
C00432,Harish Rathore,Male,39,Divorced,Professional,2935000.0,Nashik,Maharashtra,Premium
C00433,Vishal Bhatt,Male,43,Married,Retired,320000.0,Varanasi,Uttar Pradesh,Mass Market
C00434,Vandana Chopra,Female,35,Divorced,Retired,218000.0,Dehradun,Uttarakhand,Mass Market
C00435,Kunal Krishnan,Male,60,Married,Self-Employed,810000.0,Bhopal,Madhya Pradesh,Mass Market
C00436,Varun Pandey,Male,47,Married,Business Owner,953000.0,Gurugram,Haryana,Mass Market
C00437,Aryan Rana,Male,30,Married,Salaried,662000.0,Mysuru,Karnataka,Mass Market
C00438,Shweta Kapoor,Female,44,Married,Business Owner,4277000.0,Vadodara,Gujarat,Premium
C00439,Dinesh Reddy,Male,38,Married,Business Owner,1153000.0,Raipur,Chhattisgarh,Affluent
C00440,Deepa Deshmukh,Female,44,Divorced,Government Employee,540000.0,Nagpur,Maharashtra,Mass Market
C00441,Priya Jain,Female,47,Married,Salaried,711000.0,Visakhapatnam,Andhra Pradesh,Mass Market
C00442,Komal Arora,Female,33,Married,Salaried,1090000.0,Gurugram,Haryana,Affluent
C00443,Anita Das,Female,59,Married,Self-Employed,1977000.0,Kolkata,West Bengal,Affluent
C00444,Preeti Mukherjee,Female,54,Married,Business Owner,2084000.0,Chennai,Tamil Nadu,Premium
C00445,Swati Raut,Female,47,Married,Business Owner,1479000.0,Dehradun,Uttarakhand,Affluent
C00446,Amit Sinha,Male,57,Married,Self-Employed,2013000.0,Kochi,Kerala,Premium
C00447,Dhruv Jadhav,Male,43,Married,Salaried,809000.0,Thane,Maharashtra,Mass Market
C00448,Vihaan Yadav,Male,38,Divorced,Self-Employed,1126000.0,Agra,Uttar Pradesh,Affluent
C00449,Puneet Kapoor,Male,32,Married,Retired,615000.0,Hyderabad,Telangana,Mass Market
C00450,Harish Tiwari,Male,21,Single,Salaried,401000.0,Nashik,Maharashtra,Young Professional
C00451,Ashwin Iyengar,Male,42,Single,Salaried,518000.0,Chennai,Tamil Nadu,Mass Market
C00452,Aakash Prasad,Male,42,Married,Professional,3165000.0,Delhi,Delhi,Premium
C00453,Tanvi Pillai,Female,34,Single,Professional,720000.0,Kolkata,West Bengal,Mass Market
C00454,Manoj Gupta,Male,47,Married,Government Employee,1051000.0,Surat,Gujarat,Affluent
C00455,Advait Trivedi,Male,34,Married,Business Owner,3732000.0,Vadodara,Gujarat,Premium
C00456,Advait Rathore,Male,44,Married,Self-Employed,400000.0,Jaipur,Rajasthan,Mass Market
C00457,Aarav Kamble,Male,31,Married,Retired,734000.0,Varanasi,Uttar Pradesh,Mass Market
C00458,Ananya Banerjee,Female,26,Single,Self-Employed,1167000.0,Chennai,Tamil Nadu,Affluent
C00459,Ashok Arora,Male,45,Married,Professional,1074000.0,Indore,Madhya Pradesh,Affluent
C00460,Ekta Mehta,Female,37,Married,Salaried,949000.0,Vijayawada,Andhra Pradesh,Mass Market
C00461,Harish Sen,Male,23,Married,Self-Employed,1010000.0,Vadodara,Gujarat,Affluent
C00462,Krishna Chatterjee,Male,30,Single,Business Owner,1928000.0,Pune,Maharashtra,Affluent
C00463,Rudra Singh,Male,21,Single,Government Employee,393000.0,Bhubaneswar,Odisha,Mass Market
C00464,Oindrila Bansal,Female,42,Married,Salaried,1199000.0,Pune,Maharashtra,Affluent
C00465,Ananya Aggarwal,Female,32,Married,Self-Employed,661000.0,Ranchi,Jharkhand,Mass Market
C00466,Harish Desai,Male,32,Divorced,Government Employee,330000.0,Faridabad,Haryana,Mass Market
C00467,Ankit Chauhan,Male,55,Married,Salaried,915000.0,Surat,Gujarat,Mass Market
C00468,Nidhi Chatterjee,Female,48,Married,Salaried,964000.0,Mumbai,Maharashtra,Mass Market
C00469,Charu Nair,Female,46,Married,Self-Employed,636000.0,Mysuru,Karnataka,Mass Market
C00470,Rajiv Singh,Male,47,Married,Salaried,895000.0,Chennai,Tamil Nadu,Mass Market
C00471,Aditya Tiwari,Male,53,Married,Professional,2052000.0,Raipur,Chhattisgarh,Premium
C00472,Reyansh Aggarwal,Male,56,Divorced,Salaried,1532000.0,Gurugram,Haryana,Affluent
C00473,Ashwin Banerjee,Male,33,Single,Professional,1265000.0,Chandigarh,Chandigarh,Affluent
C00474,Sunil Pillai,Male,52,Divorced,Government Employee,834000.0,Delhi,Delhi,Mass Market
C00475,Pallavi Chatterjee,Female,46,Married,Salaried,1404000.0,Ahmedabad,Gujarat,Affluent
C00476,Tanvi Joshi,Female,39,Married,Professional,1758000.0,Kolkata,West Bengal,Affluent
C00477,Nidhi Chopra,Female,35,Married,Professional,2212000.0,Bengaluru,Karnataka,Premium
C00478,Nikhil Raut,Male,36,Married,Salaried,1210000.0,Coimbatore,Tamil Nadu,Affluent
C00479,Mahima Aggarwal,Female,43,Married,Self-Employed,1244000.0,Amritsar,Punjab,Affluent
C00480,Deepa Singh,Female,29,Single,Government Employee,703000.0,Kanpur,Uttar Pradesh,Mass Market
C00481,Ishita Das,Female,29,Single,Professional,755000.0,Amritsar,Punjab,Young Professional
C00482,Kavya Pillai,Female,28,Married,Salaried,579000.0,Nagpur,Maharashtra,Young Professional
C00483,Reyansh Bose,Male,43,Widowed,Self-Employed,920000.0,Nagpur,Maharashtra,Mass Market
C00484,Puneet Subramaniam,Male,43,Married,Business Owner,1641000.0,Ghaziabad,Uttar Pradesh,Affluent
C00485,Lavanya Banerjee,Female,36,Married,Self-Employed,512000.0,Ranchi,Jharkhand,Mass Market
C00486,Manisha Das,Female,40,Divorced,Retired,628000.0,Bengaluru,Karnataka,Mass Market
C00487,Priya Deshmukh,Female,36,Married,Professional,2009000.0,Agra,Uttar Pradesh,Premium
C00488,Rakesh Mehta,Male,26,Married,Business Owner,923000.0,Coimbatore,Tamil Nadu,Mass Market
C00489,Kabir Jadhav,Male,35,Married,Professional,2301000.0,Nashik,Maharashtra,Premium
C00490,Aryan Kamble,Male,40,Married,Retired,452000.0,Guwahati,Assam,Mass Market
C00491,Yash Nair,Male,21,Married,Professional,619000.0,Chandigarh,Chandigarh,Young Professional
C00492,Parth Pandey,Male,28,Married,Salaried,473000.0,Noida,Uttar Pradesh,Young Professional
C00493,Rakesh Krishnan,Male,25,Divorced,Government Employee,364000.0,Raipur,Chhattisgarh,Mass Market
C00494,Om Patel,Male,28,Single,Salaried,490000.0,Chennai,Tamil Nadu,Young Professional
C00495,Siddharth Chopra,Male,44,Widowed,Government Employee,911000.0,Kochi,Kerala,Mass Market
C00496,Sameer Shah,Male,38,Divorced,Government Employee,540000.0,Vadodara,Gujarat,Mass Market
C00497,Isha Saxena,Female,41,Married,Government Employee,721000.0,Chennai,Tamil Nadu,Mass Market
C00498,Kunal Rathore,Male,46,Married,Salaried,609000.0,Vadodara,Gujarat,Mass Market
C00499,Om Reddy,Male,41,Married,Business Owner,3538000.0,Vijayawada,Andhra Pradesh,Premium
C00500,Pallavi Rathore,Female,39,Married,Salaried,836000.0,Dehradun,Uttarakhand,Mass Market
C00501,Sunil Agarwal,Male,39,Married,Retired,663000.0,Bengaluru,Karnataka,Mass Market
C00502,Prakash Aggarwal,Male,44,Married,Government Employee,1097000.0,Kochi,Kerala,Affluent
C00503,Karan Saxena,Male,27,Single,Business Owner,1189000.0,Hyderabad,Telangana,Affluent
C00504,Rajiv Kapoor,Male,55,Married,Professional,3850000.0,Guwahati,Assam,Premium
C00505,Vihaan Rao,Male,47,Married,Salaried,778000.0,Lucknow,Uttar Pradesh,Mass Market
C00506,Aryan Gupta,Male,42,Single,Salaried,856000.0,Vijayawada,Andhra Pradesh,Mass Market
C00507,Rohan Chatterjee,Male,37,Married,Salaried,937000.0,Jaipur,Rajasthan,Mass Market
C00508,Simran Tiwari,Female,53,Married,Business Owner,4571000.0,Nashik,Maharashtra,Premium
C00509,Arjun Bansal,Male,35,Divorced,Professional,2014000.0,Mysuru,Karnataka,Premium
C00510,Dhruv Sinha,Male,38,Widowed,Salaried,510000.0,Surat,Gujarat,Mass Market
C00511,Ashwin Rathore,Male,50,Married,Self-Employed,1816000.0,Nashik,Maharashtra,Affluent
C00512,Manoj Khanna,Male,54,Married,Salaried,1017000.0,Ahmedabad,Gujarat,Affluent
C00513,Sonal Bose,Female,47,Married,Self-Employed,1477000.0,Nashik,Maharashtra,Affluent
C00514,Naveen Mehta,Male,27,Married,Professional,1784000.0,Patna,Bihar,Affluent
C00515,Siddharth Malhotra,Male,29,Married,Retired,699000.0,Delhi,Delhi,Mass Market
C00516,Mohit Naidu,Male,28,Married,Salaried,518000.0,Raipur,Chhattisgarh,Young Professional
C00517,Rajesh Banerjee,Male,26,Married,Professional,1604000.0,Jodhpur,Rajasthan,Affluent
C00518,Dhruv Iyer,Male,34,Married,Government Employee,532000.0,Visakhapatnam,Andhra Pradesh,Mass Market
C00519,Vishal Trivedi,Male,34,Married,Government Employee,769000.0,Varanasi,Uttar Pradesh,Mass Market
C00520,Abhishek Mehta,Male,26,Single,Professional,1604000.0,Noida,Uttar Pradesh,Affluent
C00521,Karan Rathore,Male,47,Married,Business Owner,3100000.0,Jaipur,Rajasthan,Premium
C00522,Harleen Patel,Female,21,Single,Salaried,468000.0,Kanpur,Uttar Pradesh,Young Professional
C00523,Pallavi Desai,Female,32,Divorced,Salaried,1157000.0,Ludhiana,Punjab,Affluent
C00524,Sapna Kamble,Female,25,Married,Professional,1430000.0,Ahmedabad,Gujarat,Affluent
C00525,Ramesh Desai,Male,70,Married,Professional,3429000.0,Ghaziabad,Uttar Pradesh,Premium
C00526,Rajiv Kapoor,Male,21,Single,Professional,1030000.0,Kanpur,Uttar Pradesh,Affluent
C00527,Anita Menon,Female,30,Married,Retired,615000.0,Thane,Maharashtra,Mass Market
C00528,Harish Pillai,Male,48,Married,Salaried,780000.0,Jaipur,Rajasthan,Mass Market
C00529,Vihaan Pandey,Male,29,Single,Salaried,693000.0,Noida,Uttar Pradesh,Young Professional
C00530,Ashwin Rana,Male,34,Married,Salaried,1258000.0,Jodhpur,Rajasthan,Affluent
C00531,Suresh Agarwal,Male,31,Married,Professional,1033000.0,Jodhpur,Rajasthan,Affluent
C00532,Rohan Sen,Male,50,Single,Self-Employed,758000.0,Chennai,Tamil Nadu,Mass Market
C00533,Kartik Khanna,Male,43,Married,Business Owner,3199000.0,Guwahati,Assam,Premium
C00534,Bhavesh Subramaniam,Male,36,Married,Salaried,709000.0,Bhubaneswar,Odisha,Mass Market
C00535,Anjali Joshi,Female,28,Married,Business Owner,1763000.0,Mysuru,Karnataka,Affluent
C00536,Anjali Rathore,Female,38,Married,Salaried,704000.0,Ludhiana,Punjab,Mass Market
C00537,Devendra Joshi,Male,47,Married,Self-Employed,1125000.0,Amritsar,Punjab,Affluent
C00538,Siddharth Nayak,Male,42,Married,Retired,417000.0,Jodhpur,Rajasthan,Mass Market
C00539,Farah Kapoor,Female,56,Married,Government Employee,732000.0,Jaipur,Rajasthan,Mass Market
C00540,Rajesh Khanna,Male,41,Married,Retired,223000.0,Hyderabad,Telangana,Mass Market
C00541,Usha Reddy,Female,48,Widowed,Professional,2857000.0,Surat,Gujarat,Premium
C00542,Isha Prasad,Female,31,Married,Professional,1465000.0,Lucknow,Uttar Pradesh,Affluent
C00543,Devendra Sinha,Male,54,Single,Self-Employed,711000.0,Thane,Maharashtra,Mass Market
C00544,Vishal Kulkarni,Male,36,Married,Self-Employed,1213000.0,Raipur,Chhattisgarh,Affluent
C00545,Vidya Menon,Female,44,Single,Professional,1720000.0,Chennai,Tamil Nadu,Affluent
C00546,Chitra Joshi,Female,60,Married,Professional,2558000.0,Jodhpur,Rajasthan,Premium
C00547,Shreya Kapoor,Female,48,Widowed,Professional,3850000.0,Ghaziabad,Uttar Pradesh,Premium
C00548,Nisha Reddy,Female,21,Single,Salaried,333000.0,Lucknow,Uttar Pradesh,Mass Market
C00549,Riya Raut,Female,47,Married,Business Owner,2774000.0,Varanasi,Uttar Pradesh,Premium
C00550,Kavya Subramaniam,Female,46,Married,Salaried,941000.0,Mysuru,Karnataka,Mass Market
C00551,Rahul Gupta,Male,35,Divorced,Retired,307000.0,Delhi,Delhi,Mass Market
C00552,Sandeep Jain,Male,44,Single,Professional,2594000.0,Mysuru,Karnataka,Premium
C00553,Dinesh Agarwal,Male,35,Single,Self-Employed,1281000.0,Indore,Madhya Pradesh,Affluent
C00554,Oindrila Jadhav,Female,40,Divorced,Government Employee,1181000.0,Delhi,Delhi,Affluent
C00555,Sapna Jain,Female,54,Married,Retired,487000.0,Ranchi,Jharkhand,Mass Market
C00556,Kartik Chatterjee,Male,27,Married,Retired,530000.0,Ghaziabad,Uttar Pradesh,Mass Market
C00557,Saurabh Rana,Male,30,Single,Salaried,432000.0,Guwahati,Assam,Mass Market
C00558,Neha Reddy,Female,21,Single,Salaried,377000.0,Ahmedabad,Gujarat,Mass Market
C00559,Charu Thakur,Female,44,Married,Self-Employed,519000.0,Dehradun,Uttarakhand,Mass Market
C00560,Pankaj Ghosh,Male,55,Married,Professional,2785000.0,Amritsar,Punjab,Premium
C00561,Deepak Bose,Male,22,Single,Self-Employed,248000.0,Vijayawada,Andhra Pradesh,Mass Market
C00562,Pallavi Dubey,Female,40,Married,Salaried,1195000.0,Ludhiana,Punjab,Affluent
C00563,Ashwin Kapoor,Male,46,Married,Business Owner,3079000.0,Jaipur,Rajasthan,Premium
C00564,Sunita Bose,Female,27,Single,Salaried,697000.0,Jodhpur,Rajasthan,Young Professional
C00565,Kajal Mehta,Female,50,Married,Retired,370000.0,Bhopal,Madhya Pradesh,Mass Market
C00566,Ira Chatterjee,Female,21,Single,Salaried,447000.0,Patna,Bihar,Young Professional
C00567,Sanjay Kumar,Male,33,Married,Retired,483000.0,Surat,Gujarat,Mass Market
C00568,Namrata Deshmukh,Female,31,Married,Professional,1213000.0,Vadodara,Gujarat,Affluent
C00569,Dinesh Chatterjee,Male,48,Single,Government Employee,552000.0,Varanasi,Uttar Pradesh,Mass Market
C00570,Sameer Prasad,Male,55,Married,Business Owner,2515000.0,Lucknow,Uttar Pradesh,Premium
C00571,Aditi Menon,Female,31,Married,Salaried,685000.0,Mysuru,Karnataka,Mass Market
C00572,Parth Kapoor,Male,38,Married,Salaried,660000.0,Lucknow,Uttar Pradesh,Mass Market
C00573,Oindrila Jadhav,Female,45,Married,Salaried,1057000.0,Amritsar,Punjab,Affluent
C00574,Oindrila Verma,Female,31,Divorced,Government Employee,530000.0,Ghaziabad,Uttar Pradesh,Mass Market
C00575,Puneet Kapoor,Male,36,Married,Professional,2098000.0,Chennai,Tamil Nadu,Premium
C00576,Harish Iyer,Male,21,Single,Business Owner,730000.0,Amritsar,Punjab,Mass Market
C00577,Sunil Kumar,Male,53,Married,Self-Employed,1158000.0,Madurai,Tamil Nadu,Affluent
C00578,Vishal Malhotra,Male,45,Married,Salaried,1003000.0,Hyderabad,Telangana,Affluent
C00579,Lavanya Das,Female,49,Married,Business Owner,1535000.0,Vijayawada,Andhra Pradesh,Affluent
C00580,Vivaan Kulkarni,Male,21,Single,Business Owner,836000.0,Ranchi,Jharkhand,Mass Market
C00581,Kabir Joshi,Male,48,Divorced,Government Employee,413000.0,Kolkata,West Bengal,Mass Market
C00582,Simran Bhatt,Female,32,Married,Salaried,849000.0,Visakhapatnam,Andhra Pradesh,Mass Market
C00583,Simran Gupta,Female,36,Married,Business Owner,2610000.0,Guwahati,Assam,Premium
C00584,Priya Bhatia,Female,30,Divorced,Retired,245000.0,Guwahati,Assam,Mass Market
C00585,Manisha Pandey,Female,52,Married,Salaried,995000.0,Jodhpur,Rajasthan,Mass Market
C00586,Radha Singh,Female,39,Single,Salaried,921000.0,Jodhpur,Rajasthan,Mass Market
C00587,Dhruv Bhatt,Male,51,Single,Self-Employed,1278000.0,Chandigarh,Chandigarh,Affluent
C00588,Chitra Subramaniam,Female,36,Married,Salaried,392000.0,Jodhpur,Rajasthan,Mass Market
C00589,Rajesh Joshi,Male,52,Married,Business Owner,4483000.0,Varanasi,Uttar Pradesh,Premium
C00590,Puneet Pandey,Male,43,Married,Government Employee,529000.0,Kolkata,West Bengal,Mass Market
C00591,Rajiv Bhatt,Male,37,Married,Salaried,808000.0,Coimbatore,Tamil Nadu,Mass Market
C00592,Abhishek Bansal,Male,30,Single,Professional,1797000.0,Surat,Gujarat,Affluent
C00593,Aarti Kapoor,Female,35,Married,Government Employee,756000.0,Faridabad,Haryana,Mass Market
C00594,Reyansh Gupta,Male,55,Married,Professional,3850000.0,Bengaluru,Karnataka,Premium
C00595,Tanvi Krishnan,Female,27,Married,Government Employee,455000.0,Jaipur,Rajasthan,Mass Market
C00596,Jaya Rao,Female,56,Married,Professional,3270000.0,Gurugram,Haryana,Premium
C00597,Deepa Bose,Female,50,Married,Salaried,698000.0,Vijayawada,Andhra Pradesh,Mass Market
C00598,Aakash Reddy,Male,46,Married,Self-Employed,906000.0,Varanasi,Uttar Pradesh,Mass Market
C00599,Usha Anand,Female,29,Divorced,Business Owner,1123000.0,Guwahati,Assam,Affluent
C00600,Nakul Desai,Male,29,Single,Business Owner,1210000.0,Coimbatore,Tamil Nadu,Affluent
C00601,Usha Thakur,Female,45,Married,Government Employee,893000.0,Mysuru,Karnataka,Mass Market
C00602,Ashwin Ghosh,Male,38,Married,Professional,1241000.0,Delhi,Delhi,Affluent
C00603,Dinesh Anand,Male,30,Married,Retired,290000.0,Pune,Maharashtra,Mass Market
C00604,Diya Bansal,Female,24,Married,Salaried,578000.0,Ghaziabad,Uttar Pradesh,Young Professional
C00605,Sandeep Jain,Male,52,Divorced,Professional,3410000.0,Gurugram,Haryana,Premium
C00606,Vijay Solanki,Male,28,Single,Self-Employed,1216000.0,Madurai,Tamil Nadu,Affluent
C00607,Kartik Reddy,Male,48,Single,Government Employee,926000.0,Hyderabad,Telangana,Mass Market
C00608,Girish Rao,Male,28,Single,Government Employee,662000.0,Raipur,Chhattisgarh,Mass Market
C00609,Arjun Bhatia,Male,61,Widowed,Retired,435000.0,Bhopal,Madhya Pradesh,Mass Market
C00610,Varun Verma,Male,36,Married,Retired,543000.0,Pune,Maharashtra,Mass Market
C00611,Aditi Yadav,Female,30,Married,Salaried,732000.0,Dehradun,Uttarakhand,Mass Market
C00612,Bhavesh Trivedi,Male,36,Married,Salaried,656000.0,Surat,Gujarat,Mass Market
C00613,Bhavesh Kapoor,Male,42,Single,Professional,1366000.0,Indore,Madhya Pradesh,Affluent
C00614,Advait Deshmukh,Male,42,Divorced,Self-Employed,831000.0,Varanasi,Uttar Pradesh,Mass Market
C00615,Manoj Khanna,Male,37,Single,Business Owner,982000.0,Hyderabad,Telangana,Mass Market
C00616,Isha Saxena,Female,32,Married,Professional,1838000.0,Indore,Madhya Pradesh,Affluent
C00617,Shweta Bose,Female,41,Married,Self-Employed,822000.0,Gurugram,Haryana,Mass Market
C00618,Rudra Naidu,Male,38,Married,Self-Employed,714000.0,Kanpur,Uttar Pradesh,Mass Market
C00619,Riya Chopra,Female,36,Married,Salaried,1151000.0,Ranchi,Jharkhand,Affluent
C00620,Aparna Agarwal,Female,33,Married,Self-Employed,1209000.0,Agra,Uttar Pradesh,Affluent
C00621,Manisha Chatterjee,Female,61,Widowed,Business Owner,3227000.0,Gurugram,Haryana,Premium
C00622,Saurabh Iyengar,Male,24,Single,Salaried,680000.0,Patna,Bihar,Young Professional
C00623,Vishal Desai,Male,30,Married,Professional,2467000.0,Ghaziabad,Uttar Pradesh,Premium
C00624,Nakul Bose,Male,27,Divorced,Self-Employed,354000.0,Indore,Madhya Pradesh,Mass Market
C00625,Devendra Arora,Male,25,Single,Professional,1184000.0,Gurugram,Haryana,Affluent
C00626,Vishal Mehta,Male,59,Married,Salaried,1071000.0,Patna,Bihar,Affluent
C00627,Girish Kamble,Male,25,Married,Salaried,388000.0,Mysuru,Karnataka,Mass Market
C00628,Pallavi Nayak,Female,44,Married,Salaried,534000.0,Guwahati,Assam,Mass Market
C00629,Ankit Gupta,Male,39,Married,Professional,2022000.0,Surat,Gujarat,Premium
C00630,Divya Mishra,Female,47,Single,Salaried,1297000.0,Vadodara,Gujarat,Affluent
C00631,Vidya Chandra,Female,41,Single,Retired,686000.0,Dehradun,Uttarakhand,Mass Market
C00632,Ritu Menon,Female,66,Widowed,Professional,1424000.0,Gurugram,Haryana,Affluent
C00633,Bhavna Prasad,Female,31,Married,Business Owner,2097000.0,Ranchi,Jharkhand,Premium
C00634,Rakesh Joshi,Male,46,Married,Professional,2988000.0,Jodhpur,Rajasthan,Premium
C00635,Jyoti Chatterjee,Female,38,Married,Government Employee,666000.0,Kolkata,West Bengal,Mass Market
C00636,Kiran Aggarwal,Female,44,Married,Salaried,581000.0,Hyderabad,Telangana,Mass Market
C00637,Priya Shah,Female,29,Married,Self-Employed,716000.0,Thane,Maharashtra,Young Professional
C00638,Tanvi Desai,Female,50,Married,Retired,521000.0,Bhubaneswar,Odisha,Mass Market
C00639,Sanjay Srivastava,Male,27,Single,Government Employee,347000.0,Gurugram,Haryana,Mass Market
C00640,Saanvi Arora,Female,21,Single,Salaried,406000.0,Jaipur,Rajasthan,Young Professional
C00641,Bhavesh Jain,Male,44,Married,Salaried,1475000.0,Lucknow,Uttar Pradesh,Affluent
C00642,Mahima Jain,Female,24,Single,Salaried,484000.0,Gurugram,Haryana,Young Professional
C00643,Vishal Bose,Male,48,Single,Professional,3850000.0,Nagpur,Maharashtra,Premium
C00644,Neha Naidu,Female,44,Married,Salaried,774000.0,Vadodara,Gujarat,Mass Market
C00645,Vijay Chopra,Male,37,Married,Salaried,755000.0,Chennai,Tamil Nadu,Mass Market
C00646,Geeta Yadav,Female,51,Married,Salaried,682000.0,Bengaluru,Karnataka,Mass Market
C00647,Arjun Raut,Male,48,Single,Salaried,1448000.0,Kanpur,Uttar Pradesh,Affluent
C00648,Parth Nair,Male,49,Divorced,Business Owner,6386000.0,Guwahati,Assam,Premium
C00649,Ishita Sharma,Female,34,Single,Salaried,663000.0,Vadodara,Gujarat,Mass Market
C00650,Vikram Prasad,Male,51,Married,Salaried,1407000.0,Ghaziabad,Uttar Pradesh,Affluent
C00651,Vishal Rana,Male,31,Single,Self-Employed,996000.0,Coimbatore,Tamil Nadu,Mass Market
C00652,Oindrila Jadhav,Female,70,Married,Business Owner,5197000.0,Ranchi,Jharkhand,Premium
C00653,Shaurya Mukherjee,Male,28,Married,Retired,277000.0,Jaipur,Rajasthan,Mass Market
C00654,Kavita Ghosh,Female,30,Married,Salaried,879000.0,Nagpur,Maharashtra,Mass Market
C00655,Rudra Jain,Male,60,Married,Retired,464000.0,Lucknow,Uttar Pradesh,Mass Market
C00656,Siddharth Sharma,Male,21,Single,Professional,687000.0,Visakhapatnam,Andhra Pradesh,Young Professional
C00657,Sapna Bhatia,Female,28,Single,Professional,1640000.0,Coimbatore,Tamil Nadu,Affluent
C00658,Geeta Agarwal,Female,34,Married,Business Owner,4816000.0,Nagpur,Maharashtra,Premium
C00659,Ekta Kapoor,Female,43,Married,Business Owner,4630000.0,Guwahati,Assam,Premium
C00660,Shreya Dubey,Female,35,Married,Self-Employed,831000.0,Ludhiana,Punjab,Mass Market
C00661,Sarita Joshi,Female,21,Single,Salaried,332000.0,Kolkata,West Bengal,Mass Market
C00662,Isha Prasad,Female,48,Married,Salaried,711000.0,Gurugram,Haryana,Mass Market
C00663,Saanvi Banerjee,Female,53,Married,Salaried,926000.0,Bhopal,Madhya Pradesh,Mass Market
C00664,Jyoti Rathore,Female,38,Married,Retired,609000.0,Chandigarh,Chandigarh,Mass Market
C00665,Tanvi Sen,Female,28,Married,Government Employee,440000.0,Patna,Bihar,Mass Market
C00666,Vivaan Banerjee,Male,59,Married,Self-Employed,2104000.0,Madurai,Tamil Nadu,Premium
C00667,Harish Kumar,Male,24,Single,Self-Employed,311000.0,Nashik,Maharashtra,Mass Market
C00668,Kajal Sen,Female,38,Married,Business Owner,5227000.0,Pune,Maharashtra,Premium
C00669,Aarti Srivastava,Female,49,Married,Self-Employed,1051000.0,Lucknow,Uttar Pradesh,Affluent
C00670,Kunal Trivedi,Male,50,Married,Salaried,1265000.0,Faridabad,Haryana,Affluent
C00671,Sapna Pandey,Female,37,Married,Government Employee,548000.0,Pune,Maharashtra,Mass Market
C00672,Kiran Iyengar,Female,41,Single,Salaried,595000.0,Varanasi,Uttar Pradesh,Mass Market
C00673,Kartik Rao,Male,38,Married,Self-Employed,708000.0,Jaipur,Rajasthan,Mass Market
C00674,Komal Yadav,Female,35,Married,Salaried,822000.0,Amritsar,Punjab,Mass Market
C00675,Advait Bhatt,Male,67,Married,Business Owner,2061000.0,Jodhpur,Rajasthan,Premium
C00676,Ritu Bhatt,Female,21,Single,Professional,425000.0,Ranchi,Jharkhand,Young Professional
C00677,Divya Khanna,Female,45,Divorced,Salaried,1158000.0,Bhopal,Madhya Pradesh,Affluent
C00678,Rajiv Singh,Male,27,Married,Salaried,451000.0,Dehradun,Uttarakhand,Young Professional
C00679,Kavita Kumar,Female,41,Married,Retired,751000.0,Mysuru,Karnataka,Mass Market
C00680,Abhishek Bhatia,Male,38,Married,Business Owner,2986000.0,Jodhpur,Rajasthan,Premium
C00681,Nisha Reddy,Female,29,Married,Salaried,562000.0,Ranchi,Jharkhand,Young Professional
C00682,Aryan Mehta,Male,68,Married,Business Owner,3909000.0,Ludhiana,Punjab,Premium
C00683,Nakul Patel,Male,61,Divorced,Professional,1773000.0,Indore,Madhya Pradesh,Affluent
C00684,Ira Krishnan,Female,43,Married,Professional,2745000.0,Faridabad,Haryana,Premium
C00685,Jaya Joshi,Female,41,Married,Self-Employed,1710000.0,Hyderabad,Telangana,Affluent
C00686,Charu Rana,Female,22,Married,Self-Employed,797000.0,Faridabad,Haryana,Young Professional
C00687,Ishaan Arora,Male,40,Married,Salaried,801000.0,Mysuru,Karnataka,Mass Market
C00688,Rachna Solanki,Female,46,Married,Salaried,1086000.0,Amritsar,Punjab,Affluent
C00689,Sonal Banerjee,Female,46,Single,Professional,2067000.0,Delhi,Delhi,Premium
C00690,Ritu Anand,Female,53,Divorced,Business Owner,3329000.0,Mumbai,Maharashtra,Premium
C00691,Reyansh Chauhan,Male,38,Married,Business Owner,3922000.0,Ahmedabad,Gujarat,Premium
C00692,Rohan Chopra,Male,42,Single,Salaried,1340000.0,Agra,Uttar Pradesh,Affluent
C00693,Pooja Prasad,Female,21,Single,Professional,826000.0,Hyderabad,Telangana,Young Professional
C00694,Arjun Das,Male,44,Married,Salaried,589000.0,Gurugram,Haryana,Mass Market
C00695,Sarita Nayak,Female,62,Married,Retired,475000.0,Bhubaneswar,Odisha,Mass Market
C00696,Charu Pandey,Female,44,Married,Self-Employed,1030000.0,Jaipur,Rajasthan,Affluent
C00697,Ira Deshmukh,Female,58,Married,Professional,2212000.0,Chandigarh,Chandigarh,Premium
C00698,Girish Patel,Male,21,Married,Government Employee,379000.0,Chandigarh,Chandigarh,Mass Market
C00699,Deepa Jain,Female,41,Married,Salaried,617000.0,Ranchi,Jharkhand,Mass Market
C00700,Rajesh Nair,Male,36,Married,Business Owner,3622000.0,Agra,Uttar Pradesh,Premium
C00701,Puneet Khanna,Male,45,Married,Self-Employed,721000.0,Ranchi,Jharkhand,Mass Market
C00702,Ajay Raut,Male,37,Married,Professional,1319000.0,Jaipur,Rajasthan,Affluent
C00703,Ananya Sen,Female,44,Married,Government Employee,929000.0,Mumbai,Maharashtra,Mass Market
C00704,Om Chopra,Male,50,Married,Salaried,895000.0,Amritsar,Punjab,Mass Market
C00705,Vijay Chatterjee,Male,46,Married,Professional,2798000.0,Chandigarh,Chandigarh,Premium
C00706,Pallavi Rao,Female,46,Married,Salaried,884000.0,Amritsar,Punjab,Mass Market
C00707,Manisha Prasad,Female,47,Married,Salaried,793000.0,Patna,Bihar,Mass Market
C00708,Arjun Krishnan,Male,21,Single,Professional,760000.0,Pune,Maharashtra,Young Professional
C00709,Ananya Chatterjee,Female,48,Divorced,Professional,1263000.0,Bhubaneswar,Odisha,Affluent
C00710,Rohan Shah,Male,21,Single,Professional,1410000.0,Indore,Madhya Pradesh,Affluent
C00711,Arjun Rathore,Male,22,Single,Salaried,299000.0,Vijayawada,Andhra Pradesh,Mass Market
C00712,Krishna Chatterjee,Male,23,Single,Salaried,355000.0,Vijayawada,Andhra Pradesh,Mass Market
C00713,Arvind Rathore,Male,48,Married,Salaried,993000.0,Bengaluru,Karnataka,Mass Market
C00714,Ritu Bhatt,Female,29,Single,Professional,929000.0,Thane,Maharashtra,Young Professional
C00715,Manoj Kapoor,Male,55,Married,Business Owner,5027000.0,Hyderabad,Telangana,Premium
C00716,Vijay Subramaniam,Male,29,Married,Professional,1792000.0,Vadodara,Gujarat,Affluent
C00717,Aditi Bhatia,Female,37,Married,Salaried,541000.0,Mysuru,Karnataka,Mass Market
C00718,Sameer Chatterjee,Male,40,Married,Self-Employed,1875000.0,Vijayawada,Andhra Pradesh,Affluent
C00719,Swati Saxena,Female,56,Widowed,Salaried,1257000.0,Ghaziabad,Uttar Pradesh,Affluent
C00720,Ajay Yadav,Male,21,Single,Salaried,338000.0,Raipur,Chhattisgarh,Mass Market
C00721,Prakash Kumar,Male,48,Single,Self-Employed,1315000.0,Ghaziabad,Uttar Pradesh,Affluent
C00722,Geeta Aggarwal,Female,32,Married,Self-Employed,962000.0,Jodhpur,Rajasthan,Mass Market
C00723,Parth Kumar,Male,46,Married,Retired,503000.0,Kochi,Kerala,Mass Market
C00724,Girish Pillai,Male,47,Married,Retired,552000.0,Agra,Uttar Pradesh,Mass Market
C00725,Aakash Trivedi,Male,28,Married,Retired,531000.0,Raipur,Chhattisgarh,Mass Market
C00726,Bhavesh Rao,Male,25,Married,Salaried,835000.0,Bhubaneswar,Odisha,Young Professional
C00727,Girish Nair,Male,41,Married,Salaried,657000.0,Ghaziabad,Uttar Pradesh,Mass Market
C00728,Advait Chatterjee,Male,25,Single,Business Owner,2698000.0,Ranchi,Jharkhand,Premium
C00729,Usha Kulkarni,Female,51,Married,Salaried,754000.0,Thane,Maharashtra,Mass Market
C00730,Shaurya Naidu,Male,40,Married,Salaried,1053000.0,Surat,Gujarat,Affluent
C00731,Bhavesh Yadav,Male,21,Single,Salaried,288000.0,Hyderabad,Telangana,Mass Market
C00732,Manoj Tiwari,Male,46,Married,Self-Employed,1733000.0,Jodhpur,Rajasthan,Affluent
C00733,Vidya Iyer,Female,29,Married,Business Owner,2918000.0,Bhopal,Madhya Pradesh,Premium
C00734,Divya Prasad,Female,39,Married,Business Owner,3856000.0,Coimbatore,Tamil Nadu,Premium
C00735,Ashwin Patel,Male,54,Married,Retired,210000.0,Dehradun,Uttarakhand,Mass Market
C00736,Manisha Kumar,Female,45,Divorced,Salaried,1250000.0,Ranchi,Jharkhand,Affluent
C00737,Girish Srivastava,Male,45,Married,Professional,940000.0,Patna,Bihar,Mass Market
C00738,Reyansh Deshmukh,Male,55,Married,Retired,513000.0,Vijayawada,Andhra Pradesh,Mass Market
C00739,Varun Krishnan,Male,39,Married,Government Employee,1038000.0,Ahmedabad,Gujarat,Affluent
C00740,Ravi Thakur,Male,55,Married,Self-Employed,472000.0,Madurai,Tamil Nadu,Mass Market
C00741,Tarun Sen,Male,48,Married,Retired,447000.0,Indore,Madhya Pradesh,Mass Market
C00742,Ravi Prasad,Male,31,Married,Salaried,430000.0,Mumbai,Maharashtra,Mass Market
C00743,Anita Chandra,Female,51,Married,Salaried,1273000.0,Nagpur,Maharashtra,Affluent
C00744,Naveen Trivedi,Male,32,Single,Government Employee,466000.0,Gurugram,Haryana,Mass Market
C00745,Pankaj Dubey,Male,24,Married,Salaried,411000.0,Vijayawada,Andhra Pradesh,Young Professional
C00746,Isha Nayak,Female,34,Married,Retired,393000.0,Bhopal,Madhya Pradesh,Mass Market
C00747,Shweta Rana,Female,29,Married,Self-Employed,572000.0,Vadodara,Gujarat,Young Professional
C00748,Nidhi Sen,Female,60,Married,Salaried,619000.0,Ranchi,Jharkhand,Mass Market
C00749,Rajiv Kapoor,Male,32,Single,Government Employee,672000.0,Visakhapatnam,Andhra Pradesh,Mass Market
C00750,Kajal Shah,Female,45,Married,Government Employee,533000.0,Noida,Uttar Pradesh,Mass Market
C00751,Aditi Naidu,Female,43,Married,Salaried,639000.0,Gurugram,Haryana,Mass Market
C00752,Komal Bose,Female,41,Married,Salaried,606000.0,Indore,Madhya Pradesh,Mass Market
C00753,Kavya Bhatia,Female,65,Married,Retired,435000.0,Bhubaneswar,Odisha,Mass Market
C00754,Swati Verma,Female,31,Single,Salaried,706000.0,Thane,Maharashtra,Mass Market
C00755,Charu Das,Female,37,Divorced,Business Owner,2676000.0,Visakhapatnam,Andhra Pradesh,Premium
C00756,Abhishek Ghosh,Male,46,Single,Self-Employed,1092000.0,Surat,Gujarat,Affluent
C00757,Shweta Bhatia,Female,41,Single,Business Owner,4080000.0,Thane,Maharashtra,Premium
C00758,Parth Arora,Male,45,Married,Salaried,1118000.0,Bhopal,Madhya Pradesh,Affluent
C00759,Vidya Bhatt,Female,46,Married,Business Owner,2049000.0,Coimbatore,Tamil Nadu,Premium
C00760,Nakul Rana,Male,42,Married,Professional,1444000.0,Noida,Uttar Pradesh,Affluent
C00761,Nidhi Reddy,Female,28,Married,Government Employee,648000.0,Lucknow,Uttar Pradesh,Mass Market
C00762,Nandini Nair,Female,33,Married,Business Owner,4010000.0,Jaipur,Rajasthan,Premium
C00763,Ishaan Khanna,Male,41,Married,Salaried,1095000.0,Ranchi,Jharkhand,Affluent
C00764,Karan Sinha,Male,41,Divorced,Salaried,518000.0,Bengaluru,Karnataka,Mass Market
C00765,Saanvi Yadav,Female,49,Married,Salaried,1514000.0,Hyderabad,Telangana,Affluent
C00766,Vijay Singh,Male,43,Married,Salaried,1372000.0,Jaipur,Rajasthan,Affluent
C00767,Aadhya Iyer,Female,36,Married,Salaried,954000.0,Surat,Gujarat,Mass Market
C00768,Rudra Pandey,Male,41,Divorced,Salaried,457000.0,Faridabad,Haryana,Mass Market
C00769,Mahima Saxena,Female,47,Married,Salaried,1042000.0,Hyderabad,Telangana,Affluent
C00770,Aditya Sharma,Male,39,Married,Salaried,958000.0,Noida,Uttar Pradesh,Mass Market
C00771,Gauri Sharma,Female,33,Single,Government Employee,375000.0,Ranchi,Jharkhand,Mass Market
C00772,Prakash Chopra,Male,51,Married,Salaried,1069000.0,Delhi,Delhi,Affluent
C00773,Aditya Kapoor,Male,37,Married,Salaried,543000.0,Vadodara,Gujarat,Mass Market
C00774,Nikhil Shah,Male,35,Single,Self-Employed,567000.0,Kochi,Kerala,Mass Market
C00775,Ashok Chatterjee,Male,40,Married,Government Employee,630000.0,Kolkata,West Bengal,Mass Market
C00776,Mahesh Subramaniam,Male,45,Married,Salaried,1098000.0,Nagpur,Maharashtra,Affluent
C00777,Bhavna Pillai,Female,45,Married,Salaried,1163000.0,Agra,Uttar Pradesh,Affluent
C00778,Rahul Pandey,Male,57,Divorced,Salaried,679000.0,Guwahati,Assam,Mass Market
C00779,Jaya Bhatia,Female,37,Single,Salaried,734000.0,Guwahati,Assam,Mass Market
C00780,Kiran Sen,Female,42,Married,Self-Employed,990000.0,Bhopal,Madhya Pradesh,Mass Market
C00781,Arjun Patel,Male,21,Single,Salaried,564000.0,Chennai,Tamil Nadu,Young Professional
C00782,Shweta Tiwari,Female,41,Married,Salaried,945000.0,Guwahati,Assam,Mass Market
C00783,Lavanya Kumar,Female,66,Widowed,Retired,624000.0,Jodhpur,Rajasthan,Mass Market
C00784,Gaurav Patel,Male,40,Married,Business Owner,2029000.0,Mumbai,Maharashtra,Premium
C00785,Farah Jain,Female,49,Divorced,Self-Employed,2420000.0,Noida,Uttar Pradesh,Premium
C00786,Meera Kamble,Female,31,Married,Business Owner,2615000.0,Coimbatore,Tamil Nadu,Premium
C00787,Reyansh Iyengar,Male,31,Divorced,Self-Employed,1287000.0,Raipur,Chhattisgarh,Affluent
C00788,Advait Mukherjee,Male,63,Widowed,Professional,1730000.0,Indore,Madhya Pradesh,Affluent
C00789,Anjali Srivastava,Female,39,Married,Salaried,958000.0,Bengaluru,Karnataka,Mass Market
C00790,Arjun Nair,Male,45,Married,Self-Employed,610000.0,Patna,Bihar,Mass Market
C00791,Aditya Iyer,Male,34,Married,Salaried,876000.0,Ludhiana,Punjab,Mass Market
C00792,Deepak Bhatt,Male,21,Single,Salaried,291000.0,Madurai,Tamil Nadu,Mass Market
C00793,Karan Sen,Male,55,Married,Salaried,1095000.0,Guwahati,Assam,Affluent
C00794,Harish Bhatia,Male,45,Married,Salaried,1079000.0,Lucknow,Uttar Pradesh,Affluent
C00795,Tarun Tiwari,Male,45,Married,Self-Employed,2153000.0,Chandigarh,Chandigarh,Premium
C00796,Rahul Kapoor,Male,61,Divorced,Self-Employed,1206000.0,Jaipur,Rajasthan,Affluent
C00797,Priya Shah,Female,53,Married,Salaried,1540000.0,Agra,Uttar Pradesh,Affluent
C00798,Vijay Raut,Male,44,Married,Government Employee,470000.0,Kochi,Kerala,Mass Market
C00799,Yash Bansal,Male,31,Married,Retired,657000.0,Ahmedabad,Gujarat,Mass Market
C00800,Sonal Nayak,Female,42,Married,Government Employee,597000.0,Varanasi,Uttar Pradesh,Mass Market
C00801,Vihaan Aggarwal,Male,42,Married,Retired,240000.0,Ludhiana,Punjab,Mass Market
C00802,Ira Malhotra,Female,21,Single,Salaried,528000.0,Patna,Bihar,Young Professional
C00803,Nidhi Arora,Female,39,Married,Self-Employed,1177000.0,Thane,Maharashtra,Affluent
C00804,Kabir Nair,Male,56,Married,Business Owner,3574000.0,Chandigarh,Chandigarh,Premium
C00805,Shweta Patel,Female,52,Married,Salaried,1540000.0,Madurai,Tamil Nadu,Affluent
C00806,Sapna Krishnan,Female,35,Married,Salaried,991000.0,Varanasi,Uttar Pradesh,Mass Market
C00807,Anjali Patel,Female,67,Divorced,Retired,265000.0,Bhopal,Madhya Pradesh,Mass Market
C00808,Ashok Tiwari,Male,42,Married,Professional,2610000.0,Patna,Bihar,Premium
C00809,Mohit Bose,Male,49,Married,Salaried,506000.0,Surat,Gujarat,Mass Market
C00810,Sunita Patel,Female,48,Married,Self-Employed,1976000.0,Nashik,Maharashtra,Affluent
C00811,Kunal Rathore,Male,46,Divorced,Professional,2532000.0,Mumbai,Maharashtra,Premium
C00812,Rakesh Shah,Male,47,Married,Professional,3312000.0,Nashik,Maharashtra,Premium
C00813,Amit Nair,Male,38,Married,Salaried,812000.0,Jaipur,Rajasthan,Mass Market
C00814,Ira Arora,Female,30,Married,Business Owner,3484000.0,Kochi,Kerala,Premium
C00815,Bhavesh Shah,Male,43,Married,Self-Employed,1500000.0,Jodhpur,Rajasthan,Affluent
C00816,Amit Mishra,Male,42,Married,Salaried,539000.0,Delhi,Delhi,Mass Market
C00817,Shreya Bansal,Female,23,Single,Salaried,413000.0,Jodhpur,Rajasthan,Young Professional
C00818,Sameer Deshmukh,Male,50,Married,Business Owner,4258000.0,Vijayawada,Andhra Pradesh,Premium
C00819,Vivaan Das,Male,57,Married,Government Employee,1031000.0,Chandigarh,Chandigarh,Affluent
C00820,Mohit Nayak,Male,59,Married,Business Owner,3057000.0,Bhubaneswar,Odisha,Premium
C00821,Shalini Bhatia,Female,30,Married,Salaried,774000.0,Chennai,Tamil Nadu,Mass Market
C00822,Gaurav Srivastava,Male,22,Single,Professional,1079000.0,Raipur,Chhattisgarh,Affluent
C00823,Gaurav Joshi,Male,57,Married,Professional,3278000.0,Chandigarh,Chandigarh,Premium
C00824,Saurabh Mukherjee,Male,44,Married,Business Owner,3346000.0,Patna,Bihar,Premium
C00825,Deepak Singh,Male,30,Married,Salaried,830000.0,Noida,Uttar Pradesh,Mass Market
C00826,Kabir Mukherjee,Male,27,Married,Professional,926000.0,Lucknow,Uttar Pradesh,Young Professional
C00827,Saurabh Thakur,Male,30,Single,Professional,2146000.0,Bhubaneswar,Odisha,Premium
C00828,Simran Banerjee,Female,47,Married,Government Employee,853000.0,Ahmedabad,Gujarat,Mass Market
C00829,Oindrila Bansal,Female,43,Married,Business Owner,3735000.0,Bhopal,Madhya Pradesh,Premium
C00830,Rani Rana,Female,31,Married,Salaried,427000.0,Varanasi,Uttar Pradesh,Mass Market
C00831,Manoj Sen,Male,34,Single,Salaried,656000.0,Kolkata,West Bengal,Mass Market
C00832,Sonal Ghosh,Female,23,Single,Self-Employed,842000.0,Mumbai,Maharashtra,Young Professional
C00833,Shweta Krishnan,Female,30,Single,Salaried,736000.0,Varanasi,Uttar Pradesh,Mass Market
C00834,Aryan Ghosh,Male,39,Married,Salaried,628000.0,Coimbatore,Tamil Nadu,Mass Market
C00835,Manoj Sen,Male,51,Married,Professional,3277000.0,Kochi,Kerala,Premium
C00836,Abhishek Thakur,Male,36,Married,Salaried,546000.0,Ludhiana,Punjab,Mass Market
C00837,Nikhil Dubey,Male,26,Married,Government Employee,246000.0,Ludhiana,Punjab,Mass Market
C00838,Sapna Chandra,Female,40,Married,Salaried,934000.0,Ludhiana,Punjab,Mass Market
C00839,Naveen Bose,Male,28,Single,Self-Employed,487000.0,Noida,Uttar Pradesh,Young Professional
C00840,Prakash Subramaniam,Male,34,Married,Salaried,420000.0,Chandigarh,Chandigarh,Mass Market
C00841,Simran Mehta,Female,63,Widowed,Retired,831000.0,Guwahati,Assam,Mass Market
C00842,Abhishek Anand,Male,21,Single,Self-Employed,259000.0,Mysuru,Karnataka,Mass Market
C00843,Sarita Srivastava,Female,41,Married,Professional,1047000.0,Ranchi,Jharkhand,Affluent
C00844,Vihaan Sinha,Male,35,Single,Self-Employed,1161000.0,Jodhpur,Rajasthan,Affluent
C00845,Pankaj Rathore,Male,21,Single,Professional,1608000.0,Amritsar,Punjab,Affluent
C00846,Pooja Subramaniam,Female,48,Married,Government Employee,672000.0,Vadodara,Gujarat,Mass Market
C00847,Parth Joshi,Male,36,Married,Salaried,990000.0,Bhubaneswar,Odisha,Mass Market
C00848,Harish Banerjee,Male,50,Divorced,Salaried,1039000.0,Ghaziabad,Uttar Pradesh,Affluent
C00849,Om Pillai,Male,29,Married,Retired,537000.0,Surat,Gujarat,Mass Market
C00850,Anjali Rathore,Female,37,Married,Salaried,1003000.0,Chandigarh,Chandigarh,Affluent
C00851,Kartik Anand,Male,36,Married,Salaried,849000.0,Vijayawada,Andhra Pradesh,Mass Market
C00852,Dinesh Chopra,Male,41,Married,Salaried,929000.0,Guwahati,Assam,Mass Market
C00853,Rajiv Trivedi,Male,51,Married,Professional,3212000.0,Bengaluru,Karnataka,Premium
C00854,Divya Shah,Female,46,Married,Salaried,1347000.0,Ranchi,Jharkhand,Affluent
C00855,Sunil Reddy,Male,36,Divorced,Government Employee,755000.0,Bhopal,Madhya Pradesh,Mass Market
C00856,Kavya Bhatia,Female,56,Married,Salaried,685000.0,Varanasi,Uttar Pradesh,Mass Market
C00857,Tanvi Pillai,Female,31,Married,Self-Employed,396000.0,Guwahati,Assam,Mass Market
C00858,Sunita Sharma,Female,23,Single,Self-Employed,500000.0,Kochi,Kerala,Young Professional
C00859,Aparna Iyengar,Female,22,Married,Salaried,486000.0,Kolkata,West Bengal,Young Professional
C00860,Ajay Rathore,Male,35,Married,Salaried,929000.0,Faridabad,Haryana,Mass Market
C00861,Puneet Rana,Male,48,Married,Self-Employed,1863000.0,Nashik,Maharashtra,Affluent
C00862,Pihu Rao,Female,40,Married,Salaried,1161000.0,Madurai,Tamil Nadu,Affluent
C00863,Diya Thakur,Female,63,Married,Retired,436000.0,Agra,Uttar Pradesh,Mass Market
C00864,Ankit Yadav,Male,37,Widowed,Professional,1801000.0,Kolkata,West Bengal,Affluent
C00865,Anil Raut,Male,54,Married,Government Employee,1210000.0,Chennai,Tamil Nadu,Affluent
C00866,Devendra Sen,Male,39,Widowed,Self-Employed,1200000.0,Surat,Gujarat,Affluent
C00867,Jaya Pillai,Female,21,Single,Professional,727000.0,Coimbatore,Tamil Nadu,Young Professional
C00868,Kartik Mishra,Male,25,Divorced,Business Owner,1350000.0,Indore,Madhya Pradesh,Affluent
C00869,Sanjay Rathore,Male,35,Married,Self-Employed,1727000.0,Gurugram,Haryana,Affluent
C00870,Aditi Singh,Female,44,Married,Salaried,1092000.0,Dehradun,Uttarakhand,Affluent
C00871,Kavya Krishnan,Female,34,Single,Professional,1474000.0,Ghaziabad,Uttar Pradesh,Affluent
C00872,Aditya Kulkarni,Male,35,Married,Self-Employed,806000.0,Pune,Maharashtra,Mass Market
C00873,Vikram Srivastava,Male,47,Married,Self-Employed,2145000.0,Coimbatore,Tamil Nadu,Premium
C00874,Naveen Khanna,Male,51,Married,Salaried,938000.0,Lucknow,Uttar Pradesh,Mass Market
C00875,Ramesh Ghosh,Male,37,Married,Salaried,1256000.0,Kanpur,Uttar Pradesh,Affluent
C00876,Ekta Rana,Female,28,Married,Salaried,745000.0,Jodhpur,Rajasthan,Young Professional
C00877,Arvind Aggarwal,Male,30,Married,Salaried,590000.0,Thane,Maharashtra,Mass Market
C00878,Sarita Aggarwal,Female,37,Married,Salaried,1161000.0,Kanpur,Uttar Pradesh,Affluent
C00879,Sonal Verma,Female,49,Married,Salaried,536000.0,Kochi,Kerala,Mass Market
C00880,Rani Rathore,Female,70,Divorced,Business Owner,4272000.0,Varanasi,Uttar Pradesh,Premium
C00881,Om Tiwari,Male,52,Married,Salaried,1123000.0,Madurai,Tamil Nadu,Affluent
C00882,Ritu Iyer,Female,26,Married,Professional,1750000.0,Mumbai,Maharashtra,Affluent
C00883,Pooja Bhatia,Female,26,Married,Business Owner,3347000.0,Patna,Bihar,Premium
C00884,Siddharth Pandey,Male,37,Married,Professional,684000.0,Kolkata,West Bengal,Mass Market
C00885,Rani Rana,Female,36,Married,Business Owner,3839000.0,Ludhiana,Punjab,Premium
C00886,Aparna Saxena,Female,40,Single,Professional,2074000.0,Pune,Maharashtra,Premium
C00887,Aditi Bansal,Female,32,Married,Professional,2241000.0,Noida,Uttar Pradesh,Premium
C00888,Puneet Anand,Male,28,Married,Salaried,682000.0,Chandigarh,Chandigarh,Young Professional
C00889,Pallavi Mishra,Female,40,Married,Salaried,1142000.0,Pune,Maharashtra,Affluent
C00890,Nikhil Subramaniam,Male,24,Married,Government Employee,326000.0,Amritsar,Punjab,Mass Market
C00891,Rahul Srivastava,Male,38,Married,Retired,470000.0,Ghaziabad,Uttar Pradesh,Mass Market
C00892,Aakash Mehta,Male,38,Married,Self-Employed,1892000.0,Jaipur,Rajasthan,Affluent
C00893,Kunal Mehta,Male,33,Married,Salaried,578000.0,Bhopal,Madhya Pradesh,Mass Market
C00894,Ashwin Trivedi,Male,43,Married,Professional,3026000.0,Kanpur,Uttar Pradesh,Premium
C00895,Mohit Yadav,Male,58,Married,Business Owner,3402000.0,Surat,Gujarat,Premium
C00896,Manoj Bhatia,Male,33,Divorced,Salaried,829000.0,Vijayawada,Andhra Pradesh,Mass Market
C00897,Om Nair,Male,31,Married,Business Owner,2127000.0,Chandigarh,Chandigarh,Premium
C00898,Geeta Arora,Female,52,Married,Retired,539000.0,Noida,Uttar Pradesh,Mass Market
C00899,Nakul Das,Male,21,Single,Self-Employed,702000.0,Lucknow,Uttar Pradesh,Young Professional
C00900,Sarita Bose,Female,21,Single,Business Owner,962000.0,Jaipur,Rajasthan,Mass Market
C00901,Krishna Deshmukh,Male,36,Married,Salaried,748000.0,Dehradun,Uttarakhand,Mass Market
C00902,Vivaan Malhotra,Male,36,Married,Government Employee,578000.0,Agra,Uttar Pradesh,Mass Market
C00903,Varun Subramaniam,Male,29,Married,Salaried,768000.0,Jaipur,Rajasthan,Young Professional
C00904,Pihu Jain,Female,43,Married,Salaried,594000.0,Chandigarh,Chandigarh,Mass Market
C00905,Bhavesh Srivastava,Male,39,Married,Retired,396000.0,Noida,Uttar Pradesh,Mass Market
C00906,Dinesh Desai,Male,33,Married,Self-Employed,977000.0,Noida,Uttar Pradesh,Mass Market
C00907,Nandini Reddy,Female,43,Married,Business Owner,1763000.0,Dehradun,Uttarakhand,Affluent
C00908,Vihaan Pillai,Male,50,Married,Salaried,906000.0,Chennai,Tamil Nadu,Mass Market
C00909,Sapna Gupta,Female,41,Widowed,Salaried,1294000.0,Thane,Maharashtra,Affluent
C00910,Ajay Chopra,Male,32,Married,Professional,1345000.0,Patna,Bihar,Affluent
C00911,Lata Nayak,Female,27,Married,Retired,253000.0,Vadodara,Gujarat,Mass Market
C00912,Parth Arora,Male,39,Married,Self-Employed,941000.0,Amritsar,Punjab,Mass Market
C00913,Kavita Bhatia,Female,58,Married,Business Owner,3110000.0,Faridabad,Haryana,Premium
C00914,Bhavna Nayak,Female,40,Married,Business Owner,6032000.0,Pune,Maharashtra,Premium
C00915,Rajiv Chopra,Male,28,Married,Self-Employed,1233000.0,Ranchi,Jharkhand,Affluent
C00916,Aryan Chopra,Male,32,Married,Government Employee,645000.0,Bengaluru,Karnataka,Mass Market
C00917,Ekta Shah,Female,21,Single,Self-Employed,646000.0,Indore,Madhya Pradesh,Young Professional
C00918,Usha Deshmukh,Female,29,Married,Salaried,586000.0,Bhopal,Madhya Pradesh,Young Professional
C00919,Dhruv Banerjee,Male,21,Single,Government Employee,461000.0,Bengaluru,Karnataka,Mass Market
C00920,Shreya Rathore,Female,44,Married,Self-Employed,1230000.0,Agra,Uttar Pradesh,Affluent
C00921,Jyoti Iyer,Female,44,Married,Salaried,562000.0,Pune,Maharashtra,Mass Market
C00922,Pallavi Deshmukh,Female,50,Married,Retired,316000.0,Madurai,Tamil Nadu,Mass Market
C00923,Om Reddy,Male,41,Single,Government Employee,1029000.0,Varanasi,Uttar Pradesh,Affluent
C00924,Manoj Pillai,Male,51,Married,Government Employee,580000.0,Varanasi,Uttar Pradesh,Mass Market
C00925,Pankaj Krishnan,Male,59,Married,Salaried,520000.0,Indore,Madhya Pradesh,Mass Market
C00926,Devendra Chopra,Male,36,Married,Salaried,631000.0,Hyderabad,Telangana,Mass Market
C00927,Gaurav Bose,Male,21,Single,Government Employee,244000.0,Patna,Bihar,Mass Market
C00928,Ankit Bhatia,Male,30,Married,Salaried,1011000.0,Vadodara,Gujarat,Affluent
C00929,Sanjay Joshi,Male,40,Married,Professional,1242000.0,Patna,Bihar,Affluent
C00930,Neha Mukherjee,Female,52,Married,Salaried,697000.0,Bhubaneswar,Odisha,Mass Market
C00931,Suresh Chatterjee,Male,34,Married,Salaried,1007000.0,Jaipur,Rajasthan,Affluent
C00932,Sameer Raut,Male,41,Married,Professional,997000.0,Surat,Gujarat,Mass Market
C00933,Sonal Malhotra,Female,37,Married,Self-Employed,1608000.0,Bhopal,Madhya Pradesh,Affluent
C00934,Bhavna Aggarwal,Female,34,Single,Government Employee,553000.0,Surat,Gujarat,Mass Market
C00935,Girish Rathore,Male,35,Married,Professional,1922000.0,Bhubaneswar,Odisha,Affluent
C00936,Shreya Dubey,Female,38,Married,Self-Employed,869000.0,Ahmedabad,Gujarat,Mass Market
C00937,Prakash Trivedi,Male,26,Married,Salaried,717000.0,Faridabad,Haryana,Young Professional
C00938,Rudra Sinha,Male,27,Married,Professional,1692000.0,Nashik,Maharashtra,Affluent
C00939,Sameer Anand,Male,27,Divorced,Salaried,426000.0,Noida,Uttar Pradesh,Young Professional
C00940,Amit Solanki,Male,32,Married,Salaried,762000.0,Mumbai,Maharashtra,Mass Market
C00941,Sunil Kulkarni,Male,25,Single,Professional,1516000.0,Amritsar,Punjab,Affluent
C00942,Sonal Iyer,Female,21,Single,Salaried,283000.0,Ahmedabad,Gujarat,Mass Market
C00943,Ravi Malhotra,Male,28,Single,Retired,499000.0,Kochi,Kerala,Mass Market
C00944,Sameer Raut,Male,35,Married,Government Employee,374000.0,Patna,Bihar,Mass Market
C00945,Riya Arora,Female,52,Married,Salaried,855000.0,Vadodara,Gujarat,Mass Market
C00946,Suresh Bhatia,Male,29,Married,Professional,736000.0,Mysuru,Karnataka,Young Professional
C00947,Riya Kamble,Female,46,Single,Salaried,849000.0,Noida,Uttar Pradesh,Mass Market
C00948,Kavya Shah,Female,47,Married,Self-Employed,830000.0,Hyderabad,Telangana,Mass Market
C00949,Ananya Mehta,Female,57,Married,Government Employee,692000.0,Amritsar,Punjab,Mass Market
C00950,Harleen Rana,Female,21,Single,Salaried,445000.0,Lucknow,Uttar Pradesh,Young Professional
C00951,Om Menon,Male,40,Married,Government Employee,579000.0,Mumbai,Maharashtra,Mass Market
C00952,Saurabh Reddy,Male,53,Married,Government Employee,819000.0,Jaipur,Rajasthan,Mass Market
C00953,Shreya Jain,Female,49,Married,Professional,1526000.0,Patna,Bihar,Affluent
C00954,Mahesh Patel,Male,57,Married,Retired,473000.0,Nashik,Maharashtra,Mass Market
C00955,Gaurav Kumar,Male,56,Married,Self-Employed,1766000.0,Nashik,Maharashtra,Affluent
C00956,Kunal Solanki,Male,41,Married,Business Owner,1549000.0,Guwahati,Assam,Affluent
C00957,Om Jain,Male,47,Married,Business Owner,3915000.0,Thane,Maharashtra,Premium
C00958,Meera Sharma,Female,29,Single,Retired,587000.0,Chennai,Tamil Nadu,Mass Market
C00959,Mahima Singh,Female,50,Married,Salaried,1196000.0,Indore,Madhya Pradesh,Affluent
C00960,Kiran Khanna,Female,27,Married,Government Employee,686000.0,Jaipur,Rajasthan,Mass Market
C00961,Aadhya Sharma,Female,59,Single,Business Owner,4263000.0,Dehradun,Uttarakhand,Premium
C00962,Rajesh Deshmukh,Male,29,Married,Business Owner,3874000.0,Coimbatore,Tamil Nadu,Premium
C00963,Rekha Thakur,Female,50,Married,Salaried,1380000.0,Kochi,Kerala,Affluent
C00964,Vijay Tiwari,Male,39,Married,Salaried,1239000.0,Ahmedabad,Gujarat,Affluent
C00965,Sunita Shah,Female,41,Married,Professional,3291000.0,Chennai,Tamil Nadu,Premium
C00966,Ashwin Jadhav,Male,55,Married,Business Owner,4413000.0,Ludhiana,Punjab,Premium
C00967,Manoj Tiwari,Male,42,Married,Salaried,1276000.0,Ghaziabad,Uttar Pradesh,Affluent
C00968,Swati Singh,Female,39,Married,Salaried,1259000.0,Jaipur,Rajasthan,Affluent
C00969,Aadhya Agarwal,Female,30,Married,Salaried,864000.0,Raipur,Chhattisgarh,Mass Market
C00970,Harleen Mishra,Female,40,Married,Self-Employed,868000.0,Lucknow,Uttar Pradesh,Mass Market
C00971,Nisha Naidu,Female,36,Married,Salaried,981000.0,Indore,Madhya Pradesh,Mass Market
C00972,Aryan Deshmukh,Male,57,Married,Self-Employed,1428000.0,Bhubaneswar,Odisha,Affluent
C00973,Shreya Kamble,Female,49,Married,Professional,3074000.0,Indore,Madhya Pradesh,Premium
C00974,Manoj Bhatt,Male,21,Single,Salaried,448000.0,Kolkata,West Bengal,Young Professional
C00975,Mohit Mishra,Male,63,Married,Self-Employed,935000.0,Pune,Maharashtra,Mass Market
C00976,Aditi Pillai,Female,21,Single,Salaried,367000.0,Kochi,Kerala,Mass Market
C00977,Shalini Mukherjee,Female,70,Widowed,Retired,625000.0,Jaipur,Rajasthan,Mass Market
C00978,Shalini Arora,Female,41,Married,Self-Employed,1359000.0,Chennai,Tamil Nadu,Affluent
C00979,Radha Nayak,Female,42,Married,Salaried,1303000.0,Vijayawada,Andhra Pradesh,Affluent
C00980,Usha Iyer,Female,42,Widowed,Salaried,1375000.0,Delhi,Delhi,Affluent
C00981,Varun Chandra,Male,33,Married,Salaried,833000.0,Raipur,Chhattisgarh,Mass Market
C00982,Ankit Jain,Male,21,Single,Self-Employed,547000.0,Guwahati,Assam,Young Professional
C00983,Harish Malhotra,Male,43,Married,Professional,2666000.0,Hyderabad,Telangana,Premium
C00984,Anil Chatterjee,Male,44,Married,Government Employee,678000.0,Chandigarh,Chandigarh,Mass Market
C00985,Karan Khanna,Male,21,Single,Salaried,237000.0,Noida,Uttar Pradesh,Mass Market
C00986,Simran Prasad,Female,52,Married,Government Employee,757000.0,Mumbai,Maharashtra,Mass Market
C00987,Suresh Tiwari,Male,64,Married,Professional,2357000.0,Ludhiana,Punjab,Premium
C00988,Dinesh Pandey,Male,33,Married,Government Employee,725000.0,Mysuru,Karnataka,Mass Market
C00989,Geeta Bhatt,Female,51,Married,Self-Employed,1773000.0,Ranchi,Jharkhand,Affluent
C00990,Anjali Verma,Female,40,Married,Salaried,1221000.0,Gurugram,Haryana,Affluent
C00991,Pooja Sharma,Female,51,Married,Self-Employed,1671000.0,Madurai,Tamil Nadu,Affluent
C00992,Ravi Gupta,Male,29,Married,Salaried,441000.0,Visakhapatnam,Andhra Pradesh,Young Professional
C00993,Puneet Kapoor,Male,46,Married,Professional,1961000.0,Hyderabad,Telangana,Affluent
C00994,Dinesh Chauhan,Male,27,Single,Professional,1788000.0,Vadodara,Gujarat,Affluent
C00995,Rahul Aggarwal,Male,21,Single,Salaried,349000.0,Guwahati,Assam,Mass Market
C00996,Nisha Mukherjee,Female,24,Married,Self-Employed,383000.0,Ranchi,Jharkhand,Mass Market
C00997,Rachna Patel,Female,40,Married,Government Employee,464000.0,Chennai,Tamil Nadu,Mass Market
C00998,Pankaj Krishnan,Male,45,Married,Salaried,1013000.0,Faridabad,Haryana,Affluent
C00999,Sameer Dubey,Male,34,Married,Business Owner,3436000.0,Surat,Gujarat,Premium
C01000,Rohan Sen,Male,38,Married,Retired,286000.0,Madurai,Tamil Nadu,Mass Market
C01001,Jyoti Kumar,Female,61,Widowed,Retired,250000.0,Kochi,Kerala,Mass Market
C01002,Shreya Prasad,Female,35,Married,Salaried,712000.0,Bhopal,Madhya Pradesh,Mass Market
C01003,Kavita Rana,Female,47,Married,Salaried,1055000.0,Kochi,Kerala,Affluent
C01004,Ishaan Sen,Male,64,Widowed,Retired,592000.0,Varanasi,Uttar Pradesh,Mass Market
C01005,Rajesh Sharma,Male,39,Married,Professional,1986000.0,Kanpur,Uttar Pradesh,Affluent
C01006,Aadhya Reddy,Female,49,Married,Salaried,1255000.0,Jaipur,Rajasthan,Affluent
C01007,Devendra Khanna,Male,50,Single,Salaried,802000.0,Noida,Uttar Pradesh,Mass Market
C01008,Aparna Reddy,Female,38,Married,Salaried,458000.0,Raipur,Chhattisgarh,Mass Market
C01009,Suresh Chandra,Male,41,Single,Salaried,621000.0,Nashik,Maharashtra,Mass Market
C01010,Anita Nayak,Female,44,Married,Salaried,864000.0,Patna,Bihar,Mass Market
C01011,Tarun Krishnan,Male,50,Married,Self-Employed,1313000.0,Delhi,Delhi,Affluent
C01012,Rakesh Khanna,Male,46,Married,Salaried,657000.0,Kochi,Kerala,Mass Market
C01013,Sandeep Desai,Male,33,Married,Self-Employed,781000.0,Ahmedabad,Gujarat,Mass Market
C01014,Karan Malhotra,Male,27,Married,Salaried,468000.0,Mysuru,Karnataka,Young Professional
C01015,Rajiv Kumar,Male,39,Married,Government Employee,1158000.0,Amritsar,Punjab,Affluent
C01016,Lata Pandey,Female,43,Married,Salaried,835000.0,Noida,Uttar Pradesh,Mass Market
C01017,Vidya Nayak,Female,44,Single,Salaried,1167000.0,Lucknow,Uttar Pradesh,Affluent
C01018,Anil Iyengar,Male,31,Divorced,Salaried,441000.0,Kolkata,West Bengal,Mass Market
C01019,Aarav Gupta,Male,61,Married,Business Owner,4603000.0,Faridabad,Haryana,Premium
C01020,Naveen Gupta,Male,21,Single,Salaried,403000.0,Mumbai,Maharashtra,Young Professional
C01021,Rajiv Tiwari,Male,62,Married,Retired,349000.0,Gurugram,Haryana,Mass Market
C01022,Nikhil Prasad,Male,42,Married,Government Employee,620000.0,Surat,Gujarat,Mass Market
C01023,Charu Iyengar,Female,25,Single,Salaried,845000.0,Bengaluru,Karnataka,Young Professional
C01024,Naveen Yadav,Male,36,Married,Self-Employed,1146000.0,Ludhiana,Punjab,Affluent
C01025,Bhavna Subramaniam,Female,55,Married,Salaried,1540000.0,Ludhiana,Punjab,Affluent
C01026,Komal Mehta,Female,48,Single,Self-Employed,840000.0,Ahmedabad,Gujarat,Mass Market
C01027,Krishna Nair,Male,56,Married,Professional,2203000.0,Faridabad,Haryana,Premium
C01028,Reyansh Dubey,Male,30,Married,Retired,326000.0,Thane,Maharashtra,Mass Market
C01029,Shaurya Deshmukh,Male,45,Married,Self-Employed,1006000.0,Ahmedabad,Gujarat,Affluent
C01030,Kunal Bose,Male,21,Married,Salaried,318000.0,Vadodara,Gujarat,Mass Market
C01031,Jaya Sharma,Female,23,Married,Professional,975000.0,Chennai,Tamil Nadu,Young Professional
C01032,Rani Das,Female,38,Single,Professional,1837000.0,Nashik,Maharashtra,Affluent
C01033,Saurabh Chandra,Male,32,Single,Salaried,1101000.0,Mysuru,Karnataka,Affluent
C01034,Shalini Rana,Female,36,Married,Salaried,835000.0,Varanasi,Uttar Pradesh,Mass Market
C01035,Parth Nayak,Male,37,Married,Professional,869000.0,Nashik,Maharashtra,Mass Market
C01036,Naveen Rao,Male,51,Married,Salaried,1491000.0,Nagpur,Maharashtra,Affluent
C01037,Gauri Verma,Female,43,Married,Salaried,1058000.0,Mumbai,Maharashtra,Affluent
C01038,Pallavi Aggarwal,Female,29,Single,Self-Employed,1071000.0,Thane,Maharashtra,Affluent
C01039,Tarun Sharma,Male,42,Married,Salaried,481000.0,Mumbai,Maharashtra,Mass Market
C01040,Kunal Shah,Male,56,Married,Self-Employed,1498000.0,Chandigarh,Chandigarh,Affluent
C01041,Jyoti Yadav,Female,44,Married,Professional,3101000.0,Indore,Madhya Pradesh,Premium
C01042,Ishaan Rao,Male,21,Single,Business Owner,1225000.0,Noida,Uttar Pradesh,Affluent
C01043,Amit Gupta,Male,48,Married,Salaried,903000.0,Patna,Bihar,Mass Market
C01044,Gauri Trivedi,Female,33,Single,Retired,563000.0,Thane,Maharashtra,Mass Market
C01045,Jaya Chandra,Female,34,Single,Self-Employed,1016000.0,Nashik,Maharashtra,Affluent
C01046,Sanjay Kapoor,Male,27,Married,Professional,1759000.0,Chennai,Tamil Nadu,Affluent
C01047,Sonal Singh,Female,47,Married,Salaried,906000.0,Jaipur,Rajasthan,Mass Market
C01048,Neha Chauhan,Female,47,Married,Professional,3021000.0,Madurai,Tamil Nadu,Premium
C01049,Jyoti Das,Female,67,Divorced,Retired,275000.0,Jaipur,Rajasthan,Mass Market
C01050,Aditi Prasad,Female,56,Single,Business Owner,3363000.0,Visakhapatnam,Andhra Pradesh,Premium
C01051,Sameer Bose,Male,36,Married,Salaried,685000.0,Guwahati,Assam,Mass Market
C01052,Bhavna Iyengar,Female,42,Married,Professional,1954000.0,Dehradun,Uttarakhand,Affluent
C01053,Rani Joshi,Female,28,Married,Government Employee,443000.0,Ahmedabad,Gujarat,Mass Market
C01054,Vikram Rao,Male,60,Widowed,Business Owner,3557000.0,Madurai,Tamil Nadu,Premium
C01055,Gaurav Rathore,Male,59,Married,Professional,2148000.0,Kolkata,West Bengal,Premium
C01056,Aditi Yadav,Female,30,Married,Salaried,531000.0,Amritsar,Punjab,Mass Market
C01057,Nidhi Nayak,Female,67,Married,Retired,349000.0,Pune,Maharashtra,Mass Market
C01058,Ira Sen,Female,43,Married,Salaried,996000.0,Indore,Madhya Pradesh,Mass Market
C01059,Aparna Kulkarni,Female,34,Single,Self-Employed,614000.0,Amritsar,Punjab,Mass Market
C01060,Amit Reddy,Male,25,Divorced,Professional,477000.0,Pune,Maharashtra,Young Professional
C01061,Reyansh Iyer,Male,49,Married,Government Employee,740000.0,Ghaziabad,Uttar Pradesh,Mass Market
C01062,Swati Patel,Female,29,Single,Professional,1826000.0,Ludhiana,Punjab,Affluent
C01063,Sunil Dubey,Male,28,Single,Business Owner,1328000.0,Bhopal,Madhya Pradesh,Affluent
C01064,Krishna Srivastava,Male,36,Married,Salaried,450000.0,Faridabad,Haryana,Mass Market
C01065,Sandeep Subramaniam,Male,21,Single,Government Employee,263000.0,Ghaziabad,Uttar Pradesh,Mass Market
C01066,Diya Sinha,Female,68,Widowed,Self-Employed,1052000.0,Kanpur,Uttar Pradesh,Affluent
C01067,Ira Arora,Female,28,Married,Salaried,980000.0,Guwahati,Assam,Young Professional
C01068,Naveen Shah,Male,47,Married,Salaried,1093000.0,Jodhpur,Rajasthan,Affluent
C01069,Vikram Krishnan,Male,59,Married,Self-Employed,1313000.0,Amritsar,Punjab,Affluent
C01070,Anita Sharma,Female,36,Widowed,Salaried,554000.0,Jaipur,Rajasthan,Mass Market
C01071,Kiran Joshi,Female,55,Married,Salaried,676000.0,Hyderabad,Telangana,Mass Market
C01072,Arvind Pandey,Male,53,Married,Government Employee,552000.0,Nagpur,Maharashtra,Mass Market
C01073,Aparna Naidu,Female,24,Married,Salaried,408000.0,Chennai,Tamil Nadu,Young Professional
C01074,Aditya Singh,Male,26,Divorced,Business Owner,2046000.0,Ahmedabad,Gujarat,Premium
C01075,Aryan Krishnan,Male,36,Single,Salaried,833000.0,Nagpur,Maharashtra,Mass Market
C01076,Shreya Kamble,Female,35,Married,Salaried,581000.0,Jaipur,Rajasthan,Mass Market
C01077,Anita Gupta,Female,25,Single,Government Employee,625000.0,Coimbatore,Tamil Nadu,Mass Market
C01078,Krishna Reddy,Male,42,Married,Business Owner,2675000.0,Amritsar,Punjab,Premium
C01079,Farah Subramaniam,Female,38,Married,Government Employee,1117000.0,Mysuru,Karnataka,Affluent
C01080,Parth Verma,Male,70,Divorced,Retired,509000.0,Guwahati,Assam,Mass Market
C01081,Ekta Nair,Female,41,Widowed,Government Employee,884000.0,Chandigarh,Chandigarh,Mass Market
C01082,Ravi Naidu,Male,54,Married,Salaried,939000.0,Agra,Uttar Pradesh,Mass Market
C01083,Chitra Mukherjee,Female,34,Single,Business Owner,1699000.0,Kanpur,Uttar Pradesh,Affluent
C01084,Ashok Gupta,Male,35,Married,Salaried,778000.0,Dehradun,Uttarakhand,Mass Market
C01085,Naveen Jain,Male,43,Married,Salaried,1076000.0,Varanasi,Uttar Pradesh,Affluent
C01086,Parth Yadav,Male,30,Married,Salaried,523000.0,Vadodara,Gujarat,Mass Market
C01087,Kartik Kumar,Male,46,Married,Professional,2015000.0,Jodhpur,Rajasthan,Premium
C01088,Chitra Tiwari,Female,56,Single,Retired,685000.0,Chennai,Tamil Nadu,Mass Market
C01089,Dinesh Menon,Male,51,Married,Business Owner,5115000.0,Jaipur,Rajasthan,Premium
C01090,Shalini Aggarwal,Female,40,Married,Professional,2562000.0,Raipur,Chhattisgarh,Premium
C01091,Aditya Tiwari,Male,23,Single,Salaried,403000.0,Ranchi,Jharkhand,Young Professional
C01092,Kartik Chopra,Male,55,Married,Government Employee,1064000.0,Agra,Uttar Pradesh,Affluent
C01093,Devendra Naidu,Male,41,Married,Salaried,499000.0,Noida,Uttar Pradesh,Mass Market
C01094,Sameer Tiwari,Male,27,Married,Self-Employed,1431000.0,Mysuru,Karnataka,Affluent
C01095,Siddharth Verma,Male,45,Married,Salaried,758000.0,Patna,Bihar,Mass Market
C01096,Kiran Verma,Female,45,Married,Salaried,1352000.0,Ludhiana,Punjab,Affluent
C01097,Ishaan Krishnan,Male,48,Married,Salaried,807000.0,Patna,Bihar,Mass Market
C01098,Nidhi Nayak,Female,41,Married,Government Employee,645000.0,Gurugram,Haryana,Mass Market
C01099,Vandana Reddy,Female,62,Widowed,Professional,2561000.0,Madurai,Tamil Nadu,Premium
C01100,Naveen Saxena,Male,21,Single,Professional,1218000.0,Kolkata,West Bengal,Affluent
C01101,Rakesh Chopra,Male,39,Married,Salaried,497000.0,Bhopal,Madhya Pradesh,Mass Market
C01102,Ajay Bhatia,Male,39,Divorced,Government Employee,801000.0,Hyderabad,Telangana,Mass Market
C01103,Nidhi Prasad,Female,40,Widowed,Self-Employed,1815000.0,Chandigarh,Chandigarh,Affluent
C01104,Nikhil Chatterjee,Male,30,Married,Retired,723000.0,Kanpur,Uttar Pradesh,Mass Market
C01105,Aakash Krishnan,Male,48,Married,Government Employee,797000.0,Madurai,Tamil Nadu,Mass Market
C01106,Vihaan Desai,Male,29,Married,Self-Employed,485000.0,Agra,Uttar Pradesh,Young Professional
C01107,Deepak Bhatia,Male,38,Divorced,Retired,414000.0,Agra,Uttar Pradesh,Mass Market
C01108,Parth Chopra,Male,44,Married,Retired,477000.0,Nagpur,Maharashtra,Mass Market
C01109,Geeta Malhotra,Female,43,Married,Salaried,670000.0,Ghaziabad,Uttar Pradesh,Mass Market
C01110,Shreya Kumar,Female,23,Married,Professional,770000.0,Bengaluru,Karnataka,Young Professional
C01111,Ajay Verma,Male,21,Married,Government Employee,321000.0,Thane,Maharashtra,Mass Market
C01112,Kartik Sharma,Male,43,Married,Self-Employed,992000.0,Raipur,Chhattisgarh,Mass Market
C01113,Abhishek Krishnan,Male,37,Divorced,Salaried,1177000.0,Coimbatore,Tamil Nadu,Affluent
C01114,Riya Desai,Female,38,Married,Retired,634000.0,Jaipur,Rajasthan,Mass Market
C01115,Sameer Kumar,Male,41,Married,Self-Employed,638000.0,Kanpur,Uttar Pradesh,Mass Market
C01116,Swati Anand,Female,28,Married,Government Employee,629000.0,Delhi,Delhi,Mass Market
C01117,Kavita Kulkarni,Female,37,Married,Government Employee,849000.0,Surat,Gujarat,Mass Market
C01118,Rajiv Singh,Male,41,Widowed,Self-Employed,2109000.0,Raipur,Chhattisgarh,Premium
C01119,Puneet Anand,Male,35,Married,Salaried,859000.0,Nashik,Maharashtra,Mass Market
C01120,Yash Sen,Male,44,Married,Government Employee,747000.0,Kolkata,West Bengal,Mass Market
C01121,Manoj Reddy,Male,31,Married,Business Owner,3886000.0,Ludhiana,Punjab,Premium
C01122,Nakul Jain,Male,37,Married,Salaried,725000.0,Kochi,Kerala,Mass Market
C01123,Nikhil Desai,Male,40,Widowed,Self-Employed,1962000.0,Ludhiana,Punjab,Affluent
C01124,Sunil Iyengar,Male,31,Single,Professional,2838000.0,Jodhpur,Rajasthan,Premium
C01125,Nikhil Tiwari,Male,37,Married,Self-Employed,1230000.0,Madurai,Tamil Nadu,Affluent
C01126,Ankit Joshi,Male,55,Married,Self-Employed,1090000.0,Ghaziabad,Uttar Pradesh,Affluent
C01127,Aarav Sinha,Male,45,Married,Salaried,1083000.0,Kanpur,Uttar Pradesh,Affluent
C01128,Sonal Kulkarni,Female,43,Married,Salaried,987000.0,Mysuru,Karnataka,Mass Market
C01129,Ishita Nair,Female,28,Married,Salaried,855000.0,Mysuru,Karnataka,Young Professional
C01130,Aditi Naidu,Female,33,Married,Business Owner,1249000.0,Vijayawada,Andhra Pradesh,Affluent
C01131,Ajay Aggarwal,Male,31,Married,Professional,1175000.0,Varanasi,Uttar Pradesh,Affluent
C01132,Vikram Prasad,Male,46,Married,Salaried,1262000.0,Mysuru,Karnataka,Affluent
C01133,Deepak Ghosh,Male,33,Married,Business Owner,1633000.0,Noida,Uttar Pradesh,Affluent
C01134,Jyoti Mishra,Female,47,Married,Government Employee,809000.0,Ahmedabad,Gujarat,Mass Market
C01135,Lata Aggarwal,Female,26,Divorced,Professional,892000.0,Ludhiana,Punjab,Young Professional
C01136,Tarun Rathore,Male,50,Married,Self-Employed,1041000.0,Chennai,Tamil Nadu,Affluent
C01137,Sandeep Iyer,Male,55,Married,Government Employee,686000.0,Mumbai,Maharashtra,Mass Market
C01138,Rohan Mishra,Male,34,Married,Government Employee,534000.0,Bhopal,Madhya Pradesh,Mass Market
C01139,Vikram Solanki,Male,35,Married,Government Employee,509000.0,Visakhapatnam,Andhra Pradesh,Mass Market
C01140,Krishna Tiwari,Male,48,Married,Government Employee,547000.0,Mumbai,Maharashtra,Mass Market
C01141,Charu Reddy,Female,27,Married,Self-Employed,547000.0,Dehradun,Uttarakhand,Young Professional
C01142,Oindrila Jadhav,Female,35,Married,Salaried,486000.0,Bhubaneswar,Odisha,Mass Market
C01143,Devendra Chopra,Male,46,Widowed,Business Owner,1827000.0,Chandigarh,Chandigarh,Affluent
C01144,Sanjay Raut,Male,50,Married,Salaried,1261000.0,Chandigarh,Chandigarh,Affluent
C01145,Ajay Reddy,Male,52,Married,Government Employee,927000.0,Gurugram,Haryana,Mass Market
C01146,Karan Krishnan,Male,39,Divorced,Self-Employed,1800000.0,Dehradun,Uttarakhand,Affluent
C01147,Ankit Verma,Male,70,Married,Business Owner,5157000.0,Bengaluru,Karnataka,Premium
C01148,Sandeep Sinha,Male,46,Married,Business Owner,3995000.0,Ludhiana,Punjab,Premium
C01149,Anjali Ghosh,Female,21,Single,Self-Employed,833000.0,Kolkata,West Bengal,Young Professional
C01150,Shweta Reddy,Female,43,Married,Government Employee,536000.0,Lucknow,Uttar Pradesh,Mass Market
C01151,Amit Ghosh,Male,38,Married,Salaried,949000.0,Ahmedabad,Gujarat,Mass Market
C01152,Kartik Desai,Male,44,Married,Professional,1695000.0,Vijayawada,Andhra Pradesh,Affluent
C01153,Farah Sinha,Female,27,Married,Professional,1021000.0,Delhi,Delhi,Affluent
C01154,Kabir Reddy,Male,46,Married,Business Owner,3456000.0,Lucknow,Uttar Pradesh,Premium
C01155,Sanjay Ghosh,Male,32,Married,Salaried,516000.0,Hyderabad,Telangana,Mass Market
C01156,Manisha Yadav,Female,39,Married,Salaried,873000.0,Indore,Madhya Pradesh,Mass Market
C01157,Aparna Saxena,Female,66,Divorced,Professional,3512000.0,Jodhpur,Rajasthan,Premium
C01158,Saurabh Chatterjee,Male,47,Married,Business Owner,2742000.0,Vadodara,Gujarat,Premium
C01159,Krishna Dubey,Male,35,Widowed,Salaried,1099000.0,Kolkata,West Bengal,Affluent
C01160,Nakul Rao,Male,43,Married,Professional,2923000.0,Mysuru,Karnataka,Premium
C01161,Simran Sharma,Female,56,Married,Salaried,1224000.0,Hyderabad,Telangana,Affluent
C01162,Amit Das,Male,53,Married,Salaried,1179000.0,Kochi,Kerala,Affluent
C01163,Mahima Menon,Female,23,Single,Professional,901000.0,Vijayawada,Andhra Pradesh,Young Professional
C01164,Vihaan Iyer,Male,32,Divorced,Retired,431000.0,Kolkata,West Bengal,Mass Market
C01165,Sapna Patel,Female,64,Widowed,Retired,500000.0,Lucknow,Uttar Pradesh,Mass Market
C01166,Kavita Sen,Female,44,Married,Self-Employed,1208000.0,Gurugram,Haryana,Affluent
C01167,Lavanya Malhotra,Female,39,Married,Business Owner,3589000.0,Guwahati,Assam,Premium
C01168,Amit Jain,Male,62,Married,Professional,2759000.0,Visakhapatnam,Andhra Pradesh,Premium
C01169,Mohit Nair,Male,45,Married,Retired,176000.0,Ranchi,Jharkhand,Mass Market
C01170,Girish Pandey,Male,37,Married,Self-Employed,1511000.0,Nashik,Maharashtra,Affluent
C01171,Dhruv Gupta,Male,38,Married,Professional,1910000.0,Kanpur,Uttar Pradesh,Affluent
C01172,Aryan Rana,Male,35,Married,Business Owner,3993000.0,Visakhapatnam,Andhra Pradesh,Premium
C01173,Kiran Raut,Female,31,Married,Business Owner,765000.0,Visakhapatnam,Andhra Pradesh,Mass Market
C01174,Ishaan Rao,Male,43,Married,Government Employee,708000.0,Patna,Bihar,Mass Market
C01175,Divya Saxena,Female,29,Married,Business Owner,1259000.0,Kolkata,West Bengal,Affluent
C01176,Gauri Bhatt,Female,36,Married,Salaried,1197000.0,Agra,Uttar Pradesh,Affluent
C01177,Vijay Arora,Male,37,Married,Salaried,904000.0,Madurai,Tamil Nadu,Mass Market
C01178,Namrata Subramaniam,Female,47,Married,Salaried,645000.0,Hyderabad,Telangana,Mass Market
C01179,Dinesh Chopra,Male,31,Single,Self-Employed,792000.0,Raipur,Chhattisgarh,Mass Market
C01180,Harish Thakur,Male,27,Divorced,Retired,684000.0,Gurugram,Haryana,Mass Market
C01181,Divya Dubey,Female,68,Married,Professional,1343000.0,Ghaziabad,Uttar Pradesh,Affluent
C01182,Deepak Mehta,Male,51,Married,Salaried,1001000.0,Bengaluru,Karnataka,Affluent
C01183,Nikhil Sinha,Male,36,Married,Retired,508000.0,Dehradun,Uttarakhand,Mass Market
C01184,Ritu Krishnan,Female,21,Single,Salaried,473000.0,Lucknow,Uttar Pradesh,Young Professional
C01185,Rekha Gupta,Female,47,Married,Self-Employed,1415000.0,Nagpur,Maharashtra,Affluent
C01186,Rahul Srivastava,Male,51,Married,Self-Employed,2323000.0,Kochi,Kerala,Premium
C01187,Abhishek Subramaniam,Male,61,Married,Retired,390000.0,Kochi,Kerala,Mass Market
C01188,Sandeep Bose,Male,30,Married,Salaried,777000.0,Surat,Gujarat,Mass Market
C01189,Shreya Tiwari,Female,47,Married,Professional,1578000.0,Ahmedabad,Gujarat,Affluent
C01190,Puneet Arora,Male,44,Married,Salaried,1331000.0,Jodhpur,Rajasthan,Affluent
C01191,Prakash Khanna,Male,44,Married,Self-Employed,477000.0,Ludhiana,Punjab,Mass Market
C01192,Vivaan Pillai,Male,38,Married,Business Owner,1309000.0,Amritsar,Punjab,Affluent
C01193,Charu Mehta,Female,39,Widowed,Self-Employed,789000.0,Varanasi,Uttar Pradesh,Mass Market
C01194,Ashok Rao,Male,47,Married,Government Employee,552000.0,Bhubaneswar,Odisha,Mass Market
C01195,Sanjay Prasad,Male,52,Divorced,Business Owner,1978000.0,Mysuru,Karnataka,Affluent
C01196,Meera Pillai,Female,35,Married,Self-Employed,587000.0,Kolkata,West Bengal,Mass Market
C01197,Pallavi Jadhav,Female,36,Married,Self-Employed,1662000.0,Vadodara,Gujarat,Affluent
C01198,Aparna Tiwari,Female,52,Married,Salaried,1313000.0,Bhubaneswar,Odisha,Affluent
C01199,Lavanya Gupta,Female,49,Married,Salaried,1400000.0,Noida,Uttar Pradesh,Affluent
C01200,Prakash Dubey,Male,35,Divorced,Business Owner,3109000.0,Kanpur,Uttar Pradesh,Premium
C01201,Arvind Gupta,Male,56,Married,Salaried,1312000.0,Surat,Gujarat,Affluent
C01202,Tarun Trivedi,Male,48,Divorced,Salaried,787000.0,Guwahati,Assam,Mass Market
C01203,Priya Chandra,Female,42,Divorced,Business Owner,4167000.0,Bhopal,Madhya Pradesh,Premium
C01204,Bhavna Kamble,Female,41,Married,Business Owner,4031000.0,Gurugram,Haryana,Premium
C01205,Aditya Ghosh,Male,47,Divorced,Salaried,747000.0,Nashik,Maharashtra,Mass Market
C01206,Kunal Mukherjee,Male,52,Married,Self-Employed,1836000.0,Ghaziabad,Uttar Pradesh,Affluent
C01207,Sanjay Deshmukh,Male,40,Married,Salaried,856000.0,Noida,Uttar Pradesh,Mass Market
C01208,Manoj Sen,Male,42,Married,Professional,1949000.0,Thane,Maharashtra,Affluent
C01209,Isha Mukherjee,Female,21,Single,Professional,1292000.0,Dehradun,Uttarakhand,Affluent
C01210,Shreya Menon,Female,41,Divorced,Self-Employed,1185000.0,Bhubaneswar,Odisha,Affluent
C01211,Ravi Naidu,Male,37,Married,Self-Employed,1497000.0,Dehradun,Uttarakhand,Affluent
C01212,Nandini Bhatt,Female,61,Married,Self-Employed,1285000.0,Bhubaneswar,Odisha,Affluent
C01213,Ashwin Subramaniam,Male,37,Married,Business Owner,4713000.0,Raipur,Chhattisgarh,Premium
C01214,Preeti Singh,Female,32,Married,Salaried,802000.0,Hyderabad,Telangana,Mass Market
C01215,Pihu Dubey,Female,29,Married,Salaried,847000.0,Ghaziabad,Uttar Pradesh,Young Professional
C01216,Vihaan Nair,Male,40,Married,Salaried,857000.0,Jaipur,Rajasthan,Mass Market
C01217,Abhishek Raut,Male,23,Single,Salaried,606000.0,Nagpur,Maharashtra,Young Professional
C01218,Naveen Gupta,Male,46,Married,Self-Employed,1789000.0,Hyderabad,Telangana,Affluent
C01219,Krishna Naidu,Male,47,Single,Retired,613000.0,Amritsar,Punjab,Mass Market
C01220,Rani Mukherjee,Female,31,Married,Business Owner,2669000.0,Nashik,Maharashtra,Premium
C01221,Shaurya Kapoor,Male,37,Married,Self-Employed,731000.0,Nashik,Maharashtra,Mass Market
C01222,Rajesh Srivastava,Male,37,Married,Salaried,804000.0,Guwahati,Assam,Mass Market
C01223,Jyoti Pandey,Female,46,Married,Professional,2812000.0,Delhi,Delhi,Premium
C01224,Dhruv Nair,Male,34,Married,Retired,553000.0,Noida,Uttar Pradesh,Mass Market
C01225,Devendra Mishra,Male,33,Married,Professional,959000.0,Gurugram,Haryana,Mass Market
C01226,Aparna Chandra,Female,27,Married,Self-Employed,1067000.0,Lucknow,Uttar Pradesh,Affluent
C01227,Radha Verma,Female,40,Married,Professional,2846000.0,Chennai,Tamil Nadu,Premium
C01228,Krishna Reddy,Male,53,Married,Self-Employed,2015000.0,Chandigarh,Chandigarh,Premium
C01229,Ravi Kulkarni,Male,45,Married,Salaried,795000.0,Mysuru,Karnataka,Mass Market
C01230,Kiran Srivastava,Female,57,Married,Self-Employed,800000.0,Thane,Maharashtra,Mass Market
C01231,Bhavna Jain,Female,42,Married,Salaried,604000.0,Indore,Madhya Pradesh,Mass Market
C01232,Ananya Deshmukh,Female,21,Single,Salaried,289000.0,Bhubaneswar,Odisha,Mass Market
C01233,Advait Naidu,Male,37,Widowed,Government Employee,676000.0,Mumbai,Maharashtra,Mass Market
C01234,Nikhil Bansal,Male,41,Married,Self-Employed,1503000.0,Jaipur,Rajasthan,Affluent
C01235,Kiran Banerjee,Female,56,Single,Salaried,980000.0,Mumbai,Maharashtra,Mass Market
C01236,Kunal Desai,Male,49,Married,Retired,702000.0,Vijayawada,Andhra Pradesh,Mass Market
C01237,Om Kamble,Male,45,Married,Self-Employed,2184000.0,Patna,Bihar,Premium
C01238,Devendra Rana,Male,44,Married,Professional,2581000.0,Chandigarh,Chandigarh,Premium
C01239,Ravi Rana,Male,33,Married,Self-Employed,906000.0,Visakhapatnam,Andhra Pradesh,Mass Market
C01240,Sonal Anand,Female,49,Married,Government Employee,899000.0,Ghaziabad,Uttar Pradesh,Mass Market
C01241,Saanvi Kapoor,Female,58,Married,Business Owner,2387000.0,Kolkata,West Bengal,Premium
C01242,Vishal Sen,Male,32,Married,Salaried,855000.0,Nashik,Maharashtra,Mass Market
C01243,Kartik Singh,Male,37,Married,Government Employee,380000.0,Kolkata,West Bengal,Mass Market
C01244,Prakash Aggarwal,Male,43,Married,Government Employee,544000.0,Coimbatore,Tamil Nadu,Mass Market
C01245,Chitra Banerjee,Female,48,Married,Government Employee,763000.0,Ludhiana,Punjab,Mass Market
C01246,Varun Rao,Male,37,Single,Salaried,817000.0,Ghaziabad,Uttar Pradesh,Mass Market
C01247,Harish Kamble,Male,37,Married,Salaried,545000.0,Raipur,Chhattisgarh,Mass Market
C01248,Aarti Saxena,Female,45,Divorced,Government Employee,592000.0,Hyderabad,Telangana,Mass Market
C01249,Deepa Solanki,Female,41,Married,Business Owner,1213000.0,Ludhiana,Punjab,Affluent
C01250,Parth Das,Male,37,Married,Salaried,931000.0,Delhi,Delhi,Mass Market
C01251,Charu Dubey,Female,58,Married,Self-Employed,862000.0,Visakhapatnam,Andhra Pradesh,Mass Market
C01252,Arjun Anand,Male,50,Divorced,Salaried,1130000.0,Chandigarh,Chandigarh,Affluent
C01253,Varun Ghosh,Male,53,Single,Business Owner,3573000.0,Mysuru,Karnataka,Premium
C01254,Lavanya Naidu,Female,21,Single,Self-Employed,475000.0,Thane,Maharashtra,Young Professional
C01255,Saurabh Kulkarni,Male,46,Married,Business Owner,3165000.0,Agra,Uttar Pradesh,Premium
C01256,Siddharth Das,Male,56,Married,Salaried,1059000.0,Lucknow,Uttar Pradesh,Affluent
C01257,Advait Joshi,Male,47,Married,Retired,381000.0,Kolkata,West Bengal,Mass Market
C01258,Sarita Sinha,Female,35,Single,Professional,3096000.0,Visakhapatnam,Andhra Pradesh,Premium
C01259,Amit Iyengar,Male,36,Married,Government Employee,636000.0,Coimbatore,Tamil Nadu,Mass Market
C01260,Ajay Chandra,Male,28,Married,Salaried,870000.0,Agra,Uttar Pradesh,Young Professional
C01261,Dinesh Pillai,Male,30,Single,Business Owner,2379000.0,Ghaziabad,Uttar Pradesh,Premium
C01262,Ashwin Banerjee,Male,45,Married,Self-Employed,826000.0,Coimbatore,Tamil Nadu,Mass Market
C01263,Sapna Rana,Female,53,Single,Salaried,1527000.0,Madurai,Tamil Nadu,Affluent
C01264,Lavanya Kumar,Female,36,Married,Salaried,690000.0,Pune,Maharashtra,Mass Market
C01265,Anjali Thakur,Female,25,Married,Professional,991000.0,Madurai,Tamil Nadu,Young Professional
C01266,Rajesh Deshmukh,Male,34,Single,Self-Employed,916000.0,Nagpur,Maharashtra,Mass Market
C01267,Saurabh Yadav,Male,21,Single,Salaried,346000.0,Chandigarh,Chandigarh,Mass Market
C01268,Ashok Joshi,Male,28,Married,Self-Employed,1174000.0,Hyderabad,Telangana,Affluent
C01269,Riya Yadav,Female,42,Single,Salaried,926000.0,Nagpur,Maharashtra,Mass Market
C01270,Rudra Rao,Male,49,Married,Salaried,1037000.0,Mysuru,Karnataka,Affluent
C01271,Siddharth Nayak,Male,54,Married,Professional,1828000.0,Ludhiana,Punjab,Affluent
C01272,Nandini Ghosh,Female,46,Single,Government Employee,429000.0,Chennai,Tamil Nadu,Mass Market
C01273,Aditi Aggarwal,Female,39,Married,Government Employee,579000.0,Kanpur,Uttar Pradesh,Mass Market
C01274,Aarav Rathore,Male,40,Married,Salaried,1045000.0,Hyderabad,Telangana,Affluent
C01275,Sneha Bhatt,Female,35,Divorced,Self-Employed,644000.0,Patna,Bihar,Mass Market
C01276,Preeti Malhotra,Female,31,Divorced,Self-Employed,971000.0,Lucknow,Uttar Pradesh,Mass Market
C01277,Suresh Agarwal,Male,40,Married,Government Employee,589000.0,Chennai,Tamil Nadu,Mass Market
C01278,Ekta Dubey,Female,50,Single,Salaried,1222000.0,Kochi,Kerala,Affluent
C01279,Mahima Tiwari,Female,34,Married,Retired,520000.0,Kochi,Kerala,Mass Market
C01280,Arjun Chopra,Male,59,Divorced,Professional,2543000.0,Mumbai,Maharashtra,Premium
C01281,Komal Sinha,Female,41,Married,Business Owner,4759000.0,Nagpur,Maharashtra,Premium
C01282,Isha Bhatt,Female,28,Single,Government Employee,779000.0,Mumbai,Maharashtra,Mass Market
C01283,Varun Verma,Male,37,Married,Salaried,546000.0,Raipur,Chhattisgarh,Mass Market
C01284,Naveen Iyengar,Male,29,Single,Salaried,608000.0,Mumbai,Maharashtra,Young Professional
C01285,Kunal Joshi,Male,61,Widowed,Professional,3850000.0,Agra,Uttar Pradesh,Premium
C01286,Namrata Kapoor,Female,31,Divorced,Salaried,706000.0,Kolkata,West Bengal,Mass Market
C01287,Kunal Reddy,Male,40,Married,Salaried,915000.0,Madurai,Tamil Nadu,Mass Market
C01288,Reyansh Sen,Male,42,Married,Professional,1574000.0,Ahmedabad,Gujarat,Affluent
C01289,Rudra Solanki,Male,34,Married,Salaried,799000.0,Vadodara,Gujarat,Mass Market
C01290,Riya Chauhan,Female,47,Married,Self-Employed,860000.0,Raipur,Chhattisgarh,Mass Market
C01291,Riya Kamble,Female,37,Married,Professional,2067000.0,Jaipur,Rajasthan,Premium
C01292,Nidhi Bhatt,Female,22,Single,Self-Employed,457000.0,Noida,Uttar Pradesh,Young Professional
C01293,Gaurav Sinha,Male,38,Married,Business Owner,1608000.0,Nagpur,Maharashtra,Affluent
C01294,Aditya Iyengar,Male,33,Single,Retired,509000.0,Guwahati,Assam,Mass Market
C01295,Suresh Iyer,Male,42,Widowed,Retired,638000.0,Thane,Maharashtra,Mass Market
C01296,Gaurav Mehta,Male,53,Married,Government Employee,729000.0,Delhi,Delhi,Mass Market
C01297,Arjun Tiwari,Male,39,Married,Business Owner,2175000.0,Nashik,Maharashtra,Premium
C01298,Priya Bansal,Female,46,Married,Self-Employed,2193000.0,Visakhapatnam,Andhra Pradesh,Premium
C01299,Sunita Jain,Female,22,Married,Government Employee,346000.0,Hyderabad,Telangana,Mass Market
C01300,Krishna Trivedi,Male,26,Single,Professional,1479000.0,Delhi,Delhi,Affluent
C01301,Dinesh Rathore,Male,55,Married,Professional,1237000.0,Pune,Maharashtra,Affluent
C01302,Anita Arora,Female,41,Married,Retired,361000.0,Chandigarh,Chandigarh,Mass Market
C01303,Advait Trivedi,Male,36,Married,Self-Employed,409000.0,Visakhapatnam,Andhra Pradesh,Mass Market
C01304,Pankaj Trivedi,Male,47,Married,Salaried,847000.0,Surat,Gujarat,Mass Market
C01305,Saurabh Yadav,Male,51,Married,Business Owner,3483000.0,Mumbai,Maharashtra,Premium
C01306,Bhavna Agarwal,Female,45,Married,Business Owner,3143000.0,Kolkata,West Bengal,Premium
C01307,Manoj Yadav,Male,33,Single,Government Employee,795000.0,Vijayawada,Andhra Pradesh,Mass Market
C01308,Anita Das,Female,21,Married,Salaried,486000.0,Kolkata,West Bengal,Young Professional
C01309,Vikram Malhotra,Male,67,Divorced,Retired,305000.0,Pune,Maharashtra,Mass Market
C01310,Abhishek Nayak,Male,45,Married,Business Owner,2992000.0,Nagpur,Maharashtra,Premium
C01311,Rani Mishra,Female,30,Married,Government Employee,567000.0,Visakhapatnam,Andhra Pradesh,Mass Market
C01312,Sapna Reddy,Female,43,Married,Salaried,1161000.0,Bhubaneswar,Odisha,Affluent
C01313,Oindrila Naidu,Female,38,Married,Salaried,586000.0,Bengaluru,Karnataka,Mass Market
C01314,Mahima Ghosh,Female,66,Married,Professional,914000.0,Indore,Madhya Pradesh,Mass Market
C01315,Saanvi Sharma,Female,56,Divorced,Salaried,1540000.0,Bhopal,Madhya Pradesh,Affluent
C01316,Anil Raut,Male,40,Married,Self-Employed,1350000.0,Chennai,Tamil Nadu,Affluent
C01317,Parth Rao,Male,23,Single,Salaried,585000.0,Mysuru,Karnataka,Young Professional
C01318,Karan Solanki,Male,21,Single,Professional,1382000.0,Chennai,Tamil Nadu,Affluent
C01319,Mahesh Jain,Male,43,Widowed,Salaried,1073000.0,Kolkata,West Bengal,Affluent
C01320,Jaya Das,Female,69,Married,Retired,322000.0,Thane,Maharashtra,Mass Market
C01321,Shaurya Kumar,Male,58,Married,Self-Employed,1361000.0,Visakhapatnam,Andhra Pradesh,Affluent
C01322,Geeta Deshmukh,Female,31,Married,Salaried,926000.0,Kolkata,West Bengal,Mass Market
C01323,Ankit Pandey,Male,39,Married,Retired,345000.0,Bengaluru,Karnataka,Mass Market
C01324,Ekta Chandra,Female,49,Married,Salaried,1063000.0,Ludhiana,Punjab,Affluent
C01325,Sanjay Kulkarni,Male,35,Single,Salaried,1243000.0,Pune,Maharashtra,Affluent
C01326,Aadhya Kulkarni,Female,28,Married,Self-Employed,803000.0,Bengaluru,Karnataka,Young Professional
C01327,Lata Ghosh,Female,52,Married,Salaried,726000.0,Jaipur,Rajasthan,Mass Market
C01328,Aryan Agarwal,Male,40,Married,Self-Employed,1725000.0,Agra,Uttar Pradesh,Affluent
C01329,Shreya Pandey,Female,38,Married,Salaried,964000.0,Patna,Bihar,Mass Market
C01330,Sarita Mehta,Female,41,Married,Retired,195000.0,Coimbatore,Tamil Nadu,Mass Market
C01331,Arvind Rana,Male,58,Widowed,Professional,3174000.0,Guwahati,Assam,Premium
C01332,Mohit Trivedi,Male,25,Married,Professional,1219000.0,Patna,Bihar,Affluent
C01333,Charu Jain,Female,26,Married,Salaried,745000.0,Gurugram,Haryana,Young Professional
C01334,Anil Joshi,Male,35,Married,Government Employee,812000.0,Lucknow,Uttar Pradesh,Mass Market
C01335,Ramesh Shah,Male,27,Married,Self-Employed,1079000.0,Hyderabad,Telangana,Affluent
C01336,Mahima Krishnan,Female,55,Married,Salaried,707000.0,Bhubaneswar,Odisha,Mass Market
C01337,Harleen Nair,Female,37,Married,Salaried,634000.0,Mysuru,Karnataka,Mass Market
C01338,Girish Nayak,Male,43,Married,Government Employee,1004000.0,Varanasi,Uttar Pradesh,Affluent
C01339,Vihaan Deshmukh,Male,70,Widowed,Professional,2439000.0,Agra,Uttar Pradesh,Premium
C01340,Mahima Naidu,Female,42,Married,Salaried,907000.0,Jaipur,Rajasthan,Mass Market
C01341,Anil Jadhav,Male,26,Single,Self-Employed,607000.0,Noida,Uttar Pradesh,Young Professional
C01342,Aryan Gupta,Male,58,Married,Salaried,1482000.0,Bhubaneswar,Odisha,Affluent
C01343,Aparna Jain,Female,38,Single,Self-Employed,458000.0,Ahmedabad,Gujarat,Mass Market
C01344,Aadhya Desai,Female,21,Married,Salaried,555000.0,Ludhiana,Punjab,Young Professional
C01345,Kiran Saxena,Female,34,Divorced,Government Employee,574000.0,Raipur,Chhattisgarh,Mass Market
C01346,Meera Chauhan,Female,49,Married,Professional,2393000.0,Coimbatore,Tamil Nadu,Premium
C01347,Kartik Mishra,Male,51,Married,Self-Employed,1170000.0,Bhopal,Madhya Pradesh,Affluent
C01348,Ashok Raut,Male,31,Single,Salaried,450000.0,Chandigarh,Chandigarh,Mass Market
C01349,Krishna Sharma,Male,50,Married,Professional,1795000.0,Jodhpur,Rajasthan,Affluent
C01350,Pihu Kulkarni,Female,36,Married,Salaried,970000.0,Lucknow,Uttar Pradesh,Mass Market
C01351,Oindrila Deshmukh,Female,25,Divorced,Government Employee,462000.0,Gurugram,Haryana,Mass Market
C01352,Anjali Bhatt,Female,59,Married,Government Employee,1149000.0,Lucknow,Uttar Pradesh,Affluent
C01353,Isha Chatterjee,Female,58,Married,Salaried,837000.0,Noida,Uttar Pradesh,Mass Market
C01354,Chitra Kumar,Female,26,Married,Retired,180000.0,Coimbatore,Tamil Nadu,Mass Market
C01355,Ajay Arora,Male,42,Married,Salaried,849000.0,Faridabad,Haryana,Mass Market
C01356,Arvind Subramaniam,Male,35,Married,Salaried,587000.0,Chandigarh,Chandigarh,Mass Market
C01357,Rahul Rana,Male,51,Married,Salaried,1245000.0,Bhopal,Madhya Pradesh,Affluent
C01358,Ira Patel,Female,54,Married,Government Employee,1210000.0,Dehradun,Uttarakhand,Affluent
C01359,Dhruv Bose,Male,32,Single,Professional,1908000.0,Noida,Uttar Pradesh,Affluent
C01360,Oindrila Chandra,Female,38,Widowed,Professional,2262000.0,Pune,Maharashtra,Premium
C01361,Sunita Dubey,Female,33,Married,Salaried,944000.0,Delhi,Delhi,Mass Market
C01362,Arjun Arora,Male,42,Divorced,Government Employee,899000.0,Bhubaneswar,Odisha,Mass Market
C01363,Saanvi Subramaniam,Female,32,Single,Government Employee,341000.0,Jodhpur,Rajasthan,Mass Market
C01364,Usha Jadhav,Female,61,Widowed,Business Owner,3325000.0,Chennai,Tamil Nadu,Premium
C01365,Pankaj Jain,Male,21,Single,Business Owner,1064000.0,Faridabad,Haryana,Affluent
C01366,Riya Pandey,Female,33,Divorced,Salaried,607000.0,Amritsar,Punjab,Mass Market
C01367,Ajay Kulkarni,Male,50,Married,Salaried,1150000.0,Hyderabad,Telangana,Affluent
C01368,Tarun Arora,Male,62,Divorced,Professional,1839000.0,Amritsar,Punjab,Affluent
C01369,Lavanya Desai,Female,34,Married,Retired,517000.0,Varanasi,Uttar Pradesh,Mass Market
C01370,Ira Mehta,Female,26,Single,Salaried,628000.0,Nashik,Maharashtra,Young Professional
C01371,Ajay Sharma,Male,31,Married,Professional,2564000.0,Kolkata,West Bengal,Premium
C01372,Sunil Raut,Male,46,Married,Salaried,1251000.0,Coimbatore,Tamil Nadu,Affluent
C01373,Ashwin Trivedi,Male,42,Married,Professional,1257000.0,Vadodara,Gujarat,Affluent
C01374,Reyansh Kamble,Male,50,Married,Business Owner,4552000.0,Kolkata,West Bengal,Premium
C01375,Parth Joshi,Male,62,Married,Professional,1464000.0,Lucknow,Uttar Pradesh,Affluent
C01376,Vikram Banerjee,Male,51,Married,Professional,1864000.0,Bhubaneswar,Odisha,Affluent
C01377,Abhishek Menon,Male,43,Married,Salaried,1233000.0,Varanasi,Uttar Pradesh,Affluent
C01378,Puneet Iyer,Male,51,Married,Salaried,1248000.0,Pune,Maharashtra,Affluent
C01379,Manisha Desai,Female,47,Married,Business Owner,2703000.0,Amritsar,Punjab,Premium
C01380,Vikram Bhatt,Male,22,Single,Business Owner,1120000.0,Coimbatore,Tamil Nadu,Affluent
C01381,Reyansh Prasad,Male,55,Married,Government Employee,871000.0,Bhubaneswar,Odisha,Mass Market
C01382,Rajesh Nayak,Male,38,Married,Salaried,844000.0,Madurai,Tamil Nadu,Mass Market
C01383,Rudra Saxena,Male,53,Married,Salaried,615000.0,Dehradun,Uttarakhand,Mass Market
C01384,Pihu Joshi,Female,38,Married,Salaried,1129000.0,Madurai,Tamil Nadu,Affluent
C01385,Aarav Khanna,Male,45,Divorced,Salaried,947000.0,Noida,Uttar Pradesh,Mass Market
C01386,Kabir Raut,Male,44,Married,Professional,1138000.0,Hyderabad,Telangana,Affluent
C01387,Kartik Prasad,Male,45,Married,Professional,1839000.0,Madurai,Tamil Nadu,Affluent
C01388,Geeta Trivedi,Female,62,Married,Business Owner,1091000.0,Faridabad,Haryana,Affluent
C01389,Nikhil Solanki,Male,46,Single,Business Owner,6096000.0,Madurai,Tamil Nadu,Premium
C01390,Vikram Tiwari,Male,46,Married,Salaried,1284000.0,Jaipur,Rajasthan,Affluent
C01391,Sameer Kapoor,Male,30,Married,Salaried,822000.0,Vijayawada,Andhra Pradesh,Mass Market
C01392,Charu Bansal,Female,21,Single,Self-Employed,559000.0,Chandigarh,Chandigarh,Young Professional
C01393,Prakash Dubey,Male,21,Single,Salaried,370000.0,Bhopal,Madhya Pradesh,Mass Market
C01394,Sapna Rathore,Female,30,Married,Self-Employed,676000.0,Coimbatore,Tamil Nadu,Mass Market
C01395,Manoj Yadav,Male,44,Married,Self-Employed,801000.0,Jaipur,Rajasthan,Mass Market
C01396,Usha Raut,Female,42,Widowed,Professional,2245000.0,Vijayawada,Andhra Pradesh,Premium
C01397,Aakash Desai,Male,59,Married,Business Owner,4363000.0,Jodhpur,Rajasthan,Premium
C01398,Ravi Menon,Male,48,Married,Salaried,865000.0,Jodhpur,Rajasthan,Mass Market
C01399,Ankit Srivastava,Male,30,Married,Self-Employed,900000.0,Indore,Madhya Pradesh,Mass Market
C01400,Rekha Desai,Female,47,Married,Business Owner,4629000.0,Agra,Uttar Pradesh,Premium
C01401,Pihu Chopra,Female,40,Married,Self-Employed,1579000.0,Kanpur,Uttar Pradesh,Affluent
C01402,Anil Bhatt,Male,32,Married,Retired,251000.0,Ludhiana,Punjab,Mass Market
C01403,Mahima Anand,Female,56,Single,Self-Employed,978000.0,Agra,Uttar Pradesh,Mass Market
C01404,Dinesh Srivastava,Male,52,Married,Salaried,1540000.0,Mysuru,Karnataka,Affluent
C01405,Vishal Jadhav,Male,23,Single,Government Employee,324000.0,Ranchi,Jharkhand,Mass Market
C01406,Vivaan Khanna,Male,38,Married,Professional,1408000.0,Kochi,Kerala,Affluent
C01407,Diya Tiwari,Female,25,Married,Self-Employed,982000.0,Kolkata,West Bengal,Young Professional
C01408,Krishna Saxena,Male,52,Married,Salaried,1407000.0,Surat,Gujarat,Affluent
C01409,Rani Mukherjee,Female,49,Married,Retired,451000.0,Hyderabad,Telangana,Mass Market
C01410,Vishal Srivastava,Male,40,Married,Salaried,1013000.0,Lucknow,Uttar Pradesh,Affluent
C01411,Deepak Raut,Male,39,Married,Salaried,1015000.0,Visakhapatnam,Andhra Pradesh,Affluent
C01412,Sapna Iyer,Female,36,Married,Salaried,751000.0,Hyderabad,Telangana,Mass Market
C01413,Ishita Mishra,Female,53,Married,Retired,481000.0,Ranchi,Jharkhand,Mass Market
C01414,Vikram Agarwal,Male,41,Single,Salaried,909000.0,Dehradun,Uttarakhand,Mass Market
C01415,Kiran Chandra,Female,21,Married,Business Owner,1465000.0,Jodhpur,Rajasthan,Affluent
C01416,Mohit Chatterjee,Male,29,Divorced,Business Owner,3502000.0,Jodhpur,Rajasthan,Premium
C01417,Vishal Trivedi,Male,42,Married,Salaried,876000.0,Faridabad,Haryana,Mass Market
C01418,Girish Tiwari,Male,50,Divorced,Retired,774000.0,Hyderabad,Telangana,Mass Market
C01419,Aditi Arora,Female,53,Married,Salaried,989000.0,Bhubaneswar,Odisha,Mass Market
C01420,Aadhya Chandra,Female,46,Married,Retired,383000.0,Hyderabad,Telangana,Mass Market
C01421,Abhishek Agarwal,Male,43,Married,Professional,2326000.0,Visakhapatnam,Andhra Pradesh,Premium
C01422,Kiran Naidu,Female,27,Single,Retired,657000.0,Dehradun,Uttarakhand,Mass Market
C01423,Rani Nayak,Female,51,Married,Self-Employed,1970000.0,Nashik,Maharashtra,Affluent
C01424,Sapna Rathore,Female,22,Single,Self-Employed,1079000.0,Nagpur,Maharashtra,Affluent
C01425,Karan Nair,Male,42,Married,Salaried,695000.0,Kanpur,Uttar Pradesh,Mass Market
C01426,Anita Tiwari,Female,26,Married,Salaried,433000.0,Kanpur,Uttar Pradesh,Young Professional
C01427,Ekta Mukherjee,Female,38,Single,Business Owner,3169000.0,Bengaluru,Karnataka,Premium
C01428,Sandeep Joshi,Male,38,Married,Government Employee,456000.0,Jodhpur,Rajasthan,Mass Market
C01429,Mahesh Sharma,Male,52,Married,Salaried,808000.0,Lucknow,Uttar Pradesh,Mass Market
C01430,Shaurya Desai,Male,54,Married,Salaried,1117000.0,Coimbatore,Tamil Nadu,Affluent
C01431,Reyansh Rao,Male,58,Married,Salaried,1085000.0,Surat,Gujarat,Affluent
C01432,Priya Nayak,Female,35,Married,Salaried,927000.0,Ludhiana,Punjab,Mass Market
C01433,Saurabh Malhotra,Male,41,Married,Business Owner,2172000.0,Varanasi,Uttar Pradesh,Premium
C01434,Sunil Singh,Male,41,Single,Government Employee,504000.0,Mysuru,Karnataka,Mass Market
C01435,Ajay Nair,Male,54,Divorced,Government Employee,607000.0,Ludhiana,Punjab,Mass Market
C01436,Rohan Pillai,Male,40,Single,Salaried,1276000.0,Raipur,Chhattisgarh,Affluent
C01437,Ramesh Yadav,Male,46,Married,Salaried,1088000.0,Faridabad,Haryana,Affluent
C01438,Aarti Patel,Female,38,Married,Professional,1484000.0,Ranchi,Jharkhand,Affluent
C01439,Ajay Jadhav,Male,25,Single,Salaried,420000.0,Agra,Uttar Pradesh,Young Professional
C01440,Tanvi Ghosh,Female,32,Single,Salaried,785000.0,Indore,Madhya Pradesh,Mass Market
C01441,Sapna Iyer,Female,35,Married,Salaried,727000.0,Nashik,Maharashtra,Mass Market
C01442,Advait Arora,Male,54,Divorced,Government Employee,572000.0,Varanasi,Uttar Pradesh,Mass Market
C01443,Anil Saxena,Male,29,Married,Self-Employed,895000.0,Mumbai,Maharashtra,Young Professional
C01444,Dhruv Chatterjee,Male,32,Married,Salaried,453000.0,Agra,Uttar Pradesh,Mass Market
C01445,Shalini Gupta,Female,50,Married,Retired,495000.0,Varanasi,Uttar Pradesh,Mass Market
C01446,Girish Naidu,Male,21,Single,Salaried,549000.0,Ludhiana,Punjab,Young Professional
C01447,Mohit Banerjee,Male,22,Married,Business Owner,3239000.0,Pune,Maharashtra,Premium
C01448,Vishal Verma,Male,40,Married,Salaried,1081000.0,Ranchi,Jharkhand,Affluent
C01449,Ashwin Kapoor,Male,21,Single,Government Employee,209000.0,Raipur,Chhattisgarh,Mass Market
C01450,Dhruv Malhotra,Male,26,Married,Salaried,960000.0,Faridabad,Haryana,Young Professional
C01451,Sapna Kamble,Female,36,Married,Salaried,1158000.0,Bengaluru,Karnataka,Affluent
C01452,Sameer Kapoor,Male,23,Single,Government Employee,297000.0,Nagpur,Maharashtra,Mass Market
C01453,Meera Reddy,Female,68,Widowed,Self-Employed,671000.0,Chennai,Tamil Nadu,Mass Market
C01454,Aarav Aggarwal,Male,42,Married,Self-Employed,2125000.0,Ranchi,Jharkhand,Premium
C01455,Pankaj Saxena,Male,27,Single,Government Employee,380000.0,Ahmedabad,Gujarat,Mass Market
C01456,Om Raut,Male,25,Married,Retired,215000.0,Indore,Madhya Pradesh,Mass Market
C01457,Sneha Chopra,Female,39,Divorced,Government Employee,819000.0,Kolkata,West Bengal,Mass Market
C01458,Anjali Chandra,Female,40,Married,Retired,569000.0,Kochi,Kerala,Mass Market
C01459,Vihaan Rana,Male,32,Married,Salaried,887000.0,Surat,Gujarat,Mass Market
C01460,Ishita Patel,Female,45,Married,Salaried,992000.0,Coimbatore,Tamil Nadu,Mass Market
C01461,Priya Nair,Female,31,Married,Government Employee,538000.0,Ahmedabad,Gujarat,Mass Market
C01462,Anjali Bhatia,Female,44,Married,Government Employee,902000.0,Visakhapatnam,Andhra Pradesh,Mass Market
C01463,Aparna Yadav,Female,35,Married,Professional,966000.0,Thane,Maharashtra,Mass Market
C01464,Dhruv Aggarwal,Male,70,Married,Business Owner,3373000.0,Chandigarh,Chandigarh,Premium
C01465,Farah Bose,Female,53,Widowed,Professional,2861000.0,Guwahati,Assam,Premium
C01466,Mohit Srivastava,Male,43,Married,Professional,2794000.0,Delhi,Delhi,Premium
C01467,Aarav Jain,Male,30,Married,Retired,472000.0,Pune,Maharashtra,Mass Market
C01468,Rohan Bhatt,Male,30,Married,Salaried,861000.0,Varanasi,Uttar Pradesh,Mass Market
C01469,Kavya Trivedi,Female,51,Married,Salaried,1127000.0,Madurai,Tamil Nadu,Affluent
C01470,Sunil Prasad,Male,40,Married,Salaried,1050000.0,Ahmedabad,Gujarat,Affluent
C01471,Vikram Das,Male,38,Married,Self-Employed,1947000.0,Faridabad,Haryana,Affluent
C01472,Shreya Das,Female,37,Married,Salaried,1022000.0,Ghaziabad,Uttar Pradesh,Affluent
C01473,Shweta Dubey,Female,57,Married,Government Employee,1179000.0,Dehradun,Uttarakhand,Affluent
C01474,Lavanya Reddy,Female,21,Single,Self-Employed,785000.0,Delhi,Delhi,Young Professional
C01475,Ajay Joshi,Male,55,Married,Self-Employed,2420000.0,Ranchi,Jharkhand,Premium
C01476,Ankit Aggarwal,Male,22,Single,Salaried,390000.0,Guwahati,Assam,Mass Market
C01477,Saurabh Srivastava,Male,41,Single,Salaried,791000.0,Surat,Gujarat,Mass Market
C01478,Aadhya Arora,Female,32,Married,Salaried,891000.0,Nashik,Maharashtra,Mass Market
C01479,Deepak Mehta,Male,22,Single,Salaried,533000.0,Jodhpur,Rajasthan,Young Professional
C01480,Aarav Bhatia,Male,34,Married,Salaried,1153000.0,Bengaluru,Karnataka,Affluent
C01481,Sonal Chopra,Female,31,Single,Self-Employed,838000.0,Vijayawada,Andhra Pradesh,Mass Market
C01482,Rahul Sen,Male,29,Married,Salaried,575000.0,Jodhpur,Rajasthan,Young Professional
C01483,Devendra Iyer,Male,39,Married,Salaried,686000.0,Indore,Madhya Pradesh,Mass Market
C01484,Swati Reddy,Female,46,Married,Professional,2521000.0,Bhubaneswar,Odisha,Premium
C01485,Ajay Agarwal,Male,59,Married,Professional,1417000.0,Kanpur,Uttar Pradesh,Affluent
C01486,Manisha Mehta,Female,26,Married,Salaried,390000.0,Visakhapatnam,Andhra Pradesh,Mass Market
C01487,Krishna Kulkarni,Male,50,Married,Government Employee,549000.0,Kanpur,Uttar Pradesh,Mass Market
C01488,Shaurya Jain,Male,37,Married,Retired,303000.0,Jodhpur,Rajasthan,Mass Market
C01489,Anjali Das,Female,37,Married,Government Employee,533000.0,Jodhpur,Rajasthan,Mass Market
C01490,Vidya Shah,Female,52,Married,Self-Employed,1337000.0,Ahmedabad,Gujarat,Affluent
C01491,Nandini Sinha,Female,47,Married,Salaried,934000.0,Nagpur,Maharashtra,Mass Market
C01492,Sunil Joshi,Male,29,Single,Business Owner,3099000.0,Coimbatore,Tamil Nadu,Premium
C01493,Sanjay Das,Male,37,Married,Salaried,1020000.0,Bhopal,Madhya Pradesh,Affluent
C01494,Pooja Kamble,Female,32,Married,Retired,399000.0,Varanasi,Uttar Pradesh,Mass Market
C01495,Aditi Malhotra,Female,33,Single,Professional,1083000.0,Nagpur,Maharashtra,Affluent
C01496,Tanvi Agarwal,Female,36,Married,Business Owner,2748000.0,Dehradun,Uttarakhand,Premium
C01497,Nisha Bhatia,Female,33,Single,Salaried,753000.0,Ghaziabad,Uttar Pradesh,Mass Market
C01498,Simran Krishnan,Female,52,Widowed,Salaried,931000.0,Mysuru,Karnataka,Mass Market
C01499,Ekta Reddy,Female,37,Married,Self-Employed,1410000.0,Ludhiana,Punjab,Affluent
C01500,Aditi Chatterjee,Female,49,Married,Government Employee,744000.0,Mumbai,Maharashtra,Mass Market
C01501,Farah Mukherjee,Female,21,Single,Salaried,332000.0,Thane,Maharashtra,Mass Market
C01502,Manoj Srivastava,Male,51,Married,Salaried,1067000.0,Nashik,Maharashtra,Affluent
C01503,Mahima Rana,Female,48,Married,Business Owner,2940000.0,Coimbatore,Tamil Nadu,Premium
C01504,Sunil Nayak,Male,32,Single,Government Employee,636000.0,Dehradun,Uttarakhand,Mass Market
C01505,Nakul Arora,Male,34,Divorced,Self-Employed,634000.0,Ghaziabad,Uttar Pradesh,Mass Market
C01506,Nikhil Jain,Male,23,Single,Self-Employed,754000.0,Kolkata,West Bengal,Young Professional
C01507,Divya Raut,Female,34,Married,Retired,770000.0,Vijayawada,Andhra Pradesh,Mass Market
C01508,Deepa Kamble,Female,41,Married,Salaried,803000.0,Patna,Bihar,Mass Market
C01509,Abhishek Banerjee,Male,38,Married,Salaried,1084000.0,Ranchi,Jharkhand,Affluent
C01510,Anjali Kamble,Female,21,Single,Salaried,425000.0,Ahmedabad,Gujarat,Young Professional
C01511,Pihu Aggarwal,Female,36,Married,Salaried,470000.0,Delhi,Delhi,Mass Market
C01512,Aarti Nayak,Female,32,Married,Self-Employed,812000.0,Delhi,Delhi,Mass Market
C01513,Ritu Naidu,Female,42,Married,Salaried,994000.0,Madurai,Tamil Nadu,Mass Market
C01514,Aparna Chopra,Female,48,Married,Salaried,822000.0,Bengaluru,Karnataka,Mass Market
C01515,Lavanya Jain,Female,46,Married,Salaried,1271000.0,Ranchi,Jharkhand,Affluent
C01516,Rajiv Dubey,Male,36,Married,Government Employee,607000.0,Surat,Gujarat,Mass Market
C01517,Sapna Joshi,Female,43,Married,Professional,1680000.0,Thane,Maharashtra,Affluent
C01518,Amit Dubey,Male,25,Married,Salaried,530000.0,Amritsar,Punjab,Young Professional
C01519,Vivaan Saxena,Male,55,Married,Retired,255000.0,Nashik,Maharashtra,Mass Market
C01520,Lata Bhatt,Female,35,Married,Salaried,600000.0,Bhopal,Madhya Pradesh,Mass Market
C01521,Manoj Rathore,Male,39,Married,Government Employee,756000.0,Faridabad,Haryana,Mass Market
C01522,Geeta Bhatia,Female,50,Married,Retired,543000.0,Lucknow,Uttar Pradesh,Mass Market
C01523,Swati Chandra,Female,60,Married,Government Employee,658000.0,Mysuru,Karnataka,Mass Market
C01524,Sunil Gupta,Male,30,Married,Retired,293000.0,Gurugram,Haryana,Mass Market
C01525,Nandini Iyengar,Female,32,Single,Self-Employed,750000.0,Thane,Maharashtra,Mass Market
C01526,Sandeep Pandey,Male,38,Widowed,Professional,2310000.0,Ahmedabad,Gujarat,Premium
C01527,Kavya Saxena,Female,21,Married,Government Employee,450000.0,Thane,Maharashtra,Mass Market
C01528,Rajiv Tiwari,Male,34,Single,Salaried,1198000.0,Indore,Madhya Pradesh,Affluent
C01529,Rudra Jadhav,Male,53,Married,Salaried,1489000.0,Gurugram,Haryana,Affluent
C01530,Kavya Jain,Female,32,Married,Self-Employed,532000.0,Bengaluru,Karnataka,Mass Market
C01531,Vikram Desai,Male,43,Married,Salaried,531000.0,Ludhiana,Punjab,Mass Market
C01532,Chitra Raut,Female,56,Widowed,Self-Employed,966000.0,Raipur,Chhattisgarh,Mass Market
C01533,Nikhil Tiwari,Male,33,Married,Business Owner,2693000.0,Visakhapatnam,Andhra Pradesh,Premium
C01534,Simran Anand,Female,38,Widowed,Salaried,1313000.0,Chandigarh,Chandigarh,Affluent
C01535,Mahesh Tiwari,Male,38,Married,Professional,1119000.0,Ahmedabad,Gujarat,Affluent
C01536,Arvind Mishra,Male,36,Married,Retired,475000.0,Thane,Maharashtra,Mass Market
C01537,Nandini Pillai,Female,53,Married,Salaried,1500000.0,Agra,Uttar Pradesh,Affluent
C01538,Saanvi Kapoor,Female,52,Married,Salaried,952000.0,Gurugram,Haryana,Mass Market
C01539,Aryan Reddy,Male,34,Married,Retired,562000.0,Jaipur,Rajasthan,Mass Market
C01540,Anjali Kapoor,Female,58,Single,Professional,1783000.0,Thane,Maharashtra,Affluent
C01541,Ravi Rao,Male,26,Married,Professional,525000.0,Patna,Bihar,Young Professional
C01542,Ramesh Pandey,Male,38,Married,Professional,729000.0,Kanpur,Uttar Pradesh,Mass Market
C01543,Rajesh Saxena,Male,39,Married,Business Owner,4043000.0,Vijayawada,Andhra Pradesh,Premium
C01544,Charu Krishnan,Female,37,Married,Business Owner,2266000.0,Thane,Maharashtra,Premium
C01545,Kavita Thakur,Female,35,Divorced,Professional,974000.0,Coimbatore,Tamil Nadu,Mass Market
C01546,Kartik Iyer,Male,47,Divorced,Business Owner,3506000.0,Gurugram,Haryana,Premium
C01547,Ramesh Jain,Male,21,Single,Self-Employed,965000.0,Madurai,Tamil Nadu,Young Professional
C01548,Ananya Chatterjee,Female,46,Married,Professional,1438000.0,Bhubaneswar,Odisha,Affluent
C01549,Rekha Bhatia,Female,40,Single,Business Owner,4266000.0,Bengaluru,Karnataka,Premium
C01550,Preeti Joshi,Female,48,Widowed,Self-Employed,1175000.0,Madurai,Tamil Nadu,Affluent
C01551,Reyansh Kamble,Male,21,Single,Self-Employed,759000.0,Faridabad,Haryana,Young Professional
C01552,Deepak Kumar,Male,44,Married,Salaried,806000.0,Mysuru,Karnataka,Mass Market
C01553,Aparna Prasad,Female,43,Single,Government Employee,576000.0,Lucknow,Uttar Pradesh,Mass Market
C01554,Aarti Bansal,Female,56,Married,Government Employee,847000.0,Kanpur,Uttar Pradesh,Mass Market
C01555,Aditya Jadhav,Male,39,Divorced,Government Employee,881000.0,Mysuru,Karnataka,Mass Market
C01556,Rahul Iyer,Male,37,Married,Self-Employed,1449000.0,Vadodara,Gujarat,Affluent
C01557,Advait Deshmukh,Male,28,Married,Self-Employed,645000.0,Dehradun,Uttarakhand,Young Professional
C01558,Lata Iyengar,Female,63,Married,Self-Employed,879000.0,Gurugram,Haryana,Mass Market
C01559,Deepak Pillai,Male,31,Married,Professional,1695000.0,Bhubaneswar,Odisha,Affluent
C01560,Siddharth Agarwal,Male,33,Single,Salaried,937000.0,Madurai,Tamil Nadu,Mass Market
C01561,Sandeep Reddy,Male,45,Married,Salaried,1496000.0,Faridabad,Haryana,Affluent
C01562,Rudra Bansal,Male,41,Married,Business Owner,3011000.0,Coimbatore,Tamil Nadu,Premium
C01563,Rohan Iyengar,Male,52,Widowed,Salaried,1093000.0,Madurai,Tamil Nadu,Affluent
C01564,Mohit Joshi,Male,21,Single,Salaried,489000.0,Chandigarh,Chandigarh,Young Professional
C01565,Aditya Menon,Male,37,Married,Salaried,693000.0,Kolkata,West Bengal,Mass Market
C01566,Pihu Srivastava,Female,48,Widowed,Government Employee,967000.0,Raipur,Chhattisgarh,Mass Market
C01567,Nisha Bansal,Female,40,Married,Government Employee,746000.0,Bhubaneswar,Odisha,Mass Market
C01568,Geeta Thakur,Female,26,Married,Salaried,901000.0,Kolkata,West Bengal,Young Professional
C01569,Ishita Jadhav,Female,49,Married,Government Employee,492000.0,Varanasi,Uttar Pradesh,Mass Market
C01570,Rajesh Patel,Male,41,Single,Self-Employed,906000.0,Ranchi,Jharkhand,Mass Market
C01571,Suresh Kamble,Male,55,Married,Self-Employed,1542000.0,Gurugram,Haryana,Affluent
C01572,Saanvi Kamble,Female,56,Married,Professional,2747000.0,Vijayawada,Andhra Pradesh,Premium
C01573,Charu Pandey,Female,38,Widowed,Professional,1383000.0,Kochi,Kerala,Affluent
C01574,Ekta Iyengar,Female,34,Married,Salaried,1116000.0,Bengaluru,Karnataka,Affluent
C01575,Girish Mishra,Male,27,Married,Government Employee,385000.0,Gurugram,Haryana,Mass Market
C01576,Meera Chauhan,Female,38,Married,Government Employee,841000.0,Madurai,Tamil Nadu,Mass Market
C01577,Mahesh Thakur,Male,44,Widowed,Professional,2163000.0,Jaipur,Rajasthan,Premium
C01578,Rahul Das,Male,50,Widowed,Salaried,928000.0,Thane,Maharashtra,Mass Market
C01579,Bhavesh Banerjee,Male,37,Single,Self-Employed,1514000.0,Vijayawada,Andhra Pradesh,Affluent
C01580,Aarav Desai,Male,41,Married,Salaried,702000.0,Nagpur,Maharashtra,Mass Market
C01581,Rajesh Khanna,Male,43,Married,Self-Employed,1933000.0,Mumbai,Maharashtra,Affluent
C01582,Shweta Jain,Female,32,Married,Salaried,617000.0,Mumbai,Maharashtra,Mass Market
C01583,Aditi Yadav,Female,48,Married,Professional,2749000.0,Indore,Madhya Pradesh,Premium
C01584,Vikram Rao,Male,24,Single,Salaried,698000.0,Nashik,Maharashtra,Young Professional
C01585,Mahesh Banerjee,Male,27,Single,Salaried,317000.0,Kochi,Kerala,Mass Market
C01586,Om Bhatia,Male,21,Single,Professional,1329000.0,Ranchi,Jharkhand,Affluent
C01587,Prakash Srivastava,Male,26,Married,Salaried,573000.0,Nashik,Maharashtra,Young Professional
C01588,Sneha Yadav,Female,21,Single,Salaried,497000.0,Guwahati,Assam,Young Professional
C01589,Kartik Nair,Male,65,Married,Professional,1908000.0,Jodhpur,Rajasthan,Affluent
C01590,Mahima Banerjee,Female,39,Married,Government Employee,482000.0,Nashik,Maharashtra,Mass Market
C01591,Pallavi Nayak,Female,25,Single,Retired,302000.0,Ghaziabad,Uttar Pradesh,Mass Market
C01592,Manoj Kulkarni,Male,35,Married,Self-Employed,573000.0,Guwahati,Assam,Mass Market
C01593,Vijay Rathore,Male,43,Married,Self-Employed,1884000.0,Pune,Maharashtra,Affluent
C01594,Meera Iyer,Female,33,Married,Government Employee,545000.0,Lucknow,Uttar Pradesh,Mass Market
C01595,Aarti Pillai,Female,55,Married,Self-Employed,2327000.0,Faridabad,Haryana,Premium
C01596,Priya Reddy,Female,24,Single,Salaried,636000.0,Coimbatore,Tamil Nadu,Young Professional
C01597,Aarav Krishnan,Male,31,Single,Government Employee,545000.0,Chandigarh,Chandigarh,Mass Market
C01598,Deepak Thakur,Male,29,Married,Self-Employed,829000.0,Chennai,Tamil Nadu,Young Professional
C01599,Farah Patel,Female,33,Married,Government Employee,714000.0,Vijayawada,Andhra Pradesh,Mass Market
C01600,Sandeep Iyengar,Male,56,Married,Professional,3485000.0,Ahmedabad,Gujarat,Premium
C01601,Divya Bansal,Female,46,Married,Salaried,1066000.0,Nashik,Maharashtra,Affluent
C01602,Namrata Prasad,Female,27,Single,Self-Employed,1060000.0,Bengaluru,Karnataka,Affluent
C01603,Vishal Desai,Male,47,Married,Self-Employed,1131000.0,Guwahati,Assam,Affluent
C01604,Neha Sinha,Female,41,Married,Salaried,1257000.0,Vijayawada,Andhra Pradesh,Affluent
C01605,Parth Rathore,Male,47,Married,Salaried,1301000.0,Kanpur,Uttar Pradesh,Affluent
C01606,Rani Kulkarni,Female,29,Single,Salaried,1056000.0,Mumbai,Maharashtra,Affluent
C01607,Vishal Menon,Male,70,Widowed,Business Owner,5740000.0,Raipur,Chhattisgarh,Premium
C01608,Vijay Agarwal,Male,54,Married,Salaried,668000.0,Bengaluru,Karnataka,Mass Market
C01609,Arjun Pandey,Male,38,Divorced,Retired,331000.0,Lucknow,Uttar Pradesh,Mass Market
C01610,Saanvi Reddy,Female,50,Married,Business Owner,4390000.0,Bhopal,Madhya Pradesh,Premium
C01611,Prakash Nayak,Male,38,Married,Salaried,1134000.0,Chennai,Tamil Nadu,Affluent
C01612,Sunil Saxena,Male,58,Married,Salaried,1126000.0,Guwahati,Assam,Affluent
C01613,Aarti Anand,Female,39,Married,Salaried,674000.0,Guwahati,Assam,Mass Market
C01614,Vivaan Chandra,Male,40,Married,Government Employee,864000.0,Nagpur,Maharashtra,Mass Market
C01615,Amit Arora,Male,66,Married,Self-Employed,528000.0,Ahmedabad,Gujarat,Mass Market
C01616,Pallavi Mishra,Female,30,Married,Self-Employed,687000.0,Vadodara,Gujarat,Mass Market
C01617,Kiran Bansal,Female,31,Married,Retired,654000.0,Patna,Bihar,Mass Market
C01618,Rudra Prasad,Male,21,Single,Salaried,425000.0,Nagpur,Maharashtra,Young Professional
C01619,Aarav Banerjee,Male,29,Married,Professional,1787000.0,Guwahati,Assam,Affluent
C01620,Bhavesh Kapoor,Male,34,Married,Self-Employed,1661000.0,Kanpur,Uttar Pradesh,Affluent
C01621,Karan Kapoor,Male,28,Married,Business Owner,2229000.0,Kolkata,West Bengal,Premium
C01622,Yash Sinha,Male,47,Married,Professional,2164000.0,Vadodara,Gujarat,Premium
C01623,Vidya Jadhav,Female,39,Married,Government Employee,1022000.0,Pune,Maharashtra,Affluent
C01624,Mahesh Trivedi,Male,30,Married,Salaried,982000.0,Ranchi,Jharkhand,Mass Market
C01625,Shweta Bhatia,Female,25,Married,Business Owner,1255000.0,Dehradun,Uttarakhand,Affluent
C01626,Shalini Bhatt,Female,31,Married,Retired,461000.0,Gurugram,Haryana,Mass Market
C01627,Rudra Srivastava,Male,64,Married,Retired,311000.0,Coimbatore,Tamil Nadu,Mass Market
C01628,Diya Thakur,Female,38,Married,Self-Employed,1596000.0,Amritsar,Punjab,Affluent
C01629,Aparna Singh,Female,38,Married,Self-Employed,1324000.0,Pune,Maharashtra,Affluent
C01630,Kiran Srivastava,Female,53,Married,Salaried,819000.0,Chandigarh,Chandigarh,Mass Market
C01631,Aditi Yadav,Female,34,Married,Retired,456000.0,Thane,Maharashtra,Mass Market
C01632,Vivaan Trivedi,Male,53,Married,Salaried,1467000.0,Agra,Uttar Pradesh,Affluent
C01633,Naveen Das,Male,21,Married,Professional,1630000.0,Visakhapatnam,Andhra Pradesh,Affluent
C01634,Aarti Srivastava,Female,41,Married,Professional,2302000.0,Chennai,Tamil Nadu,Premium
C01635,Karan Arora,Male,23,Single,Salaried,352000.0,Coimbatore,Tamil Nadu,Mass Market
C01636,Lavanya Bose,Female,67,Divorced,Retired,283000.0,Kanpur,Uttar Pradesh,Mass Market
C01637,Ritu Kamble,Female,42,Single,Salaried,914000.0,Agra,Uttar Pradesh,Mass Market
C01638,Bhavna Nair,Female,55,Married,Salaried,1540000.0,Mysuru,Karnataka,Affluent
C01639,Parth Chandra,Male,46,Married,Self-Employed,604000.0,Nagpur,Maharashtra,Mass Market
C01640,Harish Chandra,Male,45,Married,Professional,3138000.0,Nagpur,Maharashtra,Premium
C01641,Aparna Iyer,Female,53,Divorced,Self-Employed,706000.0,Bhopal,Madhya Pradesh,Mass Market
C01642,Rani Raut,Female,42,Married,Government Employee,1049000.0,Thane,Maharashtra,Affluent
C01643,Sunil Rao,Male,46,Married,Professional,1584000.0,Bhopal,Madhya Pradesh,Affluent
C01644,Anita Naidu,Female,27,Single,Professional,2003000.0,Kolkata,West Bengal,Premium
C01645,Parth Agarwal,Male,38,Divorced,Salaried,746000.0,Chennai,Tamil Nadu,Mass Market
C01646,Kavya Kulkarni,Female,36,Single,Salaried,708000.0,Mumbai,Maharashtra,Mass Market
C01647,Ashwin Agarwal,Male,38,Married,Professional,1878000.0,Gurugram,Haryana,Affluent
C01648,Oindrila Kamble,Female,37,Married,Salaried,438000.0,Ludhiana,Punjab,Mass Market
C01649,Prakash Malhotra,Male,38,Married,Salaried,1322000.0,Mysuru,Karnataka,Affluent
C01650,Chitra Dubey,Female,40,Married,Government Employee,775000.0,Kanpur,Uttar Pradesh,Mass Market
C01651,Rekha Kumar,Female,47,Single,Professional,1833000.0,Thane,Maharashtra,Affluent
C01652,Om Thakur,Male,33,Married,Business Owner,2597000.0,Raipur,Chhattisgarh,Premium
C01653,Arjun Kapoor,Male,36,Widowed,Salaried,723000.0,Ranchi,Jharkhand,Mass Market
C01654,Sonal Deshmukh,Female,34,Married,Self-Employed,1104000.0,Agra,Uttar Pradesh,Affluent
C01655,Jaya Mehta,Female,65,Married,Business Owner,4242000.0,Kanpur,Uttar Pradesh,Premium
C01656,Rudra Bose,Male,21,Single,Salaried,582000.0,Raipur,Chhattisgarh,Young Professional
C01657,Aadhya Srivastava,Female,43,Married,Professional,1913000.0,Mumbai,Maharashtra,Affluent
C01658,Girish Anand,Male,21,Single,Professional,856000.0,Indore,Madhya Pradesh,Young Professional
C01659,Sameer Pandey,Male,45,Married,Salaried,1135000.0,Kolkata,West Bengal,Affluent
C01660,Aparna Nair,Female,31,Single,Salaried,919000.0,Varanasi,Uttar Pradesh,Mass Market
C01661,Sandeep Chatterjee,Male,56,Married,Professional,1699000.0,Jodhpur,Rajasthan,Affluent
C01662,Advait Agarwal,Male,42,Divorced,Government Employee,731000.0,Patna,Bihar,Mass Market
C01663,Simran Nair,Female,53,Married,Government Employee,690000.0,Coimbatore,Tamil Nadu,Mass Market
C01664,Om Iyer,Male,43,Married,Salaried,796000.0,Noida,Uttar Pradesh,Mass Market
C01665,Ashwin Pandey,Male,70,Married,Retired,287000.0,Bhubaneswar,Odisha,Mass Market
C01666,Chitra Rathore,Female,48,Married,Professional,2144000.0,Guwahati,Assam,Premium
C01667,Rekha Bhatia,Female,54,Married,Self-Employed,619000.0,Kanpur,Uttar Pradesh,Mass Market
C01668,Sanjay Solanki,Male,56,Widowed,Salaried,705000.0,Thane,Maharashtra,Mass Market
C01669,Jyoti Arora,Female,28,Married,Government Employee,423000.0,Patna,Bihar,Mass Market
C01670,Shweta Menon,Female,53,Married,Professional,1671000.0,Kochi,Kerala,Affluent
C01671,Nisha Thakur,Female,33,Married,Self-Employed,894000.0,Surat,Gujarat,Mass Market
C01672,Nikhil Yadav,Male,49,Married,Government Employee,803000.0,Mumbai,Maharashtra,Mass Market
C01673,Deepa Kamble,Female,36,Married,Business Owner,2789000.0,Noida,Uttar Pradesh,Premium
C01674,Aakash Pillai,Male,28,Married,Retired,349000.0,Raipur,Chhattisgarh,Mass Market
C01675,Saurabh Banerjee,Male,49,Married,Salaried,821000.0,Noida,Uttar Pradesh,Mass Market
C01676,Krishna Dubey,Male,50,Married,Self-Employed,1404000.0,Jodhpur,Rajasthan,Affluent
C01677,Preeti Kumar,Female,25,Married,Government Employee,603000.0,Kolkata,West Bengal,Mass Market
C01678,Mahesh Thakur,Male,39,Married,Salaried,981000.0,Indore,Madhya Pradesh,Mass Market
C01679,Dhruv Chandra,Male,26,Married,Business Owner,1874000.0,Kolkata,West Bengal,Affluent
C01680,Sandeep Pandey,Male,43,Married,Salaried,861000.0,Coimbatore,Tamil Nadu,Mass Market
C01681,Mahesh Mishra,Male,40,Married,Government Employee,583000.0,Nashik,Maharashtra,Mass Market
C01682,Gauri Mehta,Female,28,Single,Government Employee,548000.0,Delhi,Delhi,Mass Market
C01683,Abhishek Bhatia,Male,41,Married,Salaried,725000.0,Agra,Uttar Pradesh,Mass Market
C01684,Geeta Nayak,Female,37,Married,Self-Employed,492000.0,Mysuru,Karnataka,Mass Market
C01685,Nidhi Bose,Female,27,Married,Business Owner,1442000.0,Vadodara,Gujarat,Affluent
C01686,Nandini Nayak,Female,59,Married,Self-Employed,1774000.0,Faridabad,Haryana,Affluent
C01687,Rahul Tiwari,Male,41,Married,Salaried,515000.0,Dehradun,Uttarakhand,Mass Market
C01688,Vishal Rana,Male,41,Married,Salaried,857000.0,Varanasi,Uttar Pradesh,Mass Market
C01689,Gaurav Aggarwal,Male,64,Widowed,Professional,2628000.0,Surat,Gujarat,Premium
C01690,Dinesh Aggarwal,Male,47,Widowed,Salaried,1245000.0,Coimbatore,Tamil Nadu,Affluent
C01691,Arvind Kulkarni,Male,36,Married,Business Owner,4499000.0,Varanasi,Uttar Pradesh,Premium
C01692,Divya Reddy,Female,38,Married,Professional,1437000.0,Ahmedabad,Gujarat,Affluent
C01693,Vandana Bose,Female,24,Married,Self-Employed,302000.0,Coimbatore,Tamil Nadu,Mass Market
C01694,Sapna Desai,Female,36,Married,Salaried,400000.0,Ludhiana,Punjab,Mass Market
C01695,Puneet Mukherjee,Male,43,Widowed,Salaried,1304000.0,Patna,Bihar,Affluent
C01696,Rajiv Chandra,Male,42,Married,Salaried,1098000.0,Dehradun,Uttarakhand,Affluent
C01697,Ira Yadav,Female,63,Married,Retired,531000.0,Madurai,Tamil Nadu,Mass Market
C01698,Sarita Kulkarni,Female,21,Single,Salaried,295000.0,Lucknow,Uttar Pradesh,Mass Market
C01699,Suresh Solanki,Male,55,Married,Government Employee,540000.0,Delhi,Delhi,Mass Market
C01700,Vidya Sinha,Female,22,Single,Professional,1309000.0,Bhopal,Madhya Pradesh,Affluent
C01701,Pankaj Reddy,Male,31,Single,Self-Employed,754000.0,Chennai,Tamil Nadu,Mass Market
C01702,Sunita Shah,Female,65,Married,Professional,1971000.0,Guwahati,Assam,Affluent
C01703,Advait Arora,Male,48,Married,Salaried,1193000.0,Ahmedabad,Gujarat,Affluent
C01704,Diya Nayak,Female,52,Widowed,Salaried,1540000.0,Hyderabad,Telangana,Affluent
C01705,Divya Shah,Female,48,Married,Government Employee,741000.0,Guwahati,Assam,Mass Market
C01706,Ashok Patel,Male,60,Divorced,Salaried,1262000.0,Visakhapatnam,Andhra Pradesh,Affluent
C01707,Rachna Iyengar,Female,50,Married,Self-Employed,2004000.0,Chandigarh,Chandigarh,Premium
C01708,Vishal Rathore,Male,52,Married,Government Employee,1160000.0,Bhopal,Madhya Pradesh,Affluent
C01709,Suresh Khanna,Male,21,Single,Salaried,313000.0,Jaipur,Rajasthan,Mass Market
C01710,Vihaan Gupta,Male,37,Married,Salaried,839000.0,Lucknow,Uttar Pradesh,Mass Market
C01711,Sameer Deshmukh,Male,46,Married,Salaried,689000.0,Agra,Uttar Pradesh,Mass Market
C01712,Kajal Deshmukh,Female,33,Married,Salaried,906000.0,Gurugram,Haryana,Mass Market
C01713,Rakesh Arora,Male,38,Married,Salaried,685000.0,Ranchi,Jharkhand,Mass Market
C01714,Deepa Sinha,Female,49,Married,Government Employee,481000.0,Dehradun,Uttarakhand,Mass Market
C01715,Nikhil Anand,Male,49,Married,Government Employee,1100000.0,Ranchi,Jharkhand,Affluent
C01716,Rudra Aggarwal,Male,46,Single,Business Owner,5081000.0,Vijayawada,Andhra Pradesh,Premium
C01717,Kabir Khanna,Male,36,Single,Self-Employed,864000.0,Mysuru,Karnataka,Mass Market
C01718,Rachna Naidu,Female,57,Married,Self-Employed,683000.0,Ranchi,Jharkhand,Mass Market
C01719,Mahima Chopra,Female,39,Married,Professional,1527000.0,Agra,Uttar Pradesh,Affluent
C01720,Shreya Rathore,Female,30,Married,Self-Employed,348000.0,Thane,Maharashtra,Mass Market
C01721,Simran Yadav,Female,48,Divorced,Salaried,1335000.0,Ghaziabad,Uttar Pradesh,Affluent
C01722,Nisha Sen,Female,26,Single,Salaried,717000.0,Visakhapatnam,Andhra Pradesh,Young Professional
C01723,Aarav Khanna,Male,33,Married,Salaried,752000.0,Mumbai,Maharashtra,Mass Market
C01724,Devendra Das,Male,44,Widowed,Retired,386000.0,Jaipur,Rajasthan,Mass Market
C01725,Vivaan Trivedi,Male,49,Married,Professional,2821000.0,Gurugram,Haryana,Premium
C01726,Kartik Sen,Male,44,Married,Professional,1796000.0,Noida,Uttar Pradesh,Affluent
C01727,Kabir Krishnan,Male,34,Married,Government Employee,371000.0,Mumbai,Maharashtra,Mass Market
C01728,Vijay Pillai,Male,44,Married,Government Employee,549000.0,Vadodara,Gujarat,Mass Market
C01729,Komal Menon,Female,50,Married,Retired,359000.0,Mumbai,Maharashtra,Mass Market
C01730,Farah Dubey,Female,38,Married,Professional,2363000.0,Bhubaneswar,Odisha,Premium
C01731,Preeti Desai,Female,39,Single,Self-Employed,1342000.0,Bhopal,Madhya Pradesh,Affluent
C01732,Shweta Iyengar,Female,52,Divorced,Salaried,1160000.0,Chandigarh,Chandigarh,Affluent
C01733,Rahul Chauhan,Male,28,Single,Salaried,484000.0,Visakhapatnam,Andhra Pradesh,Young Professional
C01734,Bhavna Das,Female,22,Single,Business Owner,2039000.0,Bhopal,Madhya Pradesh,Premium
C01735,Bhavna Yadav,Female,51,Single,Self-Employed,1859000.0,Ranchi,Jharkhand,Affluent
C01736,Rohan Nair,Male,41,Married,Salaried,900000.0,Nagpur,Maharashtra,Mass Market
C01737,Ankit Mehta,Male,48,Married,Retired,505000.0,Jaipur,Rajasthan,Mass Market
C01738,Dhruv Mukherjee,Male,49,Married,Salaried,1378000.0,Amritsar,Punjab,Affluent
C01739,Nakul Menon,Male,32,Married,Salaried,704000.0,Varanasi,Uttar Pradesh,Mass Market
C01740,Aditya Rao,Male,37,Divorced,Salaried,937000.0,Ludhiana,Punjab,Mass Market
C01741,Aditya Nair,Male,48,Single,Self-Employed,1339000.0,Hyderabad,Telangana,Affluent
C01742,Vishal Mukherjee,Male,35,Married,Salaried,679000.0,Kolkata,West Bengal,Mass Market
C01743,Harleen Solanki,Female,36,Married,Salaried,1168000.0,Jaipur,Rajasthan,Affluent
C01744,Vandana Patel,Female,26,Single,Salaried,408000.0,Mumbai,Maharashtra,Young Professional
C01745,Vivaan Malhotra,Male,60,Married,Professional,1186000.0,Surat,Gujarat,Affluent
C01746,Yash Yadav,Male,58,Married,Government Employee,704000.0,Indore,Madhya Pradesh,Mass Market
C01747,Parth Pandey,Male,50,Divorced,Government Employee,818000.0,Ghaziabad,Uttar Pradesh,Mass Market
C01748,Ishita Ghosh,Female,21,Single,Salaried,428000.0,Amritsar,Punjab,Young Professional
C01749,Swati Kumar,Female,61,Married,Business Owner,5020000.0,Chennai,Tamil Nadu,Premium
C01750,Puneet Singh,Male,35,Married,Retired,522000.0,Patna,Bihar,Mass Market
C01751,Advait Nair,Male,40,Widowed,Salaried,1208000.0,Ranchi,Jharkhand,Affluent
C01752,Vidya Subramaniam,Female,64,Married,Retired,283000.0,Nagpur,Maharashtra,Mass Market
C01753,Aadhya Mehta,Female,41,Married,Self-Employed,1450000.0,Chandigarh,Chandigarh,Affluent
C01754,Mohit Nayak,Male,45,Divorced,Self-Employed,1911000.0,Bhopal,Madhya Pradesh,Affluent
C01755,Naveen Chandra,Male,52,Married,Business Owner,3913000.0,Dehradun,Uttarakhand,Premium
C01756,Rani Rana,Female,32,Single,Retired,600000.0,Bengaluru,Karnataka,Mass Market
C01757,Pankaj Thakur,Male,38,Single,Salaried,690000.0,Kolkata,West Bengal,Mass Market
C01758,Kunal Prasad,Male,46,Married,Government Employee,886000.0,Chandigarh,Chandigarh,Mass Market
C01759,Ramesh Aggarwal,Male,31,Married,Business Owner,2212000.0,Ludhiana,Punjab,Premium
C01760,Anita Banerjee,Female,45,Divorced,Retired,395000.0,Bengaluru,Karnataka,Mass Market
C01761,Usha Menon,Female,50,Single,Self-Employed,2309000.0,Gurugram,Haryana,Premium
C01762,Krishna Deshmukh,Male,37,Married,Professional,879000.0,Nashik,Maharashtra,Mass Market
C01763,Kavita Chatterjee,Female,27,Married,Government Employee,405000.0,Indore,Madhya Pradesh,Mass Market
C01764,Sameer Sharma,Male,42,Divorced,Self-Employed,1580000.0,Kochi,Kerala,Affluent
C01765,Chitra Anand,Female,21,Married,Business Owner,988000.0,Lucknow,Uttar Pradesh,Mass Market
C01766,Sonal Pillai,Female,29,Married,Self-Employed,982000.0,Pune,Maharashtra,Young Professional
C01767,Aadhya Gupta,Female,64,Married,Business Owner,5827000.0,Bhopal,Madhya Pradesh,Premium
C01768,Advait Trivedi,Male,38,Married,Business Owner,888000.0,Madurai,Tamil Nadu,Mass Market
C01769,Nisha Pandey,Female,64,Married,Business Owner,1991000.0,Vijayawada,Andhra Pradesh,Affluent
C01770,Naveen Reddy,Male,21,Single,Government Employee,280000.0,Chennai,Tamil Nadu,Mass Market
C01771,Amit Srivastava,Male,44,Married,Business Owner,2501000.0,Noida,Uttar Pradesh,Premium
C01772,Riya Prasad,Female,44,Single,Professional,1392000.0,Varanasi,Uttar Pradesh,Affluent
C01773,Neha Mishra,Female,53,Married,Salaried,788000.0,Hyderabad,Telangana,Mass Market
C01774,Sunita Joshi,Female,29,Married,Salaried,668000.0,Surat,Gujarat,Young Professional
C01775,Vijay Bose,Male,36,Married,Salaried,709000.0,Noida,Uttar Pradesh,Mass Market
C01776,Pallavi Krishnan,Female,29,Single,Self-Employed,554000.0,Jodhpur,Rajasthan,Young Professional
C01777,Varun Verma,Male,21,Single,Professional,641000.0,Dehradun,Uttarakhand,Young Professional
C01778,Sunil Solanki,Male,36,Married,Salaried,526000.0,Chandigarh,Chandigarh,Mass Market
C01779,Mahesh Kamble,Male,62,Married,Retired,518000.0,Jaipur,Rajasthan,Mass Market
C01780,Nakul Desai,Male,48,Married,Self-Employed,2027000.0,Bengaluru,Karnataka,Premium
C01781,Ankit Chopra,Male,46,Married,Retired,390000.0,Dehradun,Uttarakhand,Mass Market
C01782,Varun Bhatia,Male,33,Married,Salaried,813000.0,Noida,Uttar Pradesh,Mass Market
C01783,Pallavi Bose,Female,22,Single,Business Owner,1183000.0,Kanpur,Uttar Pradesh,Affluent
C01784,Chitra Deshmukh,Female,35,Married,Government Employee,823000.0,Amritsar,Punjab,Mass Market
C01785,Preeti Singh,Female,38,Married,Salaried,830000.0,Vijayawada,Andhra Pradesh,Mass Market
C01786,Nisha Rathore,Female,42,Married,Retired,462000.0,Raipur,Chhattisgarh,Mass Market
C01787,Sandeep Chopra,Male,50,Married,Salaried,1491000.0,Vadodara,Gujarat,Affluent
C01788,Rudra Sharma,Male,43,Married,Retired,487000.0,Nashik,Maharashtra,Mass Market
C01789,Shweta Solanki,Female,25,Single,Government Employee,352000.0,Faridabad,Haryana,Mass Market
C01790,Aditya Agarwal,Male,38,Married,Salaried,1014000.0,Kanpur,Uttar Pradesh,Affluent
C01791,Harish Bose,Male,40,Married,Self-Employed,629000.0,Nashik,Maharashtra,Mass Market
C01792,Namrata Menon,Female,32,Single,Salaried,772000.0,Ahmedabad,Gujarat,Mass Market
C01793,Parth Nayak,Male,27,Divorced,Self-Employed,797000.0,Raipur,Chhattisgarh,Young Professional
C01794,Nisha Agarwal,Female,40,Divorced,Professional,1319000.0,Jodhpur,Rajasthan,Affluent
C01795,Sameer Yadav,Male,33,Divorced,Business Owner,2874000.0,Vadodara,Gujarat,Premium
C01796,Kavita Shah,Female,30,Married,Professional,1792000.0,Ludhiana,Punjab,Affluent
C01797,Rohan Gupta,Male,29,Married,Business Owner,4436000.0,Raipur,Chhattisgarh,Premium
C01798,Nikhil Deshmukh,Male,53,Married,Professional,1982000.0,Jaipur,Rajasthan,Affluent
C01799,Abhishek Shah,Male,60,Widowed,Professional,2453000.0,Bengaluru,Karnataka,Premium
C01800,Varun Shah,Male,54,Single,Salaried,1207000.0,Noida,Uttar Pradesh,Affluent
C01801,Mohit Saxena,Male,30,Single,Salaried,459000.0,Bengaluru,Karnataka,Mass Market
C01802,Mahesh Kumar,Male,35,Married,Salaried,679000.0,Noida,Uttar Pradesh,Mass Market
C01803,Ajay Bansal,Male,21,Married,Self-Employed,999000.0,Nashik,Maharashtra,Young Professional
C01804,Vivaan Prasad,Male,21,Married,Salaried,379000.0,Ahmedabad,Gujarat,Mass Market
C01805,Nakul Prasad,Male,36,Married,Professional,829000.0,Indore,Madhya Pradesh,Mass Market
C01806,Shaurya Krishnan,Male,36,Married,Government Employee,617000.0,Chennai,Tamil Nadu,Mass Market
C01807,Rajiv Arora,Male,69,Widowed,Retired,329000.0,Hyderabad,Telangana,Mass Market
C01808,Ashwin Pillai,Male,65,Married,Business Owner,6122000.0,Bhubaneswar,Odisha,Premium
C01809,Bhavna Khanna,Female,53,Married,Business Owner,6600000.0,Hyderabad,Telangana,Premium
C01810,Anjali Raut,Female,65,Married,Self-Employed,1954000.0,Bengaluru,Karnataka,Affluent
C01811,Karan Sinha,Male,40,Married,Retired,377000.0,Ghaziabad,Uttar Pradesh,Mass Market
C01812,Meera Shah,Female,41,Married,Government Employee,884000.0,Indore,Madhya Pradesh,Mass Market
C01813,Mohit Menon,Male,44,Married,Salaried,912000.0,Thane,Maharashtra,Mass Market
C01814,Shalini Bhatia,Female,46,Married,Business Owner,4033000.0,Nagpur,Maharashtra,Premium
C01815,Dinesh Chandra,Male,39,Single,Salaried,895000.0,Kanpur,Uttar Pradesh,Mass Market
C01816,Sunil Srivastava,Male,64,Divorced,Business Owner,4279000.0,Kolkata,West Bengal,Premium
C01817,Ekta Jadhav,Female,44,Married,Business Owner,5080000.0,Amritsar,Punjab,Premium
C01818,Gaurav Pillai,Male,21,Married,Salaried,399000.0,Kolkata,West Bengal,Mass Market
C01819,Arvind Kapoor,Male,44,Married,Business Owner,5135000.0,Kanpur,Uttar Pradesh,Premium
C01820,Preeti Chopra,Female,29,Single,Self-Employed,643000.0,Coimbatore,Tamil Nadu,Young Professional
C01821,Harleen Prasad,Female,35,Married,Self-Employed,1176000.0,Vijayawada,Andhra Pradesh,Affluent
C01822,Aakash Arora,Male,48,Single,Government Employee,799000.0,Agra,Uttar Pradesh,Mass Market
C01823,Komal Yadav,Female,41,Married,Salaried,808000.0,Ludhiana,Punjab,Mass Market
C01824,Isha Bansal,Female,30,Married,Business Owner,4338000.0,Kochi,Kerala,Premium
C01825,Ravi Tiwari,Male,63,Married,Self-Employed,934000.0,Bhopal,Madhya Pradesh,Mass Market
C01826,Mahesh Pandey,Male,56,Married,Self-Employed,2049000.0,Jodhpur,Rajasthan,Premium
C01827,Ira Dubey,Female,32,Single,Professional,2558000.0,Dehradun,Uttarakhand,Premium
C01828,Arjun Das,Male,59,Married,Salaried,1188000.0,Mumbai,Maharashtra,Affluent
C01829,Aditya Khanna,Male,45,Married,Self-Employed,1107000.0,Vijayawada,Andhra Pradesh,Affluent
C01830,Saurabh Sharma,Male,58,Married,Professional,1038000.0,Jaipur,Rajasthan,Affluent
C01831,Kiran Iyer,Female,53,Married,Government Employee,759000.0,Ghaziabad,Uttar Pradesh,Mass Market
C01832,Aditya Nayak,Male,41,Married,Government Employee,588000.0,Ludhiana,Punjab,Mass Market
C01833,Ashok Shah,Male,42,Married,Government Employee,483000.0,Patna,Bihar,Mass Market
C01834,Rudra Mishra,Male,41,Married,Self-Employed,1111000.0,Bengaluru,Karnataka,Affluent
C01835,Manoj Banerjee,Male,42,Married,Professional,2582000.0,Surat,Gujarat,Premium
C01836,Naveen Iyengar,Male,59,Single,Government Employee,740000.0,Nashik,Maharashtra,Mass Market
C01837,Saurabh Patel,Male,22,Married,Self-Employed,205000.0,Visakhapatnam,Andhra Pradesh,Mass Market
C01838,Aarti Bhatia,Female,29,Married,Salaried,824000.0,Mysuru,Karnataka,Young Professional
C01839,Anjali Solanki,Female,52,Single,Government Employee,782000.0,Indore,Madhya Pradesh,Mass Market
C01840,Mahima Nair,Female,48,Married,Salaried,1067000.0,Ludhiana,Punjab,Affluent
C01841,Sanjay Bansal,Male,32,Single,Salaried,898000.0,Noida,Uttar Pradesh,Mass Market
C01842,Arjun Solanki,Male,67,Divorced,Business Owner,5376000.0,Ghaziabad,Uttar Pradesh,Premium
C01843,Girish Patel,Male,45,Married,Government Employee,761000.0,Mysuru,Karnataka,Mass Market
C01844,Tanvi Mishra,Female,28,Divorced,Government Employee,323000.0,Hyderabad,Telangana,Mass Market
C01845,Charu Prasad,Female,41,Married,Salaried,651000.0,Kochi,Kerala,Mass Market
C01846,Vijay Chandra,Male,58,Divorced,Government Employee,553000.0,Pune,Maharashtra,Mass Market
C01847,Vivaan Aggarwal,Male,27,Single,Government Employee,655000.0,Vijayawada,Andhra Pradesh,Mass Market
C01848,Krishna Sen,Male,57,Married,Professional,1893000.0,Chandigarh,Chandigarh,Affluent
C01849,Reyansh Bose,Male,46,Married,Salaried,1260000.0,Raipur,Chhattisgarh,Affluent
C01850,Nisha Bose,Female,56,Married,Government Employee,803000.0,Ranchi,Jharkhand,Mass Market
C01851,Kiran Rao,Female,34,Single,Government Employee,565000.0,Faridabad,Haryana,Mass Market
C01852,Puneet Rathore,Male,45,Married,Self-Employed,1367000.0,Hyderabad,Telangana,Affluent
C01853,Amit Iyengar,Male,46,Married,Retired,450000.0,Vijayawada,Andhra Pradesh,Mass Market
C01854,Ankit Pillai,Male,38,Single,Salaried,565000.0,Kochi,Kerala,Mass Market
C01855,Deepak Joshi,Male,53,Single,Self-Employed,1417000.0,Guwahati,Assam,Affluent
C01856,Rahul Thakur,Male,43,Divorced,Retired,498000.0,Coimbatore,Tamil Nadu,Mass Market
C01857,Priya Arora,Female,35,Married,Professional,1688000.0,Mysuru,Karnataka,Affluent
C01858,Sandeep Patel,Male,38,Married,Salaried,1066000.0,Guwahati,Assam,Affluent
C01859,Kabir Nayak,Male,43,Widowed,Government Employee,902000.0,Guwahati,Assam,Mass Market
C01860,Deepa Thakur,Female,28,Single,Government Employee,386000.0,Jaipur,Rajasthan,Mass Market
C01861,Abhishek Malhotra,Male,31,Married,Salaried,936000.0,Jodhpur,Rajasthan,Mass Market
C01862,Rani Arora,Female,39,Divorced,Government Employee,976000.0,Guwahati,Assam,Mass Market
C01863,Shalini Chatterjee,Female,30,Married,Salaried,819000.0,Varanasi,Uttar Pradesh,Mass Market
C01864,Rakesh Nayak,Male,37,Married,Salaried,724000.0,Ahmedabad,Gujarat,Mass Market
C01865,Isha Srivastava,Female,25,Married,Self-Employed,795000.0,Kochi,Kerala,Young Professional
C01866,Amit Mehta,Male,35,Married,Salaried,731000.0,Mysuru,Karnataka,Mass Market
C01867,Ekta Pandey,Female,42,Married,Business Owner,3225000.0,Bhubaneswar,Odisha,Premium
C01868,Varun Bose,Male,41,Married,Salaried,682000.0,Agra,Uttar Pradesh,Mass Market
C01869,Vihaan Nayak,Male,49,Widowed,Government Employee,584000.0,Agra,Uttar Pradesh,Mass Market
C01870,Lata Mishra,Female,56,Married,Government Employee,1210000.0,Ghaziabad,Uttar Pradesh,Affluent
C01871,Aryan Agarwal,Male,36,Divorced,Professional,870000.0,Varanasi,Uttar Pradesh,Mass Market
C01872,Harleen Gupta,Female,33,Single,Professional,1104000.0,Surat,Gujarat,Affluent
C01873,Rani Srivastava,Female,31,Married,Salaried,784000.0,Thane,Maharashtra,Mass Market
C01874,Ashok Bhatt,Male,44,Married,Professional,2271000.0,Nashik,Maharashtra,Premium
C01875,Kavita Chandra,Female,51,Married,Business Owner,3713000.0,Chennai,Tamil Nadu,Premium
C01876,Naveen Sinha,Male,35,Married,Self-Employed,1341000.0,Hyderabad,Telangana,Affluent
C01877,Deepak Deshmukh,Male,56,Married,Professional,1933000.0,Varanasi,Uttar Pradesh,Affluent
C01878,Aadhya Ghosh,Female,48,Married,Professional,2030000.0,Vadodara,Gujarat,Premium
C01879,Rachna Rathore,Female,55,Widowed,Salaried,907000.0,Pune,Maharashtra,Mass Market
C01880,Ananya Ghosh,Female,33,Married,Government Employee,866000.0,Gurugram,Haryana,Mass Market
C01881,Ritu Iyer,Female,53,Single,Government Employee,677000.0,Indore,Madhya Pradesh,Mass Market
C01882,Sandeep Arora,Male,21,Single,Professional,728000.0,Ranchi,Jharkhand,Young Professional
C01883,Deepak Trivedi,Male,43,Married,Salaried,1229000.0,Gurugram,Haryana,Affluent
C01884,Girish Anand,Male,41,Married,Salaried,530000.0,Delhi,Delhi,Mass Market
C01885,Reyansh Banerjee,Male,46,Married,Self-Employed,2061000.0,Raipur,Chhattisgarh,Premium
C01886,Neha Das,Female,46,Divorced,Self-Employed,478000.0,Lucknow,Uttar Pradesh,Mass Market
C01887,Bhavna Kumar,Female,57,Married,Self-Employed,1033000.0,Nagpur,Maharashtra,Affluent
C01888,Aadhya Singh,Female,57,Single,Professional,3125000.0,Amritsar,Punjab,Premium
C01889,Rakesh Saxena,Male,28,Married,Self-Employed,549000.0,Chandigarh,Chandigarh,Young Professional
C01890,Sunita Verma,Female,26,Married,Professional,1282000.0,Nashik,Maharashtra,Affluent
C01891,Mohit Iyengar,Male,46,Married,Salaried,515000.0,Vadodara,Gujarat,Mass Market
C01892,Sanjay Kamble,Male,40,Married,Self-Employed,1692000.0,Chandigarh,Chandigarh,Affluent
C01893,Nakul Deshmukh,Male,56,Married,Salaried,1326000.0,Ludhiana,Punjab,Affluent
C01894,Amit Nair,Male,48,Divorced,Government Employee,953000.0,Vijayawada,Andhra Pradesh,Mass Market
C01895,Pihu Rana,Female,58,Married,Self-Employed,1540000.0,Nagpur,Maharashtra,Affluent
C01896,Ananya Gupta,Female,34,Married,Business Owner,1706000.0,Jodhpur,Rajasthan,Affluent
C01897,Rachna Ghosh,Female,38,Married,Self-Employed,1527000.0,Bhopal,Madhya Pradesh,Affluent
C01898,Puneet Chandra,Male,42,Married,Salaried,634000.0,Noida,Uttar Pradesh,Mass Market
C01899,Ananya Mishra,Female,51,Married,Professional,2158000.0,Lucknow,Uttar Pradesh,Premium
C01900,Nidhi Aggarwal,Female,32,Single,Salaried,714000.0,Agra,Uttar Pradesh,Mass Market
C01901,Harish Kapoor,Male,29,Single,Government Employee,595000.0,Ghaziabad,Uttar Pradesh,Mass Market
C01902,Neha Aggarwal,Female,45,Single,Retired,246000.0,Patna,Bihar,Mass Market
C01903,Namrata Jadhav,Female,50,Married,Salaried,749000.0,Visakhapatnam,Andhra Pradesh,Mass Market
C01904,Prakash Iyengar,Male,50,Married,Professional,1304000.0,Delhi,Delhi,Affluent
C01905,Riya Kamble,Female,44,Widowed,Self-Employed,958000.0,Surat,Gujarat,Mass Market
C01906,Deepa Patel,Female,25,Single,Professional,1154000.0,Guwahati,Assam,Affluent
C01907,Vijay Yadav,Male,32,Married,Salaried,919000.0,Chandigarh,Chandigarh,Mass Market
C01908,Nisha Chauhan,Female,49,Widowed,Salaried,980000.0,Bhopal,Madhya Pradesh,Mass Market
C01909,Tarun Rathore,Male,35,Divorced,Salaried,589000.0,Ghaziabad,Uttar Pradesh,Mass Market
C01910,Suresh Iyer,Male,23,Single,Professional,1019000.0,Ranchi,Jharkhand,Affluent
C01911,Abhishek Deshmukh,Male,29,Married,Salaried,683000.0,Jaipur,Rajasthan,Young Professional
C01912,Kunal Trivedi,Male,47,Married,Salaried,797000.0,Jaipur,Rajasthan,Mass Market
C01913,Manoj Chauhan,Male,32,Single,Self-Employed,1076000.0,Raipur,Chhattisgarh,Affluent
C01914,Preeti Bose,Female,37,Married,Government Employee,485000.0,Surat,Gujarat,Mass Market
C01915,Rajesh Nair,Male,42,Married,Self-Employed,446000.0,Ahmedabad,Gujarat,Mass Market
C01916,Swati Solanki,Female,40,Married,Salaried,1005000.0,Ludhiana,Punjab,Affluent
C01917,Aditi Jadhav,Female,37,Married,Salaried,552000.0,Delhi,Delhi,Mass Market
C01918,Gauri Sen,Female,43,Married,Self-Employed,1541000.0,Bhubaneswar,Odisha,Affluent
C01919,Prakash Rao,Male,46,Divorced,Government Employee,1045000.0,Dehradun,Uttarakhand,Affluent
C01920,Sunita Joshi,Female,60,Married,Government Employee,751000.0,Nagpur,Maharashtra,Mass Market
C01921,Diya Bhatt,Female,62,Married,Professional,1990000.0,Kanpur,Uttar Pradesh,Affluent
C01922,Rakesh Bansal,Male,54,Married,Professional,2266000.0,Varanasi,Uttar Pradesh,Premium
C01923,Vandana Bansal,Female,56,Divorced,Business Owner,5111000.0,Mysuru,Karnataka,Premium
C01924,Vandana Srivastava,Female,59,Single,Professional,1662000.0,Thane,Maharashtra,Affluent
C01925,Sunil Patel,Male,42,Married,Self-Employed,994000.0,Delhi,Delhi,Mass Market
C01926,Deepa Kapoor,Female,34,Single,Business Owner,4899000.0,Gurugram,Haryana,Premium
C01927,Advait Desai,Male,49,Married,Salaried,1159000.0,Vijayawada,Andhra Pradesh,Affluent
C01928,Siddharth Kulkarni,Male,47,Married,Self-Employed,1370000.0,Nashik,Maharashtra,Affluent
C01929,Nakul Thakur,Male,39,Married,Professional,2090000.0,Chandigarh,Chandigarh,Premium
C01930,Preeti Menon,Female,58,Married,Salaried,1206000.0,Jaipur,Rajasthan,Affluent
C01931,Arjun Yadav,Male,50,Married,Business Owner,5930000.0,Thane,Maharashtra,Premium
C01932,Rakesh Sinha,Male,61,Married,Retired,603000.0,Mumbai,Maharashtra,Mass Market
C01933,Ajay Chandra,Male,30,Single,Retired,556000.0,Bhubaneswar,Odisha,Mass Market
C01934,Sneha Singh,Female,22,Married,Salaried,376000.0,Nagpur,Maharashtra,Mass Market
C01935,Harleen Deshmukh,Female,41,Married,Self-Employed,799000.0,Kanpur,Uttar Pradesh,Mass Market
C01936,Nakul Trivedi,Male,41,Married,Business Owner,4250000.0,Varanasi,Uttar Pradesh,Premium
C01937,Rudra Jadhav,Male,49,Married,Salaried,1167000.0,Ludhiana,Punjab,Affluent
C01938,Om Dubey,Male,50,Married,Government Employee,750000.0,Bhopal,Madhya Pradesh,Mass Market
C01939,Shweta Solanki,Female,44,Married,Salaried,1112000.0,Bengaluru,Karnataka,Affluent
C01940,Puneet Agarwal,Male,58,Married,Government Employee,935000.0,Ludhiana,Punjab,Mass Market
C01941,Arjun Khanna,Male,27,Married,Business Owner,2022000.0,Mysuru,Karnataka,Premium
C01942,Ira Rana,Female,34,Married,Salaried,983000.0,Kolkata,West Bengal,Mass Market
C01943,Naveen Khanna,Male,66,Married,Business Owner,4491000.0,Bengaluru,Karnataka,Premium
C01944,Sonal Chandra,Female,28,Single,Government Employee,461000.0,Ranchi,Jharkhand,Mass Market
C01945,Mohit Khanna,Male,30,Married,Business Owner,3477000.0,Bengaluru,Karnataka,Premium
C01946,Varun Das,Male,31,Single,Salaried,808000.0,Hyderabad,Telangana,Mass Market
C01947,Puneet Jadhav,Male,55,Married,Professional,2856000.0,Dehradun,Uttarakhand,Premium
C01948,Radha Rana,Female,33,Married,Salaried,1068000.0,Ghaziabad,Uttar Pradesh,Affluent
C01949,Om Das,Male,31,Married,Salaried,628000.0,Lucknow,Uttar Pradesh,Mass Market
C01950,Krishna Trivedi,Male,29,Divorced,Professional,2574000.0,Varanasi,Uttar Pradesh,Premium
C01951,Swati Rana,Female,30,Single,Retired,287000.0,Raipur,Chhattisgarh,Mass Market
C01952,Shreya Solanki,Female,29,Married,Salaried,659000.0,Dehradun,Uttarakhand,Young Professional
C01953,Kavita Nair,Female,35,Married,Government Employee,797000.0,Faridabad,Haryana,Mass Market
C01954,Manoj Dubey,Male,62,Married,Retired,240000.0,Madurai,Tamil Nadu,Mass Market
C01955,Sameer Rathore,Male,57,Married,Professional,2347000.0,Bhubaneswar,Odisha,Premium
C01956,Geeta Rana,Female,21,Married,Professional,1118000.0,Delhi,Delhi,Affluent
C01957,Abhishek Jadhav,Male,60,Married,Salaried,1272000.0,Madurai,Tamil Nadu,Affluent
C01958,Amit Banerjee,Male,34,Single,Retired,338000.0,Amritsar,Punjab,Mass Market
C01959,Ramesh Desai,Male,29,Married,Self-Employed,466000.0,Ludhiana,Punjab,Young Professional
C01960,Amit Mehta,Male,21,Married,Self-Employed,737000.0,Pune,Maharashtra,Young Professional
C01961,Simran Patel,Female,55,Married,Salaried,879000.0,Dehradun,Uttarakhand,Mass Market
C01962,Mohit Solanki,Male,50,Married,Salaried,1011000.0,Raipur,Chhattisgarh,Affluent
C01963,Ramesh Tiwari,Male,49,Married,Salaried,1082000.0,Faridabad,Haryana,Affluent
C01964,Girish Gupta,Male,33,Married,Government Employee,690000.0,Jodhpur,Rajasthan,Mass Market
C01965,Tanvi Bhatia,Female,49,Married,Salaried,1109000.0,Lucknow,Uttar Pradesh,Affluent
C01966,Preeti Deshmukh,Female,48,Married,Self-Employed,1706000.0,Surat,Gujarat,Affluent
C01967,Geeta Nayak,Female,51,Married,Self-Employed,1773000.0,Surat,Gujarat,Affluent
C01968,Charu Sen,Female,31,Single,Salaried,832000.0,Hyderabad,Telangana,Mass Market
C01969,Ira Das,Female,54,Married,Salaried,1150000.0,Ghaziabad,Uttar Pradesh,Affluent
C01970,Anita Kamble,Female,24,Single,Salaried,304000.0,Kanpur,Uttar Pradesh,Mass Market
C01971,Abhishek Sharma,Male,43,Married,Self-Employed,1633000.0,Jaipur,Rajasthan,Affluent
C01972,Vidya Sharma,Female,48,Married,Self-Employed,842000.0,Varanasi,Uttar Pradesh,Mass Market
C01973,Oindrila Kulkarni,Female,50,Married,Salaried,1361000.0,Amritsar,Punjab,Affluent
C01974,Saanvi Bansal,Female,46,Married,Self-Employed,1504000.0,Noida,Uttar Pradesh,Affluent
C01975,Jyoti Iyer,Female,45,Married,Business Owner,5117000.0,Noida,Uttar Pradesh,Premium
C01976,Advait Rana,Male,41,Married,Government Employee,880000.0,Madurai,Tamil Nadu,Mass Market
C01977,Harleen Patel,Female,32,Married,Professional,1247000.0,Bhubaneswar,Odisha,Affluent
C01978,Aarav Chatterjee,Male,58,Married,Salaried,1335000.0,Vijayawada,Andhra Pradesh,Affluent
C01979,Chitra Agarwal,Female,48,Married,Business Owner,2440000.0,Jodhpur,Rajasthan,Premium
C01980,Sneha Kumar,Female,46,Married,Professional,2125000.0,Jodhpur,Rajasthan,Premium
C01981,Deepak Kumar,Male,44,Divorced,Salaried,669000.0,Kanpur,Uttar Pradesh,Mass Market
C01982,Ishita Rao,Female,45,Married,Self-Employed,2152000.0,Agra,Uttar Pradesh,Premium
C01983,Usha Ghosh,Female,55,Married,Government Employee,561000.0,Bengaluru,Karnataka,Mass Market
C01984,Priya Shah,Female,28,Single,Salaried,726000.0,Chennai,Tamil Nadu,Young Professional
C01985,Nikhil Reddy,Male,41,Married,Salaried,617000.0,Bhubaneswar,Odisha,Mass Market
C01986,Nikhil Rana,Male,31,Married,Salaried,580000.0,Vadodara,Gujarat,Mass Market
C01987,Simran Prasad,Female,42,Married,Professional,2086000.0,Madurai,Tamil Nadu,Premium
C01988,Amit Nayak,Male,47,Married,Retired,312000.0,Bengaluru,Karnataka,Mass Market
C01989,Sameer Pandey,Male,62,Widowed,Professional,2705000.0,Ghaziabad,Uttar Pradesh,Premium
C01990,Rohan Bhatt,Male,39,Divorced,Professional,1174000.0,Chandigarh,Chandigarh,Affluent
C01991,Rohan Das,Male,55,Married,Salaried,1447000.0,Kochi,Kerala,Affluent
C01992,Deepa Mehta,Female,55,Married,Government Employee,1210000.0,Gurugram,Haryana,Affluent
C01993,Tarun Khanna,Male,63,Married,Business Owner,2796000.0,Patna,Bihar,Premium
C01994,Sneha Trivedi,Female,32,Married,Salaried,630000.0,Bhubaneswar,Odisha,Mass Market
C01995,Neha Shah,Female,46,Married,Salaried,1422000.0,Indore,Madhya Pradesh,Affluent
C01996,Shreya Thakur,Female,52,Married,Business Owner,2852000.0,Mysuru,Karnataka,Premium
C01997,Radha Chauhan,Female,21,Single,Salaried,519000.0,Vijayawada,Andhra Pradesh,Young Professional
C01998,Aakash Banerjee,Male,29,Married,Professional,2151000.0,Vijayawada,Andhra Pradesh,Premium
C01999,Nidhi Prasad,Female,44,Married,Professional,1969000.0,Raipur,Chhattisgarh,Affluent
C02000,Parth Khanna,Male,29,Single,Salaried,705000.0,Jaipur,Rajasthan,Young Professional
C02001,Parth Krishnan,Male,21,Single,Salaried,322000.0,Noida,Uttar Pradesh,Mass Market
C02002,Vijay Desai,Male,43,Married,Self-Employed,747000.0,Kanpur,Uttar Pradesh,Mass Market
C02003,Varun Sharma,Male,31,Married,Salaried,622000.0,Vadodara,Gujarat,Mass Market
C02004,Vihaan Rana,Male,28,Single,Self-Employed,789000.0,Pune,Maharashtra,Young Professional
C02005,Pankaj Krishnan,Male,53,Married,Salaried,1031000.0,Pune,Maharashtra,Affluent
C02006,Dinesh Yadav,Male,21,Single,Self-Employed,454000.0,Varanasi,Uttar Pradesh,Young Professional
C02007,Tanvi Mishra,Female,43,Married,Business Owner,3018000.0,Bengaluru,Karnataka,Premium
C02008,Ravi Sharma,Male,39,Divorced,Salaried,1178000.0,Jodhpur,Rajasthan,Affluent
C02009,Radha Banerjee,Female,54,Married,Salaried,1116000.0,Nagpur,Maharashtra,Affluent
C02010,Kunal Sen,Male,50,Married,Salaried,574000.0,Ahmedabad,Gujarat,Mass Market
C02011,Sameer Nayak,Male,49,Married,Self-Employed,1668000.0,Faridabad,Haryana,Affluent
C02012,Kavita Srivastava,Female,41,Married,Government Employee,1061000.0,Mumbai,Maharashtra,Affluent
C02013,Riya Dubey,Female,30,Single,Salaried,477000.0,Coimbatore,Tamil Nadu,Mass Market
C02014,Vihaan Raut,Male,23,Single,Salaried,728000.0,Mysuru,Karnataka,Young Professional
C02015,Manisha Ghosh,Female,26,Single,Business Owner,2534000.0,Kanpur,Uttar Pradesh,Premium
C02016,Mahima Naidu,Female,21,Single,Professional,1316000.0,Coimbatore,Tamil Nadu,Affluent
C02017,Arjun Jain,Male,47,Single,Salaried,533000.0,Gurugram,Haryana,Mass Market
C02018,Mahima Rao,Female,44,Married,Business Owner,3752000.0,Jaipur,Rajasthan,Premium
C02019,Tanvi Rana,Female,52,Widowed,Retired,416000.0,Amritsar,Punjab,Mass Market
C02020,Neha Raut,Female,43,Married,Professional,1164000.0,Bhubaneswar,Odisha,Affluent
C02021,Saurabh Bhatia,Male,21,Single,Salaried,423000.0,Raipur,Chhattisgarh,Young Professional
C02022,Aditya Iyer,Male,36,Married,Salaried,918000.0,Ludhiana,Punjab,Mass Market
C02023,Tarun Krishnan,Male,29,Single,Salaried,470000.0,Mysuru,Karnataka,Young Professional
C02024,Pooja Rao,Female,34,Married,Professional,1857000.0,Agra,Uttar Pradesh,Affluent
C02025,Vihaan Ghosh,Male,40,Married,Salaried,729000.0,Patna,Bihar,Mass Market
C02026,Gaurav Bhatia,Male,38,Married,Self-Employed,1053000.0,Chandigarh,Chandigarh,Affluent
C02027,Namrata Nair,Female,63,Married,Self-Employed,1310000.0,Vijayawada,Andhra Pradesh,Affluent
C02028,Anil Deshmukh,Male,37,Divorced,Government Employee,624000.0,Vijayawada,Andhra Pradesh,Mass Market
C02029,Aditi Desai,Female,42,Married,Salaried,541000.0,Ghaziabad,Uttar Pradesh,Mass Market
C02030,Bhavna Yadav,Female,62,Widowed,Retired,595000.0,Bengaluru,Karnataka,Mass Market
C02031,Parth Jadhav,Male,39,Married,Professional,1286000.0,Chennai,Tamil Nadu,Affluent
C02032,Ashwin Rathore,Male,39,Single,Government Employee,704000.0,Bhopal,Madhya Pradesh,Mass Market
C02033,Ravi Khanna,Male,24,Married,Self-Employed,1121000.0,Ghaziabad,Uttar Pradesh,Affluent
C02034,Nikhil Mehta,Male,51,Married,Retired,725000.0,Ghaziabad,Uttar Pradesh,Mass Market
C02035,Arjun Nayak,Male,54,Widowed,Government Employee,737000.0,Nashik,Maharashtra,Mass Market
C02036,Amit Rathore,Male,61,Married,Retired,649000.0,Nagpur,Maharashtra,Mass Market
C02037,Diya Krishnan,Female,44,Married,Professional,1990000.0,Faridabad,Haryana,Affluent
C02038,Ashok Menon,Male,31,Married,Professional,2321000.0,Gurugram,Haryana,Premium
C02039,Mahima Solanki,Female,39,Married,Salaried,842000.0,Coimbatore,Tamil Nadu,Mass Market
C02040,Rachna Nayak,Female,36,Single,Salaried,627000.0,Raipur,Chhattisgarh,Mass Market
C02041,Deepak Nayak,Male,50,Married,Professional,2414000.0,Ludhiana,Punjab,Premium
C02042,Suresh Iyer,Male,53,Married,Salaried,1043000.0,Kolkata,West Bengal,Affluent
C02043,Rudra Tiwari,Male,41,Married,Professional,1176000.0,Bengaluru,Karnataka,Affluent
C02044,Kavita Sharma,Female,29,Married,Self-Employed,633000.0,Raipur,Chhattisgarh,Young Professional
C02045,Kavya Srivastava,Female,53,Married,Professional,1253000.0,Ghaziabad,Uttar Pradesh,Affluent
C02046,Shreya Ghosh,Female,51,Married,Government Employee,667000.0,Vijayawada,Andhra Pradesh,Mass Market
C02047,Reyansh Shah,Male,27,Married,Professional,1153000.0,Amritsar,Punjab,Affluent
C02048,Rachna Verma,Female,48,Married,Business Owner,2745000.0,Raipur,Chhattisgarh,Premium
C02049,Rachna Aggarwal,Female,39,Widowed,Retired,522000.0,Mysuru,Karnataka,Mass Market
C02050,Isha Menon,Female,46,Married,Professional,1637000.0,Indore,Madhya Pradesh,Affluent
C02051,Vishal Mukherjee,Male,44,Married,Salaried,700000.0,Nagpur,Maharashtra,Mass Market
C02052,Aakash Nayak,Male,21,Single,Self-Employed,784000.0,Ranchi,Jharkhand,Young Professional
C02053,Rajesh Mukherjee,Male,35,Widowed,Professional,2947000.0,Dehradun,Uttarakhand,Premium
C02054,Ramesh Mukherjee,Male,27,Divorced,Government Employee,381000.0,Surat,Gujarat,Mass Market
C02055,Aadhya Agarwal,Female,39,Married,Self-Employed,951000.0,Pune,Maharashtra,Mass Market
C02056,Sunita Iyer,Female,52,Married,Self-Employed,1736000.0,Jodhpur,Rajasthan,Affluent
C02057,Pallavi Arora,Female,28,Married,Professional,1998000.0,Ranchi,Jharkhand,Affluent
C02058,Rakesh Rao,Male,46,Married,Salaried,1474000.0,Ludhiana,Punjab,Affluent
C02059,Naveen Reddy,Male,50,Married,Professional,1599000.0,Vadodara,Gujarat,Affluent
C02060,Rachna Agarwal,Female,28,Married,Professional,642000.0,Ahmedabad,Gujarat,Young Professional
C02061,Harleen Kumar,Female,39,Married,Salaried,1009000.0,Coimbatore,Tamil Nadu,Affluent
C02062,Diya Thakur,Female,44,Widowed,Retired,791000.0,Jaipur,Rajasthan,Mass Market
C02063,Vikram Tiwari,Male,61,Married,Self-Employed,1266000.0,Hyderabad,Telangana,Affluent
C02064,Amit Chauhan,Male,41,Married,Government Employee,764000.0,Hyderabad,Telangana,Mass Market
C02065,Nikhil Desai,Male,33,Married,Salaried,560000.0,Guwahati,Assam,Mass Market
C02066,Ira Agarwal,Female,39,Married,Government Employee,628000.0,Vijayawada,Andhra Pradesh,Mass Market
C02067,Rachna Ghosh,Female,51,Divorced,Salaried,1048000.0,Agra,Uttar Pradesh,Affluent
C02068,Divya Prasad,Female,52,Married,Business Owner,5006000.0,Nagpur,Maharashtra,Premium
C02069,Rekha Patel,Female,32,Married,Salaried,468000.0,Amritsar,Punjab,Mass Market
C02070,Sanjay Rana,Male,48,Married,Self-Employed,988000.0,Amritsar,Punjab,Mass Market
C02071,Kajal Thakur,Female,34,Married,Salaried,975000.0,Ghaziabad,Uttar Pradesh,Mass Market
C02072,Ajay Rao,Male,54,Married,Professional,3751000.0,Thane,Maharashtra,Premium
C02073,Aparna Naidu,Female,52,Married,Salaried,1532000.0,Varanasi,Uttar Pradesh,Affluent
C02074,Puneet Nair,Male,21,Single,Self-Employed,559000.0,Nashik,Maharashtra,Young Professional
C02075,Isha Rana,Female,39,Single,Salaried,1154000.0,Coimbatore,Tamil Nadu,Affluent
C02076,Diya Singh,Female,40,Single,Salaried,935000.0,Noida,Uttar Pradesh,Mass Market
C02077,Kavita Mishra,Female,50,Divorced,Self-Employed,1071000.0,Gurugram,Haryana,Affluent
C02078,Shaurya Kulkarni,Male,31,Married,Self-Employed,655000.0,Gurugram,Haryana,Mass Market
C02079,Radha Nayak,Female,42,Divorced,Business Owner,2600000.0,Lucknow,Uttar Pradesh,Premium
C02080,Suresh Kapoor,Male,48,Married,Government Employee,1054000.0,Agra,Uttar Pradesh,Affluent
C02081,Arvind Subramaniam,Male,26,Single,Salaried,711000.0,Kolkata,West Bengal,Young Professional
C02082,Isha Arora,Female,70,Married,Professional,2742000.0,Kolkata,West Bengal,Premium
C02083,Saurabh Chopra,Male,43,Married,Salaried,775000.0,Ahmedabad,Gujarat,Mass Market
C02084,Arvind Anand,Male,56,Married,Salaried,1082000.0,Amritsar,Punjab,Affluent
C02085,Harish Agarwal,Male,32,Single,Self-Employed,1017000.0,Bhubaneswar,Odisha,Affluent
C02086,Preeti Thakur,Female,35,Married,Self-Employed,1025000.0,Bhopal,Madhya Pradesh,Affluent
C02087,Pooja Ghosh,Female,32,Married,Salaried,842000.0,Chandigarh,Chandigarh,Mass Market
C02088,Farah Pillai,Female,38,Married,Retired,726000.0,Indore,Madhya Pradesh,Mass Market
C02089,Yash Chopra,Male,42,Married,Retired,653000.0,Kochi,Kerala,Mass Market
C02090,Geeta Saxena,Female,21,Single,Salaried,260000.0,Bhopal,Madhya Pradesh,Mass Market
C02091,Nakul Mehta,Male,36,Single,Self-Employed,543000.0,Ahmedabad,Gujarat,Mass Market
C02092,Shaurya Bose,Male,40,Single,Government Employee,801000.0,Madurai,Tamil Nadu,Mass Market
C02093,Sanjay Subramaniam,Male,29,Married,Salaried,668000.0,Jodhpur,Rajasthan,Young Professional
C02094,Geeta Sen,Female,21,Married,Salaried,557000.0,Dehradun,Uttarakhand,Young Professional
C02095,Pooja Bansal,Female,48,Married,Salaried,1274000.0,Guwahati,Assam,Affluent
C02096,Shweta Bose,Female,35,Married,Business Owner,3689000.0,Kolkata,West Bengal,Premium
C02097,Ishaan Patel,Male,21,Single,Salaried,376000.0,Noida,Uttar Pradesh,Mass Market
C02098,Manoj Jadhav,Male,42,Married,Self-Employed,1899000.0,Indore,Madhya Pradesh,Affluent
C02099,Saanvi Bhatt,Female,45,Married,Retired,513000.0,Madurai,Tamil Nadu,Mass Market
C02100,Ashok Rathore,Male,25,Single,Business Owner,1394000.0,Surat,Gujarat,Affluent
C02101,Sapna Tiwari,Female,62,Married,Retired,579000.0,Ranchi,Jharkhand,Mass Market
C02102,Dhruv Menon,Male,28,Married,Business Owner,4492000.0,Varanasi,Uttar Pradesh,Premium
C02103,Aakash Sen,Male,33,Single,Professional,1666000.0,Indore,Madhya Pradesh,Affluent
C02104,Saurabh Naidu,Male,44,Married,Self-Employed,1333000.0,Mysuru,Karnataka,Affluent
C02105,Pallavi Patel,Female,48,Married,Business Owner,3078000.0,Kochi,Kerala,Premium
C02106,Vivaan Agarwal,Male,52,Married,Professional,3850000.0,Madurai,Tamil Nadu,Premium
C02107,Aarti Kulkarni,Female,39,Single,Professional,1599000.0,Faridabad,Haryana,Affluent
C02108,Sapna Kumar,Female,44,Married,Business Owner,5323000.0,Jaipur,Rajasthan,Premium
C02109,Priya Sharma,Female,35,Married,Retired,369000.0,Nashik,Maharashtra,Mass Market
C02110,Nidhi Mehta,Female,25,Married,Salaried,576000.0,Jodhpur,Rajasthan,Young Professional
C02111,Vihaan Chatterjee,Male,43,Married,Salaried,820000.0,Vadodara,Gujarat,Mass Market
C02112,Puneet Aggarwal,Male,46,Married,Salaried,1266000.0,Kochi,Kerala,Affluent
C02113,Girish Dubey,Male,50,Divorced,Professional,3513000.0,Ludhiana,Punjab,Premium
C02114,Farah Chopra,Female,24,Single,Salaried,266000.0,Chandigarh,Chandigarh,Mass Market
C02115,Nikhil Thakur,Male,51,Married,Government Employee,891000.0,Indore,Madhya Pradesh,Mass Market
C02116,Manisha Arora,Female,40,Widowed,Business Owner,1413000.0,Jaipur,Rajasthan,Affluent
C02117,Rajiv Raut,Male,48,Married,Professional,1029000.0,Chandigarh,Chandigarh,Affluent
C02118,Nisha Das,Female,23,Single,Salaried,503000.0,Bhubaneswar,Odisha,Young Professional
C02119,Manoj Sharma,Male,42,Married,Salaried,703000.0,Jaipur,Rajasthan,Mass Market
C02120,Ananya Rao,Female,44,Married,Retired,416000.0,Ahmedabad,Gujarat,Mass Market
C02121,Farah Joshi,Female,63,Divorced,Professional,3386000.0,Noida,Uttar Pradesh,Premium
C02122,Deepa Jain,Female,38,Married,Government Employee,504000.0,Chennai,Tamil Nadu,Mass Market
C02123,Rudra Kamble,Male,44,Widowed,Government Employee,762000.0,Bhubaneswar,Odisha,Mass Market
C02124,Om Agarwal,Male,32,Married,Salaried,727000.0,Vijayawada,Andhra Pradesh,Mass Market
C02125,Jaya Kapoor,Female,29,Married,Business Owner,3733000.0,Kanpur,Uttar Pradesh,Premium
C02126,Dhruv Tiwari,Male,45,Widowed,Self-Employed,1254000.0,Kochi,Kerala,Affluent
C02127,Kiran Nair,Female,49,Married,Salaried,1200000.0,Agra,Uttar Pradesh,Affluent
C02128,Saanvi Bhatia,Female,62,Married,Retired,702000.0,Kochi,Kerala,Mass Market
C02129,Harish Desai,Male,47,Divorced,Self-Employed,418000.0,Noida,Uttar Pradesh,Mass Market
C02130,Rakesh Yadav,Male,43,Married,Self-Employed,1121000.0,Faridabad,Haryana,Affluent
C02131,Simran Gupta,Female,37,Married,Self-Employed,918000.0,Ranchi,Jharkhand,Mass Market
C02132,Mahima Desai,Female,58,Married,Self-Employed,785000.0,Bengaluru,Karnataka,Mass Market
C02133,Kavita Anand,Female,24,Single,Salaried,633000.0,Nashik,Maharashtra,Young Professional
C02134,Rahul Rao,Male,65,Divorced,Retired,411000.0,Gurugram,Haryana,Mass Market
C02135,Chitra Rana,Female,35,Widowed,Government Employee,935000.0,Raipur,Chhattisgarh,Mass Market
C02136,Rahul Khanna,Male,21,Single,Salaried,376000.0,Raipur,Chhattisgarh,Mass Market
C02137,Shreya Chatterjee,Female,31,Single,Business Owner,2696000.0,Varanasi,Uttar Pradesh,Premium
C02138,Karan Srivastava,Male,29,Married,Salaried,468000.0,Gurugram,Haryana,Young Professional
C02139,Rachna Agarwal,Female,62,Widowed,Retired,497000.0,Ranchi,Jharkhand,Mass Market
C02140,Riya Chopra,Female,25,Married,Retired,340000.0,Hyderabad,Telangana,Mass Market
C02141,Advait Rana,Male,51,Married,Salaried,1179000.0,Mumbai,Maharashtra,Affluent
C02142,Lavanya Bhatia,Female,48,Married,Salaried,1069000.0,Faridabad,Haryana,Affluent
C02143,Charu Mishra,Female,44,Widowed,Salaried,1472000.0,Coimbatore,Tamil Nadu,Affluent
C02144,Ankit Reddy,Male,43,Single,Business Owner,4462000.0,Vadodara,Gujarat,Premium
C02145,Usha Solanki,Female,49,Married,Self-Employed,1275000.0,Bengaluru,Karnataka,Affluent
C02146,Sandeep Kumar,Male,39,Married,Salaried,907000.0,Mysuru,Karnataka,Mass Market
C02147,Gaurav Bhatia,Male,34,Married,Retired,570000.0,Gurugram,Haryana,Mass Market
C02148,Ankit Krishnan,Male,38,Married,Salaried,1145000.0,Hyderabad,Telangana,Affluent
C02149,Vihaan Das,Male,49,Married,Government Employee,803000.0,Varanasi,Uttar Pradesh,Mass Market
C02150,Rahul Joshi,Male,50,Married,Salaried,1069000.0,Noida,Uttar Pradesh,Affluent
C02151,Karan Kulkarni,Male,41,Married,Professional,1314000.0,Faridabad,Haryana,Affluent
C02152,Vidya Joshi,Female,37,Married,Salaried,1172000.0,Patna,Bihar,Affluent
C02153,Chitra Mukherjee,Female,48,Married,Self-Employed,1848000.0,Varanasi,Uttar Pradesh,Affluent
C02154,Aadhya Chandra,Female,46,Married,Professional,1111000.0,Visakhapatnam,Andhra Pradesh,Affluent
C02155,Nikhil Naidu,Male,25,Married,Salaried,671000.0,Pune,Maharashtra,Young Professional
C02156,Ashok Saxena,Male,31,Married,Professional,1330000.0,Madurai,Tamil Nadu,Affluent
C02157,Komal Krishnan,Female,43,Single,Professional,1035000.0,Dehradun,Uttarakhand,Affluent
C02158,Sandeep Pillai,Male,40,Married,Business Owner,1348000.0,Kanpur,Uttar Pradesh,Affluent
C02159,Nandini Nair,Female,55,Single,Business Owner,3767000.0,Bhopal,Madhya Pradesh,Premium
C02160,Ishita Ghosh,Female,33,Married,Government Employee,869000.0,Raipur,Chhattisgarh,Mass Market
C02161,Deepak Bansal,Male,54,Married,Self-Employed,865000.0,Chennai,Tamil Nadu,Mass Market
C02162,Oindrila Bhatt,Female,33,Married,Salaried,872000.0,Surat,Gujarat,Mass Market
C02163,Namrata Chatterjee,Female,21,Single,Self-Employed,624000.0,Bhubaneswar,Odisha,Young Professional
C02164,Gaurav Iyer,Male,48,Married,Self-Employed,2080000.0,Dehradun,Uttarakhand,Premium
C02165,Devendra Kumar,Male,32,Married,Salaried,786000.0,Mysuru,Karnataka,Mass Market
C02166,Anil Kumar,Male,66,Married,Retired,629000.0,Visakhapatnam,Andhra Pradesh,Mass Market
C02167,Shaurya Dubey,Male,21,Single,Government Employee,439000.0,Lucknow,Uttar Pradesh,Mass Market
C02168,Usha Thakur,Female,47,Married,Salaried,1148000.0,Gurugram,Haryana,Affluent
C02169,Vijay Tiwari,Male,24,Single,Professional,1587000.0,Ranchi,Jharkhand,Affluent
C02170,Advait Banerjee,Male,48,Single,Salaried,675000.0,Chandigarh,Chandigarh,Mass Market
C02171,Farah Sharma,Female,43,Married,Self-Employed,1553000.0,Surat,Gujarat,Affluent
C02172,Dhruv Tiwari,Male,22,Married,Salaried,527000.0,Vadodara,Gujarat,Young Professional
C02173,Kavya Shah,Female,41,Married,Self-Employed,546000.0,Ludhiana,Punjab,Mass Market
C02174,Nidhi Kulkarni,Female,46,Married,Salaried,1501000.0,Ranchi,Jharkhand,Affluent
C02175,Rakesh Ghosh,Male,38,Married,Salaried,678000.0,Kochi,Kerala,Mass Market
C02176,Bhavna Krishnan,Female,54,Married,Self-Employed,1189000.0,Patna,Bihar,Affluent
C02177,Mahesh Jain,Male,49,Married,Salaried,979000.0,Kolkata,West Bengal,Mass Market
C02178,Sonal Rana,Female,30,Married,Self-Employed,738000.0,Madurai,Tamil Nadu,Mass Market
C02179,Manisha Khanna,Female,43,Married,Salaried,668000.0,Bhopal,Madhya Pradesh,Mass Market
C02180,Sarita Bose,Female,43,Married,Salaried,817000.0,Coimbatore,Tamil Nadu,Mass Market
C02181,Aadhya Srivastava,Female,51,Married,Business Owner,2763000.0,Jodhpur,Rajasthan,Premium
C02182,Rohan Sharma,Male,36,Married,Self-Employed,888000.0,Mumbai,Maharashtra,Mass Market
C02183,Meera Khanna,Female,47,Married,Professional,2824000.0,Bhubaneswar,Odisha,Premium
C02184,Dhruv Mishra,Male,44,Married,Salaried,851000.0,Kolkata,West Bengal,Mass Market
C02185,Vishal Banerjee,Male,47,Divorced,Salaried,1138000.0,Thane,Maharashtra,Affluent
C02186,Ishita Verma,Female,29,Married,Professional,2000000.0,Nagpur,Maharashtra,Premium
C02187,Amit Kumar,Male,33,Divorced,Salaried,913000.0,Varanasi,Uttar Pradesh,Mass Market
C02188,Ravi Sinha,Male,51,Married,Salaried,960000.0,Vijayawada,Andhra Pradesh,Mass Market
C02189,Rajesh Desai,Male,50,Married,Salaried,1287000.0,Vijayawada,Andhra Pradesh,Affluent
C02190,Amit Kulkarni,Male,31,Married,Self-Employed,631000.0,Pune,Maharashtra,Mass Market
C02191,Suresh Tiwari,Male,41,Married,Retired,462000.0,Vijayawada,Andhra Pradesh,Mass Market
C02192,Siddharth Kamble,Male,48,Married,Salaried,1287000.0,Mysuru,Karnataka,Affluent
C02193,Siddharth Banerjee,Male,52,Single,Government Employee,1050000.0,Pune,Maharashtra,Affluent
C02194,Shaurya Saxena,Male,39,Divorced,Government Employee,586000.0,Vadodara,Gujarat,Mass Market
C02195,Rudra Prasad,Male,51,Divorced,Professional,3144000.0,Ahmedabad,Gujarat,Premium
C02196,Ekta Trivedi,Female,39,Married,Self-Employed,1316000.0,Patna,Bihar,Affluent
C02197,Mahesh Reddy,Male,48,Married,Professional,1361000.0,Ludhiana,Punjab,Affluent
C02198,Prakash Nayak,Male,49,Married,Professional,3112000.0,Ahmedabad,Gujarat,Premium
C02199,Girish Tiwari,Male,47,Married,Professional,889000.0,Hyderabad,Telangana,Mass Market
C02200,Ishaan Banerjee,Male,37,Single,Professional,2765000.0,Coimbatore,Tamil Nadu,Premium
C02201,Nikhil Rathore,Male,46,Married,Professional,1231000.0,Visakhapatnam,Andhra Pradesh,Affluent
C02202,Nakul Prasad,Male,51,Widowed,Salaried,1540000.0,Ahmedabad,Gujarat,Affluent
C02203,Puneet Nair,Male,61,Widowed,Self-Employed,653000.0,Nagpur,Maharashtra,Mass Market
C02204,Sunita Rao,Female,21,Single,Business Owner,1892000.0,Noida,Uttar Pradesh,Affluent
C02205,Farah Iyer,Female,62,Married,Professional,1456000.0,Ranchi,Jharkhand,Affluent
C02206,Sunita Naidu,Female,21,Single,Professional,1370000.0,Varanasi,Uttar Pradesh,Affluent
C02207,Sandeep Shah,Male,42,Married,Professional,2107000.0,Dehradun,Uttarakhand,Premium
C02208,Karan Singh,Male,47,Married,Salaried,1045000.0,Bengaluru,Karnataka,Affluent
C02209,Mahesh Nayak,Male,37,Married,Government Employee,605000.0,Mysuru,Karnataka,Mass Market
C02210,Aditya Kamble,Male,47,Married,Business Owner,6176000.0,Dehradun,Uttarakhand,Premium
C02211,Nisha Jain,Female,40,Single,Retired,567000.0,Noida,Uttar Pradesh,Mass Market
C02212,Arjun Saxena,Male,26,Single,Salaried,753000.0,Mumbai,Maharashtra,Young Professional
C02213,Rakesh Rao,Male,38,Married,Professional,2714000.0,Chandigarh,Chandigarh,Premium
C02214,Sonal Bhatia,Female,49,Married,Salaried,1404000.0,Coimbatore,Tamil Nadu,Affluent
C02215,Nandini Thakur,Female,50,Married,Salaried,1540000.0,Mumbai,Maharashtra,Affluent
C02216,Arvind Kulkarni,Male,36,Divorced,Government Employee,412000.0,Kochi,Kerala,Mass Market
C02217,Ajay Sharma,Male,28,Single,Salaried,682000.0,Ahmedabad,Gujarat,Young Professional
C02218,Kartik Mehta,Male,49,Married,Salaried,618000.0,Chandigarh,Chandigarh,Mass Market
C02219,Nidhi Ghosh,Female,55,Married,Self-Employed,1650000.0,Mysuru,Karnataka,Affluent
C02220,Arvind Kumar,Male,52,Married,Professional,2232000.0,Ghaziabad,Uttar Pradesh,Premium
C02221,Rajiv Chopra,Male,33,Divorced,Government Employee,839000.0,Chennai,Tamil Nadu,Mass Market
C02222,Rahul Raut,Male,44,Married,Government Employee,1142000.0,Coimbatore,Tamil Nadu,Affluent
C02223,Sapna Jain,Female,36,Single,Professional,2534000.0,Amritsar,Punjab,Premium
C02224,Nikhil Arora,Male,28,Married,Professional,875000.0,Nagpur,Maharashtra,Young Professional
C02225,Mohit Saxena,Male,57,Married,Government Employee,1174000.0,Bengaluru,Karnataka,Affluent
C02226,Saurabh Trivedi,Male,33,Married,Retired,350000.0,Nagpur,Maharashtra,Mass Market
C02227,Sunita Aggarwal,Female,41,Married,Salaried,1118000.0,Chandigarh,Chandigarh,Affluent
C02228,Nakul Patel,Male,45,Married,Retired,696000.0,Agra,Uttar Pradesh,Mass Market
C02229,Varun Joshi,Male,30,Married,Salaried,628000.0,Dehradun,Uttarakhand,Mass Market
C02230,Manisha Verma,Female,34,Married,Government Employee,389000.0,Bengaluru,Karnataka,Mass Market
C02231,Harish Malhotra,Male,57,Married,Professional,3241000.0,Madurai,Tamil Nadu,Premium
C02232,Pooja Pillai,Female,42,Married,Professional,1662000.0,Chandigarh,Chandigarh,Affluent
C02233,Kunal Malhotra,Male,23,Single,Salaried,416000.0,Ranchi,Jharkhand,Young Professional
C02234,Dhruv Verma,Male,41,Married,Self-Employed,1316000.0,Ranchi,Jharkhand,Affluent
C02235,Riya Kumar,Female,45,Married,Business Owner,1438000.0,Bengaluru,Karnataka,Affluent
C02236,Kavya Dubey,Female,55,Divorced,Salaried,1015000.0,Coimbatore,Tamil Nadu,Affluent
C02237,Ritu Krishnan,Female,21,Single,Self-Employed,219000.0,Pune,Maharashtra,Mass Market
C02238,Jaya Sinha,Female,39,Married,Government Employee,995000.0,Raipur,Chhattisgarh,Mass Market
C02239,Nisha Chandra,Female,26,Married,Retired,419000.0,Ranchi,Jharkhand,Mass Market
C02240,Vandana Prasad,Female,21,Single,Business Owner,641000.0,Madurai,Tamil Nadu,Mass Market
C02241,Arjun Chandra,Male,50,Married,Salaried,1540000.0,Ahmedabad,Gujarat,Affluent
C02242,Nandini Jain,Female,39,Married,Salaried,947000.0,Surat,Gujarat,Mass Market
C02243,Lavanya Naidu,Female,39,Married,Professional,2271000.0,Delhi,Delhi,Premium
C02244,Kavya Chatterjee,Female,61,Married,Retired,518000.0,Varanasi,Uttar Pradesh,Mass Market
C02245,Aadhya Nair,Female,70,Married,Retired,332000.0,Jaipur,Rajasthan,Mass Market
C02246,Kunal Subramaniam,Male,41,Married,Self-Employed,1536000.0,Hyderabad,Telangana,Affluent
C02247,Jaya Agarwal,Female,50,Married,Business Owner,5338000.0,Kolkata,West Bengal,Premium
C02248,Rohan Subramaniam,Male,52,Widowed,Salaried,669000.0,Lucknow,Uttar Pradesh,Mass Market
C02249,Kavita Malhotra,Female,41,Married,Professional,2129000.0,Kolkata,West Bengal,Premium
C02250,Ajay Singh,Male,27,Single,Salaried,546000.0,Vijayawada,Andhra Pradesh,Young Professional
C02251,Om Ghosh,Male,37,Married,Salaried,1096000.0,Nagpur,Maharashtra,Affluent
C02252,Sameer Mehta,Male,40,Married,Government Employee,719000.0,Guwahati,Assam,Mass Market
C02253,Deepa Bose,Female,31,Married,Salaried,832000.0,Mysuru,Karnataka,Mass Market
C02254,Reyansh Anand,Male,22,Single,Self-Employed,746000.0,Indore,Madhya Pradesh,Young Professional
C02255,Tanvi Singh,Female,32,Divorced,Salaried,705000.0,Kanpur,Uttar Pradesh,Mass Market
C02256,Chitra Rao,Female,23,Married,Salaried,651000.0,Pune,Maharashtra,Young Professional
C02257,Gaurav Trivedi,Male,47,Divorced,Professional,2029000.0,Bhubaneswar,Odisha,Premium
C02258,Gaurav Rathore,Male,46,Married,Self-Employed,451000.0,Nashik,Maharashtra,Mass Market
C02259,Reyansh Joshi,Male,30,Married,Professional,1221000.0,Bhopal,Madhya Pradesh,Affluent
C02260,Shweta Nayak,Female,31,Married,Salaried,900000.0,Kolkata,West Bengal,Mass Market
C02261,Aditya Jadhav,Male,35,Married,Salaried,986000.0,Lucknow,Uttar Pradesh,Mass Market
C02262,Rahul Sharma,Male,24,Single,Professional,772000.0,Noida,Uttar Pradesh,Young Professional
C02263,Geeta Prasad,Female,38,Married,Professional,2770000.0,Mumbai,Maharashtra,Premium
C02264,Vishal Yadav,Male,52,Divorced,Salaried,1032000.0,Chennai,Tamil Nadu,Affluent
C02265,Suresh Iyer,Male,54,Married,Professional,2716000.0,Gurugram,Haryana,Premium
C02266,Rakesh Khanna,Male,51,Divorced,Professional,2182000.0,Surat,Gujarat,Premium
C02267,Gauri Chatterjee,Female,29,Married,Salaried,784000.0,Dehradun,Uttarakhand,Young Professional
C02268,Ishita Bansal,Female,21,Married,Professional,857000.0,Kanpur,Uttar Pradesh,Young Professional
C02269,Oindrila Agarwal,Female,47,Married,Government Employee,1015000.0,Kanpur,Uttar Pradesh,Affluent
C02270,Usha Mishra,Female,29,Single,Salaried,616000.0,Chennai,Tamil Nadu,Young Professional
C02271,Saanvi Arora,Female,39,Married,Salaried,592000.0,Bhubaneswar,Odisha,Mass Market
C02272,Manisha Mehta,Female,56,Married,Government Employee,1121000.0,Bhopal,Madhya Pradesh,Affluent
C02273,Sanjay Agarwal,Male,32,Married,Retired,307000.0,Raipur,Chhattisgarh,Mass Market
C02274,Ajay Rana,Male,53,Married,Self-Employed,583000.0,Nashik,Maharashtra,Mass Market
C02275,Prakash Kumar,Male,35,Married,Salaried,499000.0,Indore,Madhya Pradesh,Mass Market
C02276,Anil Pillai,Male,24,Married,Salaried,418000.0,Nagpur,Maharashtra,Young Professional
C02277,Lavanya Malhotra,Female,29,Married,Salaried,862000.0,Surat,Gujarat,Young Professional
C02278,Ramesh Saxena,Male,42,Married,Government Employee,530000.0,Kanpur,Uttar Pradesh,Mass Market
C02279,Krishna Jain,Male,49,Married,Salaried,1175000.0,Bengaluru,Karnataka,Affluent
C02280,Vishal Iyer,Male,31,Married,Retired,537000.0,Nashik,Maharashtra,Mass Market
C02281,Mahesh Ghosh,Male,48,Divorced,Self-Employed,1095000.0,Kochi,Kerala,Affluent
C02282,Jaya Gupta,Female,29,Married,Self-Employed,655000.0,Varanasi,Uttar Pradesh,Young Professional
C02283,Krishna Prasad,Male,52,Married,Salaried,1257000.0,Kolkata,West Bengal,Affluent
C02284,Nikhil Reddy,Male,60,Married,Salaried,1229000.0,Ranchi,Jharkhand,Affluent
C02285,Nandini Kapoor,Female,45,Married,Salaried,702000.0,Delhi,Delhi,Mass Market
C02286,Karan Kamble,Male,32,Married,Professional,1975000.0,Pune,Maharashtra,Affluent
C02287,Aryan Anand,Male,51,Divorced,Retired,439000.0,Bhopal,Madhya Pradesh,Mass Market
C02288,Sameer Yadav,Male,60,Married,Salaried,698000.0,Madurai,Tamil Nadu,Mass Market
C02289,Isha Iyengar,Female,66,Married,Retired,228000.0,Nagpur,Maharashtra,Mass Market
C02290,Sameer Iyengar,Male,64,Married,Retired,673000.0,Pune,Maharashtra,Mass Market
C02291,Jyoti Chandra,Female,44,Married,Professional,3237000.0,Kolkata,West Bengal,Premium
C02292,Rani Tiwari,Female,29,Divorced,Salaried,516000.0,Bhubaneswar,Odisha,Young Professional
C02293,Anjali Thakur,Female,43,Divorced,Salaried,629000.0,Thane,Maharashtra,Mass Market
C02294,Nakul Kumar,Male,42,Married,Self-Employed,1622000.0,Madurai,Tamil Nadu,Affluent
C02295,Deepak Iyer,Male,66,Widowed,Business Owner,3730000.0,Kochi,Kerala,Premium
C02296,Rudra Nair,Male,41,Married,Retired,448000.0,Varanasi,Uttar Pradesh,Mass Market
C02297,Komal Joshi,Female,43,Married,Self-Employed,1521000.0,Chandigarh,Chandigarh,Affluent
C02298,Varun Aggarwal,Male,47,Married,Government Employee,800000.0,Amritsar,Punjab,Mass Market
C02299,Rakesh Menon,Male,49,Married,Retired,600000.0,Agra,Uttar Pradesh,Mass Market
C02300,Rekha Gupta,Female,64,Divorced,Professional,2480000.0,Coimbatore,Tamil Nadu,Premium
C02301,Ishaan Mukherjee,Male,28,Single,Salaried,767000.0,Mysuru,Karnataka,Young Professional
C02302,Anil Kulkarni,Male,52,Married,Business Owner,4748000.0,Jaipur,Rajasthan,Premium
C02303,Rudra Yadav,Male,54,Widowed,Professional,2238000.0,Amritsar,Punjab,Premium
C02304,Yash Iyengar,Male,51,Divorced,Salaried,793000.0,Lucknow,Uttar Pradesh,Mass Market
C02305,Ramesh Pillai,Male,51,Married,Salaried,816000.0,Vadodara,Gujarat,Mass Market
C02306,Gaurav Bhatia,Male,41,Divorced,Business Owner,3633000.0,Varanasi,Uttar Pradesh,Premium
C02307,Vijay Patel,Male,31,Single,Government Employee,497000.0,Jodhpur,Rajasthan,Mass Market
C02308,Nandini Deshmukh,Female,38,Single,Government Employee,860000.0,Bhubaneswar,Odisha,Mass Market
C02309,Lavanya Raut,Female,40,Married,Salaried,826000.0,Indore,Madhya Pradesh,Mass Market
C02310,Prakash Sharma,Male,21,Single,Professional,1106000.0,Amritsar,Punjab,Affluent
C02311,Shalini Chatterjee,Female,55,Married,Salaried,866000.0,Kochi,Kerala,Mass Market
C02312,Farah Anand,Female,23,Married,Salaried,365000.0,Ludhiana,Punjab,Mass Market
C02313,Ashok Naidu,Male,22,Single,Professional,1297000.0,Thane,Maharashtra,Affluent
C02314,Aarav Yadav,Male,47,Married,Self-Employed,1894000.0,Mysuru,Karnataka,Affluent
C02315,Kavya Thakur,Female,33,Married,Professional,2287000.0,Bengaluru,Karnataka,Premium
C02316,Arjun Chauhan,Male,35,Married,Business Owner,3164000.0,Faridabad,Haryana,Premium
C02317,Puneet Thakur,Male,21,Single,Salaried,288000.0,Raipur,Chhattisgarh,Mass Market
C02318,Ira Malhotra,Female,54,Married,Salaried,1118000.0,Kolkata,West Bengal,Affluent
C02319,Rahul Arora,Male,51,Widowed,Professional,2445000.0,Bhopal,Madhya Pradesh,Premium
C02320,Gauri Sinha,Female,47,Married,Self-Employed,1414000.0,Mumbai,Maharashtra,Affluent
C02321,Rekha Mishra,Female,40,Single,Business Owner,2269000.0,Indore,Madhya Pradesh,Premium
C02322,Harish Jain,Male,33,Single,Professional,1025000.0,Vadodara,Gujarat,Affluent
C02323,Ananya Thakur,Female,38,Married,Government Employee,633000.0,Chennai,Tamil Nadu,Mass Market
C02324,Preeti Desai,Female,62,Widowed,Professional,3438000.0,Ghaziabad,Uttar Pradesh,Premium
C02325,Vihaan Rana,Male,64,Married,Professional,1669000.0,Amritsar,Punjab,Affluent
C02326,Deepa Deshmukh,Female,44,Married,Salaried,1227000.0,Amritsar,Punjab,Affluent
C02327,Sarita Pillai,Female,45,Married,Professional,2190000.0,Guwahati,Assam,Premium
C02328,Kajal Desai,Female,22,Single,Salaried,347000.0,Nashik,Maharashtra,Mass Market
C02329,Karan Tiwari,Male,43,Married,Retired,574000.0,Mumbai,Maharashtra,Mass Market
C02330,Arjun Das,Male,40,Single,Professional,1206000.0,Coimbatore,Tamil Nadu,Affluent
C02331,Rakesh Trivedi,Male,30,Married,Self-Employed,660000.0,Kochi,Kerala,Mass Market
C02332,Pankaj Pillai,Male,38,Married,Business Owner,1934000.0,Varanasi,Uttar Pradesh,Affluent
C02333,Tarun Chandra,Male,41,Married,Government Employee,656000.0,Chennai,Tamil Nadu,Mass Market
C02334,Rajiv Jadhav,Male,40,Married,Salaried,1439000.0,Hyderabad,Telangana,Affluent
C02335,Anil Tiwari,Male,53,Married,Government Employee,887000.0,Hyderabad,Telangana,Mass Market
C02336,Shaurya Agarwal,Male,39,Married,Salaried,896000.0,Nashik,Maharashtra,Mass Market
C02337,Rajiv Pandey,Male,30,Single,Government Employee,327000.0,Bengaluru,Karnataka,Mass Market
C02338,Rohan Arora,Male,40,Married,Salaried,1102000.0,Kanpur,Uttar Pradesh,Affluent
C02339,Manoj Ghosh,Male,45,Married,Salaried,724000.0,Indore,Madhya Pradesh,Mass Market
C02340,Kavita Jain,Female,30,Married,Self-Employed,479000.0,Bhopal,Madhya Pradesh,Mass Market
C02341,Pankaj Bhatt,Male,67,Married,Retired,499000.0,Gurugram,Haryana,Mass Market
C02342,Isha Mishra,Female,59,Married,Professional,1920000.0,Thane,Maharashtra,Affluent
C02343,Om Mukherjee,Male,47,Married,Salaried,1214000.0,Patna,Bihar,Affluent
C02344,Pooja Pandey,Female,21,Single,Government Employee,322000.0,Hyderabad,Telangana,Mass Market
C02345,Ira Malhotra,Female,43,Married,Government Employee,783000.0,Agra,Uttar Pradesh,Mass Market
C02346,Anita Thakur,Female,30,Married,Salaried,557000.0,Faridabad,Haryana,Mass Market
C02347,Sapna Rathore,Female,41,Married,Self-Employed,1090000.0,Ranchi,Jharkhand,Affluent
C02348,Komal Krishnan,Female,24,Married,Business Owner,2943000.0,Varanasi,Uttar Pradesh,Premium
C02349,Manisha Kamble,Female,49,Married,Government Employee,547000.0,Ahmedabad,Gujarat,Mass Market
C02350,Amit Patel,Male,46,Married,Self-Employed,927000.0,Amritsar,Punjab,Mass Market
C02351,Nikhil Das,Male,53,Married,Self-Employed,2420000.0,Guwahati,Assam,Premium
C02352,Vikram Reddy,Male,42,Married,Business Owner,1694000.0,Ahmedabad,Gujarat,Affluent
C02353,Kavita Trivedi,Female,56,Single,Salaried,1117000.0,Patna,Bihar,Affluent
C02354,Parth Rao,Male,49,Married,Salaried,762000.0,Surat,Gujarat,Mass Market
C02355,Aditya Das,Male,44,Married,Government Employee,598000.0,Indore,Madhya Pradesh,Mass Market
C02356,Suresh Thakur,Male,43,Single,Salaried,760000.0,Bhubaneswar,Odisha,Mass Market
C02357,Dinesh Rathore,Male,30,Married,Salaried,870000.0,Agra,Uttar Pradesh,Mass Market
C02358,Ankit Menon,Male,32,Married,Salaried,776000.0,Delhi,Delhi,Mass Market
C02359,Aditya Deshmukh,Male,39,Married,Salaried,1259000.0,Ahmedabad,Gujarat,Affluent
C02360,Tarun Yadav,Male,43,Divorced,Self-Employed,878000.0,Thane,Maharashtra,Mass Market
C02361,Yash Jain,Male,37,Single,Government Employee,537000.0,Madurai,Tamil Nadu,Mass Market
C02362,Nakul Anand,Male,58,Married,Professional,2623000.0,Ludhiana,Punjab,Premium
C02363,Harleen Rana,Female,49,Single,Salaried,1510000.0,Raipur,Chhattisgarh,Affluent
C02364,Rekha Kamble,Female,41,Married,Self-Employed,1509000.0,Ghaziabad,Uttar Pradesh,Affluent
C02365,Lata Pillai,Female,21,Single,Government Employee,311000.0,Ghaziabad,Uttar Pradesh,Mass Market
C02366,Vandana Thakur,Female,49,Married,Retired,684000.0,Visakhapatnam,Andhra Pradesh,Mass Market
C02367,Radha Nayak,Female,51,Married,Salaried,1138000.0,Nashik,Maharashtra,Affluent
C02368,Swati Mishra,Female,53,Married,Salaried,1494000.0,Hyderabad,Telangana,Affluent
C02369,Rudra Reddy,Male,45,Married,Salaried,1204000.0,Vadodara,Gujarat,Affluent
C02370,Ramesh Desai,Male,35,Married,Salaried,972000.0,Varanasi,Uttar Pradesh,Mass Market
C02371,Radha Nair,Female,54,Married,Professional,3374000.0,Ranchi,Jharkhand,Premium
C02372,Nisha Reddy,Female,43,Married,Professional,2392000.0,Kanpur,Uttar Pradesh,Premium
C02373,Anil Gupta,Male,21,Single,Salaried,541000.0,Bhopal,Madhya Pradesh,Young Professional
C02374,Suresh Rathore,Male,58,Married,Salaried,1510000.0,Ludhiana,Punjab,Affluent
C02375,Ashwin Nair,Male,43,Married,Retired,226000.0,Visakhapatnam,Andhra Pradesh,Mass Market
C02376,Ishita Saxena,Female,27,Married,Business Owner,2394000.0,Indore,Madhya Pradesh,Premium
C02377,Devendra Rao,Male,40,Divorced,Business Owner,3737000.0,Ludhiana,Punjab,Premium
C02378,Ira Chopra,Female,45,Married,Salaried,1109000.0,Nashik,Maharashtra,Affluent
C02379,Saurabh Mehta,Male,56,Single,Professional,2545000.0,Lucknow,Uttar Pradesh,Premium
C02380,Arvind Prasad,Male,30,Married,Salaried,486000.0,Delhi,Delhi,Mass Market
C02381,Swati Sinha,Female,53,Single,Self-Employed,1539000.0,Noida,Uttar Pradesh,Affluent
C02382,Aakash Rao,Male,23,Single,Self-Employed,825000.0,Amritsar,Punjab,Young Professional
C02383,Tarun Jain,Male,43,Married,Professional,2574000.0,Mumbai,Maharashtra,Premium
C02384,Advait Kamble,Male,29,Married,Professional,1700000.0,Vadodara,Gujarat,Affluent
C02385,Swati Krishnan,Female,48,Married,Professional,2029000.0,Vadodara,Gujarat,Premium
C02386,Harleen Ghosh,Female,38,Married,Professional,1443000.0,Mysuru,Karnataka,Affluent
C02387,Mahima Kamble,Female,30,Married,Salaried,834000.0,Pune,Maharashtra,Mass Market
C02388,Deepa Srivastava,Female,46,Married,Salaried,1373000.0,Bengaluru,Karnataka,Affluent
C02389,Anil Sen,Male,45,Married,Self-Employed,1732000.0,Jodhpur,Rajasthan,Affluent
C02390,Arvind Agarwal,Male,30,Married,Business Owner,1757000.0,Delhi,Delhi,Affluent
C02391,Ira Mishra,Female,44,Married,Salaried,1055000.0,Thane,Maharashtra,Affluent
C02392,Sameer Kumar,Male,44,Married,Salaried,593000.0,Chennai,Tamil Nadu,Mass Market
C02393,Varun Anand,Male,21,Single,Salaried,551000.0,Vijayawada,Andhra Pradesh,Young Professional
C02394,Ajay Pillai,Male,39,Married,Professional,2230000.0,Raipur,Chhattisgarh,Premium
C02395,Abhishek Verma,Male,46,Widowed,Self-Employed,901000.0,Patna,Bihar,Mass Market
C02396,Ira Srivastava,Female,21,Married,Self-Employed,577000.0,Chennai,Tamil Nadu,Young Professional
C02397,Puneet Menon,Male,40,Divorced,Salaried,866000.0,Chennai,Tamil Nadu,Mass Market
C02398,Aditi Bansal,Female,66,Widowed,Professional,3443000.0,Noida,Uttar Pradesh,Premium
C02399,Neha Naidu,Female,45,Married,Self-Employed,619000.0,Vijayawada,Andhra Pradesh,Mass Market
C02400,Sonal Rao,Female,36,Married,Salaried,704000.0,Nashik,Maharashtra,Mass Market
C02401,Ashwin Tiwari,Male,40,Married,Business Owner,2499000.0,Kochi,Kerala,Premium
C02402,Aadhya Das,Female,31,Married,Salaried,959000.0,Nashik,Maharashtra,Mass Market
C02403,Devendra Sen,Male,60,Married,Government Employee,530000.0,Agra,Uttar Pradesh,Mass Market
C02404,Shreya Iyer,Female,41,Divorced,Salaried,1039000.0,Dehradun,Uttarakhand,Affluent
C02405,Dinesh Krishnan,Male,51,Married,Professional,1651000.0,Dehradun,Uttarakhand,Affluent
C02406,Radha Reddy,Female,44,Married,Self-Employed,1805000.0,Dehradun,Uttarakhand,Affluent
C02407,Dinesh Joshi,Male,39,Widowed,Salaried,670000.0,Kochi,Kerala,Mass Market
C02408,Amit Rao,Male,70,Divorced,Retired,610000.0,Madurai,Tamil Nadu,Mass Market
C02409,Usha Thakur,Female,27,Single,Salaried,662000.0,Indore,Madhya Pradesh,Young Professional
C02410,Tarun Singh,Male,23,Single,Government Employee,338000.0,Raipur,Chhattisgarh,Mass Market
C02411,Girish Patel,Male,56,Married,Professional,1288000.0,Madurai,Tamil Nadu,Affluent
C02412,Bhavesh Aggarwal,Male,44,Single,Professional,2044000.0,Mumbai,Maharashtra,Premium
C02413,Charu Nair,Female,36,Single,Salaried,468000.0,Patna,Bihar,Mass Market
C02414,Kajal Desai,Female,32,Married,Self-Employed,991000.0,Jodhpur,Rajasthan,Mass Market
C02415,Deepa Menon,Female,46,Married,Salaried,860000.0,Mysuru,Karnataka,Mass Market
C02416,Shweta Das,Female,50,Widowed,Business Owner,3624000.0,Kanpur,Uttar Pradesh,Premium
C02417,Nakul Gupta,Male,48,Married,Self-Employed,2199000.0,Jodhpur,Rajasthan,Premium
C02418,Usha Malhotra,Female,43,Married,Salaried,895000.0,Ghaziabad,Uttar Pradesh,Mass Market
C02419,Kajal Iyengar,Female,44,Married,Salaried,1141000.0,Jodhpur,Rajasthan,Affluent
C02420,Saanvi Rao,Female,38,Married,Self-Employed,1762000.0,Delhi,Delhi,Affluent
C02421,Saurabh Aggarwal,Male,59,Married,Self-Employed,1604000.0,Visakhapatnam,Andhra Pradesh,Affluent
C02422,Rajesh Jain,Male,58,Married,Business Owner,2896000.0,Gurugram,Haryana,Premium
C02423,Charu Nair,Female,44,Married,Professional,1750000.0,Vadodara,Gujarat,Affluent
C02424,Naveen Verma,Male,34,Married,Self-Employed,1633000.0,Noida,Uttar Pradesh,Affluent
C02425,Chitra Malhotra,Female,37,Divorced,Retired,529000.0,Pune,Maharashtra,Mass Market
C02426,Simran Anand,Female,26,Married,Self-Employed,613000.0,Ahmedabad,Gujarat,Young Professional
C02427,Farah Deshmukh,Female,57,Married,Salaried,1081000.0,Gurugram,Haryana,Affluent
C02428,Advait Trivedi,Male,51,Married,Business Owner,3149000.0,Visakhapatnam,Andhra Pradesh,Premium
C02429,Ashwin Kapoor,Male,38,Married,Salaried,1164000.0,Pune,Maharashtra,Affluent
C02430,Ananya Kulkarni,Female,50,Married,Salaried,1004000.0,Mysuru,Karnataka,Affluent
C02431,Preeti Anand,Female,50,Married,Salaried,944000.0,Visakhapatnam,Andhra Pradesh,Mass Market
C02432,Swati Bose,Female,51,Married,Self-Employed,939000.0,Hyderabad,Telangana,Mass Market
C02433,Deepa Mishra,Female,36,Single,Business Owner,3205000.0,Amritsar,Punjab,Premium
C02434,Priya Mukherjee,Female,45,Married,Salaried,784000.0,Lucknow,Uttar Pradesh,Mass Market
C02435,Dinesh Aggarwal,Male,32,Married,Retired,634000.0,Nashik,Maharashtra,Mass Market
C02436,Krishna Das,Male,39,Married,Salaried,857000.0,Agra,Uttar Pradesh,Mass Market
C02437,Karan Kapoor,Male,24,Single,Salaried,333000.0,Vadodara,Gujarat,Mass Market
C02438,Siddharth Bhatt,Male,43,Married,Government Employee,700000.0,Nagpur,Maharashtra,Mass Market
C02439,Gaurav Chopra,Male,57,Married,Retired,490000.0,Kolkata,West Bengal,Mass Market
C02440,Aakash Subramaniam,Male,60,Married,Salaried,1540000.0,Ludhiana,Punjab,Affluent
C02441,Rakesh Srivastava,Male,42,Single,Salaried,572000.0,Ghaziabad,Uttar Pradesh,Mass Market
C02442,Meera Chopra,Female,55,Divorced,Salaried,968000.0,Nashik,Maharashtra,Mass Market
C02443,Sunil Subramaniam,Male,23,Single,Salaried,290000.0,Madurai,Tamil Nadu,Mass Market
C02444,Vivaan Joshi,Male,34,Single,Business Owner,3141000.0,Surat,Gujarat,Premium
C02445,Vishal Pandey,Male,34,Married,Self-Employed,869000.0,Raipur,Chhattisgarh,Mass Market
C02446,Bhavesh Ghosh,Male,70,Married,Professional,3052000.0,Noida,Uttar Pradesh,Premium
C02447,Sunita Iyer,Female,36,Divorced,Self-Employed,1949000.0,Lucknow,Uttar Pradesh,Affluent
C02448,Ajay Raut,Male,27,Divorced,Business Owner,1380000.0,Surat,Gujarat,Affluent
C02449,Kavita Yadav,Female,55,Single,Government Employee,761000.0,Nagpur,Maharashtra,Mass Market
C02450,Anjali Mehta,Female,51,Married,Self-Employed,1706000.0,Amritsar,Punjab,Affluent
C02451,Aditya Thakur,Male,46,Married,Business Owner,6298000.0,Jaipur,Rajasthan,Premium
C02452,Rachna Trivedi,Female,38,Married,Retired,384000.0,Agra,Uttar Pradesh,Mass Market
C02453,Manoj Subramaniam,Male,21,Single,Government Employee,415000.0,Nashik,Maharashtra,Mass Market
C02454,Riya Nair,Female,45,Married,Self-Employed,781000.0,Dehradun,Uttarakhand,Mass Market
C02455,Diya Chandra,Female,46,Married,Salaried,656000.0,Ghaziabad,Uttar Pradesh,Mass Market
C02456,Kiran Joshi,Female,39,Married,Salaried,827000.0,Pune,Maharashtra,Mass Market
C02457,Vijay Sen,Male,35,Married,Business Owner,3844000.0,Surat,Gujarat,Premium
C02458,Sneha Joshi,Female,40,Married,Business Owner,1589000.0,Jaipur,Rajasthan,Affluent
C02459,Om Trivedi,Male,58,Married,Retired,552000.0,Chennai,Tamil Nadu,Mass Market
C02460,Karan Verma,Male,21,Single,Salaried,504000.0,Pune,Maharashtra,Young Professional
C02461,Farah Gupta,Female,35,Married,Self-Employed,789000.0,Gurugram,Haryana,Mass Market
C02462,Sunita Gupta,Female,46,Single,Self-Employed,856000.0,Nagpur,Maharashtra,Mass Market
C02463,Neha Thakur,Female,54,Widowed,Government Employee,1210000.0,Faridabad,Haryana,Affluent
C02464,Mahesh Gupta,Male,21,Single,Salaried,261000.0,Pune,Maharashtra,Mass Market
C02465,Saurabh Saxena,Male,25,Single,Self-Employed,682000.0,Ahmedabad,Gujarat,Young Professional
C02466,Sanjay Pillai,Male,43,Single,Salaried,801000.0,Mumbai,Maharashtra,Mass Market
C02467,Pankaj Anand,Male,43,Divorced,Retired,492000.0,Pune,Maharashtra,Mass Market
C02468,Sarita Saxena,Female,70,Married,Retired,522000.0,Nagpur,Maharashtra,Mass Market
C02469,Vihaan Patel,Male,36,Married,Salaried,746000.0,Agra,Uttar Pradesh,Mass Market
C02470,Chitra Sinha,Female,47,Married,Business Owner,1697000.0,Surat,Gujarat,Affluent
C02471,Devendra Mishra,Male,30,Single,Self-Employed,1084000.0,Madurai,Tamil Nadu,Affluent
C02472,Pihu Nayak,Female,47,Married,Business Owner,3098000.0,Lucknow,Uttar Pradesh,Premium
C02473,Jyoti Kapoor,Female,40,Married,Business Owner,2786000.0,Varanasi,Uttar Pradesh,Premium
C02474,Rohan Shah,Male,45,Married,Salaried,1449000.0,Mysuru,Karnataka,Affluent
C02475,Aadhya Khanna,Female,41,Married,Business Owner,2106000.0,Madurai,Tamil Nadu,Premium
C02476,Varun Das,Male,48,Widowed,Government Employee,566000.0,Indore,Madhya Pradesh,Mass Market
C02477,Saanvi Solanki,Female,31,Married,Salaried,426000.0,Lucknow,Uttar Pradesh,Mass Market
C02478,Ritu Naidu,Female,51,Married,Salaried,940000.0,Kolkata,West Bengal,Mass Market
C02479,Lavanya Pandey,Female,56,Married,Salaried,807000.0,Faridabad,Haryana,Mass Market
C02480,Sarita Rathore,Female,43,Divorced,Professional,2052000.0,Madurai,Tamil Nadu,Premium
C02481,Sarita Raut,Female,47,Single,Business Owner,1608000.0,Kolkata,West Bengal,Affluent
C02482,Shweta Chauhan,Female,38,Married,Government Employee,371000.0,Agra,Uttar Pradesh,Mass Market
C02483,Vijay Yadav,Male,32,Married,Professional,2235000.0,Indore,Madhya Pradesh,Premium
C02484,Aakash Mehta,Male,56,Single,Business Owner,3145000.0,Pune,Maharashtra,Premium
C02485,Anil Khanna,Male,62,Married,Retired,614000.0,Amritsar,Punjab,Mass Market
C02486,Oindrila Bhatt,Female,63,Married,Business Owner,3860000.0,Jaipur,Rajasthan,Premium
C02487,Vishal Arora,Male,43,Married,Self-Employed,1427000.0,Nashik,Maharashtra,Affluent
C02488,Divya Bose,Female,41,Married,Business Owner,4774000.0,Bengaluru,Karnataka,Premium
C02489,Kavita Tiwari,Female,25,Single,Self-Employed,1183000.0,Noida,Uttar Pradesh,Affluent
C02490,Jaya Bansal,Female,41,Single,Salaried,1024000.0,Vadodara,Gujarat,Affluent
C02491,Aryan Iyengar,Male,24,Married,Professional,1431000.0,Ghaziabad,Uttar Pradesh,Affluent
C02492,Bhavesh Das,Male,44,Married,Self-Employed,868000.0,Jodhpur,Rajasthan,Mass Market
C02493,Varun Kulkarni,Male,31,Single,Salaried,829000.0,Kochi,Kerala,Mass Market
C02494,Advait Sinha,Male,41,Married,Salaried,1059000.0,Ahmedabad,Gujarat,Affluent
C02495,Geeta Sharma,Female,36,Married,Professional,2293000.0,Nashik,Maharashtra,Premium
C02496,Vikram Dubey,Male,28,Married,Business Owner,4125000.0,Noida,Uttar Pradesh,Premium
C02497,Divya Mehta,Female,34,Married,Self-Employed,1685000.0,Dehradun,Uttarakhand,Affluent
C02498,Sonal Dubey,Female,38,Single,Retired,457000.0,Surat,Gujarat,Mass Market
C02499,Sunita Chandra,Female,49,Married,Salaried,1105000.0,Madurai,Tamil Nadu,Affluent
C02500,Rohan Pandey,Male,57,Single,Salaried,1540000.0,Lucknow,Uttar Pradesh,Affluent
C02501,Yash Menon,Male,31,Married,Salaried,433000.0,Nagpur,Maharashtra,Mass Market
C02502,Aarti Mehta,Female,62,Married,Retired,461000.0,Vijayawada,Andhra Pradesh,Mass Market
C02503,Om Solanki,Male,49,Married,Salaried,749000.0,Thane,Maharashtra,Mass Market
C02504,Chitra Bhatt,Female,50,Married,Self-Employed,1898000.0,Noida,Uttar Pradesh,Affluent
C02505,Bhavna Bhatt,Female,53,Divorced,Retired,412000.0,Madurai,Tamil Nadu,Mass Market
C02506,Nidhi Thakur,Female,50,Married,Retired,408000.0,Guwahati,Assam,Mass Market
C02507,Arvind Malhotra,Male,50,Married,Salaried,992000.0,Vijayawada,Andhra Pradesh,Mass Market
C02508,Chitra Rao,Female,52,Married,Salaried,1106000.0,Faridabad,Haryana,Affluent
C02509,Sunita Mehta,Female,42,Married,Retired,545000.0,Amritsar,Punjab,Mass Market
C02510,Nandini Malhotra,Female,60,Married,Self-Employed,1000000.0,Visakhapatnam,Andhra Pradesh,Affluent
C02511,Manoj Verma,Male,28,Married,Professional,2050000.0,Thane,Maharashtra,Premium
C02512,Krishna Raut,Male,21,Married,Self-Employed,477000.0,Kolkata,West Bengal,Young Professional
C02513,Oindrila Srivastava,Female,35,Married,Professional,2879000.0,Ahmedabad,Gujarat,Premium
C02514,Geeta Tiwari,Female,23,Married,Salaried,654000.0,Delhi,Delhi,Young Professional
C02515,Isha Rao,Female,49,Married,Salaried,683000.0,Vijayawada,Andhra Pradesh,Mass Market
C02516,Meera Bhatt,Female,46,Married,Salaried,911000.0,Ghaziabad,Uttar Pradesh,Mass Market
C02517,Parth Pillai,Male,34,Married,Salaried,458000.0,Ahmedabad,Gujarat,Mass Market
C02518,Abhishek Das,Male,44,Married,Self-Employed,1521000.0,Amritsar,Punjab,Affluent
C02519,Nakul Kapoor,Male,54,Widowed,Retired,542000.0,Noida,Uttar Pradesh,Mass Market
C02520,Riya Krishnan,Female,64,Married,Business Owner,4141000.0,Visakhapatnam,Andhra Pradesh,Premium
C02521,Ananya Sinha,Female,53,Divorced,Salaried,1053000.0,Ranchi,Jharkhand,Affluent
C02522,Farah Jadhav,Female,44,Single,Salaried,665000.0,Bengaluru,Karnataka,Mass Market
C02523,Mohit Rathore,Male,54,Married,Self-Employed,1032000.0,Pune,Maharashtra,Affluent
C02524,Shweta Rathore,Female,41,Married,Government Employee,676000.0,Ludhiana,Punjab,Mass Market
C02525,Ishita Gupta,Female,66,Widowed,Self-Employed,989000.0,Amritsar,Punjab,Mass Market
C02526,Saurabh Jadhav,Male,44,Married,Self-Employed,2258000.0,Kanpur,Uttar Pradesh,Premium
C02527,Nandini Chauhan,Female,26,Married,Salaried,562000.0,Lucknow,Uttar Pradesh,Young Professional
C02528,Kunal Desai,Male,21,Single,Self-Employed,558000.0,Jaipur,Rajasthan,Young Professional
C02529,Nandini Bhatt,Female,57,Married,Salaried,1117000.0,Chandigarh,Chandigarh,Affluent
C02530,Nakul Saxena,Male,54,Married,Government Employee,1048000.0,Pune,Maharashtra,Affluent
C02531,Advait Thakur,Male,52,Single,Professional,2931000.0,Jodhpur,Rajasthan,Premium
C02532,Ramesh Kapoor,Male,38,Married,Government Employee,838000.0,Jodhpur,Rajasthan,Mass Market
C02533,Puneet Banerjee,Male,31,Single,Self-Employed,1137000.0,Hyderabad,Telangana,Affluent
C02534,Girish Agarwal,Male,21,Single,Salaried,493000.0,Noida,Uttar Pradesh,Young Professional
C02535,Radha Bose,Female,35,Married,Professional,1211000.0,Agra,Uttar Pradesh,Affluent
C02536,Vihaan Anand,Male,27,Single,Salaried,846000.0,Hyderabad,Telangana,Young Professional
C02537,Suresh Raut,Male,32,Married,Salaried,541000.0,Bengaluru,Karnataka,Mass Market
C02538,Devendra Krishnan,Male,38,Married,Government Employee,725000.0,Nashik,Maharashtra,Mass Market
C02539,Vihaan Bhatt,Male,49,Married,Professional,1534000.0,Madurai,Tamil Nadu,Affluent
C02540,Shweta Shah,Female,50,Married,Business Owner,3375000.0,Coimbatore,Tamil Nadu,Premium
C02541,Pallavi Mishra,Female,32,Married,Government Employee,715000.0,Kochi,Kerala,Mass Market
C02542,Devendra Kumar,Male,60,Married,Professional,3791000.0,Bhubaneswar,Odisha,Premium
C02543,Shalini Chatterjee,Female,39,Married,Business Owner,4624000.0,Bhopal,Madhya Pradesh,Premium
C02544,Divya Naidu,Female,21,Single,Salaried,513000.0,Ghaziabad,Uttar Pradesh,Young Professional
C02545,Rachna Mehta,Female,21,Single,Professional,447000.0,Ahmedabad,Gujarat,Young Professional
C02546,Lata Verma,Female,46,Divorced,Professional,1232000.0,Coimbatore,Tamil Nadu,Affluent
C02547,Isha Gupta,Female,66,Married,Professional,2934000.0,Ranchi,Jharkhand,Premium
C02548,Om Bhatia,Male,55,Married,Salaried,1203000.0,Amritsar,Punjab,Affluent
C02549,Dinesh Mukherjee,Male,37,Divorced,Retired,357000.0,Faridabad,Haryana,Mass Market
C02550,Advait Anand,Male,36,Married,Self-Employed,1381000.0,Delhi,Delhi,Affluent
C02551,Aakash Tiwari,Male,41,Married,Professional,3629000.0,Delhi,Delhi,Premium
C02552,Mohit Bose,Male,54,Married,Self-Employed,1107000.0,Mysuru,Karnataka,Affluent
C02553,Meera Krishnan,Female,50,Married,Salaried,1287000.0,Mysuru,Karnataka,Affluent
C02554,Meera Trivedi,Female,51,Married,Salaried,647000.0,Noida,Uttar Pradesh,Mass Market
C02555,Yash Malhotra,Male,36,Married,Salaried,721000.0,Indore,Madhya Pradesh,Mass Market
C02556,Yash Reddy,Male,32,Married,Salaried,520000.0,Faridabad,Haryana,Mass Market
C02557,Saurabh Pandey,Male,36,Divorced,Retired,593000.0,Varanasi,Uttar Pradesh,Mass Market
C02558,Abhishek Malhotra,Male,52,Married,Professional,2510000.0,Kochi,Kerala,Premium
C02559,Ravi Das,Male,38,Married,Salaried,1425000.0,Ahmedabad,Gujarat,Affluent
C02560,Krishna Sen,Male,30,Married,Retired,370000.0,Visakhapatnam,Andhra Pradesh,Mass Market
C02561,Arvind Krishnan,Male,21,Married,Government Employee,251000.0,Mysuru,Karnataka,Mass Market
C02562,Shreya Desai,Female,37,Married,Self-Employed,1259000.0,Thane,Maharashtra,Affluent
C02563,Sanjay Anand,Male,37,Divorced,Retired,535000.0,Madurai,Tamil Nadu,Mass Market
C02564,Rakesh Singh,Male,51,Married,Salaried,1376000.0,Coimbatore,Tamil Nadu,Affluent
C02565,Advait Chauhan,Male,34,Single,Salaried,672000.0,Mysuru,Karnataka,Mass Market
C02566,Pallavi Pillai,Female,42,Married,Professional,2823000.0,Indore,Madhya Pradesh,Premium
C02567,Saurabh Kapoor,Male,43,Married,Salaried,1127000.0,Ahmedabad,Gujarat,Affluent
C02568,Farah Saxena,Female,48,Married,Government Employee,694000.0,Ghaziabad,Uttar Pradesh,Mass Market
C02569,Aakash Menon,Male,37,Married,Salaried,840000.0,Ranchi,Jharkhand,Mass Market
C02570,Arvind Banerjee,Male,62,Married,Business Owner,3895000.0,Bhubaneswar,Odisha,Premium
C02571,Jaya Saxena,Female,54,Married,Business Owner,6600000.0,Varanasi,Uttar Pradesh,Premium
C02572,Siddharth Jadhav,Male,62,Divorced,Professional,2355000.0,Jodhpur,Rajasthan,Premium
C02573,Sarita Bhatia,Female,47,Single,Retired,421000.0,Delhi,Delhi,Mass Market
C02574,Ritu Saxena,Female,56,Married,Government Employee,928000.0,Noida,Uttar Pradesh,Mass Market
C02575,Rakesh Prasad,Male,21,Single,Business Owner,2240000.0,Amritsar,Punjab,Premium
C02576,Kabir Prasad,Male,37,Married,Government Employee,407000.0,Ranchi,Jharkhand,Mass Market
C02577,Ishaan Khanna,Male,31,Married,Business Owner,2515000.0,Mysuru,Karnataka,Premium
C02578,Rajiv Rana,Male,58,Married,Retired,405000.0,Nagpur,Maharashtra,Mass Market
C02579,Jyoti Rao,Female,46,Married,Salaried,1154000.0,Surat,Gujarat,Affluent
C02580,Kabir Yadav,Male,21,Married,Self-Employed,398000.0,Ghaziabad,Uttar Pradesh,Mass Market
C02581,Rohan Aggarwal,Male,29,Married,Salaried,693000.0,Ludhiana,Punjab,Young Professional
C02582,Gauri Mukherjee,Female,50,Married,Self-Employed,426000.0,Indore,Madhya Pradesh,Mass Market
C02583,Preeti Banerjee,Female,29,Married,Salaried,499000.0,Vadodara,Gujarat,Young Professional
C02584,Jyoti Dubey,Female,40,Married,Salaried,785000.0,Vijayawada,Andhra Pradesh,Mass Market
C02585,Kavita Rao,Female,42,Single,Business Owner,2298000.0,Bhopal,Madhya Pradesh,Premium
C02586,Diya Chatterjee,Female,36,Married,Salaried,1183000.0,Nagpur,Maharashtra,Affluent
C02587,Kajal Malhotra,Female,33,Married,Salaried,533000.0,Ghaziabad,Uttar Pradesh,Mass Market
C02588,Farah Chauhan,Female,37,Single,Government Employee,731000.0,Jodhpur,Rajasthan,Mass Market
C02589,Rani Reddy,Female,31,Married,Business Owner,1997000.0,Bengaluru,Karnataka,Affluent
C02590,Deepa Verma,Female,56,Married,Government Employee,993000.0,Patna,Bihar,Mass Market
C02591,Prakash Saxena,Male,40,Married,Government Employee,928000.0,Visakhapatnam,Andhra Pradesh,Mass Market
C02592,Nikhil Jain,Male,47,Married,Salaried,1373000.0,Jodhpur,Rajasthan,Affluent
C02593,Nakul Pillai,Male,21,Married,Business Owner,2462000.0,Bengaluru,Karnataka,Premium
C02594,Neha Deshmukh,Female,70,Married,Retired,331000.0,Delhi,Delhi,Mass Market
C02595,Aakash Bansal,Male,39,Divorced,Retired,407000.0,Chennai,Tamil Nadu,Mass Market
C02596,Rohan Kamble,Male,46,Married,Retired,504000.0,Ghaziabad,Uttar Pradesh,Mass Market
C02597,Rajiv Saxena,Male,50,Widowed,Business Owner,1539000.0,Bhubaneswar,Odisha,Affluent
C02598,Sonal Sinha,Female,50,Married,Salaried,1005000.0,Chennai,Tamil Nadu,Affluent
C02599,Harish Mehta,Male,45,Married,Business Owner,2888000.0,Jaipur,Rajasthan,Premium
C02600,Rajesh Khanna,Male,44,Married,Salaried,647000.0,Mysuru,Karnataka,Mass Market
C02601,Vidya Malhotra,Female,37,Married,Self-Employed,1504000.0,Madurai,Tamil Nadu,Affluent
C02602,Harish Bansal,Male,38,Married,Salaried,907000.0,Chennai,Tamil Nadu,Mass Market
C02603,Aditi Ghosh,Female,40,Married,Retired,323000.0,Pune,Maharashtra,Mass Market
C02604,Namrata Krishnan,Female,61,Widowed,Retired,332000.0,Madurai,Tamil Nadu,Mass Market
C02605,Om Iyer,Male,38,Married,Professional,1550000.0,Bhopal,Madhya Pradesh,Affluent
C02606,Vikram Nair,Male,47,Married,Self-Employed,1565000.0,Surat,Gujarat,Affluent
C02607,Prakash Rathore,Male,36,Married,Self-Employed,860000.0,Indore,Madhya Pradesh,Mass Market
C02608,Mahesh Deshmukh,Male,40,Married,Self-Employed,1479000.0,Bhubaneswar,Odisha,Affluent
C02609,Ishaan Malhotra,Male,34,Married,Salaried,1273000.0,Madurai,Tamil Nadu,Affluent
C02610,Komal Trivedi,Female,49,Married,Business Owner,2590000.0,Ranchi,Jharkhand,Premium
C02611,Aakash Chopra,Male,49,Divorced,Retired,763000.0,Pune,Maharashtra,Mass Market
C02612,Advait Srivastava,Male,34,Married,Retired,345000.0,Kochi,Kerala,Mass Market
C02613,Prakash Jadhav,Male,30,Married,Salaried,706000.0,Bhopal,Madhya Pradesh,Mass Market
C02614,Rajiv Thakur,Male,40,Widowed,Government Employee,768000.0,Surat,Gujarat,Mass Market
C02615,Kunal Verma,Male,37,Married,Retired,191000.0,Nashik,Maharashtra,Mass Market
C02616,Arjun Raut,Male,46,Divorced,Salaried,1199000.0,Vijayawada,Andhra Pradesh,Affluent
C02617,Harish Banerjee,Male,21,Single,Salaried,466000.0,Hyderabad,Telangana,Young Professional
C02618,Namrata Sen,Female,38,Married,Professional,1221000.0,Jodhpur,Rajasthan,Affluent
C02619,Rajesh Chopra,Male,34,Married,Salaried,551000.0,Nashik,Maharashtra,Mass Market
C02620,Aryan Tiwari,Male,44,Single,Salaried,990000.0,Bhopal,Madhya Pradesh,Mass Market
C02621,Puneet Prasad,Male,31,Single,Professional,979000.0,Mumbai,Maharashtra,Mass Market
C02622,Saurabh Patel,Male,37,Married,Business Owner,5102000.0,Visakhapatnam,Andhra Pradesh,Premium
C02623,Saurabh Iyer,Male,63,Married,Professional,3054000.0,Bhopal,Madhya Pradesh,Premium
C02624,Aryan Aggarwal,Male,64,Married,Retired,278000.0,Lucknow,Uttar Pradesh,Mass Market
C02625,Gauri Pillai,Female,23,Single,Self-Employed,1154000.0,Ludhiana,Punjab,Affluent
C02626,Prakash Deshmukh,Male,52,Married,Salaried,1267000.0,Bengaluru,Karnataka,Affluent
C02627,Nakul Thakur,Male,39,Divorced,Salaried,1024000.0,Chennai,Tamil Nadu,Affluent
C02628,Tanvi Desai,Female,55,Widowed,Salaried,1138000.0,Bhubaneswar,Odisha,Affluent
C02629,Sanjay Subramaniam,Male,40,Married,Salaried,1047000.0,Kochi,Kerala,Affluent
C02630,Sandeep Kapoor,Male,50,Married,Government Employee,627000.0,Lucknow,Uttar Pradesh,Mass Market
C02631,Nidhi Yadav,Female,52,Married,Salaried,594000.0,Ahmedabad,Gujarat,Mass Market
C02632,Sameer Rana,Male,57,Married,Salaried,892000.0,Vijayawada,Andhra Pradesh,Mass Market
C02633,Priya Jain,Female,61,Married,Business Owner,2257000.0,Delhi,Delhi,Premium
C02634,Harleen Pillai,Female,54,Married,Self-Employed,1041000.0,Kanpur,Uttar Pradesh,Affluent
C02635,Saanvi Dubey,Female,63,Widowed,Retired,240000.0,Jaipur,Rajasthan,Mass Market
C02636,Rachna Bose,Female,54,Married,Retired,368000.0,Nagpur,Maharashtra,Mass Market
C02637,Divya Mehta,Female,36,Married,Salaried,470000.0,Mysuru,Karnataka,Mass Market
C02638,Shalini Khanna,Female,62,Married,Retired,354000.0,Lucknow,Uttar Pradesh,Mass Market
C02639,Bhavesh Pillai,Male,40,Married,Professional,1656000.0,Jaipur,Rajasthan,Affluent
C02640,Dhruv Thakur,Male,21,Married,Professional,903000.0,Ludhiana,Punjab,Young Professional
C02641,Sandeep Nair,Male,49,Married,Government Employee,1029000.0,Jaipur,Rajasthan,Affluent
C02642,Sameer Krishnan,Male,58,Married,Business Owner,5929000.0,Madurai,Tamil Nadu,Premium
C02643,Abhishek Patel,Male,45,Widowed,Self-Employed,1101000.0,Vadodara,Gujarat,Affluent
C02644,Ashwin Nair,Male,38,Widowed,Salaried,501000.0,Bhubaneswar,Odisha,Mass Market
C02645,Shweta Sinha,Female,56,Married,Business Owner,4319000.0,Guwahati,Assam,Premium
C02646,Ajay Verma,Male,31,Married,Salaried,509000.0,Mysuru,Karnataka,Mass Market
C02647,Vijay Naidu,Male,25,Divorced,Business Owner,1791000.0,Delhi,Delhi,Affluent
C02648,Shaurya Menon,Male,40,Married,Business Owner,1208000.0,Chennai,Tamil Nadu,Affluent
C02649,Gaurav Kumar,Male,52,Married,Salaried,1319000.0,Visakhapatnam,Andhra Pradesh,Affluent
C02650,Om Bansal,Male,50,Married,Government Employee,486000.0,Guwahati,Assam,Mass Market
C02651,Ashok Patel,Male,37,Married,Self-Employed,1158000.0,Visakhapatnam,Andhra Pradesh,Affluent
C02652,Lata Sinha,Female,43,Married,Self-Employed,377000.0,Nashik,Maharashtra,Mass Market
C02653,Rajesh Sharma,Male,32,Married,Salaried,615000.0,Mysuru,Karnataka,Mass Market
C02654,Kabir Nayak,Male,48,Married,Professional,2152000.0,Raipur,Chhattisgarh,Premium
C02655,Parth Mehta,Male,46,Married,Self-Employed,1224000.0,Amritsar,Punjab,Affluent
C02656,Pankaj Menon,Male,30,Single,Salaried,947000.0,Thane,Maharashtra,Mass Market
C02657,Vishal Chandra,Male,44,Married,Salaried,1092000.0,Patna,Bihar,Affluent
C02658,Girish Joshi,Male,54,Divorced,Salaried,1540000.0,Noida,Uttar Pradesh,Affluent
C02659,Pankaj Bansal,Male,48,Married,Business Owner,3247000.0,Kochi,Kerala,Premium
C02660,Vishal Solanki,Male,57,Widowed,Salaried,1276000.0,Indore,Madhya Pradesh,Affluent
C02661,Dinesh Nair,Male,32,Married,Business Owner,3253000.0,Nagpur,Maharashtra,Premium
C02662,Swati Verma,Female,51,Widowed,Salaried,617000.0,Bhubaneswar,Odisha,Mass Market
C02663,Sandeep Chatterjee,Male,34,Married,Salaried,635000.0,Vadodara,Gujarat,Mass Market
C02664,Ira Naidu,Female,46,Single,Self-Employed,1179000.0,Varanasi,Uttar Pradesh,Affluent
C02665,Ashwin Anand,Male,43,Married,Salaried,570000.0,Bhopal,Madhya Pradesh,Mass Market
C02666,Rahul Sharma,Male,47,Married,Retired,488000.0,Amritsar,Punjab,Mass Market
C02667,Deepa Deshmukh,Female,46,Married,Self-Employed,1489000.0,Gurugram,Haryana,Affluent
C02668,Sonal Srivastava,Female,34,Single,Government Employee,334000.0,Ludhiana,Punjab,Mass Market
C02669,Mohit Desai,Male,51,Widowed,Business Owner,5077000.0,Indore,Madhya Pradesh,Premium
C02670,Mahesh Singh,Male,61,Married,Professional,1850000.0,Kochi,Kerala,Affluent
C02671,Neha Kumar,Female,38,Married,Business Owner,5093000.0,Kolkata,West Bengal,Premium
C02672,Jyoti Thakur,Female,42,Married,Professional,2493000.0,Coimbatore,Tamil Nadu,Premium
C02673,Kavya Sharma,Female,39,Married,Government Employee,672000.0,Agra,Uttar Pradesh,Mass Market
C02674,Girish Sen,Male,29,Divorced,Salaried,493000.0,Visakhapatnam,Andhra Pradesh,Young Professional
C02675,Komal Joshi,Female,44,Married,Business Owner,6165000.0,Guwahati,Assam,Premium
C02676,Reyansh Anand,Male,30,Divorced,Self-Employed,486000.0,Jodhpur,Rajasthan,Mass Market
C02677,Sandeep Reddy,Male,57,Married,Salaried,1383000.0,Kanpur,Uttar Pradesh,Affluent
C02678,Oindrila Prasad,Female,29,Single,Government Employee,562000.0,Faridabad,Haryana,Mass Market
C02679,Kajal Joshi,Female,40,Married,Salaried,757000.0,Coimbatore,Tamil Nadu,Mass Market
C02680,Aakash Desai,Male,60,Married,Salaried,1193000.0,Chennai,Tamil Nadu,Affluent
C02681,Kabir Rao,Male,21,Single,Self-Employed,628000.0,Raipur,Chhattisgarh,Young Professional
C02682,Kavita Bose,Female,27,Married,Business Owner,3530000.0,Visakhapatnam,Andhra Pradesh,Premium
C02683,Rekha Malhotra,Female,41,Married,Salaried,654000.0,Bengaluru,Karnataka,Mass Market
C02684,Rajiv Prasad,Male,43,Married,Self-Employed,1421000.0,Patna,Bihar,Affluent
C02685,Vishal Kamble,Male,47,Married,Self-Employed,1637000.0,Kochi,Kerala,Affluent
C02686,Sandeep Khanna,Male,36,Married,Professional,1851000.0,Visakhapatnam,Andhra Pradesh,Affluent
C02687,Farah Kamble,Female,27,Married,Self-Employed,736000.0,Ludhiana,Punjab,Young Professional
C02688,Aakash Chandra,Male,47,Married,Professional,2708000.0,Lucknow,Uttar Pradesh,Premium
C02689,Ashok Arora,Male,36,Married,Retired,335000.0,Noida,Uttar Pradesh,Mass Market
C02690,Priya Menon,Female,23,Single,Government Employee,534000.0,Dehradun,Uttarakhand,Mass Market
C02691,Krishna Iyengar,Male,54,Married,Salaried,1109000.0,Surat,Gujarat,Affluent
C02692,Arjun Thakur,Male,43,Married,Salaried,600000.0,Kanpur,Uttar Pradesh,Mass Market
C02693,Preeti Desai,Female,48,Married,Retired,486000.0,Visakhapatnam,Andhra Pradesh,Mass Market
C02694,Kabir Mehta,Male,56,Single,Salaried,828000.0,Amritsar,Punjab,Mass Market
C02695,Reyansh Rathore,Male,46,Married,Retired,515000.0,Noida,Uttar Pradesh,Mass Market
C02696,Nakul Rana,Male,45,Married,Government Employee,976000.0,Agra,Uttar Pradesh,Mass Market
C02697,Kavita Kulkarni,Female,43,Married,Government Employee,659000.0,Noida,Uttar Pradesh,Mass Market
C02698,Anita Mishra,Female,56,Married,Professional,3850000.0,Surat,Gujarat,Premium
C02699,Pankaj Deshmukh,Male,40,Married,Business Owner,3413000.0,Chennai,Tamil Nadu,Premium
C02700,Siddharth Raut,Male,33,Single,Salaried,539000.0,Vadodara,Gujarat,Mass Market
C02701,Bhavna Bhatia,Female,28,Single,Self-Employed,683000.0,Lucknow,Uttar Pradesh,Young Professional
C02702,Ritu Anand,Female,37,Married,Professional,864000.0,Madurai,Tamil Nadu,Mass Market
C02703,Sarita Yadav,Female,43,Married,Professional,1174000.0,Mumbai,Maharashtra,Affluent
C02704,Naveen Nayak,Male,35,Divorced,Government Employee,603000.0,Ahmedabad,Gujarat,Mass Market
C02705,Sanjay Jadhav,Male,36,Married,Retired,558000.0,Noida,Uttar Pradesh,Mass Market
C02706,Diya Das,Female,36,Divorced,Business Owner,1347000.0,Coimbatore,Tamil Nadu,Affluent
C02707,Sonal Pandey,Female,45,Married,Business Owner,5239000.0,Pune,Maharashtra,Premium
C02708,Vikram Raut,Male,53,Married,Self-Employed,2203000.0,Madurai,Tamil Nadu,Premium
C02709,Ashok Verma,Male,40,Married,Government Employee,835000.0,Ludhiana,Punjab,Mass Market
C02710,Jaya Raut,Female,22,Single,Salaried,273000.0,Chennai,Tamil Nadu,Mass Market
C02711,Jaya Aggarwal,Female,48,Married,Salaried,1061000.0,Gurugram,Haryana,Affluent
C02712,Saanvi Ghosh,Female,37,Widowed,Salaried,884000.0,Patna,Bihar,Mass Market
C02713,Ira Bose,Female,32,Single,Self-Employed,505000.0,Bengaluru,Karnataka,Mass Market
C02714,Suresh Iyer,Male,49,Married,Self-Employed,1536000.0,Mysuru,Karnataka,Affluent
C02715,Vishal Bose,Male,41,Married,Government Employee,530000.0,Hyderabad,Telangana,Mass Market
C02716,Anjali Arora,Female,43,Married,Self-Employed,776000.0,Hyderabad,Telangana,Mass Market
C02717,Girish Patel,Male,21,Single,Self-Employed,196000.0,Vijayawada,Andhra Pradesh,Mass Market
C02718,Vidya Nair,Female,46,Married,Business Owner,1635000.0,Guwahati,Assam,Affluent
C02719,Arvind Patel,Male,34,Divorced,Government Employee,752000.0,Bhopal,Madhya Pradesh,Mass Market
C02720,Pankaj Reddy,Male,32,Married,Self-Employed,733000.0,Delhi,Delhi,Mass Market
C02721,Arvind Das,Male,55,Married,Government Employee,977000.0,Chandigarh,Chandigarh,Mass Market
C02722,Anita Sen,Female,31,Single,Professional,2066000.0,Surat,Gujarat,Premium
C02723,Kabir Chandra,Male,54,Widowed,Salaried,895000.0,Noida,Uttar Pradesh,Mass Market
C02724,Rekha Mishra,Female,40,Single,Self-Employed,1738000.0,Ghaziabad,Uttar Pradesh,Affluent
C02725,Ashwin Kapoor,Male,58,Married,Self-Employed,601000.0,Kolkata,West Bengal,Mass Market
C02726,Nandini Rathore,Female,31,Married,Retired,682000.0,Nagpur,Maharashtra,Mass Market
C02727,Lavanya Mukherjee,Female,33,Single,Professional,1210000.0,Chandigarh,Chandigarh,Affluent
C02728,Ekta Patel,Female,45,Married,Business Owner,1936000.0,Mysuru,Karnataka,Affluent
C02729,Komal Agarwal,Female,35,Married,Professional,2730000.0,Kochi,Kerala,Premium
C02730,Kabir Aggarwal,Male,42,Married,Salaried,670000.0,Kanpur,Uttar Pradesh,Mass Market
C02731,Amit Gupta,Male,39,Single,Self-Employed,1779000.0,Kochi,Kerala,Affluent
C02732,Riya Rana,Female,42,Widowed,Salaried,603000.0,Faridabad,Haryana,Mass Market
C02733,Nisha Prasad,Female,28,Married,Salaried,580000.0,Thane,Maharashtra,Young Professional
C02734,Rahul Das,Male,49,Married,Retired,698000.0,Noida,Uttar Pradesh,Mass Market
C02735,Farah Patel,Female,22,Single,Salaried,408000.0,Amritsar,Punjab,Young Professional
C02736,Usha Rao,Female,38,Single,Professional,2006000.0,Gurugram,Haryana,Premium
C02737,Usha Raut,Female,38,Married,Professional,2996000.0,Jaipur,Rajasthan,Premium
C02738,Ekta Das,Female,33,Single,Self-Employed,832000.0,Bhopal,Madhya Pradesh,Mass Market
C02739,Krishna Arora,Male,56,Widowed,Professional,3850000.0,Mysuru,Karnataka,Premium
C02740,Kavya Kapoor,Female,41,Married,Retired,555000.0,Ahmedabad,Gujarat,Mass Market
C02741,Ekta Yadav,Female,58,Married,Salaried,579000.0,Kolkata,West Bengal,Mass Market
C02742,Kajal Saxena,Female,38,Married,Self-Employed,458000.0,Kolkata,West Bengal,Mass Market
C02743,Mahesh Mishra,Male,29,Married,Self-Employed,721000.0,Mysuru,Karnataka,Young Professional
C02744,Divya Nayak,Female,45,Divorced,Professional,1696000.0,Visakhapatnam,Andhra Pradesh,Affluent
C02745,Ananya Mehta,Female,47,Married,Salaried,1288000.0,Faridabad,Haryana,Affluent
C02746,Geeta Pillai,Female,41,Married,Business Owner,3422000.0,Amritsar,Punjab,Premium
C02747,Sonal Gupta,Female,34,Single,Salaried,1048000.0,Kanpur,Uttar Pradesh,Affluent
C02748,Charu Jadhav,Female,37,Married,Salaried,753000.0,Chennai,Tamil Nadu,Mass Market
C02749,Aakash Anand,Male,29,Single,Salaried,921000.0,Ghaziabad,Uttar Pradesh,Young Professional
C02750,Ira Agarwal,Female,60,Married,Business Owner,5844000.0,Amritsar,Punjab,Premium
C02751,Yash Naidu,Male,44,Married,Salaried,802000.0,Visakhapatnam,Andhra Pradesh,Mass Market
C02752,Ritu Nair,Female,40,Married,Salaried,508000.0,Kanpur,Uttar Pradesh,Mass Market
C02753,Aparna Deshmukh,Female,35,Widowed,Professional,1941000.0,Chennai,Tamil Nadu,Affluent
C02754,Kabir Chopra,Male,21,Single,Self-Employed,590000.0,Kolkata,West Bengal,Young Professional
C02755,Aarav Dubey,Male,22,Single,Salaried,437000.0,Delhi,Delhi,Young Professional
C02756,Vivaan Reddy,Male,42,Married,Retired,280000.0,Pune,Maharashtra,Mass Market
C02757,Jaya Trivedi,Female,21,Married,Business Owner,1094000.0,Gurugram,Haryana,Affluent
C02758,Nakul Sen,Male,27,Married,Salaried,838000.0,Guwahati,Assam,Young Professional
C02759,Rajiv Trivedi,Male,30,Single,Government Employee,375000.0,Varanasi,Uttar Pradesh,Mass Market
C02760,Usha Patel,Female,21,Single,Government Employee,280000.0,Guwahati,Assam,Mass Market
C02761,Manoj Sharma,Male,37,Widowed,Government Employee,937000.0,Jaipur,Rajasthan,Mass Market
C02762,Anil Subramaniam,Male,42,Divorced,Retired,435000.0,Nagpur,Maharashtra,Mass Market
C02763,Varun Kulkarni,Male,26,Married,Professional,1556000.0,Delhi,Delhi,Affluent
C02764,Pankaj Thakur,Male,48,Married,Self-Employed,1344000.0,Delhi,Delhi,Affluent
C02765,Harish Chauhan,Male,21,Single,Self-Employed,521000.0,Surat,Gujarat,Young Professional
C02766,Varun Patel,Male,63,Married,Self-Employed,1247000.0,Ranchi,Jharkhand,Affluent
C02767,Shaurya Rao,Male,41,Married,Self-Employed,2095000.0,Ghaziabad,Uttar Pradesh,Premium
C02768,Om Verma,Male,38,Married,Self-Employed,1281000.0,Gurugram,Haryana,Affluent
C02769,Lata Kamble,Female,32,Single,Salaried,886000.0,Pune,Maharashtra,Mass Market
C02770,Aryan Malhotra,Male,35,Widowed,Retired,454000.0,Surat,Gujarat,Mass Market
C02771,Ananya Deshmukh,Female,24,Single,Professional,1518000.0,Gurugram,Haryana,Affluent
C02772,Naveen Menon,Male,52,Divorced,Salaried,1497000.0,Dehradun,Uttarakhand,Affluent
C02773,Sonal Kumar,Female,38,Single,Government Employee,589000.0,Vadodara,Gujarat,Mass Market
C02774,Aadhya Shah,Female,35,Married,Salaried,1372000.0,Coimbatore,Tamil Nadu,Affluent
C02775,Charu Kulkarni,Female,41,Married,Government Employee,860000.0,Kochi,Kerala,Mass Market
C02776,Ankit Gupta,Male,49,Divorced,Business Owner,2901000.0,Noida,Uttar Pradesh,Premium
C02777,Arvind Malhotra,Male,40,Married,Business Owner,3815000.0,Noida,Uttar Pradesh,Premium
C02778,Nandini Iyengar,Female,64,Widowed,Self-Employed,2148000.0,Faridabad,Haryana,Premium
C02779,Ananya Chauhan,Female,44,Married,Self-Employed,562000.0,Hyderabad,Telangana,Mass Market
C02780,Aditi Arora,Female,61,Married,Self-Employed,524000.0,Mysuru,Karnataka,Mass Market
C02781,Bhavna Kamble,Female,38,Married,Self-Employed,2122000.0,Ahmedabad,Gujarat,Premium
C02782,Lavanya Mehta,Female,33,Married,Professional,1365000.0,Bhubaneswar,Odisha,Affluent
C02783,Devendra Rathore,Male,40,Married,Self-Employed,535000.0,Noida,Uttar Pradesh,Mass Market
C02784,Aditya Reddy,Male,54,Married,Self-Employed,1844000.0,Kochi,Kerala,Affluent
C02785,Manisha Thakur,Female,24,Married,Professional,884000.0,Vadodara,Gujarat,Young Professional
C02786,Aryan Iyengar,Male,33,Single,Professional,1178000.0,Agra,Uttar Pradesh,Affluent
C02787,Ajay Anand,Male,41,Widowed,Business Owner,4117000.0,Faridabad,Haryana,Premium
C02788,Shaurya Joshi,Male,29,Single,Self-Employed,879000.0,Coimbatore,Tamil Nadu,Young Professional
C02789,Mohit Yadav,Male,55,Married,Salaried,702000.0,Vadodara,Gujarat,Mass Market
C02790,Advait Krishnan,Male,48,Married,Salaried,1510000.0,Nashik,Maharashtra,Affluent
C02791,Pankaj Das,Male,45,Widowed,Salaried,585000.0,Lucknow,Uttar Pradesh,Mass Market
C02792,Kartik Joshi,Male,25,Married,Professional,1859000.0,Chennai,Tamil Nadu,Affluent
C02793,Abhishek Reddy,Male,53,Married,Salaried,1180000.0,Kanpur,Uttar Pradesh,Affluent
C02794,Nandini Shah,Female,57,Divorced,Salaried,1540000.0,Vijayawada,Andhra Pradesh,Affluent
C02795,Parth Sen,Male,32,Single,Business Owner,1851000.0,Bhubaneswar,Odisha,Affluent
C02796,Sneha Arora,Female,37,Married,Government Employee,435000.0,Bhopal,Madhya Pradesh,Mass Market
C02797,Aditya Mishra,Male,27,Single,Business Owner,2414000.0,Hyderabad,Telangana,Premium
C02798,Nidhi Srivastava,Female,21,Married,Professional,629000.0,Visakhapatnam,Andhra Pradesh,Young Professional
C02799,Nikhil Subramaniam,Male,42,Married,Government Employee,703000.0,Lucknow,Uttar Pradesh,Mass Market
C02800,Arjun Krishnan,Male,49,Married,Professional,3048000.0,Faridabad,Haryana,Premium
C02801,Yash Chauhan,Male,41,Married,Salaried,1316000.0,Ahmedabad,Gujarat,Affluent
C02802,Vandana Mehta,Female,52,Widowed,Business Owner,2700000.0,Pune,Maharashtra,Premium
C02803,Kiran Malhotra,Female,21,Single,Government Employee,237000.0,Jodhpur,Rajasthan,Mass Market
C02804,Yash Pillai,Male,21,Single,Business Owner,1855000.0,Visakhapatnam,Andhra Pradesh,Affluent
C02805,Reyansh Nayak,Male,46,Widowed,Retired,410000.0,Agra,Uttar Pradesh,Mass Market
C02806,Bhavna Kamble,Female,67,Married,Business Owner,5015000.0,Jodhpur,Rajasthan,Premium
C02807,Sunita Desai,Female,33,Single,Salaried,995000.0,Surat,Gujarat,Mass Market
C02808,Aryan Krishnan,Male,42,Married,Government Employee,870000.0,Hyderabad,Telangana,Mass Market
C02809,Anil Shah,Male,35,Married,Self-Employed,1615000.0,Amritsar,Punjab,Affluent
C02810,Vikram Subramaniam,Male,32,Married,Salaried,1022000.0,Varanasi,Uttar Pradesh,Affluent
C02811,Kavya Kapoor,Female,40,Single,Salaried,528000.0,Jodhpur,Rajasthan,Mass Market
C02812,Lata Aggarwal,Female,49,Married,Salaried,949000.0,Kolkata,West Bengal,Mass Market
C02813,Sneha Naidu,Female,35,Married,Professional,1350000.0,Pune,Maharashtra,Affluent
C02814,Ramesh Solanki,Male,35,Married,Salaried,1094000.0,Nashik,Maharashtra,Affluent
C02815,Aryan Bhatt,Male,49,Married,Self-Employed,708000.0,Vadodara,Gujarat,Mass Market
C02816,Parth Solanki,Male,66,Married,Professional,3083000.0,Faridabad,Haryana,Premium
C02817,Nisha Jain,Female,63,Divorced,Professional,1567000.0,Kolkata,West Bengal,Affluent
C02818,Tarun Subramaniam,Male,21,Married,Government Employee,483000.0,Nashik,Maharashtra,Mass Market
C02819,Rajesh Kulkarni,Male,33,Single,Salaried,467000.0,Jaipur,Rajasthan,Mass Market
C02820,Harleen Yadav,Female,54,Married,Business Owner,3225000.0,Nagpur,Maharashtra,Premium
C02821,Shalini Raut,Female,44,Married,Salaried,923000.0,Mumbai,Maharashtra,Mass Market
C02822,Yash Das,Male,37,Married,Salaried,863000.0,Gurugram,Haryana,Mass Market
C02823,Gaurav Patel,Male,47,Married,Salaried,572000.0,Faridabad,Haryana,Mass Market
C02824,Komal Desai,Female,27,Married,Salaried,719000.0,Patna,Bihar,Young Professional
C02825,Simran Aggarwal,Female,34,Married,Salaried,724000.0,Bhubaneswar,Odisha,Mass Market
C02826,Ashok Bhatt,Male,33,Married,Self-Employed,718000.0,Bhopal,Madhya Pradesh,Mass Market
C02827,Dinesh Pillai,Male,51,Married,Salaried,799000.0,Raipur,Chhattisgarh,Mass Market
C02828,Deepa Krishnan,Female,51,Married,Professional,1305000.0,Thane,Maharashtra,Affluent
C02829,Bhavesh Naidu,Male,46,Married,Self-Employed,855000.0,Kochi,Kerala,Mass Market
C02830,Jaya Sinha,Female,23,Married,Self-Employed,1018000.0,Bhubaneswar,Odisha,Affluent
C02831,Simran Sinha,Female,35,Married,Salaried,939000.0,Raipur,Chhattisgarh,Mass Market
C02832,Harleen Rao,Female,21,Married,Salaried,458000.0,Delhi,Delhi,Young Professional
C02833,Rohan Patel,Male,45,Married,Government Employee,1048000.0,Mumbai,Maharashtra,Affluent
C02834,Aakash Dubey,Male,41,Married,Government Employee,512000.0,Coimbatore,Tamil Nadu,Mass Market
C02835,Kabir Kumar,Male,58,Married,Government Employee,848000.0,Lucknow,Uttar Pradesh,Mass Market
C02836,Arjun Saxena,Male,38,Married,Salaried,817000.0,Guwahati,Assam,Mass Market
C02837,Ishaan Aggarwal,Male,52,Married,Self-Employed,2159000.0,Surat,Gujarat,Premium
C02838,Ankit Yadav,Male,41,Married,Business Owner,3131000.0,Raipur,Chhattisgarh,Premium
C02839,Saurabh Solanki,Male,68,Married,Retired,622000.0,Guwahati,Assam,Mass Market
C02840,Devendra Sharma,Male,37,Single,Government Employee,786000.0,Ludhiana,Punjab,Mass Market
C02841,Deepak Trivedi,Male,27,Married,Salaried,592000.0,Patna,Bihar,Young Professional
C02842,Dhruv Jain,Male,37,Married,Business Owner,2791000.0,Guwahati,Assam,Premium
C02843,Harleen Trivedi,Female,38,Married,Business Owner,2063000.0,Indore,Madhya Pradesh,Premium
C02844,Aarti Nayak,Female,52,Married,Salaried,1016000.0,Agra,Uttar Pradesh,Affluent
C02845,Usha Patel,Female,31,Married,Government Employee,409000.0,Nagpur,Maharashtra,Mass Market
C02846,Tarun Tiwari,Male,26,Married,Business Owner,1190000.0,Bengaluru,Karnataka,Affluent
C02847,Vishal Iyer,Male,36,Married,Government Employee,463000.0,Jaipur,Rajasthan,Mass Market
C02848,Kunal Khanna,Male,54,Married,Salaried,723000.0,Chennai,Tamil Nadu,Mass Market
C02849,Ramesh Verma,Male,63,Divorced,Retired,443000.0,Coimbatore,Tamil Nadu,Mass Market
C02850,Aparna Chatterjee,Female,27,Single,Salaried,752000.0,Delhi,Delhi,Young Professional
C02851,Ekta Kapoor,Female,21,Single,Self-Employed,897000.0,Ghaziabad,Uttar Pradesh,Young Professional
C02852,Ishaan Raut,Male,43,Single,Self-Employed,1352000.0,Pune,Maharashtra,Affluent
C02853,Aparna Aggarwal,Female,62,Married,Professional,1435000.0,Nashik,Maharashtra,Affluent
C02854,Nidhi Mehta,Female,42,Married,Salaried,1248000.0,Faridabad,Haryana,Affluent
C02855,Rajesh Rathore,Male,21,Married,Government Employee,437000.0,Hyderabad,Telangana,Mass Market
C02856,Saanvi Rana,Female,35,Married,Retired,639000.0,Ghaziabad,Uttar Pradesh,Mass Market
C02857,Harish Krishnan,Male,32,Single,Self-Employed,955000.0,Coimbatore,Tamil Nadu,Mass Market
C02858,Vijay Mishra,Male,49,Widowed,Professional,2191000.0,Madurai,Tamil Nadu,Premium
C02859,Vishal Saxena,Male,61,Widowed,Self-Employed,1670000.0,Ghaziabad,Uttar Pradesh,Affluent
C02860,Manoj Desai,Male,30,Single,Business Owner,2680000.0,Mysuru,Karnataka,Premium
C02861,Shalini Shah,Female,36,Widowed,Business Owner,2138000.0,Chandigarh,Chandigarh,Premium
C02862,Varun Subramaniam,Male,51,Married,Self-Employed,1225000.0,Ludhiana,Punjab,Affluent
C02863,Rudra Shah,Male,57,Married,Retired,213000.0,Nashik,Maharashtra,Mass Market
C02864,Om Raut,Male,37,Married,Salaried,658000.0,Surat,Gujarat,Mass Market
C02865,Divya Patel,Female,46,Married,Government Employee,694000.0,Bhubaneswar,Odisha,Mass Market
C02866,Om Jadhav,Male,37,Married,Salaried,851000.0,Hyderabad,Telangana,Mass Market
C02867,Lavanya Iyer,Female,38,Married,Salaried,1139000.0,Jaipur,Rajasthan,Affluent
C02868,Anjali Pandey,Female,57,Divorced,Salaried,1540000.0,Dehradun,Uttarakhand,Affluent
C02869,Aarti Anand,Female,37,Widowed,Self-Employed,1797000.0,Raipur,Chhattisgarh,Affluent
C02870,Puneet Deshmukh,Male,53,Married,Government Employee,1019000.0,Jodhpur,Rajasthan,Affluent
C02871,Oindrila Aggarwal,Female,53,Married,Professional,3110000.0,Visakhapatnam,Andhra Pradesh,Premium
C02872,Harleen Trivedi,Female,23,Single,Salaried,525000.0,Kochi,Kerala,Young Professional
C02873,Charu Subramaniam,Female,41,Single,Government Employee,438000.0,Noida,Uttar Pradesh,Mass Market
C02874,Deepak Kapoor,Male,28,Married,Salaried,634000.0,Lucknow,Uttar Pradesh,Young Professional
C02875,Nandini Desai,Female,41,Married,Salaried,1185000.0,Jaipur,Rajasthan,Affluent
C02876,Suresh Desai,Male,46,Married,Salaried,985000.0,Amritsar,Punjab,Mass Market
C02877,Rajesh Trivedi,Male,21,Single,Self-Employed,386000.0,Faridabad,Haryana,Mass Market
C02878,Rudra Thakur,Male,21,Married,Salaried,584000.0,Indore,Madhya Pradesh,Young Professional
C02879,Preeti Sinha,Female,47,Married,Government Employee,520000.0,Bengaluru,Karnataka,Mass Market
C02880,Ashwin Naidu,Male,40,Divorced,Professional,1597000.0,Jodhpur,Rajasthan,Affluent
C02881,Gauri Mehta,Female,47,Married,Salaried,1086000.0,Pune,Maharashtra,Affluent
C02882,Komal Bhatia,Female,59,Married,Self-Employed,1140000.0,Pune,Maharashtra,Affluent
C02883,Reyansh Khanna,Male,48,Married,Salaried,520000.0,Vadodara,Gujarat,Mass Market
C02884,Anita Pandey,Female,22,Single,Self-Employed,510000.0,Surat,Gujarat,Young Professional
C02885,Ashwin Sen,Male,52,Married,Salaried,934000.0,Ghaziabad,Uttar Pradesh,Mass Market
C02886,Nakul Verma,Male,37,Married,Business Owner,1532000.0,Vadodara,Gujarat,Affluent
C02887,Deepak Pillai,Male,67,Widowed,Business Owner,3424000.0,Surat,Gujarat,Premium
C02888,Charu Kumar,Female,33,Married,Salaried,747000.0,Madurai,Tamil Nadu,Mass Market
C02889,Radha Iyer,Female,24,Married,Salaried,393000.0,Ghaziabad,Uttar Pradesh,Mass Market
C02890,Nakul Sharma,Male,32,Single,Business Owner,4440000.0,Kanpur,Uttar Pradesh,Premium
C02891,Pallavi Singh,Female,34,Married,Salaried,480000.0,Pune,Maharashtra,Mass Market
C02892,Charu Thakur,Female,34,Married,Professional,2520000.0,Bengaluru,Karnataka,Premium
C02893,Rachna Bhatia,Female,41,Married,Salaried,776000.0,Mysuru,Karnataka,Mass Market
C02894,Riya Pillai,Female,35,Married,Government Employee,477000.0,Dehradun,Uttarakhand,Mass Market
C02895,Lavanya Raut,Female,31,Married,Self-Employed,408000.0,Chandigarh,Chandigarh,Mass Market
C02896,Rekha Bhatt,Female,31,Single,Salaried,767000.0,Vijayawada,Andhra Pradesh,Mass Market
C02897,Pihu Aggarwal,Female,27,Married,Salaried,346000.0,Jaipur,Rajasthan,Mass Market
C02898,Ira Saxena,Female,49,Married,Salaried,1035000.0,Amritsar,Punjab,Affluent
C02899,Nisha Deshmukh,Female,35,Married,Business Owner,3725000.0,Dehradun,Uttarakhand,Premium
C02900,Shreya Krishnan,Female,44,Married,Salaried,829000.0,Ludhiana,Punjab,Mass Market
C02901,Bhavesh Tiwari,Male,42,Married,Salaried,693000.0,Varanasi,Uttar Pradesh,Mass Market
C02902,Sonal Ghosh,Female,34,Married,Business Owner,2325000.0,Thane,Maharashtra,Premium
C02903,Reyansh Saxena,Male,37,Married,Salaried,521000.0,Ranchi,Jharkhand,Mass Market
C02904,Prakash Jain,Male,32,Married,Retired,706000.0,Dehradun,Uttarakhand,Mass Market
C02905,Gaurav Desai,Male,23,Single,Professional,975000.0,Chennai,Tamil Nadu,Young Professional
C02906,Rachna Arora,Female,27,Married,Business Owner,2651000.0,Delhi,Delhi,Premium
C02907,Rahul Menon,Male,34,Divorced,Salaried,814000.0,Pune,Maharashtra,Mass Market
C02908,Krishna Bhatia,Male,45,Married,Government Employee,1139000.0,Varanasi,Uttar Pradesh,Affluent
C02909,Varun Bhatt,Male,49,Married,Self-Employed,1755000.0,Raipur,Chhattisgarh,Affluent
C02910,Aditya Mehta,Male,46,Married,Salaried,1122000.0,Gurugram,Haryana,Affluent
C02911,Sarita Verma,Female,37,Married,Retired,652000.0,Ranchi,Jharkhand,Mass Market
C02912,Sneha Chatterjee,Female,31,Married,Retired,525000.0,Patna,Bihar,Mass Market
C02913,Harleen Patel,Female,39,Married,Salaried,589000.0,Madurai,Tamil Nadu,Mass Market
C02914,Isha Dubey,Female,41,Married,Government Employee,730000.0,Ranchi,Jharkhand,Mass Market
C02915,Reyansh Malhotra,Male,35,Married,Self-Employed,788000.0,Madurai,Tamil Nadu,Mass Market
C02916,Yash Chauhan,Male,60,Married,Self-Employed,926000.0,Delhi,Delhi,Mass Market
C02917,Dinesh Verma,Male,68,Married,Business Owner,3602000.0,Kanpur,Uttar Pradesh,Premium
C02918,Aditi Tiwari,Female,21,Single,Business Owner,1206000.0,Raipur,Chhattisgarh,Affluent
C02919,Shreya Mehta,Female,39,Married,Salaried,809000.0,Visakhapatnam,Andhra Pradesh,Mass Market
C02920,Gaurav Das,Male,57,Widowed,Salaried,1306000.0,Kolkata,West Bengal,Affluent
C02921,Siddharth Banerjee,Male,21,Single,Salaried,303000.0,Surat,Gujarat,Mass Market
C02922,Nisha Sen,Female,45,Widowed,Government Employee,817000.0,Chennai,Tamil Nadu,Mass Market
C02923,Lata Kumar,Female,38,Married,Retired,383000.0,Bhubaneswar,Odisha,Mass Market
C02924,Sameer Nair,Male,34,Single,Salaried,869000.0,Varanasi,Uttar Pradesh,Mass Market
C02925,Neha Sen,Female,31,Married,Salaried,899000.0,Delhi,Delhi,Mass Market
C02926,Meera Bose,Female,48,Married,Retired,324000.0,Chandigarh,Chandigarh,Mass Market
C02927,Bhavesh Kamble,Male,44,Married,Retired,614000.0,Surat,Gujarat,Mass Market
C02928,Sandeep Tiwari,Male,53,Married,Professional,2572000.0,Ludhiana,Punjab,Premium
C02929,Priya Menon,Female,38,Married,Self-Employed,1532000.0,Pune,Maharashtra,Affluent
C02930,Harish Malhotra,Male,38,Married,Business Owner,3796000.0,Bhopal,Madhya Pradesh,Premium
C02931,Pihu Tiwari,Female,45,Married,Government Employee,736000.0,Faridabad,Haryana,Mass Market
C02932,Bhavna Kumar,Female,35,Married,Self-Employed,978000.0,Pune,Maharashtra,Mass Market
C02933,Kajal Arora,Female,58,Married,Salaried,1540000.0,Ludhiana,Punjab,Affluent
C02934,Rohan Thakur,Male,50,Single,Professional,2152000.0,Bhubaneswar,Odisha,Premium
C02935,Bhavesh Aggarwal,Male,36,Married,Professional,2433000.0,Delhi,Delhi,Premium
C02936,Aditya Mukherjee,Male,63,Divorced,Retired,313000.0,Thane,Maharashtra,Mass Market
C02937,Sanjay Chatterjee,Male,57,Divorced,Government Employee,638000.0,Jodhpur,Rajasthan,Mass Market
C02938,Suresh Sen,Male,37,Married,Professional,2819000.0,Jodhpur,Rajasthan,Premium
C02939,Gauri Rathore,Female,37,Single,Government Employee,615000.0,Mysuru,Karnataka,Mass Market
C02940,Pankaj Pillai,Male,21,Single,Government Employee,316000.0,Chennai,Tamil Nadu,Mass Market
C02941,Komal Chopra,Female,49,Married,Salaried,713000.0,Surat,Gujarat,Mass Market
C02942,Naveen Chopra,Male,70,Widowed,Retired,465000.0,Lucknow,Uttar Pradesh,Mass Market
C02943,Dhruv Gupta,Male,44,Single,Self-Employed,1460000.0,Kochi,Kerala,Affluent
C02944,Shaurya Raut,Male,45,Married,Professional,1460000.0,Mumbai,Maharashtra,Affluent
C02945,Ankit Jain,Male,45,Married,Self-Employed,1426000.0,Varanasi,Uttar Pradesh,Affluent
C02946,Saanvi Kumar,Female,34,Married,Professional,2778000.0,Lucknow,Uttar Pradesh,Premium
C02947,Rakesh Bansal,Male,39,Married,Professional,2058000.0,Gurugram,Haryana,Premium
C02948,Shweta Mishra,Female,29,Single,Self-Employed,1341000.0,Visakhapatnam,Andhra Pradesh,Affluent
C02949,Vishal Gupta,Male,67,Married,Retired,458000.0,Indore,Madhya Pradesh,Mass Market
C02950,Rohan Sen,Male,21,Single,Business Owner,2066000.0,Lucknow,Uttar Pradesh,Premium
C02951,Puneet Trivedi,Male,21,Single,Government Employee,225000.0,Chennai,Tamil Nadu,Mass Market
C02952,Manoj Solanki,Male,21,Single,Salaried,281000.0,Pune,Maharashtra,Mass Market
C02953,Prakash Jadhav,Male,59,Married,Salaried,843000.0,Jodhpur,Rajasthan,Mass Market
C02954,Sneha Agarwal,Female,50,Married,Self-Employed,875000.0,Kochi,Kerala,Mass Market
C02955,Aakash Jadhav,Male,59,Married,Business Owner,3115000.0,Faridabad,Haryana,Premium
C02956,Sandeep Bhatt,Male,53,Married,Salaried,1418000.0,Coimbatore,Tamil Nadu,Affluent
C02957,Bhavna Chatterjee,Female,61,Divorced,Retired,835000.0,Dehradun,Uttarakhand,Mass Market
C02958,Yash Iyer,Male,56,Divorced,Professional,3850000.0,Ludhiana,Punjab,Premium
C02959,Tarun Verma,Male,66,Divorced,Retired,790000.0,Amritsar,Punjab,Mass Market
C02960,Saanvi Bansal,Female,29,Married,Business Owner,2890000.0,Jaipur,Rajasthan,Premium
C02961,Aarav Kamble,Male,51,Married,Professional,2816000.0,Gurugram,Haryana,Premium
C02962,Nikhil Yadav,Male,54,Married,Business Owner,3537000.0,Mumbai,Maharashtra,Premium
C02963,Nakul Bhatt,Male,43,Married,Retired,570000.0,Jodhpur,Rajasthan,Mass Market
C02964,Divya Pillai,Female,32,Married,Business Owner,2048000.0,Guwahati,Assam,Premium
C02965,Vihaan Kamble,Male,33,Married,Business Owner,2595000.0,Ahmedabad,Gujarat,Premium
C02966,Anita Mishra,Female,56,Married,Self-Employed,1243000.0,Dehradun,Uttarakhand,Affluent
C02967,Sunil Tiwari,Male,36,Married,Retired,349000.0,Chandigarh,Chandigarh,Mass Market
C02968,Vivaan Mehta,Male,27,Married,Salaried,870000.0,Kanpur,Uttar Pradesh,Young Professional
C02969,Komal Prasad,Female,54,Married,Salaried,1074000.0,Amritsar,Punjab,Affluent
C02970,Aryan Sharma,Male,45,Married,Government Employee,448000.0,Nagpur,Maharashtra,Mass Market
C02971,Ananya Bhatt,Female,54,Married,Salaried,1540000.0,Thane,Maharashtra,Affluent
C02972,Sunil Menon,Male,50,Single,Salaried,1540000.0,Patna,Bihar,Affluent
C02973,Saurabh Krishnan,Male,51,Married,Salaried,725000.0,Chennai,Tamil Nadu,Mass Market
C02974,Vijay Malhotra,Male,21,Married,Business Owner,746000.0,Thane,Maharashtra,Mass Market
C02975,Ishita Mukherjee,Female,37,Married,Business Owner,2177000.0,Nashik,Maharashtra,Premium
C02976,Sneha Sharma,Female,49,Married,Salaried,1145000.0,Noida,Uttar Pradesh,Affluent
C02977,Puneet Mehta,Male,21,Single,Salaried,454000.0,Nagpur,Maharashtra,Young Professional
C02978,Parth Reddy,Male,53,Married,Government Employee,1096000.0,Patna,Bihar,Affluent
C02979,Manisha Saxena,Female,43,Married,Salaried,1226000.0,Jodhpur,Rajasthan,Affluent
C02980,Nikhil Singh,Male,47,Married,Salaried,1365000.0,Mysuru,Karnataka,Affluent
C02981,Suresh Chandra,Male,57,Married,Retired,282000.0,Madurai,Tamil Nadu,Mass Market
C02982,Rekha Banerjee,Female,38,Married,Salaried,811000.0,Ahmedabad,Gujarat,Mass Market
C02983,Vandana Jadhav,Female,24,Single,Professional,1039000.0,Mysuru,Karnataka,Affluent
C02984,Prakash Menon,Male,32,Married,Government Employee,572000.0,Raipur,Chhattisgarh,Mass Market
C02985,Vidya Srivastava,Female,51,Married,Salaried,1540000.0,Delhi,Delhi,Affluent
C02986,Jaya Sharma,Female,41,Married,Salaried,902000.0,Jodhpur,Rajasthan,Mass Market
C02987,Krishna Kulkarni,Male,49,Married,Self-Employed,1535000.0,Kochi,Kerala,Affluent
C02988,Kabir Kulkarni,Male,53,Married,Salaried,1296000.0,Ludhiana,Punjab,Affluent
C02989,Prakash Mehta,Male,21,Single,Salaried,342000.0,Bhubaneswar,Odisha,Mass Market
C02990,Kajal Malhotra,Female,23,Single,Salaried,671000.0,Raipur,Chhattisgarh,Young Professional
C02991,Reyansh Jadhav,Male,42,Married,Salaried,1073000.0,Nashik,Maharashtra,Affluent
C02992,Priya Mukherjee,Female,21,Single,Salaried,230000.0,Thane,Maharashtra,Mass Market
C02993,Ira Bose,Female,57,Married,Self-Employed,2142000.0,Bhubaneswar,Odisha,Premium
C02994,Puneet Menon,Male,49,Married,Self-Employed,1519000.0,Mumbai,Maharashtra,Affluent
C02995,Rahul Jadhav,Male,50,Married,Salaried,779000.0,Coimbatore,Tamil Nadu,Mass Market
C02996,Vihaan Chandra,Male,45,Married,Self-Employed,1834000.0,Mysuru,Karnataka,Affluent
C02997,Om Singh,Male,44,Divorced,Business Owner,3055000.0,Thane,Maharashtra,Premium
C02998,Rani Reddy,Female,49,Divorced,Retired,484000.0,Bhopal,Madhya Pradesh,Mass Market
C02999,Rachna Singh,Female,37,Married,Salaried,1153000.0,Coimbatore,Tamil Nadu,Affluent
C03000,Diya Thakur,Female,49,Married,Retired,512000.0,Kolkata,West Bengal,Mass Market
C03001,Vihaan Anand,Male,43,Married,Professional,1928000.0,Kochi,Kerala,Affluent
C03002,Mahesh Chatterjee,Male,21,Single,Self-Employed,611000.0,Coimbatore,Tamil Nadu,Young Professional
C03003,Lavanya Chatterjee,Female,21,Single,Professional,1381000.0,Kolkata,West Bengal,Affluent
C03004,Krishna Subramaniam,Male,28,Married,Government Employee,767000.0,Coimbatore,Tamil Nadu,Mass Market
C03005,Jyoti Sinha,Female,41,Married,Retired,401000.0,Coimbatore,Tamil Nadu,Mass Market
C03006,Aryan Bhatt,Male,21,Married,Government Employee,380000.0,Ahmedabad,Gujarat,Mass Market
C03007,Dhruv Anand,Male,48,Married,Business Owner,5684000.0,Kolkata,West Bengal,Premium
C03008,Rahul Kumar,Male,42,Married,Self-Employed,866000.0,Pune,Maharashtra,Mass Market
C03009,Shweta Bose,Female,43,Married,Salaried,988000.0,Bengaluru,Karnataka,Mass Market
C03010,Rekha Kumar,Female,43,Single,Retired,164000.0,Ahmedabad,Gujarat,Mass Market
C03011,Ishaan Sen,Male,40,Married,Salaried,778000.0,Dehradun,Uttarakhand,Mass Market
C03012,Farah Singh,Female,39,Single,Salaried,427000.0,Varanasi,Uttar Pradesh,Mass Market
C03013,Neha Arora,Female,28,Single,Salaried,578000.0,Kolkata,West Bengal,Young Professional
C03014,Sapna Kulkarni,Female,28,Married,Salaried,522000.0,Hyderabad,Telangana,Young Professional
C03015,Aarti Shah,Female,55,Married,Salaried,1179000.0,Chandigarh,Chandigarh,Affluent
C03016,Gauri Iyengar,Female,55,Married,Self-Employed,978000.0,Varanasi,Uttar Pradesh,Mass Market
C03017,Aadhya Rana,Female,43,Married,Retired,251000.0,Vijayawada,Andhra Pradesh,Mass Market
C03018,Kajal Pillai,Female,46,Married,Self-Employed,1156000.0,Chandigarh,Chandigarh,Affluent
C03019,Sanjay Ghosh,Male,52,Married,Salaried,642000.0,Kochi,Kerala,Mass Market
C03020,Jaya Khanna,Female,56,Single,Salaried,891000.0,Delhi,Delhi,Mass Market
C03021,Varun Shah,Male,45,Married,Government Employee,962000.0,Coimbatore,Tamil Nadu,Mass Market
C03022,Aadhya Bansal,Female,40,Married,Retired,329000.0,Kolkata,West Bengal,Mass Market
C03023,Varun Kamble,Male,55,Married,Salaried,1493000.0,Ahmedabad,Gujarat,Affluent
C03024,Rekha Aggarwal,Female,26,Married,Salaried,731000.0,Mysuru,Karnataka,Young Professional
C03025,Vidya Mishra,Female,62,Married,Business Owner,4486000.0,Faridabad,Haryana,Premium
C03026,Kartik Solanki,Male,36,Single,Government Employee,989000.0,Bhubaneswar,Odisha,Mass Market
C03027,Harleen Nair,Female,41,Married,Business Owner,1508000.0,Varanasi,Uttar Pradesh,Affluent
C03028,Deepa Krishnan,Female,30,Married,Salaried,508000.0,Bhopal,Madhya Pradesh,Mass Market
C03029,Neha Joshi,Female,21,Single,Salaried,499000.0,Bengaluru,Karnataka,Young Professional
C03030,Kabir Kapoor,Male,34,Divorced,Business Owner,2603000.0,Ghaziabad,Uttar Pradesh,Premium
C03031,Kunal Anand,Male,59,Married,Business Owner,6600000.0,Agra,Uttar Pradesh,Premium
C03032,Swati Rao,Female,38,Married,Salaried,791000.0,Ranchi,Jharkhand,Mass Market
C03033,Rachna Bansal,Female,31,Divorced,Professional,1858000.0,Gurugram,Haryana,Affluent
C03034,Sapna Pandey,Female,22,Single,Government Employee,504000.0,Coimbatore,Tamil Nadu,Mass Market
C03035,Deepak Kumar,Male,32,Married,Professional,2495000.0,Mumbai,Maharashtra,Premium
C03036,Krishna Chauhan,Male,53,Married,Business Owner,2129000.0,Bhopal,Madhya Pradesh,Premium
C03037,Rani Menon,Female,31,Married,Retired,663000.0,Agra,Uttar Pradesh,Mass Market
C03038,Rohan Ghosh,Male,49,Married,Salaried,958000.0,Nagpur,Maharashtra,Mass Market
C03039,Lavanya Trivedi,Female,23,Single,Professional,1552000.0,Nagpur,Maharashtra,Affluent
C03040,Tarun Kulkarni,Male,43,Married,Self-Employed,1231000.0,Amritsar,Punjab,Affluent
C03041,Tarun Agarwal,Male,49,Married,Salaried,1298000.0,Madurai,Tamil Nadu,Affluent
C03042,Charu Ghosh,Female,40,Divorced,Salaried,752000.0,Ghaziabad,Uttar Pradesh,Mass Market
C03043,Vikram Rana,Male,30,Single,Business Owner,2857000.0,Lucknow,Uttar Pradesh,Premium
C03044,Oindrila Iyengar,Female,39,Married,Government Employee,772000.0,Bengaluru,Karnataka,Mass Market
C03045,Kiran Trivedi,Female,47,Married,Professional,3850000.0,Mumbai,Maharashtra,Premium
C03046,Shaurya Agarwal,Male,62,Married,Professional,3029000.0,Thane,Maharashtra,Premium
C03047,Harish Thakur,Male,44,Married,Professional,2574000.0,Indore,Madhya Pradesh,Premium
C03048,Shweta Iyer,Female,52,Married,Self-Employed,1427000.0,Coimbatore,Tamil Nadu,Affluent
C03049,Sarita Subramaniam,Female,23,Single,Salaried,425000.0,Guwahati,Assam,Young Professional
C03050,Simran Sharma,Female,54,Married,Government Employee,581000.0,Mumbai,Maharashtra,Mass Market
C03051,Sunil Verma,Male,24,Single,Government Employee,362000.0,Ahmedabad,Gujarat,Mass Market
C03052,Kavita Rao,Female,63,Married,Business Owner,4357000.0,Jodhpur,Rajasthan,Premium
C03053,Aryan Menon,Male,55,Married,Salaried,1056000.0,Vadodara,Gujarat,Affluent
C03054,Rajiv Gupta,Male,47,Widowed,Salaried,661000.0,Madurai,Tamil Nadu,Mass Market
C03055,Abhishek Menon,Male,35,Married,Self-Employed,1411000.0,Delhi,Delhi,Affluent
C03056,Geeta Iyengar,Female,33,Married,Salaried,670000.0,Vadodara,Gujarat,Mass Market
C03057,Nikhil Ghosh,Male,33,Single,Self-Employed,844000.0,Visakhapatnam,Andhra Pradesh,Mass Market
C03058,Shalini Nair,Female,21,Single,Professional,1215000.0,Jodhpur,Rajasthan,Affluent
C03059,Aditya Nair,Male,34,Married,Salaried,1042000.0,Nagpur,Maharashtra,Affluent
C03060,Meera Verma,Female,21,Single,Self-Employed,316000.0,Visakhapatnam,Andhra Pradesh,Mass Market
C03061,Girish Jain,Male,26,Married,Professional,1108000.0,Jaipur,Rajasthan,Affluent
C03062,Riya Prasad,Female,26,Married,Salaried,423000.0,Pune,Maharashtra,Young Professional
C03063,Rachna Rana,Female,41,Married,Government Employee,920000.0,Indore,Madhya Pradesh,Mass Market
C03064,Ashwin Krishnan,Male,41,Married,Business Owner,2030000.0,Bhopal,Madhya Pradesh,Premium
C03065,Gaurav Sinha,Male,21,Single,Salaried,523000.0,Nashik,Maharashtra,Young Professional
C03066,Farah Jadhav,Female,39,Married,Salaried,993000.0,Raipur,Chhattisgarh,Mass Market
C03067,Rajesh Rao,Male,34,Single,Professional,881000.0,Ahmedabad,Gujarat,Mass Market
C03068,Manisha Menon,Female,52,Divorced,Government Employee,987000.0,Jaipur,Rajasthan,Mass Market
C03069,Girish Trivedi,Male,36,Single,Salaried,890000.0,Ranchi,Jharkhand,Mass Market
C03070,Aakash Bansal,Male,67,Married,Retired,352000.0,Nashik,Maharashtra,Mass Market
C03071,Naveen Naidu,Male,53,Married,Salaried,801000.0,Kochi,Kerala,Mass Market
C03072,Varun Kulkarni,Male,45,Divorced,Business Owner,3851000.0,Bengaluru,Karnataka,Premium
C03073,Sapna Pillai,Female,63,Married,Professional,2779000.0,Ranchi,Jharkhand,Premium
C03074,Isha Chatterjee,Female,52,Married,Government Employee,894000.0,Surat,Gujarat,Mass Market
C03075,Prakash Deshmukh,Male,51,Married,Salaried,770000.0,Hyderabad,Telangana,Mass Market
C03076,Nakul Iyer,Male,59,Single,Government Employee,644000.0,Jaipur,Rajasthan,Mass Market
C03077,Lavanya Pillai,Female,34,Married,Business Owner,2200000.0,Chennai,Tamil Nadu,Premium
C03078,Pooja Reddy,Female,32,Married,Salaried,915000.0,Varanasi,Uttar Pradesh,Mass Market
C03079,Namrata Bhatt,Female,37,Married,Professional,1266000.0,Faridabad,Haryana,Affluent
C03080,Komal Malhotra,Female,46,Married,Salaried,647000.0,Faridabad,Haryana,Mass Market
C03081,Kajal Nair,Female,53,Married,Professional,2409000.0,Raipur,Chhattisgarh,Premium
C03082,Komal Khanna,Female,46,Divorced,Self-Employed,2105000.0,Ludhiana,Punjab,Premium
C03083,Parth Thakur,Male,21,Single,Self-Employed,381000.0,Gurugram,Haryana,Mass Market
C03084,Arvind Aggarwal,Male,48,Married,Retired,351000.0,Patna,Bihar,Mass Market
C03085,Arjun Iyer,Male,28,Single,Self-Employed,908000.0,Madurai,Tamil Nadu,Young Professional
C03086,Abhishek Rathore,Male,24,Married,Business Owner,703000.0,Thane,Maharashtra,Mass Market
C03087,Puneet Iyer,Male,37,Married,Salaried,853000.0,Bhopal,Madhya Pradesh,Mass Market
C03088,Om Jadhav,Male,63,Married,Professional,2430000.0,Ghaziabad,Uttar Pradesh,Premium
C03089,Preeti Prasad,Female,50,Married,Government Employee,908000.0,Chandigarh,Chandigarh,Mass Market
C03090,Vidya Arora,Female,38,Divorced,Salaried,509000.0,Nashik,Maharashtra,Mass Market
C03091,Manoj Bhatt,Male,50,Married,Professional,2123000.0,Chennai,Tamil Nadu,Premium
C03092,Ankit Rathore,Male,43,Married,Salaried,1019000.0,Chennai,Tamil Nadu,Affluent
C03093,Sunil Iyengar,Male,39,Married,Professional,3208000.0,Raipur,Chhattisgarh,Premium
C03094,Kavya Rana,Female,37,Married,Salaried,745000.0,Madurai,Tamil Nadu,Mass Market
C03095,Riya Chauhan,Female,25,Married,Self-Employed,721000.0,Faridabad,Haryana,Young Professional
C03096,Kajal Chauhan,Female,21,Single,Salaried,263000.0,Dehradun,Uttarakhand,Mass Market
C03097,Ashwin Krishnan,Male,34,Married,Business Owner,1668000.0,Bhubaneswar,Odisha,Affluent
C03098,Aakash Mukherjee,Male,53,Married,Salaried,944000.0,Noida,Uttar Pradesh,Mass Market
C03099,Diya Nair,Female,35,Married,Salaried,711000.0,Chandigarh,Chandigarh,Mass Market
C03100,Vandana Banerjee,Female,27,Married,Government Employee,638000.0,Dehradun,Uttarakhand,Mass Market
C03101,Sunil Kamble,Male,37,Married,Self-Employed,1554000.0,Ahmedabad,Gujarat,Affluent
C03102,Sapna Raut,Female,49,Married,Retired,303000.0,Chennai,Tamil Nadu,Mass Market
C03103,Divya Pillai,Female,35,Married,Retired,757000.0,Faridabad,Haryana,Mass Market
C03104,Vijay Shah,Male,60,Married,Salaried,1021000.0,Patna,Bihar,Affluent
C03105,Karan Pandey,Male,60,Married,Salaried,1452000.0,Pune,Maharashtra,Affluent
C03106,Abhishek Ghosh,Male,55,Married,Government Employee,1210000.0,Bengaluru,Karnataka,Affluent
C03107,Tanvi Banerjee,Female,60,Married,Self-Employed,1665000.0,Nagpur,Maharashtra,Affluent
C03108,Chitra Menon,Female,37,Divorced,Salaried,523000.0,Ghaziabad,Uttar Pradesh,Mass Market
C03109,Deepa Kulkarni,Female,35,Married,Salaried,1137000.0,Vijayawada,Andhra Pradesh,Affluent
C03110,Sandeep Sharma,Male,45,Married,Salaried,477000.0,Ranchi,Jharkhand,Mass Market
C03111,Vishal Subramaniam,Male,23,Single,Salaried,336000.0,Ghaziabad,Uttar Pradesh,Mass Market
C03112,Arvind Sinha,Male,27,Married,Salaried,567000.0,Agra,Uttar Pradesh,Young Professional
C03113,Aadhya Thakur,Female,49,Married,Self-Employed,695000.0,Guwahati,Assam,Mass Market
C03114,Ashok Deshmukh,Male,43,Single,Self-Employed,1865000.0,Faridabad,Haryana,Affluent
C03115,Vijay Iyengar,Male,21,Single,Salaried,261000.0,Guwahati,Assam,Mass Market
C03116,Advait Iyengar,Male,41,Married,Salaried,634000.0,Indore,Madhya Pradesh,Mass Market
C03117,Shaurya Solanki,Male,40,Married,Government Employee,455000.0,Raipur,Chhattisgarh,Mass Market
C03118,Riya Pillai,Female,34,Divorced,Government Employee,631000.0,Amritsar,Punjab,Mass Market
C03119,Aakash Kulkarni,Male,52,Divorced,Salaried,1207000.0,Chennai,Tamil Nadu,Affluent
C03120,Om Nayak,Male,39,Married,Salaried,1182000.0,Nagpur,Maharashtra,Affluent
C03121,Pankaj Rathore,Male,43,Married,Salaried,849000.0,Bhubaneswar,Odisha,Mass Market
C03122,Diya Pandey,Female,21,Married,Self-Employed,490000.0,Dehradun,Uttarakhand,Young Professional
C03123,Suresh Sen,Male,40,Married,Self-Employed,1571000.0,Jaipur,Rajasthan,Affluent
C03124,Parth Krishnan,Male,41,Married,Self-Employed,956000.0,Mumbai,Maharashtra,Mass Market
C03125,Yash Iyengar,Male,29,Divorced,Business Owner,1191000.0,Agra,Uttar Pradesh,Affluent
C03126,Om Srivastava,Male,33,Married,Professional,2272000.0,Bhubaneswar,Odisha,Premium
C03127,Usha Bose,Female,48,Married,Salaried,1460000.0,Guwahati,Assam,Affluent
C03128,Aditya Bhatia,Male,44,Single,Self-Employed,1891000.0,Madurai,Tamil Nadu,Affluent
C03129,Deepa Rao,Female,48,Married,Salaried,688000.0,Bengaluru,Karnataka,Mass Market
C03130,Puneet Tiwari,Male,27,Married,Professional,1995000.0,Coimbatore,Tamil Nadu,Affluent
C03131,Puneet Singh,Male,32,Married,Salaried,1130000.0,Indore,Madhya Pradesh,Affluent
C03132,Mohit Menon,Male,40,Married,Government Employee,1076000.0,Ranchi,Jharkhand,Affluent
C03133,Vikram Ghosh,Male,31,Married,Self-Employed,467000.0,Gurugram,Haryana,Mass Market
C03134,Dhruv Aggarwal,Male,27,Married,Government Employee,385000.0,Mysuru,Karnataka,Mass Market
C03135,Amit Reddy,Male,59,Married,Salaried,1122000.0,Ghaziabad,Uttar Pradesh,Affluent
C03136,Geeta Gupta,Female,32,Married,Professional,1480000.0,Kolkata,West Bengal,Affluent
C03137,Nandini Verma,Female,37,Married,Salaried,652000.0,Vijayawada,Andhra Pradesh,Mass Market
C03138,Rani Singh,Female,53,Married,Self-Employed,681000.0,Kanpur,Uttar Pradesh,Mass Market
C03139,Vishal Iyer,Male,43,Married,Self-Employed,1343000.0,Chandigarh,Chandigarh,Affluent
C03140,Ankit Saxena,Male,39,Widowed,Government Employee,669000.0,Thane,Maharashtra,Mass Market
C03141,Pooja Rana,Female,46,Single,Salaried,962000.0,Raipur,Chhattisgarh,Mass Market
C03142,Ashwin Khanna,Male,70,Widowed,Retired,476000.0,Hyderabad,Telangana,Mass Market
C03143,Lata Bose,Female,44,Married,Retired,390000.0,Mumbai,Maharashtra,Mass Market
C03144,Sonal Reddy,Female,40,Divorced,Salaried,700000.0,Bhubaneswar,Odisha,Mass Market
C03145,Suresh Chopra,Male,43,Married,Salaried,670000.0,Pune,Maharashtra,Mass Market
C03146,Kartik Chandra,Male,21,Married,Salaried,539000.0,Bhubaneswar,Odisha,Young Professional
C03147,Namrata Kamble,Female,37,Married,Salaried,451000.0,Ahmedabad,Gujarat,Mass Market
C03148,Suresh Deshmukh,Male,21,Single,Self-Employed,665000.0,Indore,Madhya Pradesh,Young Professional
C03149,Rachna Chauhan,Female,34,Married,Self-Employed,648000.0,Indore,Madhya Pradesh,Mass Market
C03150,Ramesh Bansal,Male,41,Divorced,Business Owner,3168000.0,Gurugram,Haryana,Premium
C03151,Kunal Anand,Male,62,Married,Retired,451000.0,Mysuru,Karnataka,Mass Market
C03152,Rudra Mukherjee,Male,24,Single,Business Owner,2283000.0,Nagpur,Maharashtra,Premium
C03153,Saanvi Rao,Female,36,Married,Retired,252000.0,Nagpur,Maharashtra,Mass Market
C03154,Pooja Subramaniam,Female,29,Single,Self-Employed,1198000.0,Dehradun,Uttarakhand,Affluent
C03155,Naveen Khanna,Male,52,Divorced,Self-Employed,598000.0,Guwahati,Assam,Mass Market
C03156,Nakul Rana,Male,26,Married,Professional,1493000.0,Coimbatore,Tamil Nadu,Affluent
C03157,Reyansh Chandra,Male,41,Married,Professional,1420000.0,Amritsar,Punjab,Affluent
C03158,Vishal Jain,Male,41,Married,Salaried,678000.0,Chennai,Tamil Nadu,Mass Market
C03159,Devendra Trivedi,Male,29,Married,Self-Employed,380000.0,Amritsar,Punjab,Mass Market
C03160,Puneet Agarwal,Male,43,Married,Salaried,586000.0,Ghaziabad,Uttar Pradesh,Mass Market
C03161,Charu Chatterjee,Female,70,Widowed,Professional,3667000.0,Kanpur,Uttar Pradesh,Premium
C03162,Kabir Rana,Male,37,Married,Salaried,888000.0,Kanpur,Uttar Pradesh,Mass Market
C03163,Sarita Trivedi,Female,25,Married,Salaried,474000.0,Chandigarh,Chandigarh,Young Professional
C03164,Sanjay Dubey,Male,21,Married,Salaried,292000.0,Mysuru,Karnataka,Mass Market
C03165,Jyoti Jadhav,Female,62,Widowed,Retired,282000.0,Bengaluru,Karnataka,Mass Market
C03166,Prakash Jadhav,Male,69,Widowed,Business Owner,2773000.0,Lucknow,Uttar Pradesh,Premium
C03167,Sapna Saxena,Female,66,Widowed,Business Owner,2313000.0,Ranchi,Jharkhand,Premium
C03168,Ravi Naidu,Male,51,Married,Salaried,1229000.0,Ahmedabad,Gujarat,Affluent
C03169,Bhavesh Bhatt,Male,37,Single,Government Employee,474000.0,Noida,Uttar Pradesh,Mass Market
C03170,Rajesh Pandey,Male,31,Single,Government Employee,666000.0,Jodhpur,Rajasthan,Mass Market
C03171,Sunita Kapoor,Female,57,Married,Self-Employed,1396000.0,Ahmedabad,Gujarat,Affluent
C03172,Gauri Rathore,Female,56,Married,Professional,2220000.0,Ludhiana,Punjab,Premium
C03173,Mahesh Iyer,Male,42,Married,Professional,1582000.0,Lucknow,Uttar Pradesh,Affluent
C03174,Kavya Rana,Female,44,Married,Self-Employed,931000.0,Faridabad,Haryana,Mass Market
C03175,Karan Aggarwal,Male,59,Married,Government Employee,938000.0,Delhi,Delhi,Mass Market
C03176,Shweta Ghosh,Female,34,Married,Salaried,756000.0,Amritsar,Punjab,Mass Market
C03177,Manisha Dubey,Female,45,Married,Salaried,741000.0,Guwahati,Assam,Mass Market
C03178,Vivaan Banerjee,Male,53,Married,Salaried,547000.0,Bengaluru,Karnataka,Mass Market
C03179,Manoj Bose,Male,58,Married,Self-Employed,1929000.0,Pune,Maharashtra,Affluent
C03180,Nakul Rana,Male,32,Married,Salaried,1002000.0,Amritsar,Punjab,Affluent
C03181,Divya Arora,Female,34,Divorced,Professional,2399000.0,Ahmedabad,Gujarat,Premium
C03182,Aryan Joshi,Male,45,Married,Salaried,1129000.0,Bhopal,Madhya Pradesh,Affluent
C03183,Prakash Raut,Male,30,Single,Salaried,942000.0,Gurugram,Haryana,Mass Market
C03184,Lata Raut,Female,35,Married,Government Employee,849000.0,Lucknow,Uttar Pradesh,Mass Market
C03185,Meera Nair,Female,24,Single,Salaried,630000.0,Delhi,Delhi,Young Professional
C03186,Anita Chopra,Female,40,Married,Self-Employed,624000.0,Vadodara,Gujarat,Mass Market
C03187,Gaurav Singh,Male,48,Divorced,Salaried,1017000.0,Guwahati,Assam,Affluent
C03188,Rakesh Rao,Male,34,Married,Salaried,929000.0,Mumbai,Maharashtra,Mass Market
C03189,Nidhi Nair,Female,47,Married,Government Employee,562000.0,Dehradun,Uttarakhand,Mass Market
C03190,Ishita Kamble,Female,50,Married,Salaried,854000.0,Indore,Madhya Pradesh,Mass Market
C03191,Ravi Rathore,Male,55,Married,Retired,505000.0,Ranchi,Jharkhand,Mass Market
C03192,Sunita Tiwari,Female,38,Married,Business Owner,4400000.0,Hyderabad,Telangana,Premium
C03193,Harleen Kumar,Female,46,Married,Professional,3573000.0,Ghaziabad,Uttar Pradesh,Premium
C03194,Saanvi Kumar,Female,46,Married,Salaried,567000.0,Vijayawada,Andhra Pradesh,Mass Market
C03195,Rani Prasad,Female,42,Married,Salaried,1174000.0,Chandigarh,Chandigarh,Affluent
C03196,Komal Naidu,Female,34,Married,Salaried,685000.0,Bhopal,Madhya Pradesh,Mass Market
C03197,Rani Patel,Female,35,Married,Self-Employed,1656000.0,Bhopal,Madhya Pradesh,Affluent
C03198,Dinesh Verma,Male,53,Married,Business Owner,4429000.0,Delhi,Delhi,Premium
C03199,Yash Subramaniam,Male,25,Married,Salaried,683000.0,Mumbai,Maharashtra,Young Professional
C03200,Pooja Iyengar,Female,44,Married,Business Owner,3643000.0,Nagpur,Maharashtra,Premium
C03201,Gaurav Solanki,Male,59,Married,Self-Employed,2391000.0,Kolkata,West Bengal,Premium
C03202,Reyansh Yadav,Male,38,Married,Government Employee,565000.0,Lucknow,Uttar Pradesh,Mass Market
C03203,Sunita Subramaniam,Female,36,Single,Business Owner,4807000.0,Faridabad,Haryana,Premium
C03204,Sameer Arora,Male,21,Single,Self-Employed,412000.0,Ludhiana,Punjab,Young Professional
C03205,Pankaj Prasad,Male,62,Married,Retired,235000.0,Nagpur,Maharashtra,Mass Market
C03206,Puneet Sinha,Male,52,Divorced,Professional,3791000.0,Ranchi,Jharkhand,Premium
C03207,Rajesh Iyengar,Male,59,Married,Salaried,1540000.0,Kochi,Kerala,Affluent
C03208,Vikram Mishra,Male,49,Married,Salaried,491000.0,Indore,Madhya Pradesh,Mass Market
C03209,Geeta Sharma,Female,28,Married,Business Owner,1815000.0,Ludhiana,Punjab,Affluent
C03210,Aakash Sharma,Male,46,Married,Salaried,1442000.0,Guwahati,Assam,Affluent
C03211,Ritu Rana,Female,35,Widowed,Professional,1385000.0,Chandigarh,Chandigarh,Affluent
C03212,Rohan Saxena,Male,48,Married,Government Employee,805000.0,Thane,Maharashtra,Mass Market
C03213,Ashwin Gupta,Male,59,Widowed,Salaried,999000.0,Patna,Bihar,Mass Market
C03214,Ravi Yadav,Male,45,Married,Professional,1815000.0,Ahmedabad,Gujarat,Affluent
C03215,Parth Shah,Male,43,Married,Salaried,1245000.0,Ghaziabad,Uttar Pradesh,Affluent
C03216,Gaurav Banerjee,Male,66,Married,Business Owner,2716000.0,Ranchi,Jharkhand,Premium
C03217,Sameer Aggarwal,Male,36,Married,Professional,1056000.0,Kolkata,West Bengal,Affluent
C03218,Manoj Ghosh,Male,30,Single,Self-Employed,655000.0,Chandigarh,Chandigarh,Mass Market
C03219,Aakash Kulkarni,Male,50,Married,Self-Employed,1267000.0,Kanpur,Uttar Pradesh,Affluent
C03220,Rohan Ghosh,Male,26,Married,Business Owner,1736000.0,Gurugram,Haryana,Affluent
C03221,Ira Tiwari,Female,30,Married,Salaried,592000.0,Delhi,Delhi,Mass Market
C03222,Vijay Kapoor,Male,24,Married,Self-Employed,516000.0,Faridabad,Haryana,Young Professional
C03223,Aadhya Iyengar,Female,38,Married,Professional,1797000.0,Madurai,Tamil Nadu,Affluent
C03224,Rajesh Sen,Male,49,Married,Government Employee,477000.0,Delhi,Delhi,Mass Market
C03225,Om Bhatt,Male,32,Divorced,Self-Employed,1214000.0,Bhopal,Madhya Pradesh,Affluent
C03226,Rahul Kumar,Male,40,Married,Professional,1117000.0,Bhopal,Madhya Pradesh,Affluent
C03227,Komal Malhotra,Female,53,Married,Professional,1977000.0,Jaipur,Rajasthan,Affluent
C03228,Abhishek Rao,Male,30,Single,Salaried,738000.0,Vadodara,Gujarat,Mass Market
C03229,Pankaj Jain,Male,39,Married,Salaried,786000.0,Chandigarh,Chandigarh,Mass Market
C03230,Jyoti Prasad,Female,45,Married,Government Employee,649000.0,Bengaluru,Karnataka,Mass Market
C03231,Aryan Chandra,Male,45,Married,Self-Employed,1409000.0,Vijayawada,Andhra Pradesh,Affluent
C03232,Manoj Mukherjee,Male,49,Married,Salaried,1389000.0,Coimbatore,Tamil Nadu,Affluent
C03233,Reyansh Khanna,Male,40,Married,Self-Employed,1558000.0,Ludhiana,Punjab,Affluent
C03234,Vishal Bhatt,Male,26,Single,Salaried,766000.0,Bhubaneswar,Odisha,Young Professional
C03235,Vijay Kulkarni,Male,42,Married,Professional,1315000.0,Delhi,Delhi,Affluent
C03236,Riya Chatterjee,Female,30,Married,Government Employee,413000.0,Coimbatore,Tamil Nadu,Mass Market
C03237,Krishna Naidu,Male,28,Single,Salaried,794000.0,Indore,Madhya Pradesh,Young Professional
C03238,Ajay Bansal,Male,47,Married,Government Employee,872000.0,Bhopal,Madhya Pradesh,Mass Market
C03239,Sameer Nair,Male,39,Married,Salaried,962000.0,Chandigarh,Chandigarh,Mass Market
C03240,Aarav Singh,Male,60,Widowed,Salaried,1133000.0,Dehradun,Uttarakhand,Affluent
C03241,Pooja Menon,Female,35,Married,Salaried,382000.0,Noida,Uttar Pradesh,Mass Market
C03242,Deepak Sinha,Male,47,Married,Salaried,1540000.0,Hyderabad,Telangana,Affluent
C03243,Suresh Patel,Male,52,Married,Government Employee,1197000.0,Indore,Madhya Pradesh,Affluent
C03244,Pankaj Chatterjee,Male,33,Married,Self-Employed,2020000.0,Kanpur,Uttar Pradesh,Premium
C03245,Rahul Chauhan,Male,38,Married,Professional,2929000.0,Faridabad,Haryana,Premium
C03246,Kunal Reddy,Male,45,Married,Government Employee,499000.0,Amritsar,Punjab,Mass Market
C03247,Shalini Chauhan,Female,64,Married,Retired,462000.0,Nagpur,Maharashtra,Mass Market
C03248,Naveen Sen,Male,24,Single,Salaried,359000.0,Kanpur,Uttar Pradesh,Mass Market
C03249,Ira Aggarwal,Female,21,Single,Salaried,592000.0,Vadodara,Gujarat,Young Professional
C03250,Rakesh Deshmukh,Male,47,Widowed,Salaried,491000.0,Nagpur,Maharashtra,Mass Market
C03251,Divya Sinha,Female,49,Married,Salaried,1515000.0,Gurugram,Haryana,Affluent
C03252,Puneet Tiwari,Male,22,Single,Professional,869000.0,Nashik,Maharashtra,Young Professional
C03253,Advait Rathore,Male,27,Married,Government Employee,572000.0,Lucknow,Uttar Pradesh,Mass Market
C03254,Pihu Agarwal,Female,47,Married,Business Owner,1297000.0,Kochi,Kerala,Affluent
C03255,Ashok Subramaniam,Male,50,Divorced,Retired,492000.0,Kochi,Kerala,Mass Market
C03256,Aditya Bhatt,Male,35,Divorced,Self-Employed,891000.0,Gurugram,Haryana,Mass Market
C03257,Ekta Kulkarni,Female,26,Married,Professional,678000.0,Chandigarh,Chandigarh,Young Professional
C03258,Usha Bansal,Female,31,Single,Salaried,519000.0,Chennai,Tamil Nadu,Mass Market
C03259,Ashok Arora,Male,29,Married,Self-Employed,1071000.0,Ranchi,Jharkhand,Affluent
C03260,Mahesh Tiwari,Male,36,Married,Salaried,465000.0,Kanpur,Uttar Pradesh,Mass Market
C03261,Kunal Rana,Male,38,Married,Government Employee,733000.0,Amritsar,Punjab,Mass Market
C03262,Shweta Arora,Female,39,Married,Salaried,848000.0,Vadodara,Gujarat,Mass Market
C03263,Kartik Singh,Male,44,Divorced,Self-Employed,2188000.0,Vijayawada,Andhra Pradesh,Premium
C03264,Deepa Desai,Female,63,Divorced,Retired,327000.0,Coimbatore,Tamil Nadu,Mass Market
C03265,Abhishek Rao,Male,45,Married,Professional,2721000.0,Gurugram,Haryana,Premium
C03266,Aarav Sharma,Male,58,Married,Salaried,1383000.0,Nagpur,Maharashtra,Affluent
C03267,Komal Malhotra,Female,21,Single,Salaried,275000.0,Faridabad,Haryana,Mass Market
C03268,Dinesh Sinha,Male,44,Married,Self-Employed,1463000.0,Guwahati,Assam,Affluent
C03269,Ashwin Tiwari,Male,60,Married,Salaried,1540000.0,Guwahati,Assam,Affluent
C03270,Kunal Jain,Male,39,Divorced,Salaried,961000.0,Noida,Uttar Pradesh,Mass Market
C03271,Anjali Yadav,Female,47,Married,Business Owner,2226000.0,Madurai,Tamil Nadu,Premium
C03272,Anita Tiwari,Female,51,Divorced,Professional,2477000.0,Bengaluru,Karnataka,Premium
C03273,Preeti Menon,Female,40,Married,Professional,1554000.0,Mysuru,Karnataka,Affluent
C03274,Vidya Nayak,Female,54,Married,Self-Employed,737000.0,Kochi,Kerala,Mass Market
C03275,Nakul Aggarwal,Male,38,Married,Salaried,571000.0,Agra,Uttar Pradesh,Mass Market
C03276,Ishaan Jain,Male,40,Married,Government Employee,655000.0,Nashik,Maharashtra,Mass Market
C03277,Om Chandra,Male,47,Married,Professional,2563000.0,Chandigarh,Chandigarh,Premium
C03278,Naveen Thakur,Male,41,Single,Business Owner,2927000.0,Bhopal,Madhya Pradesh,Premium
C03279,Rajiv Aggarwal,Male,42,Divorced,Retired,789000.0,Bengaluru,Karnataka,Mass Market
C03280,Deepak Banerjee,Male,30,Divorced,Retired,269000.0,Delhi,Delhi,Mass Market
C03281,Rudra Sinha,Male,53,Married,Salaried,1353000.0,Vijayawada,Andhra Pradesh,Affluent
C03282,Mahesh Chatterjee,Male,37,Married,Business Owner,3728000.0,Surat,Gujarat,Premium
C03283,Preeti Sharma,Female,60,Married,Salaried,889000.0,Vijayawada,Andhra Pradesh,Mass Market
C03284,Amit Jain,Male,62,Divorced,Retired,573000.0,Pune,Maharashtra,Mass Market
C03285,Sonal Desai,Female,36,Married,Business Owner,3235000.0,Chandigarh,Chandigarh,Premium
C03286,Divya Khanna,Female,54,Married,Salaried,909000.0,Madurai,Tamil Nadu,Mass Market
C03287,Om Reddy,Male,40,Married,Salaried,693000.0,Nagpur,Maharashtra,Mass Market
C03288,Vidya Trivedi,Female,45,Widowed,Government Employee,796000.0,Kochi,Kerala,Mass Market
C03289,Pihu Chopra,Female,30,Single,Salaried,879000.0,Ghaziabad,Uttar Pradesh,Mass Market
C03290,Kunal Solanki,Male,42,Single,Salaried,836000.0,Chandigarh,Chandigarh,Mass Market
C03291,Shreya Shah,Female,59,Married,Government Employee,1167000.0,Bhubaneswar,Odisha,Affluent
C03292,Pallavi Subramaniam,Female,47,Married,Government Employee,500000.0,Mysuru,Karnataka,Mass Market
C03293,Rakesh Chandra,Male,50,Widowed,Government Employee,1022000.0,Surat,Gujarat,Affluent
C03294,Puneet Trivedi,Male,33,Single,Government Employee,599000.0,Indore,Madhya Pradesh,Mass Market
C03295,Saanvi Reddy,Female,70,Married,Self-Employed,1232000.0,Ghaziabad,Uttar Pradesh,Affluent
C03296,Saanvi Shah,Female,25,Married,Salaried,422000.0,Noida,Uttar Pradesh,Young Professional
C03297,Dinesh Khanna,Male,44,Divorced,Professional,2013000.0,Ahmedabad,Gujarat,Premium
C03298,Vishal Solanki,Male,46,Widowed,Salaried,678000.0,Bhubaneswar,Odisha,Mass Market
C03299,Gaurav Nair,Male,46,Married,Salaried,1455000.0,Kochi,Kerala,Affluent
C03300,Sarita Desai,Female,52,Married,Salaried,1339000.0,Nashik,Maharashtra,Affluent
C03301,Rani Malhotra,Female,33,Divorced,Salaried,582000.0,Jaipur,Rajasthan,Mass Market
C03302,Anil Rathore,Male,33,Married,Salaried,668000.0,Kanpur,Uttar Pradesh,Mass Market
C03303,Ravi Nair,Male,49,Married,Professional,2998000.0,Mysuru,Karnataka,Premium
C03304,Neha Chandra,Female,51,Married,Self-Employed,2191000.0,Nagpur,Maharashtra,Premium
C03305,Varun Banerjee,Male,27,Married,Retired,551000.0,Kanpur,Uttar Pradesh,Mass Market
C03306,Aryan Aggarwal,Male,29,Single,Self-Employed,911000.0,Bhubaneswar,Odisha,Young Professional
C03307,Vikram Deshmukh,Male,36,Married,Salaried,1264000.0,Varanasi,Uttar Pradesh,Affluent
C03308,Rahul Das,Male,40,Divorced,Self-Employed,1450000.0,Lucknow,Uttar Pradesh,Affluent
C03309,Shweta Mehta,Female,32,Married,Professional,3174000.0,Chennai,Tamil Nadu,Premium
C03310,Rohan Ghosh,Male,31,Married,Self-Employed,624000.0,Patna,Bihar,Mass Market
C03311,Harish Thakur,Male,30,Single,Professional,1091000.0,Delhi,Delhi,Affluent
C03312,Meera Sharma,Female,24,Single,Salaried,603000.0,Noida,Uttar Pradesh,Young Professional
C03313,Bhavna Bhatt,Female,28,Divorced,Professional,866000.0,Hyderabad,Telangana,Young Professional
C03314,Reyansh Shah,Male,30,Married,Self-Employed,599000.0,Mumbai,Maharashtra,Mass Market
C03315,Saanvi Tiwari,Female,37,Divorced,Salaried,571000.0,Indore,Madhya Pradesh,Mass Market
C03316,Bhavna Prasad,Female,55,Married,Salaried,1540000.0,Vijayawada,Andhra Pradesh,Affluent
C03317,Advait Bhatt,Male,37,Married,Salaried,1101000.0,Noida,Uttar Pradesh,Affluent
C03318,Ekta Ghosh,Female,43,Married,Salaried,576000.0,Coimbatore,Tamil Nadu,Mass Market
C03319,Yash Bose,Male,33,Divorced,Salaried,611000.0,Nashik,Maharashtra,Mass Market
C03320,Simran Saxena,Female,50,Married,Government Employee,660000.0,Bhopal,Madhya Pradesh,Mass Market
C03321,Shweta Agarwal,Female,36,Married,Government Employee,525000.0,Guwahati,Assam,Mass Market
C03322,Nidhi Deshmukh,Female,40,Married,Business Owner,1759000.0,Hyderabad,Telangana,Affluent
C03323,Meera Sharma,Female,53,Widowed,Salaried,1362000.0,Coimbatore,Tamil Nadu,Affluent
C03324,Arvind Solanki,Male,29,Married,Professional,1894000.0,Amritsar,Punjab,Affluent
C03325,Diya Bansal,Female,48,Married,Salaried,1111000.0,Jaipur,Rajasthan,Affluent
C03326,Prakash Sinha,Male,34,Married,Salaried,844000.0,Pune,Maharashtra,Mass Market
C03327,Ashwin Rathore,Male,37,Married,Retired,675000.0,Bhopal,Madhya Pradesh,Mass Market
C03328,Lavanya Kapoor,Female,33,Single,Government Employee,388000.0,Varanasi,Uttar Pradesh,Mass Market
C03329,Manisha Sharma,Female,42,Married,Self-Employed,863000.0,Bhubaneswar,Odisha,Mass Market
C03330,Ananya Aggarwal,Female,49,Married,Salaried,1402000.0,Ludhiana,Punjab,Affluent
C03331,Kavya Krishnan,Female,42,Married,Salaried,893000.0,Nashik,Maharashtra,Mass Market
C03332,Aryan Iyengar,Male,34,Married,Salaried,515000.0,Ludhiana,Punjab,Mass Market
C03333,Nakul Dubey,Male,41,Married,Retired,398000.0,Vijayawada,Andhra Pradesh,Mass Market
C03334,Divya Mishra,Female,47,Single,Business Owner,4099000.0,Varanasi,Uttar Pradesh,Premium
C03335,Advait Saxena,Male,50,Married,Retired,279000.0,Kochi,Kerala,Mass Market
C03336,Mohit Das,Male,29,Divorced,Business Owner,2921000.0,Kolkata,West Bengal,Premium
C03337,Manisha Desai,Female,43,Married,Salaried,1061000.0,Vijayawada,Andhra Pradesh,Affluent
C03338,Arjun Joshi,Male,47,Married,Government Employee,1072000.0,Surat,Gujarat,Affluent
C03339,Amit Sen,Male,53,Married,Professional,3850000.0,Noida,Uttar Pradesh,Premium
C03340,Kajal Reddy,Female,42,Married,Salaried,853000.0,Jodhpur,Rajasthan,Mass Market
C03341,Anil Thakur,Male,38,Married,Professional,1890000.0,Dehradun,Uttarakhand,Affluent
C03342,Harish Chatterjee,Male,47,Married,Salaried,757000.0,Ranchi,Jharkhand,Mass Market
C03343,Gaurav Bhatt,Male,40,Married,Professional,2959000.0,Indore,Madhya Pradesh,Premium
C03344,Vikram Chauhan,Male,49,Married,Salaried,892000.0,Chennai,Tamil Nadu,Mass Market
C03345,Ramesh Prasad,Male,58,Widowed,Salaried,1241000.0,Delhi,Delhi,Affluent
C03346,Namrata Nayak,Female,44,Married,Salaried,1010000.0,Ludhiana,Punjab,Affluent
C03347,Ajay Solanki,Male,49,Married,Salaried,923000.0,Patna,Bihar,Mass Market
C03348,Advait Sinha,Male,44,Married,Self-Employed,619000.0,Visakhapatnam,Andhra Pradesh,Mass Market
C03349,Manoj Prasad,Male,33,Married,Business Owner,2258000.0,Pune,Maharashtra,Premium
C03350,Nandini Patel,Female,43,Married,Self-Employed,987000.0,Ranchi,Jharkhand,Mass Market
C03351,Kiran Prasad,Female,44,Married,Salaried,1060000.0,Coimbatore,Tamil Nadu,Affluent
C03352,Rohan Jain,Male,37,Married,Salaried,554000.0,Mysuru,Karnataka,Mass Market
C03353,Girish Naidu,Male,45,Married,Government Employee,832000.0,Coimbatore,Tamil Nadu,Mass Market
C03354,Farah Krishnan,Female,70,Widowed,Business Owner,3911000.0,Chandigarh,Chandigarh,Premium
C03355,Kiran Banerjee,Female,45,Married,Government Employee,637000.0,Thane,Maharashtra,Mass Market
C03356,Ankit Patel,Male,48,Widowed,Government Employee,1210000.0,Pune,Maharashtra,Affluent
C03357,Amit Ghosh,Male,65,Married,Business Owner,1612000.0,Pune,Maharashtra,Affluent
C03358,Manisha Chandra,Female,21,Single,Self-Employed,587000.0,Madurai,Tamil Nadu,Young Professional
C03359,Komal Joshi,Female,51,Married,Salaried,596000.0,Pune,Maharashtra,Mass Market
C03360,Girish Bhatia,Male,40,Divorced,Government Employee,1035000.0,Ludhiana,Punjab,Affluent
C03361,Rachna Kumar,Female,36,Married,Self-Employed,657000.0,Mumbai,Maharashtra,Mass Market
C03362,Varun Kulkarni,Male,53,Single,Salaried,805000.0,Madurai,Tamil Nadu,Mass Market
C03363,Ekta Bose,Female,24,Married,Salaried,298000.0,Chandigarh,Chandigarh,Mass Market
C03364,Rekha Khanna,Female,43,Married,Salaried,979000.0,Nashik,Maharashtra,Mass Market
C03365,Ajay Shah,Male,49,Married,Salaried,859000.0,Vijayawada,Andhra Pradesh,Mass Market
C03366,Vivaan Chopra,Male,36,Married,Business Owner,4224000.0,Guwahati,Assam,Premium
C03367,Aakash Rao,Male,52,Married,Salaried,1279000.0,Amritsar,Punjab,Affluent
C03368,Kiran Malhotra,Female,38,Single,Retired,599000.0,Vadodara,Gujarat,Mass Market
C03369,Deepak Bansal,Male,29,Married,Salaried,650000.0,Amritsar,Punjab,Young Professional
C03370,Swati Chandra,Female,53,Married,Self-Employed,1755000.0,Vadodara,Gujarat,Affluent
C03371,Aakash Sen,Male,49,Divorced,Salaried,899000.0,Bengaluru,Karnataka,Mass Market
C03372,Anita Mukherjee,Female,42,Married,Professional,2413000.0,Faridabad,Haryana,Premium
C03373,Mahima Aggarwal,Female,45,Married,Retired,685000.0,Mysuru,Karnataka,Mass Market
C03374,Oindrila Das,Female,45,Married,Government Employee,545000.0,Indore,Madhya Pradesh,Mass Market
C03375,Neha Krishnan,Female,45,Single,Government Employee,840000.0,Chandigarh,Chandigarh,Mass Market
C03376,Ashok Subramaniam,Male,33,Single,Salaried,876000.0,Coimbatore,Tamil Nadu,Mass Market
C03377,Ajay Trivedi,Male,44,Married,Business Owner,3112000.0,Indore,Madhya Pradesh,Premium
C03378,Geeta Kulkarni,Female,39,Married,Salaried,778000.0,Hyderabad,Telangana,Mass Market
C03379,Sonal Sen,Female,47,Married,Salaried,1022000.0,Noida,Uttar Pradesh,Affluent
C03380,Aditya Arora,Male,41,Married,Self-Employed,962000.0,Lucknow,Uttar Pradesh,Mass Market
C03381,Yash Chauhan,Male,25,Married,Professional,1245000.0,Guwahati,Assam,Affluent
C03382,Pallavi Bhatt,Female,56,Married,Salaried,779000.0,Gurugram,Haryana,Mass Market
C03383,Sonal Singh,Female,21,Single,Salaried,269000.0,Guwahati,Assam,Mass Market
C03384,Vishal Das,Male,23,Married,Salaried,545000.0,Raipur,Chhattisgarh,Young Professional
C03385,Puneet Shah,Male,62,Married,Business Owner,4863000.0,Nagpur,Maharashtra,Premium
C03386,Sameer Bhatt,Male,28,Single,Professional,692000.0,Jaipur,Rajasthan,Young Professional
C03387,Krishna Kulkarni,Male,65,Married,Self-Employed,1053000.0,Madurai,Tamil Nadu,Affluent
C03388,Rudra Jain,Male,50,Single,Government Employee,884000.0,Ghaziabad,Uttar Pradesh,Mass Market
C03389,Manoj Rathore,Male,51,Married,Salaried,1458000.0,Lucknow,Uttar Pradesh,Affluent
C03390,Ankit Kamble,Male,38,Married,Self-Employed,1439000.0,Gurugram,Haryana,Affluent
C03391,Pankaj Iyer,Male,58,Divorced,Salaried,1015000.0,Surat,Gujarat,Affluent
C03392,Aadhya Pandey,Female,51,Married,Retired,361000.0,Nagpur,Maharashtra,Mass Market
C03393,Sunita Srivastava,Female,35,Married,Salaried,657000.0,Mysuru,Karnataka,Mass Market
C03394,Girish Sinha,Male,57,Single,Salaried,1338000.0,Surat,Gujarat,Affluent
C03395,Lata Prasad,Female,46,Married,Self-Employed,1794000.0,Kochi,Kerala,Affluent
C03396,Meera Mishra,Female,46,Married,Professional,1052000.0,Hyderabad,Telangana,Affluent
C03397,Nikhil Sinha,Male,39,Married,Self-Employed,1813000.0,Gurugram,Haryana,Affluent
C03398,Anita Kapoor,Female,52,Divorced,Business Owner,5310000.0,Hyderabad,Telangana,Premium
C03399,Kabir Rao,Male,38,Married,Retired,296000.0,Coimbatore,Tamil Nadu,Mass Market
C03400,Naveen Gupta,Male,60,Married,Self-Employed,1852000.0,Guwahati,Assam,Affluent
C03401,Harish Dubey,Male,25,Single,Professional,921000.0,Pune,Maharashtra,Young Professional
C03402,Saurabh Trivedi,Male,44,Married,Salaried,1467000.0,Noida,Uttar Pradesh,Affluent
C03403,Geeta Jain,Female,41,Widowed,Self-Employed,1336000.0,Vijayawada,Andhra Pradesh,Affluent
C03404,Shreya Nayak,Female,47,Married,Business Owner,3761000.0,Chandigarh,Chandigarh,Premium
C03405,Girish Mukherjee,Male,43,Divorced,Government Employee,733000.0,Amritsar,Punjab,Mass Market
C03406,Ashwin Sharma,Male,48,Married,Business Owner,6600000.0,Dehradun,Uttarakhand,Premium
C03407,Anil Patel,Male,47,Married,Self-Employed,609000.0,Pune,Maharashtra,Mass Market
C03408,Nakul Jain,Male,32,Married,Salaried,766000.0,Pune,Maharashtra,Mass Market
C03409,Kiran Verma,Female,62,Married,Retired,245000.0,Faridabad,Haryana,Mass Market
C03410,Mahima Mukherjee,Female,35,Married,Business Owner,800000.0,Madurai,Tamil Nadu,Mass Market
C03411,Siddharth Tiwari,Male,43,Married,Retired,359000.0,Kolkata,West Bengal,Mass Market
C03412,Kabir Sen,Male,27,Married,Salaried,917000.0,Gurugram,Haryana,Young Professional
C03413,Suresh Shah,Male,42,Married,Salaried,665000.0,Mysuru,Karnataka,Mass Market
C03414,Rohan Desai,Male,41,Married,Salaried,1221000.0,Ludhiana,Punjab,Affluent
C03415,Siddharth Dubey,Male,61,Divorced,Retired,362000.0,Ranchi,Jharkhand,Mass Market
C03416,Sonal Arora,Female,47,Married,Salaried,882000.0,Delhi,Delhi,Mass Market
C03417,Nakul Singh,Male,52,Married,Professional,3573000.0,Ranchi,Jharkhand,Premium
C03418,Anita Bhatt,Female,70,Widowed,Retired,542000.0,Raipur,Chhattisgarh,Mass Market
C03419,Rajesh Nair,Male,52,Divorced,Self-Employed,1077000.0,Indore,Madhya Pradesh,Affluent
C03420,Siddharth Sharma,Male,29,Single,Salaried,704000.0,Vijayawada,Andhra Pradesh,Young Professional
C03421,Ira Krishnan,Female,59,Single,Self-Employed,1424000.0,Jodhpur,Rajasthan,Affluent
C03422,Rajesh Gupta,Male,26,Married,Salaried,924000.0,Ludhiana,Punjab,Young Professional
C03423,Sneha Jain,Female,51,Married,Salaried,638000.0,Jaipur,Rajasthan,Mass Market
C03424,Shreya Arora,Female,21,Married,Salaried,623000.0,Lucknow,Uttar Pradesh,Young Professional
C03425,Arjun Patel,Male,59,Married,Self-Employed,1639000.0,Visakhapatnam,Andhra Pradesh,Affluent
C03426,Pihu Sen,Female,36,Married,Business Owner,3783000.0,Pune,Maharashtra,Premium
C03427,Gaurav Chauhan,Male,41,Married,Government Employee,922000.0,Nashik,Maharashtra,Mass Market
C03428,Naveen Sen,Male,30,Married,Salaried,830000.0,Mumbai,Maharashtra,Mass Market
C03429,Sapna Saxena,Female,40,Single,Professional,2409000.0,Bengaluru,Karnataka,Premium
C03430,Aryan Joshi,Male,21,Single,Self-Employed,478000.0,Ranchi,Jharkhand,Young Professional
C03431,Nandini Trivedi,Female,48,Married,Salaried,1540000.0,Mysuru,Karnataka,Affluent
C03432,Sunil Bansal,Male,41,Divorced,Salaried,1225000.0,Ludhiana,Punjab,Affluent
C03433,Sneha Trivedi,Female,36,Married,Salaried,938000.0,Ranchi,Jharkhand,Mass Market
C03434,Kavya Chatterjee,Female,26,Married,Salaried,410000.0,Kolkata,West Bengal,Young Professional
C03435,Manisha Rao,Female,50,Married,Professional,1713000.0,Bengaluru,Karnataka,Affluent
C03436,Ravi Joshi,Male,38,Married,Salaried,1025000.0,Ghaziabad,Uttar Pradesh,Affluent
C03437,Ritu Anand,Female,41,Single,Professional,1722000.0,Vijayawada,Andhra Pradesh,Affluent
C03438,Chitra Joshi,Female,41,Married,Business Owner,1243000.0,Agra,Uttar Pradesh,Affluent
C03439,Om Singh,Male,54,Married,Salaried,675000.0,Varanasi,Uttar Pradesh,Mass Market
C03440,Vidya Banerjee,Female,36,Married,Government Employee,650000.0,Jodhpur,Rajasthan,Mass Market
C03441,Preeti Dubey,Female,21,Single,Business Owner,470000.0,Chandigarh,Chandigarh,Mass Market
C03442,Divya Sinha,Female,55,Married,Professional,3590000.0,Amritsar,Punjab,Premium
C03443,Om Sinha,Male,34,Married,Retired,235000.0,Visakhapatnam,Andhra Pradesh,Mass Market
C03444,Pankaj Singh,Male,26,Married,Retired,526000.0,Surat,Gujarat,Mass Market
C03445,Varun Desai,Male,21,Single,Business Owner,677000.0,Patna,Bihar,Mass Market
C03446,Ramesh Yadav,Male,42,Married,Salaried,970000.0,Nashik,Maharashtra,Mass Market
C03447,Aakash Pillai,Male,33,Married,Self-Employed,1467000.0,Surat,Gujarat,Affluent
C03448,Girish Verma,Male,40,Divorced,Business Owner,2344000.0,Kochi,Kerala,Premium
C03449,Shalini Singh,Female,34,Single,Retired,398000.0,Vijayawada,Andhra Pradesh,Mass Market
C03450,Anita Chopra,Female,59,Married,Salaried,1040000.0,Patna,Bihar,Affluent
C03451,Gauri Singh,Female,33,Single,Professional,1641000.0,Pune,Maharashtra,Affluent
C03452,Shreya Pandey,Female,47,Divorced,Salaried,801000.0,Coimbatore,Tamil Nadu,Mass Market
C03453,Rakesh Rao,Male,49,Married,Professional,2997000.0,Coimbatore,Tamil Nadu,Premium
C03454,Prakash Sharma,Male,31,Single,Business Owner,3781000.0,Thane,Maharashtra,Premium
C03455,Girish Iyengar,Male,39,Divorced,Salaried,752000.0,Kolkata,West Bengal,Mass Market
C03456,Vikram Pillai,Male,46,Widowed,Salaried,895000.0,Chandigarh,Chandigarh,Mass Market
C03457,Geeta Khanna,Female,41,Married,Salaried,532000.0,Pune,Maharashtra,Mass Market
C03458,Nandini Shah,Female,25,Married,Self-Employed,407000.0,Ghaziabad,Uttar Pradesh,Young Professional
C03459,Pallavi Trivedi,Female,55,Married,Professional,2629000.0,Raipur,Chhattisgarh,Premium
C03460,Radha Arora,Female,36,Married,Retired,556000.0,Mysuru,Karnataka,Mass Market
C03461,Sanjay Kamble,Male,23,Single,Professional,1113000.0,Patna,Bihar,Affluent
C03462,Gaurav Bose,Male,33,Married,Salaried,867000.0,Hyderabad,Telangana,Mass Market
C03463,Siddharth Mishra,Male,24,Married,Salaried,319000.0,Chandigarh,Chandigarh,Mass Market
C03464,Arvind Thakur,Male,60,Married,Salaried,1040000.0,Ranchi,Jharkhand,Affluent
C03465,Rekha Banerjee,Female,46,Married,Professional,1826000.0,Madurai,Tamil Nadu,Affluent
C03466,Ashok Saxena,Male,34,Single,Salaried,681000.0,Mumbai,Maharashtra,Mass Market
C03467,Swati Tiwari,Female,54,Married,Business Owner,6600000.0,Jaipur,Rajasthan,Premium
C03468,Rakesh Kumar,Male,46,Married,Salaried,618000.0,Mysuru,Karnataka,Mass Market
C03469,Shalini Srivastava,Female,55,Married,Salaried,771000.0,Nashik,Maharashtra,Mass Market
C03470,Dinesh Desai,Male,51,Single,Salaried,1305000.0,Vijayawada,Andhra Pradesh,Affluent
C03471,Siddharth Rathore,Male,22,Single,Salaried,269000.0,Amritsar,Punjab,Mass Market
C03472,Shaurya Kapoor,Male,46,Married,Self-Employed,673000.0,Agra,Uttar Pradesh,Mass Market
C03473,Prakash Sinha,Male,56,Married,Salaried,1354000.0,Vadodara,Gujarat,Affluent
C03474,Vandana Sen,Female,39,Married,Business Owner,2364000.0,Kochi,Kerala,Premium
C03475,Rachna Yadav,Female,26,Single,Professional,1388000.0,Chennai,Tamil Nadu,Affluent
C03476,Shreya Aggarwal,Female,22,Single,Salaried,522000.0,Ludhiana,Punjab,Young Professional
C03477,Karan Solanki,Male,52,Divorced,Professional,1447000.0,Chennai,Tamil Nadu,Affluent
C03478,Amit Reddy,Male,54,Married,Salaried,769000.0,Bhopal,Madhya Pradesh,Mass Market
C03479,Neha Patel,Female,41,Married,Retired,474000.0,Mysuru,Karnataka,Mass Market
C03480,Parth Krishnan,Male,34,Single,Salaried,892000.0,Vadodara,Gujarat,Mass Market
C03481,Ekta Srivastava,Female,46,Married,Professional,2419000.0,Mumbai,Maharashtra,Premium
C03482,Deepa Thakur,Female,40,Married,Retired,301000.0,Faridabad,Haryana,Mass Market
C03483,Anita Dubey,Female,30,Married,Salaried,693000.0,Noida,Uttar Pradesh,Mass Market
C03484,Manisha Naidu,Female,40,Married,Business Owner,4123000.0,Mumbai,Maharashtra,Premium
C03485,Om Trivedi,Male,21,Single,Government Employee,200000.0,Mumbai,Maharashtra,Mass Market
C03486,Devendra Chatterjee,Male,38,Married,Professional,2406000.0,Ranchi,Jharkhand,Premium
C03487,Reyansh Bansal,Male,40,Married,Salaried,830000.0,Raipur,Chhattisgarh,Mass Market
C03488,Gaurav Srivastava,Male,40,Married,Self-Employed,1633000.0,Dehradun,Uttarakhand,Affluent
C03489,Ajay Nair,Male,52,Divorced,Self-Employed,1821000.0,Raipur,Chhattisgarh,Affluent
C03490,Rajiv Raut,Male,54,Divorced,Self-Employed,729000.0,Ahmedabad,Gujarat,Mass Market
C03491,Sunil Sinha,Male,43,Married,Retired,809000.0,Jaipur,Rajasthan,Mass Market
C03492,Om Malhotra,Male,38,Married,Government Employee,718000.0,Hyderabad,Telangana,Mass Market
C03493,Lata Pandey,Female,47,Married,Professional,3032000.0,Chandigarh,Chandigarh,Premium
C03494,Riya Naidu,Female,44,Married,Salaried,1356000.0,Pune,Maharashtra,Affluent
C03495,Anita Das,Female,26,Married,Self-Employed,829000.0,Bhopal,Madhya Pradesh,Young Professional
C03496,Kartik Das,Male,39,Married,Self-Employed,749000.0,Ghaziabad,Uttar Pradesh,Mass Market
C03497,Ritu Sharma,Female,36,Married,Government Employee,444000.0,Visakhapatnam,Andhra Pradesh,Mass Market
C03498,Sonal Iyer,Female,28,Married,Salaried,710000.0,Mysuru,Karnataka,Young Professional
C03499,Arjun Prasad,Male,47,Married,Salaried,1242000.0,Ghaziabad,Uttar Pradesh,Affluent
C03500,Nakul Kumar,Male,50,Married,Salaried,932000.0,Amritsar,Punjab,Mass Market
C03501,Saanvi Agarwal,Female,48,Single,Business Owner,1016000.0,Agra,Uttar Pradesh,Affluent
C03502,Tarun Sen,Male,21,Married,Government Employee,482000.0,Amritsar,Punjab,Mass Market
C03503,Vikram Sharma,Male,40,Married,Retired,366000.0,Agra,Uttar Pradesh,Mass Market
C03504,Siddharth Dubey,Male,42,Divorced,Professional,2515000.0,Agra,Uttar Pradesh,Premium
C03505,Aadhya Shah,Female,44,Married,Salaried,739000.0,Agra,Uttar Pradesh,Mass Market
C03506,Nakul Menon,Male,46,Married,Professional,1847000.0,Kochi,Kerala,Affluent
C03507,Ashok Yadav,Male,40,Married,Salaried,1081000.0,Chennai,Tamil Nadu,Affluent
C03508,Nandini Sharma,Female,39,Married,Retired,605000.0,Pune,Maharashtra,Mass Market
C03509,Mahesh Iyengar,Male,61,Widowed,Self-Employed,735000.0,Surat,Gujarat,Mass Market
C03510,Puneet Pandey,Male,31,Married,Salaried,856000.0,Gurugram,Haryana,Mass Market
C03511,Simran Chauhan,Female,41,Married,Professional,1479000.0,Ghaziabad,Uttar Pradesh,Affluent
C03512,Rakesh Shah,Male,40,Married,Salaried,624000.0,Kanpur,Uttar Pradesh,Mass Market
C03513,Aryan Reddy,Male,41,Widowed,Retired,521000.0,Dehradun,Uttarakhand,Mass Market
C03514,Nidhi Chandra,Female,54,Married,Self-Employed,811000.0,Jaipur,Rajasthan,Mass Market
C03515,Aarav Mishra,Male,23,Single,Professional,1053000.0,Kochi,Kerala,Affluent
C03516,Kavita Menon,Female,49,Married,Salaried,1026000.0,Nagpur,Maharashtra,Affluent
C03517,Reyansh Joshi,Male,45,Divorced,Self-Employed,488000.0,Vadodara,Gujarat,Mass Market
C03518,Dinesh Chandra,Male,32,Single,Self-Employed,1380000.0,Guwahati,Assam,Affluent
C03519,Ishita Reddy,Female,37,Married,Salaried,534000.0,Coimbatore,Tamil Nadu,Mass Market
C03520,Mahima Saxena,Female,44,Married,Business Owner,2403000.0,Nagpur,Maharashtra,Premium
C03521,Rajesh Yadav,Male,39,Widowed,Self-Employed,744000.0,Patna,Bihar,Mass Market
C03522,Parth Krishnan,Male,30,Married,Government Employee,328000.0,Noida,Uttar Pradesh,Mass Market
C03523,Isha Bhatt,Female,29,Single,Government Employee,513000.0,Jaipur,Rajasthan,Mass Market
C03524,Pihu Solanki,Female,51,Married,Salaried,1390000.0,Guwahati,Assam,Affluent
C03525,Suresh Mehta,Male,44,Widowed,Professional,3411000.0,Chandigarh,Chandigarh,Premium
C03526,Ananya Joshi,Female,46,Divorced,Self-Employed,1066000.0,Kolkata,West Bengal,Affluent
C03527,Devendra Kapoor,Male,35,Married,Salaried,631000.0,Surat,Gujarat,Mass Market
C03528,Harish Kumar,Male,31,Single,Government Employee,945000.0,Mumbai,Maharashtra,Mass Market
C03529,Om Bansal,Male,49,Married,Government Employee,1124000.0,Coimbatore,Tamil Nadu,Affluent
C03530,Kabir Thakur,Male,35,Married,Professional,1695000.0,Mumbai,Maharashtra,Affluent
C03531,Radha Malhotra,Female,41,Married,Salaried,1314000.0,Vadodara,Gujarat,Affluent
C03532,Om Chatterjee,Male,45,Married,Salaried,948000.0,Chennai,Tamil Nadu,Mass Market
C03533,Ashok Solanki,Male,44,Widowed,Salaried,772000.0,Varanasi,Uttar Pradesh,Mass Market
C03534,Siddharth Chatterjee,Male,43,Married,Salaried,931000.0,Faridabad,Haryana,Mass Market
C03535,Anil Deshmukh,Male,49,Married,Salaried,548000.0,Patna,Bihar,Mass Market
C03536,Naveen Saxena,Male,46,Married,Salaried,1035000.0,Visakhapatnam,Andhra Pradesh,Affluent
C03537,Abhishek Thakur,Male,44,Married,Salaried,707000.0,Kochi,Kerala,Mass Market
C03538,Siddharth Menon,Male,28,Divorced,Self-Employed,735000.0,Kolkata,West Bengal,Young Professional
C03539,Nisha Iyengar,Female,64,Married,Business Owner,3471000.0,Madurai,Tamil Nadu,Premium
C03540,Rekha Dubey,Female,38,Divorced,Salaried,1378000.0,Pune,Maharashtra,Affluent
C03541,Chitra Menon,Female,27,Married,Self-Employed,881000.0,Bengaluru,Karnataka,Young Professional
C03542,Om Verma,Male,27,Married,Professional,868000.0,Surat,Gujarat,Young Professional
C03543,Abhishek Patel,Male,44,Married,Salaried,646000.0,Varanasi,Uttar Pradesh,Mass Market
C03544,Shweta Yadav,Female,44,Married,Professional,3619000.0,Hyderabad,Telangana,Premium
C03545,Kunal Trivedi,Male,48,Married,Business Owner,3337000.0,Raipur,Chhattisgarh,Premium
C03546,Ajay Ghosh,Male,37,Married,Government Employee,647000.0,Thane,Maharashtra,Mass Market
C03547,Mahima Kumar,Female,54,Married,Salaried,771000.0,Kochi,Kerala,Mass Market
C03548,Om Jain,Male,48,Married,Business Owner,3389000.0,Faridabad,Haryana,Premium
C03549,Usha Mehta,Female,41,Married,Salaried,866000.0,Hyderabad,Telangana,Mass Market
C03550,Rajiv Mukherjee,Male,55,Single,Government Employee,765000.0,Patna,Bihar,Mass Market
C03551,Dinesh Chatterjee,Male,55,Married,Professional,3120000.0,Agra,Uttar Pradesh,Premium
C03552,Priya Nair,Female,49,Married,Retired,363000.0,Ludhiana,Punjab,Mass Market
C03553,Aarav Kumar,Male,44,Married,Salaried,546000.0,Bengaluru,Karnataka,Mass Market
C03554,Ritu Das,Female,51,Married,Self-Employed,788000.0,Ludhiana,Punjab,Mass Market
C03555,Prakash Naidu,Male,42,Married,Self-Employed,1510000.0,Gurugram,Haryana,Affluent
C03556,Meera Chauhan,Female,57,Married,Salaried,1338000.0,Vijayawada,Andhra Pradesh,Affluent
C03557,Vidya Sinha,Female,45,Married,Salaried,711000.0,Kanpur,Uttar Pradesh,Mass Market
C03558,Rajiv Ghosh,Male,43,Married,Self-Employed,2252000.0,Noida,Uttar Pradesh,Premium
C03559,Kavita Shah,Female,52,Married,Self-Employed,2077000.0,Ghaziabad,Uttar Pradesh,Premium
C03560,Rekha Ghosh,Female,28,Single,Self-Employed,783000.0,Mumbai,Maharashtra,Young Professional
C03561,Simran Chandra,Female,33,Married,Self-Employed,927000.0,Nashik,Maharashtra,Mass Market
C03562,Ashwin Chatterjee,Male,34,Single,Self-Employed,757000.0,Madurai,Tamil Nadu,Mass Market
C03563,Pankaj Anand,Male,23,Married,Salaried,417000.0,Patna,Bihar,Young Professional
C03564,Amit Jadhav,Male,30,Single,Professional,1032000.0,Chandigarh,Chandigarh,Affluent
C03565,Rekha Aggarwal,Female,33,Married,Professional,1972000.0,Kolkata,West Bengal,Affluent
C03566,Rajesh Gupta,Male,47,Married,Self-Employed,625000.0,Vijayawada,Andhra Pradesh,Mass Market
C03567,Manisha Menon,Female,21,Single,Professional,1115000.0,Madurai,Tamil Nadu,Affluent
C03568,Sanjay Singh,Male,37,Married,Government Employee,382000.0,Dehradun,Uttarakhand,Mass Market
C03569,Riya Sen,Female,46,Married,Self-Employed,906000.0,Ranchi,Jharkhand,Mass Market
C03570,Abhishek Chopra,Male,48,Single,Self-Employed,466000.0,Gurugram,Haryana,Mass Market
C03571,Reyansh Joshi,Male,52,Married,Salaried,1069000.0,Surat,Gujarat,Affluent
C03572,Dinesh Arora,Male,36,Married,Business Owner,3023000.0,Nagpur,Maharashtra,Premium
C03573,Devendra Kamble,Male,47,Married,Self-Employed,580000.0,Visakhapatnam,Andhra Pradesh,Mass Market
C03574,Dhruv Aggarwal,Male,27,Married,Professional,1312000.0,Nashik,Maharashtra,Affluent
C03575,Farah Singh,Female,33,Single,Retired,373000.0,Pune,Maharashtra,Mass Market
C03576,Dinesh Khanna,Male,44,Married,Salaried,989000.0,Gurugram,Haryana,Mass Market
C03577,Ananya Reddy,Female,36,Married,Business Owner,2139000.0,Faridabad,Haryana,Premium
C03578,Chitra Trivedi,Female,46,Married,Business Owner,6552000.0,Vijayawada,Andhra Pradesh,Premium
C03579,Ankit Gupta,Male,43,Widowed,Business Owner,3793000.0,Jaipur,Rajasthan,Premium
C03580,Neha Pillai,Female,35,Married,Salaried,534000.0,Mysuru,Karnataka,Mass Market
C03581,Sonal Malhotra,Female,28,Single,Self-Employed,1386000.0,Nagpur,Maharashtra,Affluent
C03582,Karan Reddy,Male,38,Widowed,Government Employee,696000.0,Ranchi,Jharkhand,Mass Market
C03583,Mohit Arora,Male,30,Married,Government Employee,786000.0,Dehradun,Uttarakhand,Mass Market
C03584,Arvind Bansal,Male,36,Married,Professional,2373000.0,Chandigarh,Chandigarh,Premium
C03585,Sneha Nair,Female,52,Divorced,Government Employee,945000.0,Patna,Bihar,Mass Market
C03586,Preeti Bhatia,Female,56,Married,Salaried,1540000.0,Mumbai,Maharashtra,Affluent
C03587,Aadhya Jadhav,Female,42,Married,Professional,807000.0,Indore,Madhya Pradesh,Mass Market
C03588,Jaya Kapoor,Female,47,Married,Retired,334000.0,Faridabad,Haryana,Mass Market
C03589,Sandeep Sen,Male,29,Divorced,Government Employee,535000.0,Raipur,Chhattisgarh,Mass Market
C03590,Ankit Desai,Male,41,Single,Salaried,759000.0,Thane,Maharashtra,Mass Market
C03591,Anita Reddy,Female,63,Widowed,Self-Employed,1311000.0,Patna,Bihar,Affluent
C03592,Kavya Chopra,Female,63,Married,Professional,3263000.0,Thane,Maharashtra,Premium
C03593,Sapna Gupta,Female,41,Married,Professional,1623000.0,Bhopal,Madhya Pradesh,Affluent
C03594,Chitra Prasad,Female,42,Married,Self-Employed,2014000.0,Surat,Gujarat,Premium
C03595,Bhavna Deshmukh,Female,25,Married,Government Employee,487000.0,Jaipur,Rajasthan,Mass Market
C03596,Shalini Subramaniam,Female,34,Married,Salaried,704000.0,Hyderabad,Telangana,Mass Market
C03597,Kavita Sharma,Female,28,Married,Government Employee,487000.0,Indore,Madhya Pradesh,Mass Market
C03598,Komal Bose,Female,45,Married,Salaried,1164000.0,Agra,Uttar Pradesh,Affluent
C03599,Sandeep Solanki,Male,47,Married,Salaried,1438000.0,Chennai,Tamil Nadu,Affluent
C03600,Bhavesh Kamble,Male,33,Married,Salaried,586000.0,Jaipur,Rajasthan,Mass Market
C03601,Ankit Bose,Male,35,Divorced,Professional,1617000.0,Varanasi,Uttar Pradesh,Affluent
C03602,Vivaan Subramaniam,Male,43,Married,Self-Employed,1546000.0,Hyderabad,Telangana,Affluent
C03603,Ajay Solanki,Male,32,Married,Salaried,444000.0,Agra,Uttar Pradesh,Mass Market
C03604,Nikhil Banerjee,Male,45,Married,Salaried,895000.0,Patna,Bihar,Mass Market
C03605,Vikram Solanki,Male,37,Married,Self-Employed,1809000.0,Delhi,Delhi,Affluent
C03606,Vidya Deshmukh,Female,21,Single,Salaried,323000.0,Chandigarh,Chandigarh,Mass Market
C03607,Pankaj Subramaniam,Male,50,Widowed,Salaried,1540000.0,Vijayawada,Andhra Pradesh,Affluent
C03608,Kiran Bose,Female,61,Married,Self-Employed,971000.0,Dehradun,Uttarakhand,Mass Market
C03609,Pankaj Anand,Male,46,Married,Salaried,1267000.0,Patna,Bihar,Affluent
C03610,Ashok Rathore,Male,35,Married,Retired,199000.0,Guwahati,Assam,Mass Market
C03611,Farah Pandey,Female,29,Single,Salaried,578000.0,Thane,Maharashtra,Young Professional
C03612,Kartik Patel,Male,56,Married,Self-Employed,2420000.0,Surat,Gujarat,Premium
C03613,Sarita Rana,Female,26,Single,Professional,1155000.0,Noida,Uttar Pradesh,Affluent
C03614,Nikhil Menon,Male,41,Married,Government Employee,867000.0,Kanpur,Uttar Pradesh,Mass Market
C03615,Nakul Sinha,Male,41,Married,Professional,2423000.0,Mysuru,Karnataka,Premium
C03616,Vishal Verma,Male,41,Married,Salaried,915000.0,Kanpur,Uttar Pradesh,Mass Market
C03617,Preeti Jadhav,Female,51,Married,Salaried,1032000.0,Ghaziabad,Uttar Pradesh,Affluent
C03618,Sonal Srivastava,Female,47,Married,Salaried,657000.0,Kanpur,Uttar Pradesh,Mass Market
C03619,Manisha Singh,Female,50,Married,Self-Employed,1048000.0,Vijayawada,Andhra Pradesh,Affluent
C03620,Karan Chauhan,Male,54,Married,Salaried,700000.0,Surat,Gujarat,Mass Market
C03621,Jaya Naidu,Female,34,Married,Salaried,1197000.0,Bhopal,Madhya Pradesh,Affluent
C03622,Meera Solanki,Female,54,Married,Professional,2975000.0,Guwahati,Assam,Premium
C03623,Manoj Solanki,Male,24,Single,Self-Employed,805000.0,Raipur,Chhattisgarh,Young Professional
C03624,Meera Tiwari,Female,27,Single,Government Employee,462000.0,Mumbai,Maharashtra,Mass Market
C03625,Aditya Mehta,Male,55,Married,Self-Employed,1808000.0,Chandigarh,Chandigarh,Affluent
C03626,Reyansh Joshi,Male,60,Married,Salaried,704000.0,Mumbai,Maharashtra,Mass Market
C03627,Rahul Mukherjee,Male,35,Married,Retired,337000.0,Bhopal,Madhya Pradesh,Mass Market
C03628,Vivaan Pillai,Male,30,Single,Business Owner,3242000.0,Surat,Gujarat,Premium
C03629,Sunita Chopra,Female,21,Married,Business Owner,536000.0,Mumbai,Maharashtra,Mass Market
C03630,Divya Menon,Female,27,Married,Government Employee,391000.0,Coimbatore,Tamil Nadu,Mass Market
C03631,Kartik Bhatt,Male,38,Married,Salaried,766000.0,Jaipur,Rajasthan,Mass Market
C03632,Harleen Subramaniam,Female,27,Single,Professional,1220000.0,Mysuru,Karnataka,Affluent
C03633,Rachna Ghosh,Female,44,Married,Self-Employed,933000.0,Lucknow,Uttar Pradesh,Mass Market
C03634,Ashok Chatterjee,Male,43,Married,Government Employee,725000.0,Gurugram,Haryana,Mass Market
C03635,Bhavna Aggarwal,Female,66,Divorced,Business Owner,2413000.0,Hyderabad,Telangana,Premium
C03636,Anita Verma,Female,69,Widowed,Retired,474000.0,Ranchi,Jharkhand,Mass Market
C03637,Vikram Chopra,Male,33,Married,Salaried,364000.0,Bengaluru,Karnataka,Mass Market
C03638,Vikram Kapoor,Male,33,Single,Business Owner,3206000.0,Vadodara,Gujarat,Premium
C03639,Deepak Sharma,Male,41,Married,Salaried,1199000.0,Bhubaneswar,Odisha,Affluent
C03640,Diya Iyengar,Female,40,Married,Self-Employed,1930000.0,Thane,Maharashtra,Affluent
C03641,Namrata Rao,Female,42,Married,Salaried,562000.0,Kochi,Kerala,Mass Market
C03642,Vishal Iyengar,Male,57,Married,Professional,2408000.0,Agra,Uttar Pradesh,Premium
C03643,Kavita Malhotra,Female,44,Married,Government Employee,609000.0,Chandigarh,Chandigarh,Mass Market
C03644,Anil Iyengar,Male,41,Divorced,Government Employee,914000.0,Lucknow,Uttar Pradesh,Mass Market
C03645,Vishal Mishra,Male,36,Divorced,Salaried,815000.0,Kolkata,West Bengal,Mass Market
C03646,Tanvi Mehta,Female,48,Divorced,Salaried,519000.0,Ahmedabad,Gujarat,Mass Market
C03647,Divya Kamble,Female,40,Married,Salaried,529000.0,Nashik,Maharashtra,Mass Market
C03648,Nisha Nair,Female,21,Single,Salaried,241000.0,Bengaluru,Karnataka,Mass Market
C03649,Tanvi Bansal,Female,28,Single,Salaried,585000.0,Kochi,Kerala,Young Professional
C03650,Ekta Rao,Female,37,Divorced,Professional,1050000.0,Kanpur,Uttar Pradesh,Affluent
C03651,Vishal Mishra,Male,47,Divorced,Business Owner,2763000.0,Ghaziabad,Uttar Pradesh,Premium
C03652,Rakesh Naidu,Male,47,Married,Government Employee,709000.0,Kolkata,West Bengal,Mass Market
C03653,Komal Prasad,Female,49,Married,Professional,2303000.0,Noida,Uttar Pradesh,Premium
C03654,Anjali Pillai,Female,38,Married,Government Employee,608000.0,Visakhapatnam,Andhra Pradesh,Mass Market
C03655,Nisha Nayak,Female,36,Married,Retired,546000.0,Mumbai,Maharashtra,Mass Market
C03656,Aditi Rao,Female,42,Married,Self-Employed,915000.0,Surat,Gujarat,Mass Market
C03657,Ira Solanki,Female,55,Married,Self-Employed,2420000.0,Chandigarh,Chandigarh,Premium
C03658,Pooja Mehta,Female,49,Married,Self-Employed,1405000.0,Gurugram,Haryana,Affluent
C03659,Om Solanki,Male,44,Married,Self-Employed,1345000.0,Mysuru,Karnataka,Affluent
C03660,Swati Patel,Female,48,Married,Salaried,1153000.0,Patna,Bihar,Affluent
C03661,Suresh Nair,Male,49,Married,Self-Employed,2106000.0,Ludhiana,Punjab,Premium
C03662,Sunil Bose,Male,62,Divorced,Self-Employed,2420000.0,Chandigarh,Chandigarh,Premium
C03663,Ekta Thakur,Female,21,Married,Government Employee,253000.0,Noida,Uttar Pradesh,Mass Market
C03664,Tanvi Joshi,Female,54,Single,Salaried,1145000.0,Bhubaneswar,Odisha,Affluent
C03665,Namrata Yadav,Female,49,Divorced,Business Owner,3146000.0,Bhopal,Madhya Pradesh,Premium
C03666,Parth Chopra,Male,30,Single,Salaried,912000.0,Jodhpur,Rajasthan,Mass Market
C03667,Parth Chopra,Male,70,Married,Business Owner,1184000.0,Ranchi,Jharkhand,Affluent
C03668,Vijay Tiwari,Male,59,Married,Salaried,567000.0,Ranchi,Jharkhand,Mass Market
C03669,Dinesh Khanna,Male,45,Married,Professional,1549000.0,Chennai,Tamil Nadu,Affluent
C03670,Kiran Trivedi,Female,33,Married,Professional,1692000.0,Mysuru,Karnataka,Affluent
C03671,Harish Pandey,Male,27,Married,Salaried,442000.0,Chennai,Tamil Nadu,Young Professional
C03672,Pankaj Kulkarni,Male,41,Married,Government Employee,488000.0,Mumbai,Maharashtra,Mass Market
C03673,Rajiv Arora,Male,43,Married,Salaried,677000.0,Delhi,Delhi,Mass Market
C03674,Deepa Naidu,Female,29,Single,Self-Employed,863000.0,Gurugram,Haryana,Young Professional
C03675,Ishaan Naidu,Male,61,Married,Professional,2057000.0,Pune,Maharashtra,Premium
C03676,Simran Kulkarni,Female,53,Married,Salaried,1173000.0,Agra,Uttar Pradesh,Affluent
C03677,Ankit Rana,Male,44,Divorced,Government Employee,467000.0,Jaipur,Rajasthan,Mass Market
C03678,Dinesh Chatterjee,Male,21,Single,Self-Employed,780000.0,Surat,Gujarat,Young Professional
C03679,Kiran Kumar,Female,45,Single,Self-Employed,1997000.0,Indore,Madhya Pradesh,Affluent
C03680,Anita Trivedi,Female,48,Married,Salaried,980000.0,Jaipur,Rajasthan,Mass Market
C03681,Shweta Solanki,Female,60,Widowed,Salaried,1420000.0,Surat,Gujarat,Affluent
C03682,Om Pandey,Male,35,Married,Retired,498000.0,Delhi,Delhi,Mass Market
C03683,Sunita Saxena,Female,42,Married,Professional,1657000.0,Hyderabad,Telangana,Affluent
C03684,Karan Thakur,Male,39,Married,Government Employee,916000.0,Madurai,Tamil Nadu,Mass Market
C03685,Ramesh Verma,Male,44,Married,Self-Employed,1954000.0,Vijayawada,Andhra Pradesh,Affluent
C03686,Simran Rao,Female,47,Married,Business Owner,2210000.0,Surat,Gujarat,Premium
C03687,Naveen Singh,Male,42,Married,Professional,2457000.0,Chennai,Tamil Nadu,Premium
C03688,Dinesh Rao,Male,33,Single,Government Employee,587000.0,Mumbai,Maharashtra,Mass Market
C03689,Lavanya Chandra,Female,25,Married,Self-Employed,434000.0,Kanpur,Uttar Pradesh,Young Professional
C03690,Usha Thakur,Female,39,Married,Professional,1882000.0,Jaipur,Rajasthan,Affluent
C03691,Riya Rathore,Female,50,Married,Salaried,1348000.0,Bhubaneswar,Odisha,Affluent
C03692,Radha Mehta,Female,47,Married,Professional,1796000.0,Mumbai,Maharashtra,Affluent
C03693,Ishaan Jadhav,Male,48,Married,Self-Employed,1164000.0,Surat,Gujarat,Affluent
C03694,Geeta Kapoor,Female,50,Married,Salaried,1020000.0,Bengaluru,Karnataka,Affluent
C03695,Vivaan Dubey,Male,61,Divorced,Retired,627000.0,Lucknow,Uttar Pradesh,Mass Market
C03696,Jaya Arora,Female,21,Single,Professional,1132000.0,Kochi,Kerala,Affluent
C03697,Kunal Desai,Male,31,Single,Self-Employed,1234000.0,Visakhapatnam,Andhra Pradesh,Affluent
C03698,Ekta Prasad,Female,61,Widowed,Professional,2477000.0,Thane,Maharashtra,Premium
C03699,Rakesh Patel,Male,43,Married,Salaried,945000.0,Lucknow,Uttar Pradesh,Mass Market
C03700,Shweta Sinha,Female,61,Married,Professional,2242000.0,Raipur,Chhattisgarh,Premium
C03701,Ritu Dubey,Female,36,Married,Salaried,661000.0,Jaipur,Rajasthan,Mass Market
C03702,Neha Iyengar,Female,54,Married,Salaried,1264000.0,Varanasi,Uttar Pradesh,Affluent
C03703,Siddharth Subramaniam,Male,36,Single,Salaried,1278000.0,Guwahati,Assam,Affluent
C03704,Anjali Subramaniam,Female,25,Married,Retired,247000.0,Jodhpur,Rajasthan,Mass Market
C03705,Kartik Bose,Male,40,Married,Self-Employed,1902000.0,Amritsar,Punjab,Affluent
C03706,Girish Reddy,Male,43,Married,Business Owner,2036000.0,Guwahati,Assam,Premium
C03707,Komal Jain,Female,36,Married,Retired,395000.0,Hyderabad,Telangana,Mass Market
C03708,Manisha Mukherjee,Female,31,Divorced,Business Owner,1737000.0,Kochi,Kerala,Affluent
C03709,Sunita Singh,Female,36,Married,Government Employee,743000.0,Kolkata,West Bengal,Mass Market
C03710,Tarun Verma,Male,39,Married,Salaried,1006000.0,Nashik,Maharashtra,Affluent
C03711,Vishal Reddy,Male,37,Married,Business Owner,2099000.0,Bhopal,Madhya Pradesh,Premium
C03712,Sunita Singh,Female,47,Married,Business Owner,3731000.0,Ranchi,Jharkhand,Premium
C03713,Vivaan Bhatt,Male,32,Married,Self-Employed,847000.0,Indore,Madhya Pradesh,Mass Market
C03714,Manisha Arora,Female,30,Married,Professional,1970000.0,Ghaziabad,Uttar Pradesh,Affluent
C03715,Arjun Chatterjee,Male,34,Married,Salaried,690000.0,Nagpur,Maharashtra,Mass Market
C03716,Rahul Bhatia,Male,44,Married,Salaried,890000.0,Patna,Bihar,Mass Market
C03717,Kavya Bhatia,Female,54,Married,Professional,3101000.0,Mysuru,Karnataka,Premium
C03718,Kavya Kumar,Female,35,Married,Salaried,1039000.0,Gurugram,Haryana,Affluent
C03719,Amit Sinha,Male,46,Married,Business Owner,1543000.0,Ludhiana,Punjab,Affluent
C03720,Vivaan Mishra,Male,44,Married,Professional,3269000.0,Ghaziabad,Uttar Pradesh,Premium
C03721,Sonal Kapoor,Female,56,Married,Government Employee,508000.0,Vadodara,Gujarat,Mass Market
C03722,Aakash Bhatt,Male,62,Married,Business Owner,1703000.0,Nagpur,Maharashtra,Affluent
C03723,Sunil Joshi,Male,46,Widowed,Professional,892000.0,Guwahati,Assam,Mass Market
C03724,Tarun Yadav,Male,44,Single,Salaried,1168000.0,Kolkata,West Bengal,Affluent
C03725,Meera Kapoor,Female,28,Married,Business Owner,2799000.0,Faridabad,Haryana,Premium
C03726,Diya Anand,Female,48,Married,Government Employee,1087000.0,Surat,Gujarat,Affluent
C03727,Kartik Anand,Male,40,Married,Self-Employed,1925000.0,Chandigarh,Chandigarh,Affluent
C03728,Ankit Reddy,Male,42,Divorced,Business Owner,4289000.0,Bengaluru,Karnataka,Premium
C03729,Shaurya Patel,Male,46,Married,Salaried,922000.0,Surat,Gujarat,Mass Market
C03730,Vijay Jadhav,Male,41,Married,Self-Employed,1752000.0,Chennai,Tamil Nadu,Affluent
C03731,Swati Nayak,Female,32,Married,Self-Employed,793000.0,Indore,Madhya Pradesh,Mass Market
C03732,Yash Rathore,Male,33,Married,Professional,1999000.0,Lucknow,Uttar Pradesh,Affluent
C03733,Riya Das,Female,21,Single,Self-Employed,323000.0,Jaipur,Rajasthan,Mass Market
C03734,Farah Gupta,Female,43,Single,Salaried,1156000.0,Nashik,Maharashtra,Affluent
C03735,Harish Iyer,Male,29,Single,Salaried,607000.0,Chandigarh,Chandigarh,Young Professional
C03736,Anjali Rao,Female,46,Married,Professional,1743000.0,Varanasi,Uttar Pradesh,Affluent
C03737,Parth Shah,Male,38,Married,Professional,1524000.0,Mysuru,Karnataka,Affluent
C03738,Deepak Nayak,Male,40,Married,Government Employee,679000.0,Mumbai,Maharashtra,Mass Market
C03739,Shreya Malhotra,Female,32,Married,Salaried,768000.0,Ghaziabad,Uttar Pradesh,Mass Market
C03740,Rudra Bose,Male,30,Married,Retired,389000.0,Kolkata,West Bengal,Mass Market
C03741,Sapna Reddy,Female,66,Widowed,Retired,542000.0,Lucknow,Uttar Pradesh,Mass Market
C03742,Prakash Bhatia,Male,42,Widowed,Salaried,1113000.0,Ahmedabad,Gujarat,Affluent
C03743,Sunil Patel,Male,43,Married,Salaried,1013000.0,Nashik,Maharashtra,Affluent
C03744,Geeta Desai,Female,52,Married,Salaried,885000.0,Ahmedabad,Gujarat,Mass Market
C03745,Aparna Thakur,Female,22,Single,Salaried,433000.0,Amritsar,Punjab,Young Professional
C03746,Harleen Jain,Female,34,Married,Retired,535000.0,Visakhapatnam,Andhra Pradesh,Mass Market
C03747,Anita Bhatia,Female,28,Married,Self-Employed,811000.0,Jaipur,Rajasthan,Young Professional
C03748,Reyansh Pandey,Male,41,Married,Salaried,697000.0,Noida,Uttar Pradesh,Mass Market
C03749,Arvind Yadav,Male,47,Married,Self-Employed,1686000.0,Vadodara,Gujarat,Affluent
C03750,Rekha Rathore,Female,37,Married,Government Employee,525000.0,Varanasi,Uttar Pradesh,Mass Market
C03751,Aditi Pandey,Female,57,Married,Professional,3011000.0,Nashik,Maharashtra,Premium
C03752,Bhavesh Kapoor,Male,27,Single,Salaried,386000.0,Chennai,Tamil Nadu,Mass Market
C03753,Sandeep Jadhav,Male,42,Married,Government Employee,721000.0,Dehradun,Uttarakhand,Mass Market
C03754,Neha Chandra,Female,36,Married,Professional,1648000.0,Bengaluru,Karnataka,Affluent
C03755,Aadhya Rao,Female,23,Single,Professional,1246000.0,Bhopal,Madhya Pradesh,Affluent
C03756,Ankit Tiwari,Male,48,Married,Salaried,907000.0,Kolkata,West Bengal,Mass Market
C03757,Aarti Kulkarni,Female,21,Single,Professional,1073000.0,Lucknow,Uttar Pradesh,Affluent
C03758,Ajay Tiwari,Male,34,Married,Salaried,888000.0,Ahmedabad,Gujarat,Mass Market
C03759,Amit Mishra,Male,35,Married,Business Owner,2774000.0,Amritsar,Punjab,Premium
C03760,Kajal Jain,Female,52,Married,Professional,2598000.0,Amritsar,Punjab,Premium
C03761,Shaurya Shah,Male,55,Married,Professional,3572000.0,Ranchi,Jharkhand,Premium
C03762,Sarita Solanki,Female,39,Single,Government Employee,890000.0,Chennai,Tamil Nadu,Mass Market
C03763,Sonal Nayak,Female,39,Widowed,Professional,2317000.0,Kolkata,West Bengal,Premium
C03764,Abhishek Dubey,Male,21,Married,Salaried,467000.0,Kochi,Kerala,Young Professional
C03765,Rohan Bose,Male,41,Married,Salaried,1404000.0,Coimbatore,Tamil Nadu,Affluent
C03766,Nakul Iyer,Male,35,Married,Business Owner,2910000.0,Coimbatore,Tamil Nadu,Premium
C03767,Anil Mukherjee,Male,39,Divorced,Salaried,1146000.0,Gurugram,Haryana,Affluent
C03768,Arjun Chopra,Male,39,Married,Self-Employed,1212000.0,Amritsar,Punjab,Affluent
C03769,Lavanya Rao,Female,28,Divorced,Self-Employed,481000.0,Surat,Gujarat,Young Professional
C03770,Aditi Bhatia,Female,49,Married,Salaried,1183000.0,Indore,Madhya Pradesh,Affluent
C03771,Shweta Kumar,Female,58,Married,Salaried,1118000.0,Bengaluru,Karnataka,Affluent
C03772,Kabir Thakur,Male,51,Divorced,Salaried,893000.0,Nashik,Maharashtra,Mass Market
C03773,Priya Iyer,Female,41,Married,Government Employee,742000.0,Indore,Madhya Pradesh,Mass Market
C03774,Om Mukherjee,Male,45,Married,Government Employee,1145000.0,Delhi,Delhi,Affluent
C03775,Nikhil Patel,Male,32,Married,Salaried,369000.0,Visakhapatnam,Andhra Pradesh,Mass Market
C03776,Pooja Mukherjee,Female,47,Married,Government Employee,719000.0,Surat,Gujarat,Mass Market
C03777,Divya Sen,Female,61,Married,Self-Employed,1083000.0,Guwahati,Assam,Affluent
C03778,Charu Khanna,Female,29,Married,Self-Employed,630000.0,Dehradun,Uttarakhand,Young Professional
C03779,Aparna Nair,Female,41,Married,Self-Employed,2081000.0,Indore,Madhya Pradesh,Premium
C03780,Amit Kamble,Male,70,Divorced,Retired,320000.0,Hyderabad,Telangana,Mass Market
C03781,Riya Bhatt,Female,43,Widowed,Salaried,1196000.0,Kochi,Kerala,Affluent
C03782,Gaurav Menon,Male,37,Married,Retired,543000.0,Ghaziabad,Uttar Pradesh,Mass Market
C03783,Charu Thakur,Female,55,Married,Government Employee,838000.0,Agra,Uttar Pradesh,Mass Market
C03784,Preeti Trivedi,Female,36,Married,Retired,682000.0,Gurugram,Haryana,Mass Market
C03785,Sunil Naidu,Male,39,Married,Business Owner,965000.0,Kochi,Kerala,Mass Market
C03786,Mohit Subramaniam,Male,26,Single,Salaried,950000.0,Mysuru,Karnataka,Young Professional
C03787,Abhishek Singh,Male,29,Married,Salaried,639000.0,Mumbai,Maharashtra,Young Professional
C03788,Deepak Bose,Male,39,Married,Professional,2318000.0,Madurai,Tamil Nadu,Premium
C03789,Aadhya Rao,Female,45,Married,Business Owner,4090000.0,Ludhiana,Punjab,Premium
C03790,Swati Malhotra,Female,38,Married,Salaried,826000.0,Amritsar,Punjab,Mass Market
C03791,Anil Pillai,Male,61,Married,Professional,3202000.0,Ludhiana,Punjab,Premium
C03792,Aparna Khanna,Female,42,Widowed,Professional,1380000.0,Bhubaneswar,Odisha,Affluent
C03793,Dhruv Sinha,Male,40,Married,Professional,2274000.0,Mumbai,Maharashtra,Premium
C03794,Ira Aggarwal,Female,51,Married,Salaried,880000.0,Jaipur,Rajasthan,Mass Market
C03795,Meera Gupta,Female,21,Single,Salaried,448000.0,Madurai,Tamil Nadu,Young Professional
C03796,Varun Yadav,Male,51,Married,Salaried,1237000.0,Indore,Madhya Pradesh,Affluent
C03797,Gaurav Bansal,Male,57,Married,Salaried,812000.0,Ranchi,Jharkhand,Mass Market
C03798,Ravi Mishra,Male,46,Married,Self-Employed,2420000.0,Chandigarh,Chandigarh,Premium
C03799,Varun Srivastava,Male,44,Widowed,Self-Employed,1535000.0,Indore,Madhya Pradesh,Affluent
C03800,Vivaan Pandey,Male,28,Single,Government Employee,453000.0,Mysuru,Karnataka,Mass Market
C03801,Aditya Sen,Male,36,Married,Salaried,623000.0,Nashik,Maharashtra,Mass Market
C03802,Rajesh Trivedi,Male,21,Single,Salaried,512000.0,Ghaziabad,Uttar Pradesh,Young Professional
C03803,Rudra Yadav,Male,41,Married,Self-Employed,603000.0,Noida,Uttar Pradesh,Mass Market
C03804,Sunil Mishra,Male,47,Married,Government Employee,1170000.0,Bhubaneswar,Odisha,Affluent
C03805,Ekta Khanna,Female,44,Married,Salaried,892000.0,Ranchi,Jharkhand,Mass Market
C03806,Kavita Prasad,Female,21,Single,Government Employee,341000.0,Coimbatore,Tamil Nadu,Mass Market
C03807,Rudra Chauhan,Male,54,Married,Self-Employed,1945000.0,Kanpur,Uttar Pradesh,Affluent
C03808,Nikhil Arora,Male,36,Married,Business Owner,767000.0,Nashik,Maharashtra,Mass Market
C03809,Preeti Chopra,Female,53,Married,Professional,2476000.0,Vijayawada,Andhra Pradesh,Premium
C03810,Girish Das,Male,65,Widowed,Self-Employed,1289000.0,Kochi,Kerala,Affluent
C03811,Vishal Trivedi,Male,62,Divorced,Professional,1240000.0,Kochi,Kerala,Affluent
C03812,Sanjay Patel,Male,62,Married,Professional,3850000.0,Varanasi,Uttar Pradesh,Premium
C03813,Amit Jain,Male,32,Married,Government Employee,427000.0,Kolkata,West Bengal,Mass Market
C03814,Gauri Shah,Female,49,Single,Salaried,664000.0,Delhi,Delhi,Mass Market
C03815,Sanjay Aggarwal,Male,36,Married,Salaried,522000.0,Noida,Uttar Pradesh,Mass Market
C03816,Arjun Saxena,Male,38,Married,Salaried,691000.0,Dehradun,Uttarakhand,Mass Market
C03817,Dinesh Iyer,Male,45,Single,Professional,2176000.0,Vadodara,Gujarat,Premium
C03818,Rudra Arora,Male,31,Married,Self-Employed,444000.0,Thane,Maharashtra,Mass Market
C03819,Anil Menon,Male,39,Married,Government Employee,682000.0,Chandigarh,Chandigarh,Mass Market
C03820,Rajesh Mishra,Male,46,Married,Salaried,1082000.0,Gurugram,Haryana,Affluent
C03821,Gauri Naidu,Female,21,Single,Salaried,346000.0,Amritsar,Punjab,Mass Market
C03822,Saanvi Sinha,Female,61,Widowed,Business Owner,2918000.0,Guwahati,Assam,Premium
C03823,Ajay Kapoor,Male,51,Married,Salaried,1220000.0,Nashik,Maharashtra,Affluent
C03824,Rakesh Jadhav,Male,54,Married,Business Owner,5410000.0,Vadodara,Gujarat,Premium
C03825,Rachna Raut,Female,54,Married,Professional,1635000.0,Visakhapatnam,Andhra Pradesh,Affluent
C03826,Harish Sharma,Male,64,Married,Business Owner,2805000.0,Bhubaneswar,Odisha,Premium
C03827,Ishita Sharma,Female,26,Single,Professional,725000.0,Bhubaneswar,Odisha,Young Professional
C03828,Ashok Pillai,Male,33,Single,Salaried,353000.0,Delhi,Delhi,Mass Market
C03829,Aakash Ghosh,Male,36,Married,Salaried,799000.0,Nashik,Maharashtra,Mass Market
C03830,Farah Chatterjee,Female,33,Divorced,Salaried,1064000.0,Lucknow,Uttar Pradesh,Affluent
C03831,Sonal Menon,Female,59,Married,Self-Employed,752000.0,Jodhpur,Rajasthan,Mass Market
C03832,Sonal Raut,Female,33,Married,Government Employee,476000.0,Varanasi,Uttar Pradesh,Mass Market
C03833,Om Joshi,Male,25,Divorced,Business Owner,2894000.0,Hyderabad,Telangana,Premium
C03834,Nikhil Dubey,Male,43,Married,Professional,2537000.0,Chandigarh,Chandigarh,Premium
C03835,Preeti Chauhan,Female,35,Married,Government Employee,590000.0,Ludhiana,Punjab,Mass Market
C03836,Sanjay Desai,Male,52,Divorced,Retired,256000.0,Thane,Maharashtra,Mass Market
C03837,Pihu Mehta,Female,45,Married,Salaried,1353000.0,Jaipur,Rajasthan,Affluent
C03838,Sonal Raut,Female,24,Single,Salaried,377000.0,Mysuru,Karnataka,Mass Market
C03839,Ramesh Sinha,Male,29,Single,Retired,591000.0,Visakhapatnam,Andhra Pradesh,Mass Market
C03840,Sneha Patel,Female,35,Married,Self-Employed,716000.0,Ludhiana,Punjab,Mass Market
C03841,Diya Chauhan,Female,49,Married,Self-Employed,906000.0,Chennai,Tamil Nadu,Mass Market
C03842,Nisha Verma,Female,37,Married,Professional,1280000.0,Mumbai,Maharashtra,Affluent
C03843,Rahul Bhatia,Male,41,Married,Retired,349000.0,Varanasi,Uttar Pradesh,Mass Market
C03844,Vihaan Chandra,Male,46,Married,Professional,2987000.0,Chandigarh,Chandigarh,Premium
C03845,Rudra Aggarwal,Male,47,Married,Salaried,643000.0,Jaipur,Rajasthan,Mass Market
C03846,Sarita Chatterjee,Female,43,Married,Business Owner,2625000.0,Agra,Uttar Pradesh,Premium
C03847,Saurabh Menon,Male,56,Married,Business Owner,2595000.0,Thane,Maharashtra,Premium
C03848,Naveen Solanki,Male,58,Married,Self-Employed,837000.0,Ranchi,Jharkhand,Mass Market
C03849,Sandeep Saxena,Male,37,Married,Salaried,654000.0,Chandigarh,Chandigarh,Mass Market
C03850,Prakash Patel,Male,33,Single,Business Owner,2829000.0,Hyderabad,Telangana,Premium
C03851,Aditya Aggarwal,Male,26,Single,Professional,1388000.0,Surat,Gujarat,Affluent
C03852,Vikram Mehta,Male,53,Married,Professional,3850000.0,Madurai,Tamil Nadu,Premium
C03853,Rajesh Shah,Male,48,Married,Salaried,1348000.0,Amritsar,Punjab,Affluent
C03854,Vishal Banerjee,Male,44,Married,Retired,177000.0,Surat,Gujarat,Mass Market
C03855,Amit Singh,Male,48,Married,Salaried,788000.0,Kanpur,Uttar Pradesh,Mass Market
C03856,Simran Naidu,Female,70,Divorced,Retired,345000.0,Noida,Uttar Pradesh,Mass Market
C03857,Sonal Shah,Female,37,Married,Government Employee,887000.0,Indore,Madhya Pradesh,Mass Market
C03858,Aditya Yadav,Male,44,Married,Salaried,535000.0,Noida,Uttar Pradesh,Mass Market
C03859,Nakul Aggarwal,Male,29,Married,Retired,506000.0,Ahmedabad,Gujarat,Mass Market
C03860,Sneha Srivastava,Female,49,Married,Salaried,1081000.0,Ahmedabad,Gujarat,Affluent
C03861,Shweta Jadhav,Female,40,Married,Self-Employed,889000.0,Bhubaneswar,Odisha,Mass Market
C03862,Dhruv Krishnan,Male,35,Married,Government Employee,619000.0,Ludhiana,Punjab,Mass Market
C03863,Sarita Sen,Female,52,Married,Salaried,1299000.0,Lucknow,Uttar Pradesh,Affluent
C03864,Geeta Saxena,Female,53,Married,Salaried,1034000.0,Mumbai,Maharashtra,Affluent
C03865,Ishita Mehta,Female,21,Single,Government Employee,378000.0,Mysuru,Karnataka,Mass Market
C03866,Pallavi Thakur,Female,28,Married,Salaried,626000.0,Coimbatore,Tamil Nadu,Young Professional
C03867,Aarav Reddy,Male,47,Married,Professional,2802000.0,Varanasi,Uttar Pradesh,Premium
C03868,Mahesh Prasad,Male,31,Married,Business Owner,3911000.0,Raipur,Chhattisgarh,Premium
C03869,Varun Bansal,Male,43,Married,Business Owner,3957000.0,Pune,Maharashtra,Premium
C03870,Aditya Khanna,Male,37,Divorced,Salaried,923000.0,Delhi,Delhi,Mass Market
C03871,Nisha Iyer,Female,59,Married,Government Employee,761000.0,Faridabad,Haryana,Mass Market
C03872,Kavita Kamble,Female,48,Married,Professional,3844000.0,Nashik,Maharashtra,Premium
C03873,Vihaan Bose,Male,44,Married,Government Employee,865000.0,Indore,Madhya Pradesh,Mass Market
C03874,Kiran Patel,Female,44,Married,Professional,1826000.0,Jaipur,Rajasthan,Affluent
C03875,Rakesh Mukherjee,Male,34,Single,Business Owner,4760000.0,Jaipur,Rajasthan,Premium
C03876,Rani Patel,Female,34,Married,Retired,564000.0,Gurugram,Haryana,Mass Market
C03877,Sapna Rana,Female,44,Divorced,Salaried,1384000.0,Agra,Uttar Pradesh,Affluent
C03878,Kabir Kapoor,Male,53,Married,Salaried,1432000.0,Noida,Uttar Pradesh,Affluent
C03879,Varun Banerjee,Male,49,Married,Government Employee,832000.0,Guwahati,Assam,Mass Market
C03880,Rani Srivastava,Female,32,Single,Salaried,638000.0,Kanpur,Uttar Pradesh,Mass Market
C03881,Puneet Shah,Male,51,Widowed,Salaried,811000.0,Patna,Bihar,Mass Market
C03882,Rachna Reddy,Female,51,Married,Government Employee,1210000.0,Madurai,Tamil Nadu,Affluent
C03883,Nandini Chauhan,Female,24,Single,Government Employee,300000.0,Indore,Madhya Pradesh,Mass Market
C03884,Om Bansal,Male,29,Married,Salaried,341000.0,Dehradun,Uttarakhand,Mass Market
C03885,Aakash Agarwal,Male,26,Married,Self-Employed,463000.0,Patna,Bihar,Young Professional
C03886,Mohit Chauhan,Male,41,Divorced,Business Owner,3866000.0,Kolkata,West Bengal,Premium
C03887,Sunil Pandey,Male,69,Married,Self-Employed,678000.0,Nagpur,Maharashtra,Mass Market
C03888,Ira Reddy,Female,33,Married,Professional,2166000.0,Ahmedabad,Gujarat,Premium
C03889,Vidya Anand,Female,39,Single,Retired,697000.0,Bengaluru,Karnataka,Mass Market
C03890,Ankit Bansal,Male,56,Married,Self-Employed,2138000.0,Bhubaneswar,Odisha,Premium
C03891,Nidhi Dubey,Female,36,Divorced,Self-Employed,863000.0,Raipur,Chhattisgarh,Mass Market
C03892,Anil Nair,Male,31,Married,Salaried,801000.0,Delhi,Delhi,Mass Market
C03893,Ekta Pillai,Female,52,Married,Professional,2654000.0,Ludhiana,Punjab,Premium
C03894,Nidhi Chatterjee,Female,50,Single,Self-Employed,2145000.0,Kanpur,Uttar Pradesh,Premium
C03895,Ravi Saxena,Male,21,Single,Business Owner,850000.0,Ahmedabad,Gujarat,Mass Market
C03896,Komal Rao,Female,49,Married,Salaried,927000.0,Nashik,Maharashtra,Mass Market
C03897,Rajesh Sharma,Male,51,Married,Self-Employed,1764000.0,Ludhiana,Punjab,Affluent
C03898,Vivaan Desai,Male,39,Married,Salaried,675000.0,Ludhiana,Punjab,Mass Market
C03899,Ravi Rana,Male,33,Single,Self-Employed,865000.0,Coimbatore,Tamil Nadu,Mass Market
C03900,Sameer Kamble,Male,39,Married,Salaried,673000.0,Mysuru,Karnataka,Mass Market
C03901,Pooja Tiwari,Female,48,Divorced,Business Owner,4969000.0,Thane,Maharashtra,Premium
C03902,Ravi Khanna,Male,47,Divorced,Professional,2645000.0,Vadodara,Gujarat,Premium
C03903,Sunita Arora,Female,25,Married,Professional,713000.0,Indore,Madhya Pradesh,Young Professional
C03904,Anjali Bhatia,Female,57,Married,Self-Employed,1685000.0,Patna,Bihar,Affluent
C03905,Kabir Bose,Male,54,Married,Self-Employed,1752000.0,Bhubaneswar,Odisha,Affluent
C03906,Abhishek Menon,Male,48,Married,Government Employee,489000.0,Ludhiana,Punjab,Mass Market
C03907,Parth Malhotra,Male,36,Married,Professional,1477000.0,Hyderabad,Telangana,Affluent
C03908,Chitra Yadav,Female,25,Married,Salaried,710000.0,Bengaluru,Karnataka,Young Professional
C03909,Anita Rathore,Female,35,Married,Business Owner,4508000.0,Pune,Maharashtra,Premium
C03910,Sameer Anand,Male,35,Married,Salaried,1020000.0,Lucknow,Uttar Pradesh,Affluent
C03911,Jyoti Bhatia,Female,21,Single,Self-Employed,393000.0,Chandigarh,Chandigarh,Mass Market
C03912,Radha Verma,Female,26,Single,Salaried,597000.0,Delhi,Delhi,Young Professional
C03913,Aarav Naidu,Male,36,Married,Government Employee,435000.0,Mysuru,Karnataka,Mass Market
C03914,Vishal Joshi,Male,44,Married,Self-Employed,1090000.0,Amritsar,Punjab,Affluent
C03915,Arjun Kamble,Male,38,Married,Salaried,807000.0,Guwahati,Assam,Mass Market
C03916,Reyansh Ghosh,Male,56,Single,Self-Employed,2167000.0,Ranchi,Jharkhand,Premium
C03917,Pooja Thakur,Female,22,Married,Government Employee,447000.0,Delhi,Delhi,Mass Market
C03918,Charu Solanki,Female,42,Married,Salaried,853000.0,Kolkata,West Bengal,Mass Market
C03919,Chitra Bose,Female,43,Married,Government Employee,846000.0,Ghaziabad,Uttar Pradesh,Mass Market
C03920,Aarti Patel,Female,48,Single,Retired,290000.0,Agra,Uttar Pradesh,Mass Market
C03921,Aakash Malhotra,Male,32,Single,Salaried,498000.0,Jodhpur,Rajasthan,Mass Market
C03922,Krishna Dubey,Male,34,Married,Business Owner,2223000.0,Varanasi,Uttar Pradesh,Premium
C03923,Jaya Malhotra,Female,48,Widowed,Self-Employed,681000.0,Ghaziabad,Uttar Pradesh,Mass Market
C03924,Ashwin Sinha,Male,27,Single,Salaried,788000.0,Pune,Maharashtra,Young Professional
C03925,Vikram Verma,Male,26,Single,Professional,1250000.0,Varanasi,Uttar Pradesh,Affluent
C03926,Krishna Subramaniam,Male,40,Married,Retired,613000.0,Thane,Maharashtra,Mass Market
C03927,Manoj Shah,Male,42,Divorced,Business Owner,4664000.0,Mumbai,Maharashtra,Premium
C03928,Kabir Iyengar,Male,59,Single,Self-Employed,1347000.0,Ludhiana,Punjab,Affluent
C03929,Amit Menon,Male,56,Married,Retired,633000.0,Lucknow,Uttar Pradesh,Mass Market
C03930,Aarav Prasad,Male,49,Married,Government Employee,819000.0,Nashik,Maharashtra,Mass Market
C03931,Aparna Jadhav,Female,25,Married,Salaried,458000.0,Hyderabad,Telangana,Young Professional
C03932,Anil Kumar,Male,28,Married,Business Owner,984000.0,Bengaluru,Karnataka,Mass Market
C03933,Karan Banerjee,Male,44,Married,Self-Employed,1298000.0,Ghaziabad,Uttar Pradesh,Affluent
C03934,Shweta Mukherjee,Female,39,Married,Retired,442000.0,Coimbatore,Tamil Nadu,Mass Market
C03935,Deepa Anand,Female,21,Single,Business Owner,1267000.0,Lucknow,Uttar Pradesh,Affluent
C03936,Rajesh Joshi,Male,30,Married,Salaried,657000.0,Amritsar,Punjab,Mass Market
C03937,Deepak Bhatt,Male,41,Married,Self-Employed,1813000.0,Ludhiana,Punjab,Affluent
C03938,Bhavesh Aggarwal,Male,60,Divorced,Salaried,778000.0,Madurai,Tamil Nadu,Mass Market
C03939,Rajesh Khanna,Male,35,Married,Business Owner,1594000.0,Dehradun,Uttarakhand,Affluent
C03940,Jyoti Bhatia,Female,36,Married,Salaried,757000.0,Raipur,Chhattisgarh,Mass Market
C03941,Nandini Mukherjee,Female,23,Single,Salaried,247000.0,Gurugram,Haryana,Mass Market
C03942,Kartik Iyengar,Male,31,Married,Salaried,778000.0,Ludhiana,Punjab,Mass Market
C03943,Aparna Nayak,Female,50,Married,Self-Employed,2087000.0,Chennai,Tamil Nadu,Premium
C03944,Divya Mishra,Female,21,Married,Professional,800000.0,Vadodara,Gujarat,Young Professional
C03945,Naveen Saxena,Male,32,Married,Professional,1260000.0,Jodhpur,Rajasthan,Affluent
C03946,Karan Singh,Male,34,Married,Self-Employed,849000.0,Indore,Madhya Pradesh,Mass Market
C03947,Ishaan Iyer,Male,68,Widowed,Professional,3211000.0,Noida,Uttar Pradesh,Premium
C03948,Ritu Rana,Female,50,Divorced,Salaried,893000.0,Mumbai,Maharashtra,Mass Market
C03949,Manisha Malhotra,Female,27,Married,Self-Employed,828000.0,Chandigarh,Chandigarh,Young Professional
C03950,Yash Iyer,Male,21,Single,Salaried,417000.0,Kolkata,West Bengal,Young Professional
C03951,Aditi Bhatt,Female,31,Married,Self-Employed,1346000.0,Madurai,Tamil Nadu,Affluent
C03952,Jaya Jain,Female,30,Married,Self-Employed,940000.0,Ghaziabad,Uttar Pradesh,Mass Market
C03953,Vikram Naidu,Male,41,Divorced,Government Employee,466000.0,Surat,Gujarat,Mass Market
C03954,Kiran Naidu,Female,32,Married,Salaried,814000.0,Jaipur,Rajasthan,Mass Market
C03955,Mohit Rathore,Male,56,Married,Government Employee,725000.0,Nashik,Maharashtra,Mass Market
C03956,Rani Nayak,Female,24,Single,Salaried,712000.0,Varanasi,Uttar Pradesh,Young Professional
C03957,Manisha Singh,Female,32,Married,Business Owner,1518000.0,Guwahati,Assam,Affluent
C03958,Ekta Reddy,Female,21,Single,Self-Employed,404000.0,Patna,Bihar,Young Professional
C03959,Sunita Rao,Female,26,Married,Business Owner,2723000.0,Ghaziabad,Uttar Pradesh,Premium
C03960,Sunita Chandra,Female,44,Married,Self-Employed,1661000.0,Amritsar,Punjab,Affluent
C03961,Harish Verma,Male,46,Married,Business Owner,1782000.0,Pune,Maharashtra,Affluent
C03962,Siddharth Mukherjee,Male,48,Married,Business Owner,4793000.0,Amritsar,Punjab,Premium
C03963,Advait Saxena,Male,41,Single,Government Employee,659000.0,Delhi,Delhi,Mass Market
C03964,Dhruv Mishra,Male,22,Single,Salaried,416000.0,Raipur,Chhattisgarh,Young Professional
C03965,Rajesh Prasad,Male,49,Married,Salaried,1119000.0,Visakhapatnam,Andhra Pradesh,Affluent
C03966,Rahul Mishra,Male,43,Married,Salaried,695000.0,Jodhpur,Rajasthan,Mass Market
C03967,Ravi Rao,Male,46,Married,Professional,1036000.0,Kochi,Kerala,Affluent
C03968,Pihu Chauhan,Female,34,Married,Business Owner,3095000.0,Guwahati,Assam,Premium
C03969,Tarun Kumar,Male,23,Single,Salaried,343000.0,Faridabad,Haryana,Mass Market
C03970,Bhavna Pandey,Female,28,Married,Professional,1064000.0,Dehradun,Uttarakhand,Affluent
C03971,Krishna Jain,Male,32,Single,Retired,391000.0,Kolkata,West Bengal,Mass Market
C03972,Om Menon,Male,51,Married,Government Employee,1195000.0,Chandigarh,Chandigarh,Affluent
C03973,Manisha Dubey,Female,48,Married,Salaried,860000.0,Vadodara,Gujarat,Mass Market
C03974,Prakash Khanna,Male,69,Widowed,Professional,2507000.0,Kanpur,Uttar Pradesh,Premium
C03975,Parth Khanna,Male,28,Married,Salaried,646000.0,Vijayawada,Andhra Pradesh,Young Professional
C03976,Vikram Srivastava,Male,29,Single,Salaried,799000.0,Kochi,Kerala,Young Professional
C03977,Shalini Mehta,Female,53,Divorced,Self-Employed,1111000.0,Hyderabad,Telangana,Affluent
C03978,Anil Kumar,Male,21,Married,Salaried,372000.0,Thane,Maharashtra,Mass Market
C03979,Rakesh Chatterjee,Male,47,Married,Salaried,1393000.0,Bengaluru,Karnataka,Affluent
C03980,Meera Mukherjee,Female,41,Divorced,Retired,449000.0,Ahmedabad,Gujarat,Mass Market
C03981,Aarti Dubey,Female,48,Married,Business Owner,3203000.0,Thane,Maharashtra,Premium
C03982,Meera Iyengar,Female,46,Married,Salaried,792000.0,Guwahati,Assam,Mass Market
C03983,Oindrila Iyer,Female,49,Married,Salaried,1054000.0,Patna,Bihar,Affluent
C03984,Sneha Mishra,Female,36,Married,Business Owner,3601000.0,Lucknow,Uttar Pradesh,Premium
C03985,Vishal Solanki,Male,41,Divorced,Professional,1101000.0,Vadodara,Gujarat,Affluent
C03986,Sanjay Nair,Male,31,Single,Business Owner,2567000.0,Mumbai,Maharashtra,Premium
C03987,Mahima Chandra,Female,21,Single,Salaried,406000.0,Faridabad,Haryana,Young Professional
C03988,Jyoti Reddy,Female,41,Married,Government Employee,587000.0,Ghaziabad,Uttar Pradesh,Mass Market
C03989,Pooja Reddy,Female,65,Married,Professional,3444000.0,Ludhiana,Punjab,Premium
C03990,Tanvi Kamble,Female,47,Married,Salaried,722000.0,Kanpur,Uttar Pradesh,Mass Market
C03991,Deepak Sharma,Male,45,Married,Retired,216000.0,Amritsar,Punjab,Mass Market
C03992,Ekta Ghosh,Female,40,Divorced,Government Employee,807000.0,Gurugram,Haryana,Mass Market
C03993,Geeta Banerjee,Female,40,Married,Self-Employed,1667000.0,Delhi,Delhi,Affluent
C03994,Lata Srivastava,Female,40,Single,Self-Employed,2102000.0,Ahmedabad,Gujarat,Premium
C03995,Nidhi Thakur,Female,48,Married,Salaried,1147000.0,Mumbai,Maharashtra,Affluent
C03996,Saanvi Malhotra,Female,57,Married,Government Employee,1049000.0,Madurai,Tamil Nadu,Affluent
C03997,Lavanya Mehta,Female,21,Single,Government Employee,384000.0,Bhopal,Madhya Pradesh,Mass Market
C03998,Aditya Bhatia,Male,43,Widowed,Self-Employed,1568000.0,Bengaluru,Karnataka,Affluent
C03999,Vandana Khanna,Female,43,Divorced,Salaried,684000.0,Vadodara,Gujarat,Mass Market
C04000,Lata Bhatt,Female,21,Single,Salaried,627000.0,Faridabad,Haryana,Young Professional
C04001,Meera Shah,Female,43,Married,Government Employee,901000.0,Surat,Gujarat,Mass Market
C04002,Tanvi Rathore,Female,56,Married,Retired,166000.0,Ghaziabad,Uttar Pradesh,Mass Market
C04003,Pallavi Chopra,Female,48,Married,Salaried,1540000.0,Noida,Uttar Pradesh,Affluent
C04004,Nandini Banerjee,Female,23,Married,Self-Employed,973000.0,Visakhapatnam,Andhra Pradesh,Young Professional
C04005,Jaya Sharma,Female,21,Married,Salaried,261000.0,Nashik,Maharashtra,Mass Market
C04006,Usha Desai,Female,40,Widowed,Self-Employed,1533000.0,Agra,Uttar Pradesh,Affluent
C04007,Kartik Mehta,Male,54,Married,Business Owner,5708000.0,Coimbatore,Tamil Nadu,Premium
C04008,Aditya Rao,Male,43,Married,Business Owner,3136000.0,Patna,Bihar,Premium
C04009,Kiran Saxena,Female,54,Married,Salaried,751000.0,Bhubaneswar,Odisha,Mass Market
C04010,Nidhi Malhotra,Female,35,Married,Government Employee,657000.0,Surat,Gujarat,Mass Market
C04011,Naveen Bhatia,Male,41,Married,Salaried,1254000.0,Delhi,Delhi,Affluent
C04012,Rajiv Iyer,Male,50,Married,Salaried,824000.0,Kochi,Kerala,Mass Market
C04013,Varun Naidu,Male,21,Single,Self-Employed,328000.0,Chennai,Tamil Nadu,Mass Market
C04014,Vikram Mukherjee,Male,25,Single,Salaried,578000.0,Chandigarh,Chandigarh,Young Professional
C04015,Ira Jadhav,Female,53,Married,Government Employee,1121000.0,Ranchi,Jharkhand,Affluent
C04016,Geeta Banerjee,Female,47,Married,Government Employee,683000.0,Raipur,Chhattisgarh,Mass Market
C04017,Tarun Dubey,Male,21,Married,Salaried,456000.0,Agra,Uttar Pradesh,Young Professional
C04018,Dinesh Sinha,Male,36,Married,Salaried,946000.0,Madurai,Tamil Nadu,Mass Market
C04019,Rachna Menon,Female,33,Married,Self-Employed,1450000.0,Patna,Bihar,Affluent
C04020,Riya Raut,Female,40,Widowed,Government Employee,563000.0,Bengaluru,Karnataka,Mass Market
C04021,Anita Chauhan,Female,50,Married,Salaried,1311000.0,Varanasi,Uttar Pradesh,Affluent
C04022,Devendra Das,Male,26,Married,Business Owner,630000.0,Amritsar,Punjab,Mass Market
C04023,Vivaan Malhotra,Male,47,Divorced,Salaried,1173000.0,Pune,Maharashtra,Affluent
C04024,Kajal Srivastava,Female,50,Married,Professional,3782000.0,Surat,Gujarat,Premium
C04025,Ankit Agarwal,Male,61,Married,Professional,2692000.0,Surat,Gujarat,Premium
C04026,Ramesh Sen,Male,42,Single,Salaried,1454000.0,Jodhpur,Rajasthan,Affluent
C04027,Radha Singh,Female,27,Single,Business Owner,1232000.0,Noida,Uttar Pradesh,Affluent
C04028,Aadhya Rana,Female,49,Divorced,Salaried,1282000.0,Vadodara,Gujarat,Affluent
C04029,Ravi Das,Male,44,Married,Professional,1419000.0,Bengaluru,Karnataka,Affluent
C04030,Anita Kumar,Female,47,Married,Salaried,1325000.0,Madurai,Tamil Nadu,Affluent
C04031,Rachna Sharma,Female,32,Single,Retired,484000.0,Noida,Uttar Pradesh,Mass Market
C04032,Nidhi Saxena,Female,21,Single,Salaried,634000.0,Kochi,Kerala,Young Professional
C04033,Krishna Banerjee,Male,43,Married,Self-Employed,1364000.0,Mumbai,Maharashtra,Affluent
C04034,Devendra Jadhav,Male,44,Married,Salaried,548000.0,Jaipur,Rajasthan,Mass Market
C04035,Ashok Patel,Male,49,Married,Professional,2229000.0,Vadodara,Gujarat,Premium
C04036,Deepak Solanki,Male,49,Divorced,Self-Employed,1236000.0,Patna,Bihar,Affluent
C04037,Farah Anand,Female,35,Married,Government Employee,348000.0,Nagpur,Maharashtra,Mass Market
C04038,Ankit Iyengar,Male,38,Married,Salaried,1184000.0,Chennai,Tamil Nadu,Affluent
C04039,Advait Prasad,Male,45,Married,Salaried,876000.0,Bengaluru,Karnataka,Mass Market
C04040,Naveen Krishnan,Male,65,Married,Retired,567000.0,Agra,Uttar Pradesh,Mass Market
C04041,Om Dubey,Male,35,Married,Professional,1258000.0,Chandigarh,Chandigarh,Affluent
C04042,Sandeep Naidu,Male,30,Married,Government Employee,467000.0,Kolkata,West Bengal,Mass Market
C04043,Kunal Nair,Male,40,Married,Retired,212000.0,Ghaziabad,Uttar Pradesh,Mass Market
C04044,Farah Srivastava,Female,40,Married,Salaried,733000.0,Mysuru,Karnataka,Mass Market
C04045,Manoj Srivastava,Male,59,Married,Business Owner,4104000.0,Ludhiana,Punjab,Premium
C04046,Mahesh Joshi,Male,21,Single,Salaried,264000.0,Nagpur,Maharashtra,Mass Market
C04047,Abhishek Sen,Male,36,Married,Professional,1189000.0,Bhubaneswar,Odisha,Affluent
C04048,Rahul Sen,Male,29,Married,Business Owner,2750000.0,Ghaziabad,Uttar Pradesh,Premium
C04049,Kajal Chopra,Female,43,Divorced,Professional,1829000.0,Mysuru,Karnataka,Affluent
C04050,Girish Pillai,Male,35,Widowed,Business Owner,3569000.0,Kanpur,Uttar Pradesh,Premium
C04051,Meera Joshi,Female,44,Married,Salaried,693000.0,Kochi,Kerala,Mass Market
C04052,Harleen Trivedi,Female,29,Single,Salaried,392000.0,Raipur,Chhattisgarh,Mass Market
C04053,Sunil Rana,Male,39,Single,Government Employee,480000.0,Ludhiana,Punjab,Mass Market
C04054,Ekta Rana,Female,48,Married,Salaried,491000.0,Agra,Uttar Pradesh,Mass Market
C04055,Gauri Rana,Female,21,Single,Salaried,426000.0,Bhubaneswar,Odisha,Young Professional
C04056,Diya Nayak,Female,31,Single,Business Owner,2848000.0,Delhi,Delhi,Premium
C04057,Shreya Bhatt,Female,21,Single,Government Employee,254000.0,Bhubaneswar,Odisha,Mass Market
C04058,Saurabh Pillai,Male,29,Married,Business Owner,2490000.0,Jaipur,Rajasthan,Premium
C04059,Komal Joshi,Female,61,Married,Retired,442000.0,Bhopal,Madhya Pradesh,Mass Market
C04060,Ankit Kumar,Male,40,Married,Government Employee,1073000.0,Varanasi,Uttar Pradesh,Affluent
C04061,Rekha Dubey,Female,34,Divorced,Salaried,541000.0,Guwahati,Assam,Mass Market
C04062,Shaurya Krishnan,Male,34,Single,Professional,980000.0,Mumbai,Maharashtra,Mass Market
C04063,Jaya Raut,Female,42,Married,Salaried,730000.0,Raipur,Chhattisgarh,Mass Market
C04064,Rahul Kumar,Male,47,Married,Business Owner,4052000.0,Hyderabad,Telangana,Premium
C04065,Sunita Ghosh,Female,39,Married,Professional,2445000.0,Patna,Bihar,Premium
C04066,Sanjay Subramaniam,Male,38,Divorced,Government Employee,872000.0,Vijayawada,Andhra Pradesh,Mass Market
C04067,Mahima Trivedi,Female,41,Married,Retired,666000.0,Vadodara,Gujarat,Mass Market
C04068,Ishaan Mehta,Male,50,Widowed,Professional,1948000.0,Coimbatore,Tamil Nadu,Affluent
C04069,Priya Trivedi,Female,22,Married,Salaried,603000.0,Madurai,Tamil Nadu,Young Professional
C04070,Deepak Arora,Male,63,Married,Retired,482000.0,Indore,Madhya Pradesh,Mass Market
C04071,Deepa Iyengar,Female,37,Married,Salaried,581000.0,Noida,Uttar Pradesh,Mass Market
C04072,Saurabh Aggarwal,Male,37,Married,Self-Employed,829000.0,Surat,Gujarat,Mass Market
C04073,Aarav Krishnan,Male,21,Single,Salaried,595000.0,Ghaziabad,Uttar Pradesh,Young Professional
C04074,Abhishek Mehta,Male,54,Married,Retired,326000.0,Noida,Uttar Pradesh,Mass Market
C04075,Aarav Rao,Male,28,Married,Salaried,702000.0,Ahmedabad,Gujarat,Young Professional
C04076,Anita Khanna,Female,40,Widowed,Self-Employed,847000.0,Vijayawada,Andhra Pradesh,Mass Market
C04077,Shalini Iyer,Female,39,Divorced,Self-Employed,1838000.0,Kolkata,West Bengal,Affluent
C04078,Lavanya Verma,Female,24,Single,Government Employee,368000.0,Kolkata,West Bengal,Mass Market
C04079,Aryan Dubey,Male,36,Single,Self-Employed,696000.0,Faridabad,Haryana,Mass Market
C04080,Rajesh Sen,Male,37,Married,Salaried,817000.0,Hyderabad,Telangana,Mass Market
C04081,Mahima Nair,Female,49,Married,Salaried,1472000.0,Guwahati,Assam,Affluent
C04082,Sandeep Subramaniam,Male,41,Married,Professional,2706000.0,Bhopal,Madhya Pradesh,Premium
C04083,Harleen Kulkarni,Female,36,Married,Self-Employed,973000.0,Varanasi,Uttar Pradesh,Mass Market
C04084,Rajesh Chauhan,Male,45,Married,Business Owner,1231000.0,Varanasi,Uttar Pradesh,Affluent
C04085,Aditya Nair,Male,48,Married,Professional,1805000.0,Surat,Gujarat,Affluent
C04086,Harish Reddy,Male,36,Divorced,Salaried,909000.0,Surat,Gujarat,Mass Market
C04087,Abhishek Thakur,Male,43,Married,Self-Employed,1187000.0,Faridabad,Haryana,Affluent
C04088,Sapna Das,Female,49,Single,Professional,2237000.0,Gurugram,Haryana,Premium
C04089,Parth Pandey,Male,36,Married,Salaried,979000.0,Kolkata,West Bengal,Mass Market
C04090,Puneet Tiwari,Male,34,Single,Self-Employed,1332000.0,Patna,Bihar,Affluent
C04091,Shaurya Yadav,Male,43,Married,Salaried,724000.0,Kolkata,West Bengal,Mass Market
C04092,Swati Verma,Female,41,Divorced,Salaried,1109000.0,Kochi,Kerala,Affluent
C04093,Rudra Mehta,Male,36,Married,Business Owner,1134000.0,Vadodara,Gujarat,Affluent
C04094,Mohit Sharma,Male,50,Married,Retired,450000.0,Mysuru,Karnataka,Mass Market
C04095,Usha Gupta,Female,46,Widowed,Salaried,1351000.0,Madurai,Tamil Nadu,Affluent
C04096,Harleen Gupta,Female,45,Divorced,Salaried,523000.0,Varanasi,Uttar Pradesh,Mass Market
C04097,Deepa Rana,Female,49,Married,Salaried,797000.0,Agra,Uttar Pradesh,Mass Market
C04098,Chitra Sharma,Female,40,Married,Salaried,723000.0,Amritsar,Punjab,Mass Market
C04099,Nidhi Kapoor,Female,44,Married,Self-Employed,751000.0,Lucknow,Uttar Pradesh,Mass Market
C04100,Pankaj Mishra,Male,34,Married,Self-Employed,1186000.0,Faridabad,Haryana,Affluent
C04101,Namrata Kapoor,Female,41,Married,Salaried,829000.0,Raipur,Chhattisgarh,Mass Market
C04102,Geeta Jain,Female,55,Divorced,Business Owner,1729000.0,Ahmedabad,Gujarat,Affluent
C04103,Nidhi Jain,Female,62,Married,Retired,455000.0,Surat,Gujarat,Mass Market
C04104,Yash Rana,Male,48,Married,Salaried,940000.0,Mysuru,Karnataka,Mass Market
C04105,Chitra Pillai,Female,31,Married,Business Owner,3010000.0,Jaipur,Rajasthan,Premium
C04106,Puneet Singh,Male,33,Married,Salaried,756000.0,Ghaziabad,Uttar Pradesh,Mass Market
C04107,Shweta Thakur,Female,30,Married,Salaried,692000.0,Gurugram,Haryana,Mass Market
C04108,Siddharth Bhatia,Male,32,Married,Self-Employed,470000.0,Vijayawada,Andhra Pradesh,Mass Market
C04109,Aparna Joshi,Female,44,Married,Professional,3730000.0,Faridabad,Haryana,Premium
C04110,Devendra Anand,Male,40,Married,Government Employee,443000.0,Ludhiana,Punjab,Mass Market
C04111,Arvind Singh,Male,54,Married,Retired,455000.0,Varanasi,Uttar Pradesh,Mass Market
C04112,Vihaan Kulkarni,Male,33,Married,Salaried,778000.0,Bengaluru,Karnataka,Mass Market
C04113,Vandana Shah,Female,44,Married,Self-Employed,1100000.0,Lucknow,Uttar Pradesh,Affluent
C04114,Oindrila Prasad,Female,35,Married,Salaried,570000.0,Kolkata,West Bengal,Mass Market
C04115,Sameer Bhatt,Male,29,Married,Business Owner,2729000.0,Gurugram,Haryana,Premium
C04116,Harish Shah,Male,48,Married,Business Owner,4292000.0,Thane,Maharashtra,Premium
C04117,Namrata Bhatt,Female,29,Married,Business Owner,930000.0,Kanpur,Uttar Pradesh,Mass Market
C04118,Rohan Kumar,Male,34,Single,Government Employee,792000.0,Bhubaneswar,Odisha,Mass Market
C04119,Mahesh Mehta,Male,36,Married,Salaried,900000.0,Varanasi,Uttar Pradesh,Mass Market
C04120,Karan Rathore,Male,46,Married,Government Employee,869000.0,Bengaluru,Karnataka,Mass Market
C04121,Vihaan Prasad,Male,21,Single,Government Employee,420000.0,Nashik,Maharashtra,Mass Market
C04122,Isha Shah,Female,52,Married,Self-Employed,1285000.0,Kanpur,Uttar Pradesh,Affluent
C04123,Girish Joshi,Male,39,Married,Salaried,722000.0,Dehradun,Uttarakhand,Mass Market
C04124,Abhishek Menon,Male,36,Married,Government Employee,421000.0,Mysuru,Karnataka,Mass Market
C04125,Nandini Rathore,Female,36,Divorced,Salaried,1036000.0,Visakhapatnam,Andhra Pradesh,Affluent
C04126,Ajay Menon,Male,52,Single,Government Employee,1141000.0,Vadodara,Gujarat,Affluent
C04127,Kabir Subramaniam,Male,33,Single,Salaried,495000.0,Lucknow,Uttar Pradesh,Mass Market
C04128,Varun Patel,Male,21,Single,Salaried,254000.0,Raipur,Chhattisgarh,Mass Market
C04129,Vihaan Aggarwal,Male,34,Married,Salaried,591000.0,Madurai,Tamil Nadu,Mass Market
C04130,Sneha Gupta,Female,32,Married,Retired,409000.0,Kolkata,West Bengal,Mass Market
C04131,Aarav Pandey,Male,33,Married,Self-Employed,1353000.0,Jaipur,Rajasthan,Affluent
C04132,Anjali Ghosh,Female,54,Widowed,Self-Employed,1249000.0,Bhubaneswar,Odisha,Affluent
C04133,Oindrila Menon,Female,66,Widowed,Retired,523000.0,Kanpur,Uttar Pradesh,Mass Market
C04134,Advait Kapoor,Male,53,Married,Business Owner,1744000.0,Indore,Madhya Pradesh,Affluent
C04135,Nidhi Agarwal,Female,59,Married,Government Employee,512000.0,Agra,Uttar Pradesh,Mass Market
C04136,Manoj Krishnan,Male,24,Single,Salaried,494000.0,Jodhpur,Rajasthan,Young Professional
C04137,Aryan Chauhan,Male,38,Single,Government Employee,506000.0,Ahmedabad,Gujarat,Mass Market
C04138,Anjali Bhatia,Female,57,Married,Retired,583000.0,Chandigarh,Chandigarh,Mass Market
C04139,Rekha Pillai,Female,38,Married,Salaried,578000.0,Chennai,Tamil Nadu,Mass Market
C04140,Saurabh Shah,Male,44,Married,Professional,3504000.0,Raipur,Chhattisgarh,Premium
C04141,Parth Iyengar,Male,37,Married,Salaried,541000.0,Pune,Maharashtra,Mass Market
C04142,Tanvi Verma,Female,44,Married,Self-Employed,1796000.0,Hyderabad,Telangana,Affluent
C04143,Sapna Prasad,Female,32,Single,Government Employee,642000.0,Thane,Maharashtra,Mass Market
C04144,Namrata Desai,Female,50,Married,Professional,3662000.0,Visakhapatnam,Andhra Pradesh,Premium
C04145,Rohan Deshmukh,Male,49,Married,Salaried,751000.0,Agra,Uttar Pradesh,Mass Market
C04146,Radha Singh,Female,43,Married,Government Employee,402000.0,Lucknow,Uttar Pradesh,Mass Market
C04147,Jyoti Kulkarni,Female,33,Married,Salaried,1179000.0,Ranchi,Jharkhand,Affluent
C04148,Kunal Dubey,Male,52,Married,Retired,319000.0,Raipur,Chhattisgarh,Mass Market
C04149,Neha Chopra,Female,34,Married,Self-Employed,1330000.0,Varanasi,Uttar Pradesh,Affluent
C04150,Lavanya Prasad,Female,40,Single,Business Owner,3461000.0,Pune,Maharashtra,Premium
C04151,Vihaan Gupta,Male,23,Single,Government Employee,538000.0,Visakhapatnam,Andhra Pradesh,Mass Market
C04152,Charu Banerjee,Female,54,Married,Salaried,1231000.0,Coimbatore,Tamil Nadu,Affluent
C04153,Tarun Jadhav,Male,45,Married,Retired,421000.0,Nagpur,Maharashtra,Mass Market
C04154,Deepa Iyer,Female,58,Married,Salaried,929000.0,Hyderabad,Telangana,Mass Market
C04155,Tarun Prasad,Male,24,Single,Salaried,785000.0,Jodhpur,Rajasthan,Young Professional
C04156,Harish Malhotra,Male,67,Widowed,Retired,595000.0,Hyderabad,Telangana,Mass Market
C04157,Arjun Mishra,Male,31,Married,Professional,1556000.0,Ahmedabad,Gujarat,Affluent
C04158,Dinesh Bansal,Male,43,Married,Salaried,1008000.0,Ahmedabad,Gujarat,Affluent
C04159,Divya Jadhav,Female,28,Married,Salaried,807000.0,Varanasi,Uttar Pradesh,Young Professional
C04160,Mahima Sinha,Female,55,Married,Professional,3310000.0,Jodhpur,Rajasthan,Premium
C04161,Rakesh Solanki,Male,65,Married,Retired,408000.0,Jaipur,Rajasthan,Mass Market
C04162,Vikram Gupta,Male,31,Married,Self-Employed,1775000.0,Bengaluru,Karnataka,Affluent
C04163,Ajay Jain,Male,45,Married,Salaried,633000.0,Noida,Uttar Pradesh,Mass Market
C04164,Farah Thakur,Female,21,Single,Salaried,260000.0,Agra,Uttar Pradesh,Mass Market
C04165,Vijay Verma,Male,42,Single,Professional,2949000.0,Ghaziabad,Uttar Pradesh,Premium
C04166,Vihaan Nayak,Male,37,Married,Salaried,660000.0,Hyderabad,Telangana,Mass Market
C04167,Girish Srivastava,Male,39,Single,Business Owner,1523000.0,Nagpur,Maharashtra,Affluent
C04168,Mahima Kumar,Female,28,Married,Retired,224000.0,Delhi,Delhi,Mass Market
C04169,Girish Trivedi,Male,49,Married,Self-Employed,1229000.0,Chandigarh,Chandigarh,Affluent
C04170,Kabir Trivedi,Male,53,Divorced,Government Employee,1198000.0,Jaipur,Rajasthan,Affluent
C04171,Deepa Mehta,Female,46,Married,Professional,1105000.0,Kochi,Kerala,Affluent
C04172,Rajesh Kamble,Male,32,Married,Government Employee,326000.0,Dehradun,Uttarakhand,Mass Market
C04173,Ashwin Mishra,Male,27,Married,Professional,1018000.0,Varanasi,Uttar Pradesh,Affluent
C04174,Riya Chauhan,Female,36,Divorced,Self-Employed,809000.0,Nagpur,Maharashtra,Mass Market
C04175,Jyoti Iyengar,Female,42,Married,Retired,355000.0,Hyderabad,Telangana,Mass Market
C04176,Vivaan Iyengar,Male,66,Divorced,Business Owner,1737000.0,Chennai,Tamil Nadu,Affluent
C04177,Reyansh Krishnan,Male,47,Married,Government Employee,853000.0,Bhubaneswar,Odisha,Mass Market
C04178,Naveen Subramaniam,Male,50,Married,Government Employee,802000.0,Mumbai,Maharashtra,Mass Market
C04179,Karan Kumar,Male,21,Single,Professional,1326000.0,Hyderabad,Telangana,Affluent
C04180,Harleen Nair,Female,25,Divorced,Salaried,541000.0,Jaipur,Rajasthan,Young Professional
C04181,Reyansh Bose,Male,35,Married,Professional,1428000.0,Vadodara,Gujarat,Affluent
C04182,Shalini Das,Female,55,Single,Professional,3443000.0,Agra,Uttar Pradesh,Premium
C04183,Sonal Thakur,Female,48,Divorced,Business Owner,4224000.0,Jaipur,Rajasthan,Premium
C04184,Anjali Singh,Female,60,Widowed,Professional,1176000.0,Pune,Maharashtra,Affluent
C04185,Sneha Malhotra,Female,44,Married,Salaried,1028000.0,Visakhapatnam,Andhra Pradesh,Affluent
C04186,Ajay Rathore,Male,56,Single,Self-Employed,2179000.0,Agra,Uttar Pradesh,Premium
C04187,Simran Nayak,Female,51,Married,Salaried,693000.0,Ghaziabad,Uttar Pradesh,Mass Market
C04188,Ankit Deshmukh,Male,32,Married,Self-Employed,1396000.0,Jodhpur,Rajasthan,Affluent
C04189,Bhavna Bose,Female,45,Married,Government Employee,805000.0,Bhopal,Madhya Pradesh,Mass Market
C04190,Pihu Shah,Female,60,Divorced,Salaried,722000.0,Ranchi,Jharkhand,Mass Market
C04191,Devendra Kamble,Male,38,Married,Salaried,1410000.0,Hyderabad,Telangana,Affluent
C04192,Nakul Mukherjee,Male,22,Single,Salaried,233000.0,Bhubaneswar,Odisha,Mass Market
C04193,Sneha Naidu,Female,44,Married,Salaried,734000.0,Chennai,Tamil Nadu,Mass Market
C04194,Vijay Sen,Male,49,Married,Salaried,838000.0,Jaipur,Rajasthan,Mass Market
C04195,Pankaj Mehta,Male,48,Married,Salaried,786000.0,Jodhpur,Rajasthan,Mass Market
C04196,Swati Gupta,Female,50,Married,Government Employee,1000000.0,Nashik,Maharashtra,Affluent
C04197,Aryan Jain,Male,33,Married,Salaried,720000.0,Bhopal,Madhya Pradesh,Mass Market
C04198,Anil Verma,Male,49,Single,Retired,661000.0,Amritsar,Punjab,Mass Market
C04199,Arjun Mukherjee,Male,48,Married,Self-Employed,1436000.0,Noida,Uttar Pradesh,Affluent
C04200,Mohit Sen,Male,59,Married,Salaried,1540000.0,Patna,Bihar,Affluent
C04201,Ishaan Mukherjee,Male,30,Single,Government Employee,549000.0,Chennai,Tamil Nadu,Mass Market
C04202,Mohit Malhotra,Male,54,Married,Salaried,1116000.0,Varanasi,Uttar Pradesh,Affluent
C04203,Shweta Tiwari,Female,56,Married,Salaried,1143000.0,Delhi,Delhi,Affluent
C04204,Kavya Iyengar,Female,46,Married,Business Owner,4400000.0,Dehradun,Uttarakhand,Premium
C04205,Girish Nair,Male,59,Married,Self-Employed,2050000.0,Indore,Madhya Pradesh,Premium
C04206,Krishna Saxena,Male,49,Single,Salaried,827000.0,Kochi,Kerala,Mass Market
C04207,Ishita Chopra,Female,47,Married,Business Owner,2891000.0,Ghaziabad,Uttar Pradesh,Premium
C04208,Vihaan Naidu,Male,34,Married,Business Owner,2135000.0,Agra,Uttar Pradesh,Premium
C04209,Yash Prasad,Male,65,Widowed,Business Owner,4348000.0,Vijayawada,Andhra Pradesh,Premium
C04210,Ritu Bhatt,Female,44,Married,Salaried,1003000.0,Visakhapatnam,Andhra Pradesh,Affluent
C04211,Riya Solanki,Female,51,Divorced,Salaried,1349000.0,Delhi,Delhi,Affluent
C04212,Kabir Deshmukh,Male,51,Single,Salaried,569000.0,Varanasi,Uttar Pradesh,Mass Market
C04213,Ishaan Krishnan,Male,21,Single,Salaried,673000.0,Kochi,Kerala,Young Professional
C04214,Namrata Sinha,Female,31,Divorced,Government Employee,500000.0,Kolkata,West Bengal,Mass Market
C04215,Shaurya Chauhan,Male,22,Single,Salaried,488000.0,Vadodara,Gujarat,Young Professional
C04216,Aparna Reddy,Female,52,Married,Self-Employed,1446000.0,Mysuru,Karnataka,Affluent
C04217,Shaurya Chandra,Male,24,Single,Salaried,325000.0,Chandigarh,Chandigarh,Mass Market
C04218,Rekha Naidu,Female,36,Married,Professional,2035000.0,Bhopal,Madhya Pradesh,Premium
C04219,Prakash Krishnan,Male,62,Widowed,Retired,295000.0,Mumbai,Maharashtra,Mass Market
C04220,Rahul Chatterjee,Male,57,Single,Salaried,750000.0,Patna,Bihar,Mass Market
C04221,Sapna Ghosh,Female,57,Married,Salaried,611000.0,Ranchi,Jharkhand,Mass Market
C04222,Sonal Gupta,Female,31,Married,Government Employee,509000.0,Mysuru,Karnataka,Mass Market
C04223,Chitra Pandey,Female,44,Married,Government Employee,828000.0,Varanasi,Uttar Pradesh,Mass Market
C04224,Vidya Pillai,Female,21,Single,Professional,884000.0,Patna,Bihar,Young Professional
C04225,Vivaan Mehta,Male,21,Single,Business Owner,931000.0,Vijayawada,Andhra Pradesh,Mass Market
C04226,Sameer Raut,Male,38,Married,Self-Employed,992000.0,Ghaziabad,Uttar Pradesh,Mass Market
C04227,Nikhil Rathore,Male,42,Married,Government Employee,776000.0,Visakhapatnam,Andhra Pradesh,Mass Market
C04228,Ananya Rathore,Female,42,Married,Government Employee,1049000.0,Amritsar,Punjab,Affluent
C04229,Kajal Gupta,Female,66,Married,Professional,2047000.0,Mumbai,Maharashtra,Premium
C04230,Kartik Aggarwal,Male,53,Married,Salaried,1540000.0,Agra,Uttar Pradesh,Affluent
C04231,Ravi Yadav,Male,29,Married,Government Employee,721000.0,Jodhpur,Rajasthan,Mass Market
C04232,Divya Mukherjee,Female,36,Married,Self-Employed,1442000.0,Hyderabad,Telangana,Affluent
C04233,Aakash Singh,Male,35,Divorced,Retired,536000.0,Varanasi,Uttar Pradesh,Mass Market
C04234,Siddharth Banerjee,Male,51,Widowed,Salaried,1295000.0,Dehradun,Uttarakhand,Affluent
C04235,Aparna Deshmukh,Female,34,Married,Self-Employed,1133000.0,Patna,Bihar,Affluent
C04236,Suresh Iyengar,Male,40,Married,Salaried,995000.0,Noida,Uttar Pradesh,Mass Market
C04237,Swati Deshmukh,Female,36,Married,Salaried,428000.0,Kanpur,Uttar Pradesh,Mass Market
C04238,Priya Iyengar,Female,42,Married,Business Owner,1313000.0,Varanasi,Uttar Pradesh,Affluent
C04239,Ishita Nair,Female,22,Single,Government Employee,444000.0,Pune,Maharashtra,Mass Market
C04240,Aryan Anand,Male,57,Divorced,Professional,1930000.0,Faridabad,Haryana,Affluent
C04241,Reyansh Arora,Male,24,Single,Salaried,768000.0,Ludhiana,Punjab,Young Professional
C04242,Neha Sinha,Female,25,Married,Salaried,621000.0,Thane,Maharashtra,Young Professional
C04243,Vidya Verma,Female,35,Married,Business Owner,3055000.0,Visakhapatnam,Andhra Pradesh,Premium
C04244,Kavya Bansal,Female,21,Single,Salaried,458000.0,Agra,Uttar Pradesh,Young Professional
C04245,Devendra Shah,Male,24,Married,Salaried,660000.0,Bhopal,Madhya Pradesh,Young Professional
C04246,Pihu Rathore,Female,21,Married,Government Employee,297000.0,Ahmedabad,Gujarat,Mass Market
C04247,Karan Chatterjee,Male,21,Married,Salaried,448000.0,Pune,Maharashtra,Young Professional
C04248,Sameer Bhatia,Male,50,Married,Retired,318000.0,Indore,Madhya Pradesh,Mass Market
C04249,Dinesh Singh,Male,32,Divorced,Salaried,408000.0,Nashik,Maharashtra,Mass Market
C04250,Vishal Rao,Male,21,Married,Government Employee,343000.0,Kochi,Kerala,Mass Market
C04251,Sameer Bansal,Male,62,Widowed,Retired,581000.0,Delhi,Delhi,Mass Market
C04252,Tanvi Yadav,Female,41,Married,Salaried,909000.0,Nashik,Maharashtra,Mass Market
C04253,Advait Sinha,Male,21,Married,Professional,891000.0,Nashik,Maharashtra,Young Professional
C04254,Vihaan Reddy,Male,49,Divorced,Retired,537000.0,Vadodara,Gujarat,Mass Market
C04255,Reyansh Das,Male,53,Married,Self-Employed,636000.0,Nashik,Maharashtra,Mass Market
C04256,Vihaan Shah,Male,29,Single,Salaried,1021000.0,Surat,Gujarat,Affluent
C04257,Ritu Krishnan,Female,43,Divorced,Salaried,1329000.0,Vijayawada,Andhra Pradesh,Affluent
C04258,Devendra Sinha,Male,35,Married,Salaried,800000.0,Ludhiana,Punjab,Mass Market
C04259,Shweta Raut,Female,38,Married,Salaried,581000.0,Indore,Madhya Pradesh,Mass Market
C04260,Arjun Saxena,Male,31,Single,Salaried,615000.0,Madurai,Tamil Nadu,Mass Market
C04261,Girish Bhatt,Male,40,Single,Salaried,949000.0,Surat,Gujarat,Mass Market
C04262,Anjali Prasad,Female,44,Single,Government Employee,705000.0,Chennai,Tamil Nadu,Mass Market
C04263,Dinesh Chopra,Male,25,Married,Business Owner,1002000.0,Thane,Maharashtra,Affluent
C04264,Krishna Bansal,Male,30,Married,Salaried,692000.0,Pune,Maharashtra,Mass Market
C04265,Harleen Bose,Female,54,Married,Self-Employed,1661000.0,Gurugram,Haryana,Affluent
C04266,Varun Raut,Male,27,Single,Salaried,614000.0,Patna,Bihar,Young Professional
C04267,Ankit Naidu,Male,39,Married,Salaried,494000.0,Mysuru,Karnataka,Mass Market
C04268,Tarun Chatterjee,Male,52,Married,Self-Employed,1796000.0,Bhopal,Madhya Pradesh,Affluent
C04269,Vijay Rana,Male,42,Married,Self-Employed,1088000.0,Nashik,Maharashtra,Affluent
C04270,Kavita Trivedi,Female,33,Married,Self-Employed,758000.0,Ludhiana,Punjab,Mass Market
C04271,Harleen Solanki,Female,32,Single,Retired,593000.0,Bhopal,Madhya Pradesh,Mass Market
C04272,Rajiv Patel,Male,45,Married,Government Employee,625000.0,Bhubaneswar,Odisha,Mass Market
C04273,Pihu Singh,Female,31,Married,Salaried,464000.0,Agra,Uttar Pradesh,Mass Market
C04274,Mahima Bansal,Female,37,Married,Business Owner,1788000.0,Nashik,Maharashtra,Affluent
C04275,Dhruv Pillai,Male,37,Single,Salaried,535000.0,Thane,Maharashtra,Mass Market
C04276,Vijay Bhatia,Male,22,Single,Self-Employed,1036000.0,Bhubaneswar,Odisha,Affluent
C04277,Naveen Nayak,Male,26,Single,Salaried,806000.0,Jaipur,Rajasthan,Young Professional
C04278,Manoj Bansal,Male,34,Married,Salaried,811000.0,Bhubaneswar,Odisha,Mass Market
C04279,Vishal Ghosh,Male,54,Married,Salaried,997000.0,Visakhapatnam,Andhra Pradesh,Mass Market
C04280,Rajesh Patel,Male,58,Single,Salaried,593000.0,Ludhiana,Punjab,Mass Market
C04281,Dinesh Kapoor,Male,46,Divorced,Business Owner,2829000.0,Bhubaneswar,Odisha,Premium
C04282,Parth Aggarwal,Male,45,Married,Self-Employed,1264000.0,Surat,Gujarat,Affluent
C04283,Siddharth Jadhav,Male,21,Single,Salaried,429000.0,Nagpur,Maharashtra,Young Professional
C04284,Vivaan Reddy,Male,36,Married,Salaried,634000.0,Amritsar,Punjab,Mass Market
C04285,Charu Banerjee,Female,56,Married,Salaried,1540000.0,Pune,Maharashtra,Affluent
C04286,Advait Chandra,Male,65,Married,Retired,400000.0,Jodhpur,Rajasthan,Mass Market
C04287,Suresh Deshmukh,Male,39,Married,Salaried,655000.0,Kolkata,West Bengal,Mass Market
C04288,Kabir Verma,Male,45,Married,Salaried,1075000.0,Bengaluru,Karnataka,Affluent
C04289,Karan Joshi,Male,36,Married,Self-Employed,1540000.0,Lucknow,Uttar Pradesh,Affluent
C04290,Mohit Kamble,Male,21,Single,Salaried,516000.0,Faridabad,Haryana,Young Professional
C04291,Sunil Joshi,Male,62,Married,Professional,1568000.0,Kochi,Kerala,Affluent
C04292,Jyoti Desai,Female,35,Married,Business Owner,2617000.0,Guwahati,Assam,Premium
C04293,Anita Ghosh,Female,70,Married,Professional,2479000.0,Vadodara,Gujarat,Premium
C04294,Vikram Solanki,Male,39,Divorced,Business Owner,3346000.0,Coimbatore,Tamil Nadu,Premium
C04295,Karan Chandra,Male,22,Married,Salaried,457000.0,Bengaluru,Karnataka,Young Professional
C04296,Dhruv Naidu,Male,41,Divorced,Self-Employed,693000.0,Agra,Uttar Pradesh,Mass Market
C04297,Dhruv Chandra,Male,28,Married,Self-Employed,581000.0,Bhubaneswar,Odisha,Young Professional
C04298,Sapna Bhatt,Female,30,Single,Salaried,716000.0,Kochi,Kerala,Mass Market
C04299,Manoj Solanki,Male,36,Married,Retired,221000.0,Gurugram,Haryana,Mass Market
C04300,Rahul Rao,Male,50,Married,Salaried,932000.0,Kanpur,Uttar Pradesh,Mass Market
C04301,Ashwin Srivastava,Male,21,Single,Business Owner,1914000.0,Mumbai,Maharashtra,Affluent
C04302,Girish Bose,Male,56,Married,Salaried,1228000.0,Amritsar,Punjab,Affluent
C04303,Geeta Kapoor,Female,36,Married,Professional,2626000.0,Dehradun,Uttarakhand,Premium
C04304,Chitra Sinha,Female,21,Single,Self-Employed,161000.0,Madurai,Tamil Nadu,Mass Market
C04305,Vijay Sen,Male,47,Married,Government Employee,846000.0,Kolkata,West Bengal,Mass Market
C04306,Riya Kumar,Female,28,Married,Professional,1518000.0,Noida,Uttar Pradesh,Affluent
C04307,Ekta Das,Female,42,Married,Business Owner,1811000.0,Mysuru,Karnataka,Affluent
C04308,Mohit Bose,Male,21,Single,Salaried,386000.0,Ludhiana,Punjab,Mass Market
C04309,Swati Gupta,Female,55,Married,Salaried,881000.0,Kanpur,Uttar Pradesh,Mass Market
C04310,Farah Khanna,Female,68,Married,Retired,684000.0,Indore,Madhya Pradesh,Mass Market
C04311,Aakash Shah,Male,64,Married,Retired,539000.0,Patna,Bihar,Mass Market
C04312,Vishal Reddy,Male,32,Married,Business Owner,3038000.0,Agra,Uttar Pradesh,Premium
C04313,Radha Mukherjee,Female,64,Married,Retired,536000.0,Pune,Maharashtra,Mass Market
C04314,Harleen Iyengar,Female,35,Married,Government Employee,624000.0,Noida,Uttar Pradesh,Mass Market
C04315,Vishal Sinha,Male,41,Married,Retired,492000.0,Lucknow,Uttar Pradesh,Mass Market
C04316,Vikram Prasad,Male,22,Single,Salaried,314000.0,Visakhapatnam,Andhra Pradesh,Mass Market
C04317,Prakash Rao,Male,41,Married,Business Owner,3736000.0,Thane,Maharashtra,Premium
C04318,Pankaj Arora,Male,54,Single,Salaried,707000.0,Kolkata,West Bengal,Mass Market
C04319,Lata Verma,Female,21,Single,Salaried,495000.0,Faridabad,Haryana,Young Professional
C04320,Reyansh Kamble,Male,21,Married,Professional,556000.0,Vijayawada,Andhra Pradesh,Young Professional
C04321,Manisha Sharma,Female,42,Married,Retired,531000.0,Ranchi,Jharkhand,Mass Market
C04322,Diya Pandey,Female,40,Married,Self-Employed,1076000.0,Noida,Uttar Pradesh,Affluent
C04323,Vishal Sinha,Male,45,Married,Salaried,929000.0,Indore,Madhya Pradesh,Mass Market
C04324,Om Solanki,Male,44,Single,Self-Employed,1467000.0,Mysuru,Karnataka,Affluent
C04325,Rekha Raut,Female,23,Married,Government Employee,329000.0,Dehradun,Uttarakhand,Mass Market
C04326,Sapna Naidu,Female,47,Married,Retired,596000.0,Amritsar,Punjab,Mass Market
C04327,Anita Rathore,Female,38,Married,Salaried,947000.0,Pune,Maharashtra,Mass Market
C04328,Oindrila Banerjee,Female,61,Widowed,Professional,3452000.0,Kochi,Kerala,Premium
C04329,Manoj Mukherjee,Male,40,Married,Self-Employed,1717000.0,Chennai,Tamil Nadu,Affluent
C04330,Nidhi Krishnan,Female,29,Divorced,Retired,454000.0,Pune,Maharashtra,Mass Market
C04331,Kiran Solanki,Female,42,Divorced,Business Owner,2622000.0,Chennai,Tamil Nadu,Premium
C04332,Sameer Reddy,Male,22,Single,Self-Employed,414000.0,Ahmedabad,Gujarat,Young Professional
C04333,Tanvi Mukherjee,Female,61,Widowed,Retired,578000.0,Faridabad,Haryana,Mass Market
C04334,Karan Desai,Male,40,Divorced,Salaried,1162000.0,Amritsar,Punjab,Affluent
C04335,Arjun Chauhan,Male,45,Married,Salaried,733000.0,Ludhiana,Punjab,Mass Market
C04336,Aditi Menon,Female,30,Married,Retired,335000.0,Kolkata,West Bengal,Mass Market
C04337,Arjun Sinha,Male,57,Divorced,Salaried,1115000.0,Jodhpur,Rajasthan,Affluent
C04338,Naveen Joshi,Male,34,Married,Business Owner,4162000.0,Mumbai,Maharashtra,Premium
C04339,Shweta Deshmukh,Female,55,Married,Salaried,828000.0,Madurai,Tamil Nadu,Mass Market
C04340,Abhishek Banerjee,Male,58,Married,Self-Employed,1181000.0,Thane,Maharashtra,Affluent
C04341,Nisha Malhotra,Female,39,Married,Salaried,443000.0,Gurugram,Haryana,Mass Market
C04342,Parth Das,Male,27,Married,Salaried,418000.0,Kanpur,Uttar Pradesh,Young Professional
C04343,Abhishek Aggarwal,Male,33,Married,Government Employee,898000.0,Jaipur,Rajasthan,Mass Market
C04344,Ravi Sharma,Male,43,Divorced,Business Owner,2167000.0,Chennai,Tamil Nadu,Premium
C04345,Rohan Malhotra,Male,69,Married,Business Owner,4330000.0,Kochi,Kerala,Premium
C04346,Sneha Desai,Female,57,Married,Salaried,953000.0,Jodhpur,Rajasthan,Mass Market
C04347,Ishita Yadav,Female,49,Married,Salaried,1224000.0,Kanpur,Uttar Pradesh,Affluent
C04348,Girish Aggarwal,Male,41,Married,Government Employee,1093000.0,Visakhapatnam,Andhra Pradesh,Affluent
C04349,Jyoti Aggarwal,Female,45,Married,Salaried,1125000.0,Madurai,Tamil Nadu,Affluent
C04350,Mahima Khanna,Female,38,Single,Self-Employed,456000.0,Agra,Uttar Pradesh,Mass Market
C04351,Saurabh Raut,Male,37,Married,Self-Employed,518000.0,Kanpur,Uttar Pradesh,Mass Market
C04352,Sapna Saxena,Female,33,Married,Salaried,461000.0,Thane,Maharashtra,Mass Market
C04353,Nakul Pillai,Male,24,Single,Salaried,499000.0,Noida,Uttar Pradesh,Young Professional
C04354,Sunil Chopra,Male,67,Divorced,Professional,2208000.0,Guwahati,Assam,Premium
C04355,Ankit Shah,Male,60,Divorced,Self-Employed,1390000.0,Gurugram,Haryana,Affluent
C04356,Anil Jadhav,Male,59,Married,Professional,2442000.0,Thane,Maharashtra,Premium
C04357,Charu Rathore,Female,61,Widowed,Professional,2771000.0,Vadodara,Gujarat,Premium
C04358,Shalini Saxena,Female,35,Married,Government Employee,804000.0,Ludhiana,Punjab,Mass Market
C04359,Anil Nair,Male,42,Divorced,Salaried,562000.0,Kochi,Kerala,Mass Market
C04360,Aditi Saxena,Female,38,Married,Salaried,723000.0,Amritsar,Punjab,Mass Market
C04361,Pallavi Trivedi,Female,47,Married,Salaried,875000.0,Pune,Maharashtra,Mass Market
C04362,Suresh Nayak,Male,21,Single,Professional,795000.0,Guwahati,Assam,Young Professional
C04363,Nakul Bansal,Male,49,Married,Salaried,758000.0,Gurugram,Haryana,Mass Market
C04364,Harish Verma,Male,21,Married,Self-Employed,269000.0,Bhubaneswar,Odisha,Mass Market
C04365,Bhavna Kapoor,Female,62,Widowed,Professional,2293000.0,Vadodara,Gujarat,Premium
C04366,Gauri Kumar,Female,54,Single,Salaried,1218000.0,Indore,Madhya Pradesh,Affluent
C04367,Isha Banerjee,Female,48,Married,Salaried,1511000.0,Jodhpur,Rajasthan,Affluent
C04368,Bhavesh Dubey,Male,43,Married,Business Owner,4814000.0,Ludhiana,Punjab,Premium
C04369,Ekta Dubey,Female,21,Married,Salaried,449000.0,Dehradun,Uttarakhand,Young Professional
C04370,Priya Mukherjee,Female,38,Married,Self-Employed,744000.0,Visakhapatnam,Andhra Pradesh,Mass Market
C04371,Ajay Ghosh,Male,61,Married,Professional,2572000.0,Noida,Uttar Pradesh,Premium
C04372,Rachna Rathore,Female,37,Married,Salaried,1320000.0,Bengaluru,Karnataka,Affluent
C04373,Kiran Bhatia,Female,51,Married,Business Owner,3873000.0,Bhubaneswar,Odisha,Premium
C04374,Pankaj Nayak,Male,30,Married,Salaried,874000.0,Lucknow,Uttar Pradesh,Mass Market
C04375,Tarun Joshi,Male,50,Married,Salaried,1068000.0,Pune,Maharashtra,Affluent
C04376,Aditya Sinha,Male,25,Single,Salaried,557000.0,Vijayawada,Andhra Pradesh,Young Professional
C04377,Girish Patel,Male,41,Married,Salaried,794000.0,Delhi,Delhi,Mass Market
C04378,Nidhi Nayak,Female,37,Divorced,Salaried,810000.0,Coimbatore,Tamil Nadu,Mass Market
C04379,Rohan Jain,Male,46,Married,Business Owner,3427000.0,Jodhpur,Rajasthan,Premium
C04380,Sneha Pandey,Female,21,Married,Salaried,415000.0,Hyderabad,Telangana,Young Professional
C04381,Abhishek Reddy,Male,40,Married,Professional,2911000.0,Ranchi,Jharkhand,Premium
C04382,Puneet Deshmukh,Male,45,Married,Professional,1756000.0,Ranchi,Jharkhand,Affluent
C04383,Sapna Krishnan,Female,37,Married,Salaried,1036000.0,Thane,Maharashtra,Affluent
C04384,Komal Ghosh,Female,41,Married,Business Owner,2087000.0,Lucknow,Uttar Pradesh,Premium
C04385,Ravi Arora,Male,39,Married,Salaried,588000.0,Bhubaneswar,Odisha,Mass Market
C04386,Aadhya Gupta,Female,47,Married,Government Employee,947000.0,Bhopal,Madhya Pradesh,Mass Market
C04387,Sunita Kapoor,Female,50,Married,Self-Employed,777000.0,Delhi,Delhi,Mass Market
C04388,Nakul Gupta,Male,36,Married,Salaried,881000.0,Guwahati,Assam,Mass Market
C04389,Vishal Sen,Male,32,Divorced,Self-Employed,846000.0,Lucknow,Uttar Pradesh,Mass Market
C04390,Vandana Aggarwal,Female,28,Single,Business Owner,2478000.0,Delhi,Delhi,Premium
C04391,Ishita Mukherjee,Female,37,Married,Salaried,770000.0,Bhopal,Madhya Pradesh,Mass Market
C04392,Girish Jain,Male,49,Single,Salaried,1192000.0,Pune,Maharashtra,Affluent
C04393,Rekha Subramaniam,Female,34,Married,Government Employee,810000.0,Guwahati,Assam,Mass Market
C04394,Rahul Singh,Male,66,Married,Retired,284000.0,Patna,Bihar,Mass Market
C04395,Pihu Solanki,Female,43,Widowed,Salaried,1425000.0,Ahmedabad,Gujarat,Affluent
C04396,Aditya Sharma,Male,61,Married,Retired,590000.0,Bhubaneswar,Odisha,Mass Market
C04397,Ashok Shah,Male,50,Married,Business Owner,3474000.0,Ranchi,Jharkhand,Premium
C04398,Sonal Menon,Female,35,Married,Salaried,623000.0,Madurai,Tamil Nadu,Mass Market
C04399,Rachna Pillai,Female,38,Single,Salaried,521000.0,Vijayawada,Andhra Pradesh,Mass Market
C04400,Om Kapoor,Male,33,Divorced,Professional,652000.0,Ludhiana,Punjab,Mass Market
C04401,Usha Mukherjee,Female,60,Married,Business Owner,4631000.0,Delhi,Delhi,Premium
C04402,Rani Shah,Female,47,Widowed,Government Employee,608000.0,Amritsar,Punjab,Mass Market
C04403,Advait Tiwari,Male,48,Married,Government Employee,794000.0,Visakhapatnam,Andhra Pradesh,Mass Market
C04404,Om Patel,Male,33,Married,Retired,558000.0,Vadodara,Gujarat,Mass Market
C04405,Bhavesh Arora,Male,36,Married,Salaried,844000.0,Thane,Maharashtra,Mass Market
C04406,Mahima Das,Female,28,Married,Business Owner,2658000.0,Patna,Bihar,Premium
C04407,Naveen Tiwari,Male,36,Married,Government Employee,545000.0,Ranchi,Jharkhand,Mass Market
C04408,Oindrila Solanki,Female,53,Single,Government Employee,562000.0,Delhi,Delhi,Mass Market
C04409,Komal Bhatt,Female,24,Single,Salaried,515000.0,Guwahati,Assam,Young Professional
C04410,Vikram Rathore,Male,55,Married,Government Employee,813000.0,Ranchi,Jharkhand,Mass Market
C04411,Vihaan Dubey,Male,35,Married,Salaried,1296000.0,Thane,Maharashtra,Affluent
C04412,Dhruv Pandey,Male,35,Married,Business Owner,1441000.0,Thane,Maharashtra,Affluent
C04413,Vikram Jain,Male,36,Married,Self-Employed,801000.0,Gurugram,Haryana,Mass Market
C04414,Tanvi Rao,Female,35,Single,Salaried,550000.0,Ghaziabad,Uttar Pradesh,Mass Market
C04415,Sanjay Arora,Male,36,Married,Government Employee,385000.0,Chennai,Tamil Nadu,Mass Market
C04416,Pankaj Deshmukh,Male,21,Single,Professional,688000.0,Lucknow,Uttar Pradesh,Young Professional
C04417,Naveen Patel,Male,36,Married,Salaried,483000.0,Noida,Uttar Pradesh,Mass Market
C04418,Aarti Agarwal,Female,46,Married,Retired,410000.0,Surat,Gujarat,Mass Market
C04419,Vijay Kumar,Male,48,Divorced,Retired,346000.0,Gurugram,Haryana,Mass Market
C04420,Vidya Yadav,Female,37,Divorced,Salaried,824000.0,Noida,Uttar Pradesh,Mass Market
C04421,Yash Raut,Male,49,Widowed,Self-Employed,1169000.0,Ghaziabad,Uttar Pradesh,Affluent
C04422,Arjun Bose,Male,21,Single,Salaried,342000.0,Surat,Gujarat,Mass Market
C04423,Bhavesh Deshmukh,Male,39,Married,Self-Employed,969000.0,Mysuru,Karnataka,Mass Market
C04424,Rakesh Trivedi,Male,30,Married,Salaried,499000.0,Mumbai,Maharashtra,Mass Market
C04425,Nakul Chopra,Male,50,Married,Salaried,781000.0,Indore,Madhya Pradesh,Mass Market
C04426,Aakash Jain,Male,36,Widowed,Salaried,796000.0,Noida,Uttar Pradesh,Mass Market
C04427,Sameer Rana,Male,51,Married,Retired,571000.0,Bhopal,Madhya Pradesh,Mass Market
C04428,Rahul Naidu,Male,44,Married,Salaried,785000.0,Gurugram,Haryana,Mass Market
C04429,Om Trivedi,Male,27,Married,Self-Employed,773000.0,Kolkata,West Bengal,Young Professional
C04430,Girish Joshi,Male,55,Single,Professional,3850000.0,Ahmedabad,Gujarat,Premium
C04431,Preeti Khanna,Female,21,Single,Professional,1333000.0,Mumbai,Maharashtra,Affluent
C04432,Gaurav Menon,Male,69,Widowed,Professional,2903000.0,Pune,Maharashtra,Premium
C04433,Kavita Gupta,Female,59,Married,Salaried,863000.0,Dehradun,Uttarakhand,Mass Market
C04434,Parth Reddy,Male,39,Married,Salaried,1105000.0,Kochi,Kerala,Affluent
C04435,Nakul Joshi,Male,54,Married,Salaried,1272000.0,Raipur,Chhattisgarh,Affluent
C04436,Dinesh Dubey,Male,43,Married,Professional,2689000.0,Jodhpur,Rajasthan,Premium
C04437,Sapna Mehta,Female,38,Widowed,Business Owner,2460000.0,Mumbai,Maharashtra,Premium
C04438,Ankit Solanki,Male,34,Married,Business Owner,3530000.0,Kochi,Kerala,Premium
C04439,Sameer Agarwal,Male,42,Divorced,Retired,290000.0,Patna,Bihar,Mass Market
C04440,Lata Rao,Female,63,Married,Professional,3106000.0,Nashik,Maharashtra,Premium
C04441,Pankaj Krishnan,Male,34,Married,Salaried,572000.0,Vadodara,Gujarat,Mass Market
C04442,Ashwin Khanna,Male,21,Married,Professional,822000.0,Varanasi,Uttar Pradesh,Young Professional
C04443,Mahesh Thakur,Male,27,Married,Self-Employed,712000.0,Vijayawada,Andhra Pradesh,Young Professional
C04444,Sneha Prasad,Female,34,Divorced,Salaried,760000.0,Amritsar,Punjab,Mass Market
C04445,Manoj Reddy,Male,42,Married,Professional,2434000.0,Coimbatore,Tamil Nadu,Premium
C04446,Lavanya Sharma,Female,39,Married,Self-Employed,890000.0,Raipur,Chhattisgarh,Mass Market
C04447,Charu Nair,Female,28,Married,Salaried,658000.0,Ludhiana,Punjab,Young Professional
C04448,Advait Singh,Male,49,Married,Government Employee,702000.0,Surat,Gujarat,Mass Market
C04449,Rachna Trivedi,Female,46,Married,Salaried,1333000.0,Mumbai,Maharashtra,Affluent
C04450,Abhishek Trivedi,Male,40,Single,Professional,2510000.0,Nagpur,Maharashtra,Premium
C04451,Jaya Ghosh,Female,38,Married,Salaried,1269000.0,Kolkata,West Bengal,Affluent
C04452,Neha Agarwal,Female,21,Single,Salaried,535000.0,Kolkata,West Bengal,Young Professional
C04453,Preeti Singh,Female,44,Married,Salaried,1059000.0,Amritsar,Punjab,Affluent
C04454,Ajay Mishra,Male,47,Widowed,Retired,375000.0,Agra,Uttar Pradesh,Mass Market
C04455,Manisha Mukherjee,Female,37,Single,Salaried,710000.0,Mumbai,Maharashtra,Mass Market
C04456,Om Anand,Male,53,Married,Government Employee,1163000.0,Vadodara,Gujarat,Affluent
C04457,Komal Agarwal,Female,49,Married,Retired,583000.0,Ghaziabad,Uttar Pradesh,Mass Market
C04458,Mahesh Arora,Male,40,Single,Salaried,1195000.0,Guwahati,Assam,Affluent
C04459,Rani Singh,Female,31,Married,Salaried,999000.0,Ranchi,Jharkhand,Mass Market
C04460,Ashok Shah,Male,30,Married,Business Owner,2263000.0,Madurai,Tamil Nadu,Premium
C04461,Chitra Nair,Female,36,Married,Salaried,573000.0,Indore,Madhya Pradesh,Mass Market
C04462,Sunita Joshi,Female,35,Divorced,Salaried,798000.0,Visakhapatnam,Andhra Pradesh,Mass Market
C04463,Namrata Ghosh,Female,36,Married,Self-Employed,1580000.0,Raipur,Chhattisgarh,Affluent
C04464,Prakash Krishnan,Male,53,Married,Salaried,603000.0,Mysuru,Karnataka,Mass Market
C04465,Lavanya Iyer,Female,43,Single,Self-Employed,1457000.0,Varanasi,Uttar Pradesh,Affluent
C04466,Aarav Pillai,Male,22,Single,Government Employee,376000.0,Lucknow,Uttar Pradesh,Mass Market
C04467,Ritu Patel,Female,54,Married,Government Employee,587000.0,Thane,Maharashtra,Mass Market
C04468,Swati Rao,Female,31,Married,Professional,1199000.0,Varanasi,Uttar Pradesh,Affluent
C04469,Lavanya Deshmukh,Female,39,Married,Business Owner,3105000.0,Lucknow,Uttar Pradesh,Premium
C04470,Isha Singh,Female,35,Married,Salaried,1067000.0,Mumbai,Maharashtra,Affluent
C04471,Deepa Kapoor,Female,42,Married,Government Employee,889000.0,Hyderabad,Telangana,Mass Market
C04472,Ekta Saxena,Female,41,Married,Salaried,654000.0,Dehradun,Uttarakhand,Mass Market
C04473,Sameer Sen,Male,27,Single,Salaried,770000.0,Gurugram,Haryana,Young Professional
C04474,Anita Chatterjee,Female,50,Married,Business Owner,1493000.0,Faridabad,Haryana,Affluent
C04475,Sonal Tiwari,Female,41,Divorced,Salaried,723000.0,Jodhpur,Rajasthan,Mass Market
C04476,Advait Mishra,Male,55,Divorced,Salaried,1013000.0,Chandigarh,Chandigarh,Affluent
C04477,Aakash Khanna,Male,30,Married,Retired,482000.0,Ghaziabad,Uttar Pradesh,Mass Market
C04478,Ravi Reddy,Male,58,Married,Self-Employed,1860000.0,Chennai,Tamil Nadu,Affluent
C04479,Swati Raut,Female,32,Married,Salaried,1017000.0,Patna,Bihar,Affluent
C04480,Aryan Malhotra,Male,32,Single,Retired,494000.0,Kochi,Kerala,Mass Market
C04481,Rajesh Arora,Male,42,Married,Professional,2914000.0,Visakhapatnam,Andhra Pradesh,Premium
C04482,Devendra Nair,Male,38,Married,Salaried,577000.0,Kochi,Kerala,Mass Market
C04483,Simran Kulkarni,Female,21,Single,Government Employee,343000.0,Delhi,Delhi,Mass Market
C04484,Devendra Solanki,Male,54,Divorced,Salaried,1126000.0,Amritsar,Punjab,Affluent
C04485,Ravi Agarwal,Male,26,Married,Business Owner,2137000.0,Kochi,Kerala,Premium
C04486,Manisha Tiwari,Female,48,Divorced,Professional,3850000.0,Jodhpur,Rajasthan,Premium
C04487,Geeta Prasad,Female,42,Married,Salaried,698000.0,Nashik,Maharashtra,Mass Market
C04488,Abhishek Rathore,Male,39,Married,Salaried,943000.0,Mumbai,Maharashtra,Mass Market
C04489,Manisha Sharma,Female,37,Married,Professional,1312000.0,Nashik,Maharashtra,Affluent
C04490,Rachna Ghosh,Female,61,Married,Retired,336000.0,Madurai,Tamil Nadu,Mass Market
C04491,Komal Naidu,Female,29,Single,Professional,2562000.0,Kolkata,West Bengal,Premium
C04492,Vivaan Bansal,Male,33,Married,Government Employee,576000.0,Visakhapatnam,Andhra Pradesh,Mass Market
C04493,Ishita Jain,Female,36,Married,Professional,1263000.0,Patna,Bihar,Affluent
C04494,Kartik Dubey,Male,42,Married,Retired,438000.0,Patna,Bihar,Mass Market
C04495,Mahesh Mukherjee,Male,46,Widowed,Salaried,798000.0,Bengaluru,Karnataka,Mass Market
C04496,Diya Deshmukh,Female,42,Married,Self-Employed,962000.0,Hyderabad,Telangana,Mass Market
C04497,Jaya Malhotra,Female,34,Married,Government Employee,348000.0,Gurugram,Haryana,Mass Market
C04498,Advait Chandra,Male,58,Married,Professional,2046000.0,Kanpur,Uttar Pradesh,Premium
C04499,Sunita Gupta,Female,24,Single,Salaried,773000.0,Ranchi,Jharkhand,Young Professional
C04500,Diya Agarwal,Female,36,Married,Salaried,711000.0,Nashik,Maharashtra,Mass Market
C04501,Geeta Deshmukh,Female,30,Married,Salaried,683000.0,Surat,Gujarat,Mass Market
C04502,Rahul Yadav,Male,25,Married,Salaried,678000.0,Jaipur,Rajasthan,Young Professional
C04503,Ishaan Rathore,Male,50,Married,Self-Employed,1491000.0,Pune,Maharashtra,Affluent
C04504,Aakash Shah,Male,39,Married,Business Owner,3276000.0,Hyderabad,Telangana,Premium
C04505,Prakash Kulkarni,Male,24,Single,Salaried,770000.0,Ranchi,Jharkhand,Young Professional
C04506,Aditya Ghosh,Male,50,Married,Salaried,1540000.0,Nagpur,Maharashtra,Affluent
C04507,Gaurav Kamble,Male,43,Married,Self-Employed,1529000.0,Ludhiana,Punjab,Affluent
C04508,Rajiv Khanna,Male,44,Married,Self-Employed,694000.0,Madurai,Tamil Nadu,Mass Market
C04509,Aarti Yadav,Female,32,Married,Salaried,797000.0,Mumbai,Maharashtra,Mass Market
C04510,Rohan Menon,Male,39,Married,Retired,443000.0,Hyderabad,Telangana,Mass Market
C04511,Deepak Solanki,Male,37,Married,Government Employee,470000.0,Faridabad,Haryana,Mass Market
C04512,Rahul Nair,Male,27,Married,Government Employee,661000.0,Patna,Bihar,Mass Market
C04513,Kavya Mukherjee,Female,41,Divorced,Self-Employed,1090000.0,Dehradun,Uttarakhand,Affluent
C04514,Rani Trivedi,Female,37,Married,Self-Employed,604000.0,Vijayawada,Andhra Pradesh,Mass Market
C04515,Gauri Nair,Female,45,Married,Salaried,463000.0,Faridabad,Haryana,Mass Market
C04516,Rachna Mukherjee,Female,55,Married,Self-Employed,1956000.0,Mumbai,Maharashtra,Affluent
C04517,Pallavi Mehta,Female,34,Single,Retired,517000.0,Jodhpur,Rajasthan,Mass Market
C04518,Kajal Bhatia,Female,36,Widowed,Government Employee,341000.0,Coimbatore,Tamil Nadu,Mass Market
C04519,Shaurya Patel,Male,27,Single,Professional,1215000.0,Chennai,Tamil Nadu,Affluent
C04520,Amit Nair,Male,32,Married,Self-Employed,659000.0,Pune,Maharashtra,Mass Market
C04521,Sarita Bose,Female,31,Married,Salaried,553000.0,Chennai,Tamil Nadu,Mass Market
C04522,Aditya Nayak,Male,35,Married,Business Owner,3967000.0,Madurai,Tamil Nadu,Premium
C04523,Vivaan Iyer,Male,33,Married,Salaried,996000.0,Lucknow,Uttar Pradesh,Mass Market
C04524,Rudra Patel,Male,45,Divorced,Retired,482000.0,Nashik,Maharashtra,Mass Market
C04525,Rachna Raut,Female,52,Married,Professional,3850000.0,Bhopal,Madhya Pradesh,Premium
C04526,Suresh Sen,Male,33,Married,Retired,334000.0,Nagpur,Maharashtra,Mass Market
C04527,Shweta Desai,Female,43,Married,Salaried,1387000.0,Hyderabad,Telangana,Affluent
C04528,Nikhil Mukherjee,Male,36,Married,Salaried,981000.0,Vadodara,Gujarat,Mass Market
C04529,Aditi Yadav,Female,43,Married,Self-Employed,1630000.0,Jaipur,Rajasthan,Affluent
C04530,Varun Mukherjee,Male,39,Married,Self-Employed,1136000.0,Thane,Maharashtra,Affluent
C04531,Nikhil Das,Male,53,Married,Salaried,1411000.0,Nagpur,Maharashtra,Affluent
C04532,Aryan Banerjee,Male,21,Single,Professional,660000.0,Visakhapatnam,Andhra Pradesh,Young Professional
C04533,Nakul Mishra,Male,21,Single,Salaried,516000.0,Chennai,Tamil Nadu,Young Professional
C04534,Simran Mishra,Female,35,Married,Government Employee,749000.0,Madurai,Tamil Nadu,Mass Market
C04535,Ira Raut,Female,34,Single,Business Owner,2810000.0,Raipur,Chhattisgarh,Premium
C04536,Ishita Sinha,Female,31,Divorced,Professional,2521000.0,Lucknow,Uttar Pradesh,Premium
C04537,Mohit Rao,Male,32,Married,Government Employee,549000.0,Madurai,Tamil Nadu,Mass Market
C04538,Pankaj Trivedi,Male,39,Married,Salaried,1169000.0,Ranchi,Jharkhand,Affluent
C04539,Devendra Jain,Male,35,Married,Professional,929000.0,Kochi,Kerala,Mass Market
C04540,Pankaj Ghosh,Male,55,Married,Retired,541000.0,Vadodara,Gujarat,Mass Market
C04541,Rakesh Patel,Male,50,Married,Salaried,552000.0,Faridabad,Haryana,Mass Market
C04542,Sneha Banerjee,Female,21,Single,Salaried,401000.0,Faridabad,Haryana,Young Professional
C04543,Shaurya Banerjee,Male,45,Married,Business Owner,2666000.0,Indore,Madhya Pradesh,Premium
C04544,Anil Khanna,Male,31,Married,Government Employee,435000.0,Bengaluru,Karnataka,Mass Market
C04545,Advait Joshi,Male,46,Divorced,Salaried,641000.0,Kanpur,Uttar Pradesh,Mass Market
C04546,Sameer Pandey,Male,66,Married,Professional,2090000.0,Amritsar,Punjab,Premium
C04547,Shweta Saxena,Female,32,Married,Salaried,1004000.0,Mysuru,Karnataka,Affluent
C04548,Ishita Bose,Female,45,Divorced,Salaried,644000.0,Madurai,Tamil Nadu,Mass Market
C04549,Sunil Deshmukh,Male,33,Married,Salaried,1089000.0,Kolkata,West Bengal,Affluent
C04550,Ramesh Yadav,Male,22,Married,Self-Employed,965000.0,Mumbai,Maharashtra,Young Professional
C04551,Tarun Ghosh,Male,43,Married,Government Employee,519000.0,Gurugram,Haryana,Mass Market
C04552,Sarita Naidu,Female,45,Married,Business Owner,3512000.0,Kolkata,West Bengal,Premium
C04553,Kunal Reddy,Male,30,Married,Business Owner,3163000.0,Agra,Uttar Pradesh,Premium
C04554,Siddharth Bhatt,Male,49,Married,Self-Employed,627000.0,Amritsar,Punjab,Mass Market
C04555,Harleen Krishnan,Female,50,Married,Government Employee,634000.0,Delhi,Delhi,Mass Market
C04556,Jaya Anand,Female,41,Married,Professional,2224000.0,Varanasi,Uttar Pradesh,Premium
C04557,Kabir Solanki,Male,49,Married,Government Employee,727000.0,Mysuru,Karnataka,Mass Market
C04558,Advait Raut,Male,23,Single,Salaried,695000.0,Guwahati,Assam,Young Professional
C04559,Mahesh Solanki,Male,36,Single,Business Owner,2377000.0,Bhopal,Madhya Pradesh,Premium
C04560,Yash Thakur,Male,33,Married,Self-Employed,1383000.0,Nashik,Maharashtra,Affluent
C04561,Usha Gupta,Female,40,Married,Self-Employed,1823000.0,Guwahati,Assam,Affluent
C04562,Pihu Shah,Female,35,Married,Salaried,785000.0,Thane,Maharashtra,Mass Market
C04563,Om Nayak,Male,44,Married,Self-Employed,1090000.0,Bhubaneswar,Odisha,Affluent
C04564,Arvind Anand,Male,21,Married,Professional,1485000.0,Patna,Bihar,Affluent
C04565,Ramesh Kapoor,Male,21,Single,Government Employee,287000.0,Delhi,Delhi,Mass Market
C04566,Saurabh Jadhav,Male,56,Married,Government Employee,1061000.0,Lucknow,Uttar Pradesh,Affluent
C04567,Rani Sinha,Female,56,Married,Business Owner,3767000.0,Vijayawada,Andhra Pradesh,Premium
C04568,Manoj Joshi,Male,39,Married,Salaried,541000.0,Mysuru,Karnataka,Mass Market
C04569,Krishna Patel,Male,33,Single,Business Owner,3650000.0,Coimbatore,Tamil Nadu,Premium
C04570,Deepak Krishnan,Male,37,Married,Retired,601000.0,Ghaziabad,Uttar Pradesh,Mass Market
C04571,Rudra Dubey,Male,53,Married,Salaried,1116000.0,Agra,Uttar Pradesh,Affluent
C04572,Rudra Sharma,Male,33,Married,Salaried,751000.0,Lucknow,Uttar Pradesh,Mass Market
C04573,Abhishek Jadhav,Male,32,Single,Professional,2261000.0,Surat,Gujarat,Premium
C04574,Usha Sen,Female,42,Married,Professional,2927000.0,Kanpur,Uttar Pradesh,Premium
C04575,Siddharth Chatterjee,Male,37,Married,Retired,667000.0,Chennai,Tamil Nadu,Mass Market
C04576,Farah Patel,Female,61,Married,Retired,711000.0,Indore,Madhya Pradesh,Mass Market
C04577,Ashok Srivastava,Male,68,Widowed,Business Owner,3225000.0,Bhopal,Madhya Pradesh,Premium
C04578,Ashwin Sharma,Male,37,Married,Retired,196000.0,Jodhpur,Rajasthan,Mass Market
C04579,Preeti Mishra,Female,29,Married,Government Employee,326000.0,Gurugram,Haryana,Mass Market
C04580,Advait Arora,Male,48,Married,Salaried,542000.0,Kolkata,West Bengal,Mass Market
C04581,Ritu Naidu,Female,25,Divorced,Government Employee,375000.0,Guwahati,Assam,Mass Market
C04582,Girish Raut,Male,43,Married,Self-Employed,1200000.0,Gurugram,Haryana,Affluent
C04583,Shalini Bhatt,Female,50,Married,Professional,1949000.0,Amritsar,Punjab,Affluent
C04584,Mohit Joshi,Male,42,Married,Salaried,997000.0,Kolkata,West Bengal,Mass Market
C04585,Manoj Dubey,Male,55,Widowed,Salaried,954000.0,Ludhiana,Punjab,Mass Market
C04586,Radha Subramaniam,Female,41,Married,Professional,2491000.0,Ludhiana,Punjab,Premium
C04587,Sonal Chopra,Female,56,Married,Salaried,1174000.0,Kochi,Kerala,Affluent
C04588,Devendra Malhotra,Male,38,Married,Retired,236000.0,Ahmedabad,Gujarat,Mass Market
C04589,Diya Iyengar,Female,48,Married,Professional,3109000.0,Madurai,Tamil Nadu,Premium
C04590,Geeta Nayak,Female,49,Widowed,Salaried,906000.0,Vijayawada,Andhra Pradesh,Mass Market
C04591,Ashwin Pandey,Male,39,Married,Salaried,1118000.0,Bhopal,Madhya Pradesh,Affluent
C04592,Pihu Subramaniam,Female,31,Married,Self-Employed,857000.0,Coimbatore,Tamil Nadu,Mass Market
C04593,Sonal Naidu,Female,38,Single,Salaried,478000.0,Mumbai,Maharashtra,Mass Market
C04594,Vandana Joshi,Female,32,Single,Salaried,955000.0,Ahmedabad,Gujarat,Mass Market
C04595,Manisha Gupta,Female,29,Single,Professional,1817000.0,Noida,Uttar Pradesh,Affluent
C04596,Saurabh Chauhan,Male,54,Single,Government Employee,666000.0,Indore,Madhya Pradesh,Mass Market
C04597,Yash Tiwari,Male,42,Married,Salaried,667000.0,Chennai,Tamil Nadu,Mass Market
C04598,Ekta Rao,Female,44,Married,Self-Employed,1955000.0,Kanpur,Uttar Pradesh,Affluent
C04599,Kunal Tiwari,Male,50,Married,Government Employee,865000.0,Vadodara,Gujarat,Mass Market
C04600,Ishita Banerjee,Female,44,Widowed,Self-Employed,1969000.0,Gurugram,Haryana,Affluent
C04601,Geeta Reddy,Female,64,Widowed,Retired,427000.0,Bhubaneswar,Odisha,Mass Market
C04602,Sunita Rana,Female,54,Married,Self-Employed,782000.0,Guwahati,Assam,Mass Market
C04603,Devendra Srivastava,Male,30,Married,Self-Employed,591000.0,Chennai,Tamil Nadu,Mass Market
C04604,Arvind Krishnan,Male,48,Married,Salaried,580000.0,Kolkata,West Bengal,Mass Market
C04605,Ramesh Bose,Male,49,Married,Self-Employed,1930000.0,Mumbai,Maharashtra,Affluent
C04606,Mohit Srivastava,Male,39,Married,Business Owner,2620000.0,Jaipur,Rajasthan,Premium
C04607,Aadhya Malhotra,Female,23,Single,Salaried,700000.0,Amritsar,Punjab,Young Professional
C04608,Ekta Nayak,Female,42,Married,Self-Employed,643000.0,Guwahati,Assam,Mass Market
C04609,Saurabh Chauhan,Male,56,Married,Salaried,1124000.0,Hyderabad,Telangana,Affluent
C04610,Kavita Bansal,Female,47,Married,Salaried,707000.0,Visakhapatnam,Andhra Pradesh,Mass Market
C04611,Ashwin Nayak,Male,21,Single,Government Employee,244000.0,Dehradun,Uttarakhand,Mass Market
C04612,Tarun Kulkarni,Male,37,Married,Salaried,1182000.0,Gurugram,Haryana,Affluent
C04613,Simran Mehta,Female,57,Married,Government Employee,1210000.0,Ranchi,Jharkhand,Affluent
C04614,Ekta Chopra,Female,57,Married,Retired,405000.0,Kanpur,Uttar Pradesh,Mass Market
C04615,Rahul Rao,Male,54,Married,Self-Employed,879000.0,Chandigarh,Chandigarh,Mass Market
C04616,Yash Sinha,Male,43,Married,Salaried,764000.0,Mumbai,Maharashtra,Mass Market
C04617,Sandeep Menon,Male,54,Married,Salaried,1525000.0,Madurai,Tamil Nadu,Affluent
C04618,Jaya Chauhan,Female,52,Married,Government Employee,828000.0,Faridabad,Haryana,Mass Market
C04619,Shaurya Das,Male,40,Married,Self-Employed,1071000.0,Hyderabad,Telangana,Affluent
C04620,Rajesh Deshmukh,Male,49,Married,Business Owner,5443000.0,Bengaluru,Karnataka,Premium
C04621,Rudra Pandey,Male,29,Single,Salaried,326000.0,Noida,Uttar Pradesh,Mass Market
C04622,Komal Banerjee,Female,26,Married,Salaried,541000.0,Hyderabad,Telangana,Young Professional
C04623,Riya Srivastava,Female,63,Divorced,Business Owner,5444000.0,Kochi,Kerala,Premium
C04624,Vihaan Chopra,Male,51,Married,Self-Employed,2420000.0,Vadodara,Gujarat,Premium
C04625,Geeta Das,Female,57,Married,Business Owner,2712000.0,Patna,Bihar,Premium
C04626,Dinesh Verma,Male,40,Married,Self-Employed,2222000.0,Agra,Uttar Pradesh,Premium
C04627,Isha Sen,Female,49,Married,Salaried,910000.0,Dehradun,Uttarakhand,Mass Market
C04628,Anil Mishra,Male,47,Divorced,Self-Employed,2059000.0,Bengaluru,Karnataka,Premium
C04629,Sonal Chatterjee,Female,45,Married,Retired,219000.0,Bengaluru,Karnataka,Mass Market
C04630,Rahul Chopra,Male,45,Married,Professional,2732000.0,Kanpur,Uttar Pradesh,Premium
C04631,Suresh Solanki,Male,24,Married,Government Employee,551000.0,Kolkata,West Bengal,Mass Market
C04632,Parth Chauhan,Male,22,Single,Salaried,221000.0,Surat,Gujarat,Mass Market
C04633,Pallavi Rana,Female,42,Divorced,Salaried,522000.0,Patna,Bihar,Mass Market
C04634,Shalini Naidu,Female,39,Married,Government Employee,698000.0,Varanasi,Uttar Pradesh,Mass Market
C04635,Rudra Gupta,Male,37,Married,Salaried,496000.0,Raipur,Chhattisgarh,Mass Market
C04636,Isha Pandey,Female,28,Single,Salaried,784000.0,Ahmedabad,Gujarat,Young Professional
C04637,Swati Bansal,Female,36,Married,Business Owner,906000.0,Bengaluru,Karnataka,Mass Market
C04638,Girish Kapoor,Male,48,Married,Self-Employed,1629000.0,Kolkata,West Bengal,Affluent
C04639,Yash Prasad,Male,49,Married,Government Employee,1112000.0,Chennai,Tamil Nadu,Affluent
C04640,Om Dubey,Male,32,Married,Salaried,808000.0,Ghaziabad,Uttar Pradesh,Mass Market
C04641,Sarita Sinha,Female,21,Single,Self-Employed,774000.0,Delhi,Delhi,Young Professional
C04642,Rahul Raut,Male,39,Married,Salaried,840000.0,Visakhapatnam,Andhra Pradesh,Mass Market
C04643,Kavita Pillai,Female,53,Married,Retired,324000.0,Kochi,Kerala,Mass Market
C04644,Sandeep Sen,Male,50,Married,Salaried,1055000.0,Nagpur,Maharashtra,Affluent
C04645,Shalini Trivedi,Female,49,Single,Professional,3850000.0,Varanasi,Uttar Pradesh,Premium
C04646,Ashwin Bhatia,Male,22,Single,Government Employee,444000.0,Hyderabad,Telangana,Mass Market
C04647,Ravi Bhatt,Male,54,Married,Business Owner,4538000.0,Gurugram,Haryana,Premium
C04648,Prakash Chandra,Male,40,Married,Salaried,860000.0,Kochi,Kerala,Mass Market
C04649,Prakash Kapoor,Male,39,Married,Business Owner,2571000.0,Kanpur,Uttar Pradesh,Premium
C04650,Aarti Naidu,Female,44,Married,Salaried,1242000.0,Bengaluru,Karnataka,Affluent
C04651,Radha Mukherjee,Female,21,Married,Salaried,520000.0,Kanpur,Uttar Pradesh,Young Professional
C04652,Bhavesh Iyer,Male,51,Married,Salaried,1052000.0,Mumbai,Maharashtra,Affluent
C04653,Dinesh Saxena,Male,29,Single,Salaried,488000.0,Delhi,Delhi,Young Professional
C04654,Chitra Mukherjee,Female,31,Married,Government Employee,595000.0,Jaipur,Rajasthan,Mass Market
C04655,Aditi Shah,Female,39,Married,Business Owner,5186000.0,Amritsar,Punjab,Premium
C04656,Kiran Verma,Female,57,Married,Salaried,1363000.0,Thane,Maharashtra,Affluent
C04657,Ajay Singh,Male,29,Married,Government Employee,453000.0,Ludhiana,Punjab,Mass Market
C04658,Radha Solanki,Female,47,Divorced,Business Owner,2617000.0,Varanasi,Uttar Pradesh,Premium
C04659,Rudra Anand,Male,31,Single,Retired,732000.0,Vijayawada,Andhra Pradesh,Mass Market
C04660,Tanvi Chopra,Female,22,Single,Business Owner,904000.0,Bhubaneswar,Odisha,Mass Market
C04661,Lavanya Prasad,Female,25,Divorced,Government Employee,369000.0,Chandigarh,Chandigarh,Mass Market
C04662,Aadhya Ghosh,Female,43,Married,Salaried,788000.0,Jodhpur,Rajasthan,Mass Market
C04663,Aakash Mishra,Male,47,Married,Salaried,1077000.0,Coimbatore,Tamil Nadu,Affluent
C04664,Ashok Rana,Male,41,Married,Self-Employed,1454000.0,Dehradun,Uttarakhand,Affluent
C04665,Pankaj Chopra,Male,50,Married,Salaried,846000.0,Noida,Uttar Pradesh,Mass Market
C04666,Mohit Banerjee,Male,53,Married,Salaried,1446000.0,Lucknow,Uttar Pradesh,Affluent
C04667,Arjun Saxena,Male,40,Married,Retired,408000.0,Guwahati,Assam,Mass Market
C04668,Rahul Aggarwal,Male,35,Married,Self-Employed,1238000.0,Mysuru,Karnataka,Affluent
C04669,Devendra Patel,Male,52,Married,Self-Employed,1767000.0,Noida,Uttar Pradesh,Affluent
C04670,Komal Sen,Female,42,Single,Salaried,1287000.0,Indore,Madhya Pradesh,Affluent
C04671,Aakash Rathore,Male,45,Married,Professional,1527000.0,Vadodara,Gujarat,Affluent
C04672,Diya Rao,Female,38,Married,Government Employee,913000.0,Amritsar,Punjab,Mass Market
C04673,Lata Agarwal,Female,37,Married,Business Owner,3553000.0,Varanasi,Uttar Pradesh,Premium
C04674,Kabir Yadav,Male,29,Single,Salaried,594000.0,Agra,Uttar Pradesh,Young Professional
C04675,Radha Arora,Female,43,Single,Business Owner,2850000.0,Delhi,Delhi,Premium
C04676,Jyoti Tiwari,Female,38,Married,Business Owner,2647000.0,Noida,Uttar Pradesh,Premium
C04677,Rekha Tiwari,Female,39,Married,Salaried,661000.0,Ranchi,Jharkhand,Mass Market
C04678,Rajesh Shah,Male,43,Married,Salaried,1216000.0,Vijayawada,Andhra Pradesh,Affluent
C04679,Ravi Iyer,Male,42,Single,Professional,2523000.0,Guwahati,Assam,Premium
C04680,Ankit Nair,Male,43,Married,Salaried,1140000.0,Pune,Maharashtra,Affluent
C04681,Arvind Arora,Male,40,Married,Salaried,722000.0,Lucknow,Uttar Pradesh,Mass Market
C04682,Nidhi Bhatt,Female,46,Married,Salaried,1323000.0,Bhubaneswar,Odisha,Affluent
C04683,Dinesh Kamble,Male,47,Married,Retired,382000.0,Indore,Madhya Pradesh,Mass Market
C04684,Chitra Bose,Female,33,Married,Salaried,1045000.0,Vijayawada,Andhra Pradesh,Affluent
C04685,Vikram Saxena,Male,34,Married,Business Owner,1596000.0,Nashik,Maharashtra,Affluent
C04686,Pihu Chopra,Female,32,Single,Salaried,630000.0,Ludhiana,Punjab,Mass Market
C04687,Puneet Iyengar,Male,42,Married,Salaried,1346000.0,Ranchi,Jharkhand,Affluent
C04688,Oindrila Bhatt,Female,40,Married,Government Employee,850000.0,Guwahati,Assam,Mass Market
C04689,Radha Subramaniam,Female,29,Married,Self-Employed,933000.0,Amritsar,Punjab,Young Professional
C04690,Preeti Prasad,Female,31,Married,Business Owner,921000.0,Dehradun,Uttarakhand,Mass Market
C04691,Aarti Das,Female,28,Married,Government Employee,559000.0,Kanpur,Uttar Pradesh,Mass Market
C04692,Tanvi Bhatt,Female,46,Married,Professional,1106000.0,Mumbai,Maharashtra,Affluent
C04693,Nikhil Srivastava,Male,50,Married,Salaried,1186000.0,Amritsar,Punjab,Affluent
C04694,Namrata Anand,Female,44,Married,Business Owner,2757000.0,Kolkata,West Bengal,Premium
C04695,Charu Yadav,Female,44,Married,Business Owner,4636000.0,Bhubaneswar,Odisha,Premium
C04696,Diya Agarwal,Female,32,Married,Professional,1725000.0,Nagpur,Maharashtra,Affluent
C04697,Manoj Agarwal,Male,40,Married,Salaried,939000.0,Thane,Maharashtra,Mass Market
C04698,Rahul Bansal,Male,61,Married,Retired,175000.0,Varanasi,Uttar Pradesh,Mass Market
C04699,Bhavesh Sinha,Male,31,Married,Professional,1041000.0,Mysuru,Karnataka,Affluent
C04700,Isha Agarwal,Female,57,Married,Salaried,1282000.0,Delhi,Delhi,Affluent
C04701,Gaurav Bhatia,Male,49,Married,Government Employee,683000.0,Bhopal,Madhya Pradesh,Mass Market
C04702,Amit Sinha,Male,26,Married,Salaried,350000.0,Gurugram,Haryana,Mass Market
C04703,Ananya Chandra,Female,58,Married,Retired,245000.0,Nashik,Maharashtra,Mass Market
C04704,Mohit Arora,Male,31,Married,Government Employee,453000.0,Vijayawada,Andhra Pradesh,Mass Market
C04705,Varun Kulkarni,Male,28,Married,Self-Employed,1202000.0,Faridabad,Haryana,Affluent
C04706,Jaya Pandey,Female,43,Married,Government Employee,1038000.0,Lucknow,Uttar Pradesh,Affluent
C04707,Geeta Thakur,Female,34,Married,Business Owner,1230000.0,Bhopal,Madhya Pradesh,Affluent
C04708,Isha Joshi,Female,32,Married,Professional,842000.0,Nagpur,Maharashtra,Mass Market
C04709,Rohan Kamble,Male,33,Single,Professional,1989000.0,Vadodara,Gujarat,Affluent
C04710,Pankaj Bhatia,Male,36,Single,Professional,2677000.0,Delhi,Delhi,Premium
C04711,Rudra Chatterjee,Male,40,Married,Salaried,910000.0,Amritsar,Punjab,Mass Market
C04712,Aryan Chatterjee,Male,40,Married,Salaried,693000.0,Vijayawada,Andhra Pradesh,Mass Market
C04713,Shaurya Kapoor,Male,32,Married,Retired,653000.0,Kanpur,Uttar Pradesh,Mass Market
C04714,Tanvi Deshmukh,Female,62,Widowed,Retired,417000.0,Pune,Maharashtra,Mass Market
C04715,Naveen Rana,Male,40,Married,Salaried,967000.0,Lucknow,Uttar Pradesh,Mass Market
C04716,Aarav Chandra,Male,45,Widowed,Professional,1557000.0,Ahmedabad,Gujarat,Affluent
C04717,Bhavesh Deshmukh,Male,38,Married,Government Employee,783000.0,Bengaluru,Karnataka,Mass Market
C04718,Advait Deshmukh,Male,37,Widowed,Salaried,1192000.0,Raipur,Chhattisgarh,Affluent
C04719,Anjali Pillai,Female,41,Single,Salaried,460000.0,Chandigarh,Chandigarh,Mass Market
C04720,Sandeep Jadhav,Male,40,Married,Government Employee,857000.0,Bhubaneswar,Odisha,Mass Market
C04721,Rajesh Desai,Male,39,Married,Salaried,637000.0,Ranchi,Jharkhand,Mass Market
C04722,Diya Rathore,Female,46,Married,Self-Employed,1516000.0,Vijayawada,Andhra Pradesh,Affluent
C04723,Neha Das,Female,48,Divorced,Self-Employed,2420000.0,Gurugram,Haryana,Premium
C04724,Reyansh Pandey,Male,36,Single,Government Employee,896000.0,Guwahati,Assam,Mass Market
C04725,Aryan Chauhan,Male,28,Married,Professional,990000.0,Guwahati,Assam,Young Professional
C04726,Sunita Rao,Female,48,Married,Salaried,1025000.0,Pune,Maharashtra,Affluent
C04727,Kavita Solanki,Female,47,Married,Salaried,1057000.0,Visakhapatnam,Andhra Pradesh,Affluent
C04728,Rajiv Yadav,Male,21,Married,Government Employee,286000.0,Lucknow,Uttar Pradesh,Mass Market
C04729,Deepak Naidu,Male,21,Single,Salaried,369000.0,Coimbatore,Tamil Nadu,Mass Market
C04730,Kartik Iyer,Male,53,Divorced,Government Employee,573000.0,Bhopal,Madhya Pradesh,Mass Market
C04731,Meera Ghosh,Female,26,Married,Salaried,565000.0,Visakhapatnam,Andhra Pradesh,Young Professional
C04732,Rudra Kamble,Male,40,Married,Business Owner,1962000.0,Ahmedabad,Gujarat,Affluent
C04733,Shalini Bhatt,Female,25,Married,Self-Employed,357000.0,Noida,Uttar Pradesh,Mass Market
C04734,Riya Das,Female,31,Married,Business Owner,2359000.0,Visakhapatnam,Andhra Pradesh,Premium
C04735,Tarun Pillai,Male,56,Married,Salaried,1540000.0,Dehradun,Uttarakhand,Affluent
C04736,Sandeep Bhatia,Male,32,Married,Salaried,612000.0,Dehradun,Uttarakhand,Mass Market
C04737,Arjun Bhatt,Male,36,Married,Professional,2098000.0,Patna,Bihar,Premium
C04738,Deepak Khanna,Male,46,Married,Salaried,974000.0,Jaipur,Rajasthan,Mass Market
C04739,Vihaan Iyengar,Male,32,Single,Salaried,692000.0,Vadodara,Gujarat,Mass Market
C04740,Simran Desai,Female,33,Married,Salaried,466000.0,Nashik,Maharashtra,Mass Market
C04741,Rachna Sinha,Female,47,Married,Salaried,1527000.0,Vadodara,Gujarat,Affluent
C04742,Kunal Thakur,Male,38,Married,Business Owner,4450000.0,Lucknow,Uttar Pradesh,Premium
C04743,Ankit Rao,Male,54,Married,Salaried,973000.0,Dehradun,Uttarakhand,Mass Market
C04744,Deepak Bansal,Male,70,Married,Business Owner,2069000.0,Jaipur,Rajasthan,Premium
C04745,Mohit Banerjee,Male,30,Married,Salaried,665000.0,Vadodara,Gujarat,Mass Market
C04746,Diya Kulkarni,Female,52,Married,Business Owner,6195000.0,Thane,Maharashtra,Premium
C04747,Saurabh Rao,Male,38,Married,Business Owner,1425000.0,Indore,Madhya Pradesh,Affluent
C04748,Vivaan Banerjee,Male,42,Married,Business Owner,6360000.0,Madurai,Tamil Nadu,Premium
C04749,Arvind Thakur,Male,45,Married,Government Employee,909000.0,Nashik,Maharashtra,Mass Market
C04750,Lata Mishra,Female,35,Married,Retired,539000.0,Varanasi,Uttar Pradesh,Mass Market
C04751,Pihu Bose,Female,41,Married,Retired,302000.0,Surat,Gujarat,Mass Market
C04752,Ashwin Tiwari,Male,40,Married,Self-Employed,680000.0,Raipur,Chhattisgarh,Mass Market
C04753,Lata Deshmukh,Female,41,Married,Salaried,1343000.0,Noida,Uttar Pradesh,Affluent
C04754,Kartik Nair,Male,60,Married,Business Owner,3232000.0,Raipur,Chhattisgarh,Premium
C04755,Shweta Sharma,Female,31,Married,Business Owner,4534000.0,Gurugram,Haryana,Premium
C04756,Yash Iyengar,Male,51,Married,Self-Employed,1048000.0,Ahmedabad,Gujarat,Affluent
C04757,Sneha Iyengar,Female,42,Married,Professional,2896000.0,Ghaziabad,Uttar Pradesh,Premium
C04758,Prakash Bansal,Male,33,Married,Professional,2620000.0,Surat,Gujarat,Premium
C04759,Abhishek Mishra,Male,30,Single,Professional,1870000.0,Pune,Maharashtra,Affluent
C04760,Jaya Bhatia,Female,62,Divorced,Professional,2861000.0,Noida,Uttar Pradesh,Premium
C04761,Vijay Chandra,Male,38,Divorced,Government Employee,407000.0,Mumbai,Maharashtra,Mass Market
C04762,Simran Saxena,Female,34,Married,Salaried,623000.0,Nagpur,Maharashtra,Mass Market
C04763,Arvind Aggarwal,Male,51,Married,Self-Employed,1163000.0,Bengaluru,Karnataka,Affluent
C04764,Tarun Kapoor,Male,21,Married,Salaried,650000.0,Kolkata,West Bengal,Young Professional
C04765,Rakesh Arora,Male,42,Married,Government Employee,505000.0,Ahmedabad,Gujarat,Mass Market
C04766,Rahul Krishnan,Male,54,Married,Salaried,644000.0,Ranchi,Jharkhand,Mass Market
C04767,Dhruv Bhatia,Male,34,Married,Professional,1251000.0,Hyderabad,Telangana,Affluent
C04768,Naveen Chatterjee,Male,50,Married,Salaried,637000.0,Raipur,Chhattisgarh,Mass Market
C04769,Sarita Trivedi,Female,40,Married,Salaried,569000.0,Visakhapatnam,Andhra Pradesh,Mass Market
C04770,Vandana Trivedi,Female,49,Widowed,Professional,2468000.0,Bhopal,Madhya Pradesh,Premium
C04771,Geeta Gupta,Female,39,Married,Government Employee,748000.0,Amritsar,Punjab,Mass Market
C04772,Bhavna Arora,Female,30,Married,Salaried,858000.0,Vijayawada,Andhra Pradesh,Mass Market
C04773,Amit Chandra,Male,54,Married,Self-Employed,1167000.0,Patna,Bihar,Affluent
C04774,Pooja Kamble,Female,28,Married,Salaried,402000.0,Nagpur,Maharashtra,Young Professional
C04775,Saurabh Kumar,Male,65,Married,Retired,389000.0,Jaipur,Rajasthan,Mass Market
C04776,Vandana Chatterjee,Female,46,Married,Salaried,891000.0,Indore,Madhya Pradesh,Mass Market
C04777,Mahima Rana,Female,60,Married,Professional,2556000.0,Madurai,Tamil Nadu,Premium
C04778,Krishna Bose,Male,34,Married,Business Owner,3329000.0,Kolkata,West Bengal,Premium
C04779,Abhishek Thakur,Male,41,Married,Government Employee,861000.0,Ahmedabad,Gujarat,Mass Market
C04780,Aryan Patel,Male,44,Divorced,Salaried,1173000.0,Pune,Maharashtra,Affluent
C04781,Abhishek Shah,Male,51,Married,Salaried,1540000.0,Gurugram,Haryana,Affluent
C04782,Ritu Bansal,Female,52,Married,Salaried,1393000.0,Ranchi,Jharkhand,Affluent
C04783,Usha Bhatia,Female,48,Married,Salaried,897000.0,Noida,Uttar Pradesh,Mass Market
C04784,Farah Deshmukh,Female,42,Married,Salaried,1378000.0,Mumbai,Maharashtra,Affluent
C04785,Aryan Nayak,Male,29,Married,Salaried,647000.0,Pune,Maharashtra,Young Professional
C04786,Rudra Sharma,Male,23,Married,Self-Employed,808000.0,Nagpur,Maharashtra,Young Professional
C04787,Bhavesh Bansal,Male,26,Single,Salaried,681000.0,Visakhapatnam,Andhra Pradesh,Young Professional
C04788,Parth Aggarwal,Male,55,Single,Retired,305000.0,Patna,Bihar,Mass Market
C04789,Tanvi Kapoor,Female,53,Married,Self-Employed,1426000.0,Kanpur,Uttar Pradesh,Affluent
C04790,Radha Sinha,Female,33,Married,Retired,480000.0,Gurugram,Haryana,Mass Market
C04791,Aparna Deshmukh,Female,46,Married,Salaried,800000.0,Ghaziabad,Uttar Pradesh,Mass Market
C04792,Naveen Ghosh,Male,36,Married,Self-Employed,378000.0,Ranchi,Jharkhand,Mass Market
C04793,Pihu Sen,Female,35,Married,Self-Employed,974000.0,Patna,Bihar,Mass Market
C04794,Anil Bhatt,Male,37,Married,Government Employee,554000.0,Dehradun,Uttarakhand,Mass Market
C04795,Nakul Sharma,Male,37,Married,Government Employee,810000.0,Kanpur,Uttar Pradesh,Mass Market
C04796,Lavanya Malhotra,Female,45,Married,Salaried,1055000.0,Ludhiana,Punjab,Affluent
C04797,Geeta Singh,Female,64,Married,Self-Employed,2031000.0,Lucknow,Uttar Pradesh,Premium
C04798,Usha Shah,Female,42,Widowed,Retired,354000.0,Kochi,Kerala,Mass Market
C04799,Yash Aggarwal,Male,45,Married,Professional,2213000.0,Dehradun,Uttarakhand,Premium
C04800,Sarita Menon,Female,27,Married,Salaried,854000.0,Ranchi,Jharkhand,Young Professional
C04801,Vijay Iyer,Male,40,Married,Business Owner,4239000.0,Kolkata,West Bengal,Premium
C04802,Pihu Sen,Female,52,Married,Retired,293000.0,Ghaziabad,Uttar Pradesh,Mass Market
C04803,Lavanya Shah,Female,36,Married,Government Employee,675000.0,Ludhiana,Punjab,Mass Market
C04804,Sneha Bhatia,Female,53,Married,Self-Employed,2420000.0,Ghaziabad,Uttar Pradesh,Premium
C04805,Sameer Reddy,Male,37,Married,Salaried,438000.0,Surat,Gujarat,Mass Market
C04806,Puneet Pillai,Male,42,Married,Business Owner,3096000.0,Nagpur,Maharashtra,Premium
C04807,Ramesh Agarwal,Male,45,Married,Business Owner,2832000.0,Lucknow,Uttar Pradesh,Premium
C04808,Isha Khanna,Female,26,Single,Retired,555000.0,Lucknow,Uttar Pradesh,Mass Market
C04809,Dinesh Nayak,Male,21,Single,Government Employee,270000.0,Gurugram,Haryana,Mass Market
C04810,Vijay Prasad,Male,38,Married,Professional,1909000.0,Patna,Bihar,Affluent
C04811,Lavanya Prasad,Female,31,Single,Business Owner,2097000.0,Visakhapatnam,Andhra Pradesh,Premium
C04812,Komal Rao,Female,61,Married,Retired,655000.0,Ghaziabad,Uttar Pradesh,Mass Market
C04813,Tarun Solanki,Male,29,Married,Professional,1440000.0,Ghaziabad,Uttar Pradesh,Affluent
C04814,Aakash Rathore,Male,40,Married,Salaried,468000.0,Agra,Uttar Pradesh,Mass Market
C04815,Om Bhatia,Male,33,Single,Retired,537000.0,Ghaziabad,Uttar Pradesh,Mass Market
C04816,Charu Sharma,Female,55,Married,Self-Employed,1018000.0,Guwahati,Assam,Affluent
C04817,Ishaan Yadav,Male,32,Married,Salaried,1070000.0,Guwahati,Assam,Affluent
C04818,Deepa Rana,Female,41,Married,Salaried,714000.0,Agra,Uttar Pradesh,Mass Market
C04819,Ananya Subramaniam,Female,37,Married,Self-Employed,1190000.0,Patna,Bihar,Affluent
C04820,Pankaj Saxena,Male,34,Married,Self-Employed,1009000.0,Nagpur,Maharashtra,Affluent
C04821,Sapna Raut,Female,39,Married,Business Owner,3630000.0,Visakhapatnam,Andhra Pradesh,Premium
C04822,Diya Bose,Female,24,Single,Government Employee,250000.0,Nashik,Maharashtra,Mass Market
C04823,Girish Bose,Male,53,Widowed,Business Owner,3918000.0,Kochi,Kerala,Premium
C04824,Abhishek Krishnan,Male,67,Married,Retired,516000.0,Jodhpur,Rajasthan,Mass Market
C04825,Pihu Rathore,Female,50,Married,Salaried,1223000.0,Indore,Madhya Pradesh,Affluent
C04826,Vikram Singh,Male,26,Married,Business Owner,2084000.0,Patna,Bihar,Premium
C04827,Ramesh Bose,Male,23,Married,Business Owner,1195000.0,Bhopal,Madhya Pradesh,Affluent
C04828,Advait Sinha,Male,57,Married,Salaried,835000.0,Gurugram,Haryana,Mass Market
C04829,Mohit Trivedi,Male,40,Married,Business Owner,3018000.0,Bengaluru,Karnataka,Premium
C04830,Shalini Mukherjee,Female,45,Widowed,Government Employee,622000.0,Noida,Uttar Pradesh,Mass Market
C04831,Shweta Kumar,Female,38,Married,Self-Employed,992000.0,Vijayawada,Andhra Pradesh,Mass Market
C04832,Neha Aggarwal,Female,21,Single,Business Owner,1076000.0,Kolkata,West Bengal,Affluent
C04833,Chitra Chopra,Female,48,Married,Salaried,1110000.0,Coimbatore,Tamil Nadu,Affluent
C04834,Harleen Prasad,Female,22,Single,Salaried,529000.0,Nashik,Maharashtra,Young Professional
C04835,Anil Thakur,Male,42,Married,Salaried,1039000.0,Vadodara,Gujarat,Affluent
C04836,Karan Bose,Male,62,Widowed,Retired,400000.0,Jaipur,Rajasthan,Mass Market
C04837,Nisha Deshmukh,Female,22,Single,Self-Employed,402000.0,Bhubaneswar,Odisha,Young Professional
C04838,Saurabh Bhatia,Male,30,Married,Retired,478000.0,Surat,Gujarat,Mass Market
C04839,Amit Rathore,Male,44,Married,Salaried,1332000.0,Nagpur,Maharashtra,Affluent
C04840,Isha Bhatia,Female,32,Single,Government Employee,466000.0,Bhopal,Madhya Pradesh,Mass Market
C04841,Sandeep Arora,Male,46,Single,Salaried,796000.0,Ranchi,Jharkhand,Mass Market
C04842,Ankit Trivedi,Male,30,Married,Business Owner,3658000.0,Raipur,Chhattisgarh,Premium
C04843,Deepa Nayak,Female,25,Divorced,Government Employee,470000.0,Delhi,Delhi,Mass Market
C04844,Aakash Kulkarni,Male,70,Married,Professional,1635000.0,Ahmedabad,Gujarat,Affluent
C04845,Dhruv Chandra,Male,21,Single,Professional,561000.0,Nashik,Maharashtra,Young Professional
C04846,Sarita Bose,Female,38,Married,Self-Employed,1268000.0,Indore,Madhya Pradesh,Affluent
C04847,Vijay Rana,Male,45,Married,Government Employee,709000.0,Amritsar,Punjab,Mass Market
C04848,Tanvi Menon,Female,36,Widowed,Self-Employed,1048000.0,Nashik,Maharashtra,Affluent
C04849,Vidya Bansal,Female,33,Single,Salaried,817000.0,Visakhapatnam,Andhra Pradesh,Mass Market
C04850,Manoj Mehta,Male,55,Married,Retired,730000.0,Delhi,Delhi,Mass Market
C04851,Ekta Dubey,Female,41,Married,Business Owner,2827000.0,Bhubaneswar,Odisha,Premium
C04852,Priya Raut,Female,36,Married,Salaried,1059000.0,Noida,Uttar Pradesh,Affluent
C04853,Ishaan Naidu,Male,40,Married,Salaried,893000.0,Raipur,Chhattisgarh,Mass Market
C04854,Ashwin Verma,Male,50,Married,Professional,3655000.0,Faridabad,Haryana,Premium
C04855,Farah Gupta,Female,34,Divorced,Salaried,810000.0,Mysuru,Karnataka,Mass Market
C04856,Isha Pillai,Female,37,Single,Salaried,563000.0,Faridabad,Haryana,Mass Market
C04857,Nandini Das,Female,45,Married,Professional,2252000.0,Ranchi,Jharkhand,Premium
C04858,Tanvi Aggarwal,Female,35,Married,Salaried,1006000.0,Mysuru,Karnataka,Affluent
C04859,Karan Bhatia,Male,41,Married,Salaried,1163000.0,Ahmedabad,Gujarat,Affluent
C04860,Anil Chopra,Male,24,Married,Professional,747000.0,Chennai,Tamil Nadu,Young Professional
C04861,Amit Bhatia,Male,42,Married,Salaried,1236000.0,Lucknow,Uttar Pradesh,Affluent
C04862,Varun Bhatt,Male,36,Married,Salaried,835000.0,Amritsar,Punjab,Mass Market
C04863,Kabir Subramaniam,Male,38,Married,Self-Employed,1722000.0,Ahmedabad,Gujarat,Affluent
C04864,Kajal Rathore,Female,32,Married,Self-Employed,1121000.0,Patna,Bihar,Affluent
C04865,Tarun Singh,Male,33,Married,Salaried,870000.0,Surat,Gujarat,Mass Market
C04866,Yash Rana,Male,33,Married,Government Employee,466000.0,Kanpur,Uttar Pradesh,Mass Market
C04867,Farah Jadhav,Female,21,Single,Business Owner,2187000.0,Raipur,Chhattisgarh,Premium
C04868,Arvind Bhatia,Male,22,Single,Salaried,417000.0,Delhi,Delhi,Young Professional
C04869,Aarav Agarwal,Male,35,Married,Government Employee,371000.0,Vadodara,Gujarat,Mass Market
C04870,Aditya Sharma,Male,42,Married,Business Owner,1297000.0,Chandigarh,Chandigarh,Affluent
C04871,Isha Chauhan,Female,39,Married,Self-Employed,1587000.0,Thane,Maharashtra,Affluent
C04872,Aparna Kulkarni,Female,46,Widowed,Salaried,1193000.0,Surat,Gujarat,Affluent
C04873,Isha Chopra,Female,42,Married,Salaried,829000.0,Thane,Maharashtra,Mass Market
C04874,Abhishek Nayak,Male,49,Married,Salaried,1184000.0,Amritsar,Punjab,Affluent
C04875,Sunil Kamble,Male,30,Single,Salaried,733000.0,Mysuru,Karnataka,Mass Market
C04876,Nisha Menon,Female,45,Married,Salaried,663000.0,Mysuru,Karnataka,Mass Market
C04877,Sneha Sen,Female,49,Married,Self-Employed,1097000.0,Surat,Gujarat,Affluent
C04878,Sanjay Verma,Male,49,Single,Salaried,1114000.0,Kanpur,Uttar Pradesh,Affluent
C04879,Kavya Nayak,Female,43,Married,Professional,2611000.0,Ranchi,Jharkhand,Premium
C04880,Devendra Singh,Male,32,Single,Government Employee,517000.0,Jaipur,Rajasthan,Mass Market
C04881,Aditi Prasad,Female,43,Married,Business Owner,3695000.0,Ludhiana,Punjab,Premium
C04882,Sneha Menon,Female,21,Married,Self-Employed,375000.0,Thane,Maharashtra,Mass Market
C04883,Ramesh Chauhan,Male,41,Single,Self-Employed,1576000.0,Ghaziabad,Uttar Pradesh,Affluent
C04884,Vandana Prasad,Female,21,Single,Salaried,463000.0,Patna,Bihar,Young Professional
C04885,Sunil Verma,Male,21,Single,Government Employee,180000.0,Indore,Madhya Pradesh,Mass Market
C04886,Harleen Mehta,Female,44,Married,Government Employee,1020000.0,Jaipur,Rajasthan,Affluent
C04887,Diya Rathore,Female,27,Single,Self-Employed,797000.0,Chandigarh,Chandigarh,Young Professional
C04888,Girish Kumar,Male,32,Married,Salaried,959000.0,Indore,Madhya Pradesh,Mass Market
C04889,Harleen Dubey,Female,51,Married,Salaried,1540000.0,Dehradun,Uttarakhand,Affluent
C04890,Pankaj Nayak,Male,32,Married,Salaried,550000.0,Nagpur,Maharashtra,Mass Market
C04891,Rajesh Patel,Male,36,Married,Salaried,615000.0,Chandigarh,Chandigarh,Mass Market
C04892,Rajesh Reddy,Male,34,Married,Salaried,543000.0,Kanpur,Uttar Pradesh,Mass Market
C04893,Rajesh Sinha,Male,49,Married,Salaried,1540000.0,Indore,Madhya Pradesh,Affluent
C04894,Nidhi Chandra,Female,48,Married,Self-Employed,1266000.0,Noida,Uttar Pradesh,Affluent
C04895,Dinesh Menon,Male,35,Married,Professional,1274000.0,Ludhiana,Punjab,Affluent
C04896,Shreya Krishnan,Female,41,Married,Business Owner,2823000.0,Indore,Madhya Pradesh,Premium
C04897,Simran Thakur,Female,40,Divorced,Salaried,615000.0,Faridabad,Haryana,Mass Market
C04898,Kavita Sinha,Female,39,Divorced,Business Owner,1835000.0,Visakhapatnam,Andhra Pradesh,Affluent
C04899,Aditya Sharma,Male,39,Married,Self-Employed,857000.0,Amritsar,Punjab,Mass Market
C04900,Charu Dubey,Female,27,Married,Government Employee,283000.0,Chandigarh,Chandigarh,Mass Market
C04901,Nidhi Pandey,Female,53,Married,Salaried,1299000.0,Kolkata,West Bengal,Affluent
C04902,Pooja Chauhan,Female,29,Married,Salaried,561000.0,Ghaziabad,Uttar Pradesh,Young Professional
C04903,Vandana Trivedi,Female,35,Divorced,Self-Employed,1757000.0,Ghaziabad,Uttar Pradesh,Affluent
C04904,Namrata Jadhav,Female,45,Married,Salaried,1096000.0,Chennai,Tamil Nadu,Affluent
C04905,Aditya Sinha,Male,24,Single,Salaried,269000.0,Gurugram,Haryana,Mass Market
C04906,Sameer Gupta,Male,52,Divorced,Business Owner,2349000.0,Patna,Bihar,Premium
C04907,Naveen Nair,Male,23,Single,Salaried,368000.0,Surat,Gujarat,Mass Market
C04908,Vivaan Joshi,Male,41,Married,Professional,1228000.0,Mysuru,Karnataka,Affluent
C04909,Nisha Joshi,Female,50,Married,Salaried,581000.0,Raipur,Chhattisgarh,Mass Market
C04910,Ishita Kumar,Female,35,Married,Business Owner,2268000.0,Gurugram,Haryana,Premium
C04911,Pankaj Deshmukh,Male,60,Widowed,Professional,3316000.0,Vijayawada,Andhra Pradesh,Premium
C04912,Ashwin Agarwal,Male,43,Divorced,Retired,449000.0,Vadodara,Gujarat,Mass Market
C04913,Ramesh Yadav,Male,55,Single,Business Owner,5967000.0,Bhubaneswar,Odisha,Premium
C04914,Nikhil Prasad,Male,30,Married,Self-Employed,507000.0,Kanpur,Uttar Pradesh,Mass Market
C04915,Nisha Chandra,Female,40,Married,Self-Employed,1260000.0,Raipur,Chhattisgarh,Affluent
C04916,Rajiv Jadhav,Male,57,Married,Business Owner,5866000.0,Kanpur,Uttar Pradesh,Premium
C04917,Ramesh Verma,Male,27,Single,Self-Employed,716000.0,Pune,Maharashtra,Young Professional
C04918,Pankaj Sen,Male,54,Single,Professional,3548000.0,Noida,Uttar Pradesh,Premium
C04919,Ashwin Naidu,Male,49,Married,Professional,2392000.0,Guwahati,Assam,Premium
C04920,Sameer Verma,Male,27,Single,Salaried,367000.0,Visakhapatnam,Andhra Pradesh,Mass Market
C04921,Tarun Verma,Male,39,Married,Self-Employed,1819000.0,Delhi,Delhi,Affluent
C04922,Ishita Chandra,Female,38,Divorced,Salaried,890000.0,Gurugram,Haryana,Mass Market
C04923,Bhavesh Gupta,Male,38,Married,Business Owner,1663000.0,Surat,Gujarat,Affluent
C04924,Girish Bhatt,Male,38,Married,Salaried,1117000.0,Ranchi,Jharkhand,Affluent
C04925,Lata Reddy,Female,29,Married,Business Owner,2063000.0,Vijayawada,Andhra Pradesh,Premium
C04926,Aadhya Mishra,Female,25,Divorced,Business Owner,3109000.0,Kolkata,West Bengal,Premium
C04927,Shreya Yadav,Female,26,Single,Salaried,585000.0,Thane,Maharashtra,Young Professional
C04928,Kavita Thakur,Female,46,Married,Salaried,698000.0,Ahmedabad,Gujarat,Mass Market
C04929,Dinesh Kulkarni,Male,30,Married,Professional,731000.0,Amritsar,Punjab,Mass Market
C04930,Harleen Joshi,Female,46,Widowed,Salaried,1151000.0,Ranchi,Jharkhand,Affluent
C04931,Aarav Sen,Male,44,Married,Business Owner,2370000.0,Vijayawada,Andhra Pradesh,Premium
C04932,Advait Kamble,Male,47,Married,Salaried,882000.0,Gurugram,Haryana,Mass Market
C04933,Suresh Bose,Male,49,Married,Professional,1908000.0,Visakhapatnam,Andhra Pradesh,Affluent
C04934,Rajiv Agarwal,Male,27,Single,Salaried,439000.0,Ranchi,Jharkhand,Young Professional
C04935,Mahima Malhotra,Female,50,Married,Self-Employed,1817000.0,Kolkata,West Bengal,Affluent
C04936,Abhishek Joshi,Male,47,Married,Salaried,990000.0,Mysuru,Karnataka,Mass Market
C04937,Rekha Krishnan,Female,61,Married,Business Owner,5194000.0,Thane,Maharashtra,Premium
C04938,Ajay Saxena,Male,23,Single,Government Employee,399000.0,Surat,Gujarat,Mass Market
C04939,Meera Desai,Female,58,Married,Business Owner,5425000.0,Chennai,Tamil Nadu,Premium
C04940,Vishal Jadhav,Male,33,Divorced,Government Employee,586000.0,Guwahati,Assam,Mass Market
C04941,Vikram Chatterjee,Male,35,Divorced,Self-Employed,1276000.0,Varanasi,Uttar Pradesh,Affluent
C04942,Vidya Nair,Female,37,Married,Salaried,1033000.0,Thane,Maharashtra,Affluent
C04943,Tarun Desai,Male,31,Married,Business Owner,2290000.0,Ghaziabad,Uttar Pradesh,Premium
C04944,Bhavna Bhatt,Female,26,Married,Salaried,716000.0,Amritsar,Punjab,Young Professional
C04945,Isha Chauhan,Female,40,Married,Salaried,564000.0,Jaipur,Rajasthan,Mass Market
C04946,Deepak Anand,Male,49,Divorced,Salaried,1472000.0,Nashik,Maharashtra,Affluent
C04947,Mohit Aggarwal,Male,37,Married,Self-Employed,923000.0,Bengaluru,Karnataka,Mass Market
C04948,Rani Nair,Female,55,Married,Government Employee,814000.0,Hyderabad,Telangana,Mass Market
C04949,Swati Aggarwal,Female,37,Widowed,Self-Employed,856000.0,Mumbai,Maharashtra,Mass Market
C04950,Harish Reddy,Male,34,Married,Self-Employed,666000.0,Bengaluru,Karnataka,Mass Market
C04951,Isha Sharma,Female,54,Divorced,Government Employee,1064000.0,Guwahati,Assam,Affluent
C04952,Kartik Thakur,Male,52,Married,Salaried,901000.0,Mysuru,Karnataka,Mass Market
C04953,Manisha Aggarwal,Female,39,Married,Salaried,744000.0,Agra,Uttar Pradesh,Mass Market
C04954,Arvind Rathore,Male,42,Married,Self-Employed,681000.0,Mysuru,Karnataka,Mass Market
C04955,Jaya Agarwal,Female,38,Married,Salaried,755000.0,Indore,Madhya Pradesh,Mass Market
C04956,Aryan Mehta,Male,27,Married,Self-Employed,1030000.0,Visakhapatnam,Andhra Pradesh,Affluent
C04957,Yash Ghosh,Male,46,Divorced,Salaried,918000.0,Patna,Bihar,Mass Market
C04958,Vidya Ghosh,Female,48,Married,Self-Employed,2083000.0,Kanpur,Uttar Pradesh,Premium
C04959,Jaya Saxena,Female,46,Single,Salaried,578000.0,Noida,Uttar Pradesh,Mass Market
C04960,Riya Bhatt,Female,47,Married,Self-Employed,753000.0,Kolkata,West Bengal,Mass Market
C04961,Aparna Singh,Female,40,Married,Salaried,616000.0,Raipur,Chhattisgarh,Mass Market
C04962,Ekta Jain,Female,49,Married,Professional,3657000.0,Nashik,Maharashtra,Premium
C04963,Rekha Shah,Female,40,Married,Self-Employed,597000.0,Delhi,Delhi,Mass Market
C04964,Jaya Raut,Female,32,Divorced,Retired,463000.0,Thane,Maharashtra,Mass Market
C04965,Anita Arora,Female,56,Married,Government Employee,1210000.0,Pune,Maharashtra,Affluent
C04966,Suresh Deshmukh,Male,49,Married,Professional,1760000.0,Vadodara,Gujarat,Affluent
C04967,Rachna Rathore,Female,39,Married,Business Owner,2927000.0,Agra,Uttar Pradesh,Premium
C04968,Rahul Deshmukh,Male,25,Married,Retired,540000.0,Kochi,Kerala,Mass Market
C04969,Siddharth Dubey,Male,32,Single,Professional,1366000.0,Faridabad,Haryana,Affluent
C04970,Manisha Rao,Female,59,Married,Business Owner,5674000.0,Faridabad,Haryana,Premium
C04971,Aditya Menon,Male,38,Married,Professional,2389000.0,Thane,Maharashtra,Premium
C04972,Nisha Bhatia,Female,26,Married,Salaried,451000.0,Agra,Uttar Pradesh,Young Professional
C04973,Priya Krishnan,Female,48,Divorced,Salaried,813000.0,Raipur,Chhattisgarh,Mass Market
C04974,Rajiv Chopra,Male,36,Married,Business Owner,1463000.0,Ranchi,Jharkhand,Affluent
C04975,Lata Pandey,Female,46,Widowed,Self-Employed,1731000.0,Thane,Maharashtra,Affluent
C04976,Meera Srivastava,Female,37,Married,Salaried,666000.0,Lucknow,Uttar Pradesh,Mass Market
C04977,Kiran Raut,Female,49,Married,Retired,277000.0,Lucknow,Uttar Pradesh,Mass Market
C04978,Om Kulkarni,Male,34,Single,Salaried,485000.0,Surat,Gujarat,Mass Market
C04979,Prakash Kumar,Male,49,Married,Salaried,758000.0,Nagpur,Maharashtra,Mass Market
C04980,Sapna Tiwari,Female,47,Married,Government Employee,985000.0,Guwahati,Assam,Mass Market
C04981,Charu Kamble,Female,25,Married,Professional,1175000.0,Raipur,Chhattisgarh,Affluent
C04982,Kajal Bose,Female,39,Married,Salaried,866000.0,Gurugram,Haryana,Mass Market
C04983,Usha Sharma,Female,22,Single,Salaried,560000.0,Jaipur,Rajasthan,Young Professional
C04984,Mahesh Desai,Male,61,Married,Business Owner,5749000.0,Ahmedabad,Gujarat,Premium
C04985,Rachna Iyer,Female,21,Married,Self-Employed,778000.0,Jodhpur,Rajasthan,Young Professional
C04986,Rohan Kumar,Male,39,Divorced,Retired,207000.0,Varanasi,Uttar Pradesh,Mass Market
C04987,Manoj Rao,Male,43,Married,Business Owner,2171000.0,Bhubaneswar,Odisha,Premium
C04988,Preeti Bhatt,Female,49,Married,Retired,224000.0,Gurugram,Haryana,Mass Market
C04989,Puneet Pillai,Male,24,Married,Salaried,334000.0,Bhopal,Madhya Pradesh,Mass Market
C04990,Dinesh Dubey,Male,28,Divorced,Salaried,676000.0,Lucknow,Uttar Pradesh,Young Professional
C04991,Varun Chatterjee,Male,42,Married,Government Employee,696000.0,Madurai,Tamil Nadu,Mass Market
C04992,Karan Iyengar,Male,47,Married,Business Owner,1534000.0,Agra,Uttar Pradesh,Affluent
C04993,Deepa Kamble,Female,42,Married,Salaried,1374000.0,Patna,Bihar,Affluent
C04994,Anita Solanki,Female,30,Single,Retired,482000.0,Guwahati,Assam,Mass Market
C04995,Ashok Iyer,Male,49,Married,Government Employee,742000.0,Madurai,Tamil Nadu,Mass Market
C04996,Deepak Srivastava,Male,39,Widowed,Self-Employed,2030000.0,Dehradun,Uttarakhand,Premium
C04997,Sameer Sharma,Male,37,Married,Business Owner,1561000.0,Patna,Bihar,Affluent
C04998,Rachna Khanna,Female,31,Divorced,Salaried,599000.0,Pune,Maharashtra,Mass Market
C04999,Lavanya Iyengar,Female,33,Divorced,Salaried,596000.0,Kolkata,West Bengal,Mass Market
C05000,Usha Subramaniam,Female,51,Married,Salaried,833000.0,Dehradun,Uttarakhand,Mass Market
