Policy_ID,Customer_ID,Policy_Type,Policy_Start_Date,Policy_End_Date,Premium_Amount,Sum_Assured,Payment_Frequency,Policy_Status,Policy_Term_Years,Risk_Category,Agent_ID,Acquisition_Channel
POL000001,C04880,Health,2024-08-18,2025-08-18,56360.0,1500000.0,Monthly,Expired,1,Low,A0081,Agent
POL000002,C04234,Motor,2025-08-04,2026-08-04,17960.0,513200.0,Annually,Active,1,Medium,A0008,Agent
POL000003,C00229,Life,2024-11-10,2039-11-10,106520.0,7149000.0,Annually,Active,15,Medium,A0089,Agent
POL000004,C01425,Motor,2023-08-16,2024-08-15,13020.0,437600.0,Monthly,Expired,1,Low,A0074,Online
POL000005,C00717,Motor,2024-12-10,2025-12-10,31880.0,911000.0,Annually,Expired,1,Medium,A0047,Online
POL000006,C04861,Motor,2025-09-21,2026-09-21,62450.0,1784200.0,Monthly,Lapsed,1,Medium,A0037,Agent
POL000007,C02315,Home,2023-07-17,2028-07-17,6660.0,3559300.0,Annually,Active,5,Low,A0068,Online
POL000008,C02611,Health,2025-02-27,2026-02-27,46240.0,1000000.0,Annually,Active,1,Low,A0027,Corporate
POL000009,C04889,Health,2024-04-28,2027-04-28,41700.0,750000.0,Quarterly,Active,3,Medium,A0035,Online
POL000010,C04813,Home,2024-10-14,2034-10-14,12710.0,6794400.0,Annually,Lapsed,10,Low,A0066,Agent
POL000011,C00120,Life,2023-08-02,2053-08-02,139920.0,8109000.0,Annually,Lapsed,30,Low,A0071,Online
POL000012,C03825,Home,2023-11-08,2033-11-08,13500.0,7220900.0,Annually,Active,10,Low,A0095,Online
POL000013,C03008,Motor,2025-04-23,2026-04-23,19940.0,569700.0,Annually,Active,1,Medium,A0047,Bancassurance
POL000014,C02901,Life,2024-11-11,2034-11-11,53650.0,3063900.0,Monthly,Active,10,Low,A0039,Agent
POL000015,C03769,Motor,2024-02-09,2025-02-08,53950.0,1541300.0,Annually,Expired,1,Medium,A0033,Bancassurance
POL000016,C02697,Home,2024-03-09,2039-03-09,9520.0,5091500.0,Annually,Active,15,Low,A0097,Online
POL000017,C00959,Home,2024-03-04,2039-03-04,4770.0,2167900.0,Annually,Active,15,Medium,A0071,Online
POL000018,C03199,Health,2023-08-10,2024-08-10,20000.0,500000.0,Annually,Expired,1,Medium,A0051,Corporate
POL000019,C00754,Motor,2025-03-25,2026-03-25,12720.0,363500.0,Annually,Active,1,Medium,A0053,Agent
POL000020,C04017,Health,2023-01-10,2024-01-10,37600.0,1000000.0,Annually,Expired,1,Medium,A0022,Corporate
POL000021,C01874,Health,2023-02-05,2024-02-05,32770.0,750000.0,Monthly,Expired,1,Low,A0040,Bancassurance
POL000022,C02425,Travel,2023-03-09,2023-05-01,4450.0,370900.0,Annually,Lapsed,1,Medium,A0099,Online
POL000023,C03930,Life,2025-01-15,2040-01-15,49920.0,2587100.0,Monthly,Active,15,Low,A0095,Agent
POL000024,C04890,Motor,2024-08-05,2025-08-05,17540.0,501100.0,Annually,Expired,1,Medium,A0075,Agent
POL000025,C02202,Motor,2025-05-14,2026-05-14,21940.0,737600.0,Annually,Active,1,Low,A0044,Agent
POL000026,C00347,Life,2025-06-08,2050-06-08,81330.0,3057400.0,Monthly,Active,25,Medium,A0100,Agent
POL000027,C03754,Health,2024-06-27,2025-06-27,39610.0,1000000.0,Monthly,Expired,1,Low,A0001,Online
POL000028,C01395,Motor,2025-09-03,2026-09-03,54690.0,1202100.0,Annually,Active,1,High,A0006,Bancassurance
POL000029,C03881,Home,2024-08-12,2034-08-12,5870.0,3137300.0,Annually,Active,10,Low,A0068,Referral
POL000030,C02806,Motor,2025-05-08,2026-05-08,72540.0,1594200.0,Annually,Active,1,High,A0098,Agent
POL000031,C03084,Life,2024-12-23,2044-12-23,84030.0,3751200.0,Monthly,Active,20,Medium,A0089,Referral
POL000032,C01120,Health,2025-04-08,2026-04-08,21840.0,500000.0,Quarterly,Active,1,Low,A0093,Online
POL000033,C02279,Life,2023-05-24,2043-05-24,68010.0,3525000.0,Monthly,Active,20,Low,A0028,Corporate
POL000034,C04218,Health,2025-01-25,2028-01-25,39610.0,1000000.0,Annually,Active,3,Low,A0082,Referral
POL000035,C02976,Life,2024-04-02,2054-04-02,66280.0,3435000.0,Annually,Active,30,Low,A0018,Agent
POL000036,C00866,Home,2023-03-25,2028-03-25,4610.0,2093300.0,Annually,Active,5,Medium,A0044,Agent
POL000037,C00383,Life,2023-12-12,2053-12-12,71710.0,3870000.0,Monthly,Active,30,Low,A0009,Agent
POL000038,C02561,Motor,2024-07-15,2025-07-15,45030.0,989700.0,Annually,Expired,1,High,A0051,Bancassurance
POL000039,C01297,Motor,2024-04-19,2025-04-19,6030.0,172300.0,Annually,Expired,1,Medium,A0040,Agent
POL000040,C01821,Health,2024-11-26,2027-11-26,34500.0,750000.0,Annually,Lapsed,3,Medium,A0014,Agent
POL000041,C03651,Travel,2023-10-14,2023-10-28,3010.0,251000.0,Annually,Lapsed,1,Medium,A0030,Online
POL000042,C00633,Life,2024-03-11,2039-03-11,108830.0,6291000.0,Monthly,Active,15,Medium,A0045,Online
POL000043,C04062,Motor,2023-09-08,2024-09-07,22550.0,644400.0,Annually,Expired,1,Medium,A0095,Online
POL000044,C01837,Motor,2025-09-27,2026-09-27,35560.0,781500.0,Monthly,Active,1,High,A0002,Online
POL000045,C02493,Motor,2023-01-15,2024-01-15,38220.0,1284600.0,Annually,Expired,1,Low,A0090,Online
POL000046,C00796,Health,2024-04-14,2025-04-14,120120.0,1500000.0,Monthly,Expired,1,High,A0007,Agent
POL000047,C04844,Health,2025-04-03,2028-04-03,130650.0,1500000.0,Annually,Active,3,High,A0039,Online
POL000048,C02899,Motor,2024-04-27,2025-04-27,37000.0,1057200.0,Annually,Expired,1,Medium,A0082,Agent
POL000049,C02831,Home,2024-08-30,2029-08-28,6400.0,3421100.0,Annually,Active,5,Low,A0047,Online
POL000050,C02876,Life,2023-01-19,2048-01-19,54760.0,2955000.0,Quarterly,Active,25,Low,A0041,Online
POL000051,C04119,Motor,2023-12-20,2024-12-19,40580.0,1159300.0,Annually,Expired,1,Medium,A0061,Online
POL000052,C01825,Life,2024-02-15,2054-02-15,75370.0,2802000.0,Annually,Active,30,Medium,A0032,Agent
POL000053,C03600,Health,2024-06-12,2026-06-12,19040.0,500000.0,Monthly,Active,2,Low,A0021,Corporate
POL000054,C04809,Home,2024-11-11,2029-11-11,2640.0,1200300.0,Monthly,Active,5,Medium,A0050,Referral
POL000055,C00651,Motor,2023-05-05,2024-05-04,18350.0,524300.0,Annually,Expired,1,Medium,A0069,Referral
POL000056,C01542,Life,2025-05-30,2035-05-28,36060.0,2187000.0,Annually,Cancelled,10,Low,A0087,Online
POL000057,C01956,Health,2024-11-18,2026-11-18,18800.0,500000.0,Annually,Cancelled,2,Medium,A0047,Bancassurance
POL000058,C04756,Home,2024-06-09,2039-06-09,2240.0,1020300.0,Annually,Active,15,Medium,A0082,Online
POL000059,C00365,Health,2023-08-02,2025-08-02,73500.0,1500000.0,Monthly,Expired,2,Medium,A0081,Online
POL000060,C02046,Home,2024-07-23,2039-07-23,16540.0,7520300.0,Annually,Active,15,Medium,A0098,Corporate
POL000061,C00827,Life,2023-11-05,2038-11-05,93030.0,6438000.0,Quarterly,Active,15,Low,A0035,Bancassurance
POL000062,C02686,Life,2025-06-22,2045-06-22,88740.0,5553000.0,Annually,Active,20,Low,A0070,Agent
POL000063,C02099,Motor,2025-09-24,2026-09-24,13130.0,375000.0,Annually,Active,1,Medium,A0007,Agent
POL000064,C01095,Motor,2023-09-09,2024-09-08,52260.0,1493000.0,Annually,Expired,1,Medium,A0050,Online
POL000065,C02743,Home,2025-01-27,2035-01-27,11310.0,5141200.0,Annually,Active,10,Medium,A0068,Agent
POL000066,C01266,Health,2024-11-13,2025-11-13,45400.0,1000000.0,Quarterly,Expired,1,Medium,A0082,Agent
POL000067,C02521,Health,2024-12-28,2025-12-28,17040.0,300000.0,Annually,Expired,1,Medium,A0006,Online
POL000068,C00905,Health,2025-03-02,2027-03-02,24200.0,500000.0,Annually,Active,2,Medium,A0091,Corporate
POL000069,C02340,Health,2025-08-02,2028-08-02,12900.0,300000.0,Annually,Active,3,Medium,A0002,Agent
POL000070,C01156,Home,2024-02-26,2039-02-26,13250.0,7085200.0,Annually,Lapsed,15,Low,A0097,Referral
POL000071,C02560,Motor,2023-10-08,2024-10-07,27770.0,610400.0,Annually,Expired,1,High,A0021,Bancassurance
POL000072,C04372,Motor,2024-05-14,2025-05-14,53120.0,1517800.0,Annually,Lapsed,1,Medium,A0093,Referral
POL000073,C01597,Life,2023-03-05,2048-03-05,26390.0,1794300.0,Monthly,Active,25,Low,A0039,Online
POL000074,C04684,Motor,2024-09-10,2025-09-10,45540.0,1530600.0,Annually,Expired,1,Low,A0100,Bancassurance
POL000075,C04689,Motor,2023-03-30,2024-03-29,41180.0,1176500.0,Annually,Expired,1,Medium,A0058,Bancassurance
POL000076,C03147,Home,2023-12-14,2038-12-14,1650.0,883600.0,Annually,Active,15,Low,A0011,Agent
POL000077,C04161,Life,2023-05-31,2053-05-28,94700.0,3443600.0,Annually,Lapsed,30,Medium,A0065,Corporate
POL000078,C03130,Home,2023-04-22,2028-04-22,8150.0,3703300.0,Annually,Active,5,Medium,A0035,Online
POL000079,C04291,Health,2024-01-01,2025-01-01,62200.0,1000000.0,Quarterly,Expired,1,Medium,A0080,Corporate
POL000080,C04015,Health,2023-04-09,2025-04-09,28400.0,500000.0,Monthly,Expired,2,Medium,A0094,Corporate
POL000081,C02534,Health,2023-07-16,2025-07-16,11280.0,300000.0,Annually,Expired,2,Medium,A0025,Agent
POL000082,C04014,Life,2025-01-17,2045-01-17,26880.0,1734000.0,Quarterly,Active,20,Medium,A0097,Online
POL000083,C00230,Health,2025-01-27,2026-01-27,20000.0,500000.0,Monthly,Active,1,Medium,A0069,Agent
POL000084,C01821,Home,2023-05-21,2028-05-21,11220.0,5098500.0,Annually,Active,5,Medium,A0027,Agent
POL000085,C01518,Home,2025-07-06,2026-07-06,12260.0,5573400.0,Annually,Active,1,Medium,A0099,Corporate
POL000086,C01181,Health,2024-06-07,2027-06-07,32900.0,500000.0,Monthly,Active,3,Medium,A0016,Agent
POL000087,C03732,Travel,2024-08-29,2024-10-06,5030.0,493400.0,Annually,Expired,1,Low,A0047,Online
POL000088,C04354,Motor,2025-07-12,2026-07-12,52130.0,1489600.0,Annually,Active,1,Medium,A0019,Online
POL000089,C02447,Motor,2024-08-13,2025-08-13,78620.0,1727900.0,Annually,Expired,1,High,A0019,Online
POL000090,C02796,Motor,2023-04-23,2024-04-22,25450.0,727100.0,Annually,Lapsed,1,Medium,A0007,Online
POL000091,C04137,Home,2024-04-04,2039-04-04,11980.0,6408700.0,Annually,Active,15,Low,A0090,Online
POL000092,C04191,Motor,2024-09-08,2025-09-08,56570.0,1616300.0,Annually,Expired,1,Medium,A0040,Corporate
POL000093,C02499,Motor,2024-02-17,2025-02-16,29120.0,832000.0,Annually,Expired,1,Medium,A0009,Agent
POL000094,C01647,Health,2023-04-30,2024-04-28,40630.0,1000000.0,Annually,Expired,1,Low,A0079,Agent
POL000095,C02036,Health,2023-03-05,2024-03-05,18480.0,300000.0,Quarterly,Expired,1,Medium,A0039,Online
POL000096,C00685,Health,2023-10-23,2026-10-23,63240.0,1500000.0,Monthly,Active,3,Low,A0056,Agent
POL000097,C00152,Life,2024-11-02,2034-11-02,53010.0,3165900.0,Monthly,Active,10,Low,A0022,Referral
POL000098,C02490,Motor,2025-03-26,2026-03-26,37620.0,1074700.0,Annually,Active,1,Medium,A0093,Online
POL000099,C04103,Life,2023-12-07,2038-12-07,51350.0,1930400.0,Quarterly,Active,15,Medium,A0035,Agent
POL000100,C00411,Health,2023-11-09,2026-11-09,17940.0,300000.0,Quarterly,Active,3,Medium,A0035,Agent
POL000101,C03482,Travel,2024-04-25,2024-05-15,2160.0,180100.0,Annually,Expired,1,Medium,A0022,Online
POL000102,C04183,Home,2024-09-04,2029-09-04,16000.0,7270600.0,Monthly,Lapsed,5,Medium,A0068,Agent
POL000103,C00795,Health,2024-05-13,2026-05-13,88400.0,2000000.0,Annually,Active,2,Low,A0040,Agent
POL000104,C02509,Life,2025-02-14,2035-02-14,84040.0,4799700.0,Quarterly,Active,10,Low,A0027,Agent
POL000105,C02966,Life,2023-12-04,2033-12-04,108050.0,4356700.0,Annually,Lapsed,10,Medium,A0032,Referral
POL000106,C04973,Motor,2023-11-16,2024-11-15,56210.0,1606000.0,Annually,Expired,1,Medium,A0006,Agent
POL000107,C01571,Motor,2025-02-13,2026-02-13,62010.0,1362800.0,Annually,Active,1,High,A0019,Agent
POL000108,C02962,Health,2023-09-18,2024-09-18,57400.0,1000000.0,Monthly,Expired,1,Medium,A0096,Online
POL000109,C04511,Health,2025-01-10,2028-01-10,60180.0,1500000.0,Quarterly,Active,3,Low,A0099,Agent
POL000110,C01493,Motor,2024-09-23,2025-09-23,5480.0,156600.0,Monthly,Expired,1,Medium,A0070,Agent
POL000111,C03283,Health,2024-09-23,2025-09-23,79300.0,1000000.0,Annually,Expired,1,High,A0038,Agent
POL000112,C01195,Life,2025-05-20,2045-05-20,140040.0,5934000.0,Quarterly,Active,20,Medium,A0059,Online
POL000113,C04898,Life,2024-11-18,2034-11-18,108450.0,5505000.0,Quarterly,Active,10,Medium,A0025,Corporate
POL000114,C02075,Motor,2024-11-08,2025-11-08,56380.0,1610900.0,Annually,Expired,1,Medium,A0073,Agent
POL000115,C04985,Health,2025-05-24,2026-05-24,11280.0,300000.0,Monthly,Active,1,Medium,A0050,Online
POL000116,C00439,Health,2023-02-14,2025-02-14,47800.0,1000000.0,Quarterly,Expired,2,Medium,A0033,Online
POL000117,C02431,Home,2023-01-03,2038-01-03,7610.0,4066900.0,Annually,Active,15,Low,A0074,Agent
POL000118,C00196,Health,2024-02-05,2025-02-05,20060.0,500000.0,Quarterly,Expired,1,Low,A0026,Agent
POL000119,C02836,Health,2024-03-06,2025-03-06,20310.0,500000.0,Quarterly,Expired,1,Low,A0068,Bancassurance
POL000120,C01986,Travel,2023-10-04,2023-11-01,3130.0,307100.0,Annually,Lapsed,1,Low,A0094,Agent
POL000121,C01528,Motor,2023-08-08,2024-08-07,42480.0,1213800.0,Annually,Expired,1,Medium,A0041,Agent
POL000122,C02867,Travel,2025-05-24,2025-06-23,4400.0,431800.0,Monthly,Expired,1,Low,A0024,Online
POL000123,C01693,Health,2024-06-12,2026-06-12,39400.0,1000000.0,Quarterly,Active,2,Medium,A0043,Agent
POL000124,C02026,Motor,2025-07-30,2026-07-30,58330.0,1666600.0,Annually,Active,1,Medium,A0079,Online
POL000125,C04933,Home,2023-02-17,2038-02-17,12620.0,6746800.0,Annually,Active,15,Low,A0016,Online
POL000126,C01413,Health,2024-12-31,2025-12-28,17040.0,300000.0,Monthly,Expired,1,Medium,A0074,Corporate
POL000127,C01091,Travel,2023-10-20,2023-11-23,2570.0,214400.0,Annually,Expired,1,Medium,A0091,Agent
POL000128,C00623,Health,2023-10-23,2026-10-23,18280.0,500000.0,Monthly,Active,3,Low,A0073,Agent
POL000129,C00681,Travel,2023-09-06,2023-10-30,1500.0,124400.0,Monthly,Expired,1,Medium,A0068,Agent
POL000130,C02586,Life,2025-01-30,2045-01-28,89690.0,4770600.0,Monthly,Active,20,Medium,A0015,Corporate
POL000131,C01161,Health,2024-09-28,2026-09-28,58600.0,1000000.0,Annually,Lapsed,2,Medium,A0015,Online
POL000132,C04210,Life,2024-07-08,2034-07-08,54220.0,3009000.0,Monthly,Active,10,Low,A0098,Agent
POL000133,C01845,Motor,2024-04-09,2025-04-09,58570.0,1673400.0,Annually,Expired,1,Medium,A0051,Corporate
POL000134,C00895,Life,2025-04-30,2035-04-28,259230.0,10206000.0,Monthly,Active,10,Medium,A0011,Bancassurance
POL000135,C02501,Health,2024-07-22,2026-07-22,21800.0,500000.0,Annually,Active,2,Medium,A0080,Online
POL000136,C01363,Health,2024-06-06,2025-06-06,28180.0,750000.0,Annually,Lapsed,1,Low,A0065,Agent
POL000137,C01358,Travel,2025-01-27,2025-02-27,1500.0,143700.0,Annually,Lapsed,1,Low,A0100,Online
POL000138,C00014,Motor,2023-02-25,2024-02-25,22630.0,646500.0,Annually,Expired,1,Medium,A0086,Corporate
POL000139,C03936,Motor,2023-04-16,2024-04-15,15240.0,435500.0,Annually,Expired,1,Medium,A0037,Agent
POL000140,C02768,Life,2025-04-19,2035-04-19,74550.0,3843000.0,Annually,Active,10,Medium,A0079,Agent
POL000141,C02190,Life,2023-05-10,2033-05-10,27840.0,1893000.0,Monthly,Active,10,Low,A0041,Referral
POL000142,C04091,Motor,2024-06-25,2025-06-25,47410.0,1354600.0,Annually,Expired,1,Medium,A0098,Agent
POL000143,C04261,Home,2025-09-30,2026-09-28,9460.0,5059400.0,Annually,Active,1,Low,A0084,Online
POL000144,C00366,Life,2025-01-18,2035-01-18,45450.0,2844000.0,Annually,Active,10,Low,A0027,Online
POL000145,C00484,Motor,2023-05-24,2024-05-23,39050.0,1115800.0,Monthly,Lapsed,1,Medium,A0027,Corporate
POL000146,C00345,Travel,2025-04-26,2025-05-31,2120.0,208200.0,Annually,Expired,1,Low,A0021,Online
POL000147,C00453,Life,2024-05-08,2054-05-08,39310.0,2160000.0,Annually,Active,30,Medium,A0044,Agent
POL000148,C03989,Home,2023-07-08,2028-07-08,4140.0,1882500.0,Annually,Active,5,Medium,A0023,Agent
POL000149,C04092,Health,2024-05-26,2025-05-26,31620.0,750000.0,Annually,Expired,1,Low,A0009,Agent
POL000150,C04469,Travel,2023-06-25,2023-07-22,9190.0,765800.0,Monthly,Expired,1,Medium,A0011,Corporate
POL000151,C04822,Motor,2024-08-06,2025-08-06,17780.0,390800.0,Annually,Expired,1,High,A0097,Corporate
POL000152,C01844,Home,2023-01-05,2024-01-05,13550.0,6160000.0,Annually,Expired,1,Medium,A0046,Agent
POL000153,C01463,Health,2023-02-08,2025-02-08,19550.0,500000.0,Monthly,Expired,2,Low,A0033,Agent
POL000154,C01812,Life,2025-08-15,2045-08-15,56560.0,3277700.0,Annually,Active,20,Low,A0023,Agent
POL000155,C04258,Home,2025-01-07,2030-01-07,11130.0,5952200.0,Annually,Lapsed,5,Low,A0064,Online
POL000156,C04317,Home,2023-09-09,2028-09-09,6270.0,2851200.0,Annually,Active,5,Medium,A0028,Online
POL000157,C03838,Motor,2023-11-25,2024-11-24,45680.0,1004100.0,Annually,Lapsed,1,High,A0086,Bancassurance
POL000158,C01173,Travel,2023-12-09,2024-01-05,9480.0,790400.0,Annually,Expired,1,Medium,A0056,Bancassurance
POL000159,C04779,Motor,2023-11-23,2024-11-22,45890.0,1311000.0,Annually,Expired,1,Medium,A0043,Bancassurance
POL000160,C04115,Health,2023-10-29,2024-10-28,31800.0,750000.0,Quarterly,Expired,1,Medium,A0078,Agent
POL000161,C03079,Life,2025-08-18,2055-08-18,72540.0,3798000.0,Monthly,Active,30,Medium,A0023,Referral
POL000162,C00872,Motor,2024-11-07,2025-11-07,52900.0,1511400.0,Annually,Expired,1,Medium,A0002,Agent
POL000163,C01688,Motor,2024-01-22,2025-01-21,49030.0,1400900.0,Annually,Expired,1,Medium,A0067,Corporate
POL000164,C03767,Motor,2025-04-23,2026-04-23,19620.0,560600.0,Annually,Active,1,Medium,A0026,Referral
POL000165,C02244,Motor,2023-09-14,2024-09-13,46570.0,1330600.0,Annually,Expired,1,Medium,A0075,Agent
POL000166,C02661,Travel,2025-08-05,2025-09-15,9300.0,774600.0,Annually,Expired,1,Medium,A0016,Bancassurance
POL000167,C03356,Health,2023-03-24,2024-03-24,13720.0,300000.0,Annually,Expired,1,Low,A0099,Corporate
POL000168,C02905,Motor,2025-04-01,2026-04-01,28640.0,818200.0,Annually,Active,1,Medium,A0002,Agent
POL000169,C03903,Motor,2023-11-07,2024-11-06,22220.0,488300.0,Annually,Expired,1,High,A0019,Agent
POL000170,C03253,Home,2024-05-28,2029-05-28,15440.0,7019500.0,Annually,Active,5,Medium,A0061,Agent
POL000171,C01902,Home,2023-03-04,2028-03-04,5040.0,2291900.0,Annually,Active,5,Medium,A0090,Agent
POL000172,C04722,Home,2023-12-29,2028-12-28,2720.0,1236200.0,Annually,Active,5,Medium,A0099,Bancassurance
POL000173,C03020,Health,2023-07-01,2024-07-01,29300.0,500000.0,Quarterly,Expired,1,Medium,A0083,Agent
POL000174,C02338,Life,2025-05-31,2045-05-28,56200.0,3306000.0,Monthly,Active,20,Low,A0044,Online
POL000175,C04998,Health,2025-03-12,2027-03-12,37060.0,1000000.0,Quarterly,Active,2,Low,A0008,Online
POL000176,C01135,Health,2024-01-31,2027-01-28,20300.0,500000.0,Quarterly,Active,3,Medium,A0076,Agent
POL000177,C02802,Motor,2023-07-25,2024-07-24,60000.0,1714200.0,Annually,Expired,1,Medium,A0094,Bancassurance
POL000178,C02043,Motor,2025-05-27,2026-05-27,45920.0,1543600.0,Annually,Active,1,Low,A0079,Online
POL000179,C01962,Home,2024-05-10,2034-05-10,2550.0,1364500.0,Annually,Lapsed,10,Low,A0033,Online
POL000180,C01271,Motor,2025-04-08,2026-04-08,30050.0,858700.0,Annually,Active,1,Medium,A0002,Agent
POL000181,C02143,Motor,2024-05-22,2025-05-22,28650.0,818700.0,Annually,Expired,1,Medium,A0093,Bancassurance
POL000182,C04673,Motor,2024-11-15,2025-11-15,61710.0,1356300.0,Annually,Expired,1,High,A0068,Online
POL000183,C04654,Motor,2023-11-25,2024-11-24,45330.0,1295300.0,Annually,Expired,1,Medium,A0097,Online
POL000184,C03878,Health,2024-03-24,2025-03-24,28400.0,500000.0,Quarterly,Expired,1,Medium,A0006,Agent
POL000185,C04733,Health,2024-12-13,2025-12-13,30000.0,750000.0,Annually,Expired,1,Medium,A0074,Agent
POL000186,C00261,Life,2023-02-10,2033-02-10,37140.0,2121000.0,Annually,Active,10,Low,A0053,Agent
POL000187,C01523,Health,2023-12-22,2025-12-22,30500.0,500000.0,Annually,Expired,2,Medium,A0010,Online
POL000188,C03262,Motor,2023-03-01,2024-02-29,59760.0,1707400.0,Annually,Expired,1,Medium,A0071,Agent
POL000189,C03215,Home,2024-01-22,2039-01-22,13730.0,7342300.0,Annually,Active,15,Low,A0040,Corporate
POL000190,C03421,Home,2025-03-28,2030-03-28,2780.0,1264000.0,Annually,Active,5,Medium,A0080,Agent
POL000191,C04785,Life,2023-07-27,2033-07-27,43880.0,2627800.0,Monthly,Active,10,Medium,A0020,Agent
POL000192,C04195,Home,2024-06-12,2034-06-12,12390.0,5630400.0,Annually,Active,10,Medium,A0039,Online
POL000193,C02382,Motor,2025-03-12,2026-03-12,57410.0,1261700.0,Annually,Active,1,High,A0016,Bancassurance
POL000194,C00767,Health,2025-06-24,2026-06-24,59420.0,1500000.0,Quarterly,Cancelled,1,Low,A0046,Agent
POL000195,C04388,Motor,2024-12-09,2025-12-09,12350.0,352800.0,Monthly,Expired,1,Medium,A0026,Bancassurance
POL000196,C03185,Life,2024-09-17,2034-09-17,28730.0,1890000.0,Annually,Active,10,Medium,A0045,Referral
POL000197,C02563,Life,2024-09-01,2054-09-01,39130.0,2410200.0,Quarterly,Active,30,Low,A0084,Bancassurance
POL000198,C00695,Health,2023-12-12,2025-12-12,31100.0,500000.0,Annually,Expired,2,Medium,A0065,Bancassurance
POL000199,C00837,Health,2024-11-18,2026-11-18,30450.0,750000.0,Quarterly,Active,2,Medium,A0032,Online
POL000200,C00635,Health,2024-03-20,2025-03-20,30470.0,750000.0,Quarterly,Expired,1,Low,A0004,Corporate
POL000201,C02351,Life,2023-11-12,2053-11-12,173510.0,7260000.0,Annually,Active,30,Medium,A0028,Bancassurance
POL000202,C01906,Health,2023-08-29,2024-08-28,17000.0,500000.0,Annually,Expired,1,Low,A0024,Corporate
POL000203,C03734,Motor,2023-03-18,2024-03-17,56870.0,1624800.0,Annually,Expired,1,Medium,A0040,Agent
POL000204,C02133,Health,2023-03-25,2026-03-25,16750.0,500000.0,Monthly,Active,3,Low,A0039,Agent
POL000205,C03134,Health,2023-06-05,2024-06-05,30900.0,750000.0,Monthly,Expired,1,Medium,A0032,Online
POL000206,C03916,Motor,2023-09-04,2024-09-03,68040.0,1495500.0,Annually,Expired,1,High,A0079,Bancassurance
POL000207,C01653,Life,2023-01-07,2043-01-07,34660.0,2169000.0,Annually,Lapsed,20,Low,A0086,Agent
POL000208,C02333,Motor,2024-02-13,2025-02-12,59410.0,1697600.0,Annually,Expired,1,Medium,A0050,Online
POL000209,C02645,Life,2025-02-15,2035-02-15,321330.0,12957000.0,Monthly,Active,10,Medium,A0055,Corporate
POL000210,C02978,Life,2024-02-01,2044-02-01,87510.0,4307900.0,Annually,Active,20,Low,A0047,Agent
POL000211,C00812,Health,2025-01-14,2026-01-14,90440.0,2000000.0,Quarterly,Active,1,Low,A0085,Bancassurance
POL000212,C01716,Travel,2023-04-21,2023-05-12,6270.0,522400.0,Annually,Lapsed,1,Medium,A0072,Agent
POL000213,C01871,Home,2025-03-01,2030-03-01,11690.0,6249900.0,Annually,Active,5,Low,A0065,Online
POL000214,C00066,Health,2023-07-23,2026-07-23,45730.0,1000000.0,Monthly,Active,3,Low,A0032,Bancassurance
POL000215,C03229,Health,2024-05-15,2026-05-15,12340.0,300000.0,Annually,Active,2,Low,A0013,Online
POL000216,C00276,Motor,2024-06-17,2025-06-17,40820.0,1166400.0,Annually,Expired,1,Medium,A0079,Bancassurance
POL000217,C00440,Motor,2024-08-29,2025-08-29,25860.0,739000.0,Monthly,Expired,1,Medium,A0055,Agent
POL000218,C00096,Life,2025-04-15,2040-04-15,44480.0,2763000.0,Annually,Active,15,Medium,A0071,Bancassurance
POL000219,C01010,Health,2023-03-19,2024-03-19,13110.0,300000.0,Annually,Expired,1,Low,A0041,Bancassurance
POL000220,C03869,Health,2023-12-10,2024-12-10,25400.0,500000.0,Monthly,Expired,1,Medium,A0099,Online
POL000221,C02421,Travel,2025-09-08,2025-09-23,5020.0,418300.0,Annually,Expired,1,Medium,A0028,Bancassurance
POL000222,C00974,Health,2024-12-04,2026-12-04,37600.0,1000000.0,Annually,Active,2,Medium,A0040,Online
POL000223,C03005,Life,2023-02-11,2038-02-11,43940.0,2546400.0,Quarterly,Active,15,Low,A0026,Agent
POL000224,C04964,Health,2023-12-24,2024-12-24,11270.0,300000.0,Monthly,Expired,1,Low,A0095,Corporate
POL000225,C01902,Motor,2023-02-27,2024-02-27,6670.0,190400.0,Annually,Expired,1,Medium,A0097,Agent
POL000226,C01994,Life,2023-06-23,2033-06-23,61390.0,4103600.0,Monthly,Active,10,Low,A0079,Referral
POL000227,C01049,Home,2025-01-09,2026-01-09,5970.0,2086900.0,Monthly,Active,1,High,A0007,Agent
POL000228,C01100,Motor,2025-06-23,2026-06-23,55680.0,1590800.0,Annually,Active,1,Medium,A0019,Referral
POL000229,C03183,Motor,2023-07-18,2024-07-17,35100.0,1179800.0,Annually,Expired,1,Low,A0056,Online
POL000230,C04790,Life,2023-06-04,2038-06-04,21910.0,1440000.0,Annually,Active,15,Low,A0055,Online
POL000231,C03389,Life,2025-05-14,2055-05-14,86630.0,4374000.0,Quarterly,Active,30,Low,A0090,Agent
POL000232,C02219,Home,2023-12-05,2038-12-05,4160.0,1891500.0,Annually,Lapsed,15,Medium,A0013,Referral
POL000233,C04226,Life,2025-02-22,2055-02-22,85730.0,4418900.0,Monthly,Cancelled,30,Medium,A0004,Online
POL000234,C00403,Travel,2024-02-24,2024-03-09,7200.0,599700.0,Monthly,Expired,1,Medium,A0070,Referral
POL000235,C00880,Travel,2024-11-11,2024-12-28,8980.0,748300.0,Annually,Expired,1,Medium,A0023,Corporate
POL000236,C03735,Travel,2024-11-23,2025-01-14,5150.0,505100.0,Annually,Expired,1,Low,A0084,Agent
POL000237,C04453,Motor,2024-07-17,2025-07-17,30190.0,862500.0,Annually,Expired,1,Medium,A0018,Online
POL000238,C00788,Life,2023-07-06,2038-07-06,118670.0,5190000.0,Quarterly,Active,15,Low,A0069,Agent
POL000239,C00542,Health,2023-07-07,2024-07-07,37060.0,1000000.0,Annually,Expired,1,Low,A0032,Corporate
POL000240,C03555,Health,2023-02-27,2024-02-27,75300.0,1500000.0,Monthly,Expired,1,Medium,A0093,Online
POL000241,C02936,Health,2024-09-10,2025-09-10,24490.0,300000.0,Quarterly,Lapsed,1,High,A0019,Agent
POL000242,C04144,Home,2023-11-14,2033-11-14,14700.0,7861600.0,Annually,Active,10,Low,A0035,Corporate
POL000243,C02390,Home,2024-05-09,2039-05-09,2750.0,1251200.0,Annually,Active,15,Medium,A0008,Online
POL000244,C00646,Health,2024-10-06,2026-10-06,94520.0,2000000.0,Annually,Active,2,Low,A0093,Online
POL000245,C01475,Home,2023-09-12,2033-09-12,6750.0,3610200.0,Annually,Active,10,Low,A0083,Agent
POL000246,C02618,Motor,2024-04-03,2025-04-03,38930.0,1112300.0,Annually,Expired,1,Medium,A0053,Agent
POL000247,C03585,Health,2025-02-24,2027-02-24,28100.0,500000.0,Monthly,Active,2,Medium,A0045,Agent
POL000248,C03577,Motor,2023-10-28,2024-10-27,11890.0,339900.0,Annually,Expired,1,Medium,A0089,Bancassurance
POL000249,C00952,Health,2025-03-15,2027-03-15,42600.0,750000.0,Quarterly,Lapsed,2,Medium,A0026,Agent
POL000250,C00975,Motor,2025-08-17,2026-08-17,15280.0,335900.0,Annually,Lapsed,1,High,A0011,Agent
POL000251,C03252,Motor,2025-03-29,2026-03-29,76090.0,1672300.0,Annually,Lapsed,1,High,A0006,Bancassurance
POL000252,C01400,Home,2023-05-04,2033-05-04,8000.0,3638100.0,Annually,Active,10,Medium,A0011,Online
POL000253,C03547,Travel,2025-06-16,2025-06-29,2500.0,245200.0,Annually,Expired,1,Low,A0092,Corporate
POL000254,C01584,Home,2024-12-26,2025-12-26,15480.0,7038400.0,Annually,Expired,1,Medium,A0057,Bancassurance
POL000255,C02750,Motor,2025-07-21,2026-07-21,33210.0,949000.0,Annually,Active,1,Medium,A0041,Agent
POL000256,C01348,Home,2024-10-11,2034-10-11,12490.0,6679800.0,Annually,Active,10,Low,A0009,Agent
POL000257,C03353,Travel,2025-07-05,2025-08-24,9730.0,954400.0,Annually,Expired,1,Low,A0083,Bancassurance
POL000258,C04687,Home,2023-04-23,2028-04-23,6580.0,3520500.0,Annually,Active,5,Low,A0094,Agent
POL000259,C04026,Home,2023-10-06,2038-10-06,2810.0,1503600.0,Annually,Active,15,Low,A0017,Agent
POL000260,C04253,Life,2025-03-06,2045-03-06,45860.0,3207300.0,Monthly,Cancelled,20,Medium,A0098,Agent
POL000261,C00950,Health,2023-06-07,2025-06-07,9590.0,300000.0,Monthly,Expired,2,Low,A0068,Referral
POL000262,C01834,Life,2024-08-14,2039-08-14,57510.0,3333000.0,Monthly,Active,15,Low,A0035,Agent
POL000263,C01498,Life,2023-11-25,2053-11-25,56030.0,2793000.0,Annually,Active,30,Low,A0026,Online
POL000264,C04741,Health,2024-10-03,2026-10-03,22610.0,500000.0,Monthly,Active,2,Low,A0037,Online
POL000265,C02408,Health,2024-11-09,2026-11-09,67000.0,1000000.0,Monthly,Active,2,Medium,A0092,Corporate
POL000266,C00841,Motor,2025-04-15,2026-04-15,18260.0,521700.0,Annually,Active,1,Medium,A0006,Agent
POL000267,C01886,Health,2023-07-06,2026-07-06,15780.0,300000.0,Annually,Active,3,Medium,A0046,Online
POL000268,C03585,Home,2024-07-23,2029-07-23,6980.0,3734900.0,Annually,Active,5,Low,A0042,Online
POL000269,C02157,Motor,2023-04-25,2024-04-24,38840.0,1109800.0,Annually,Lapsed,1,Medium,A0040,Referral
POL000270,C03416,Health,2023-12-30,2024-12-28,33920.0,750000.0,Monthly,Expired,1,Low,A0065,Agent
POL000271,C01054,Travel,2023-09-08,2023-10-09,10860.0,905200.0,Annually,Expired,1,Medium,A0088,Agent
POL000272,C03538,Health,2024-12-03,2026-12-03,12540.0,300000.0,Monthly,Active,2,Medium,A0004,Agent
POL000273,C00191,Health,2025-08-28,2027-08-28,12950.0,300000.0,Annually,Active,2,Low,A0045,Corporate
POL000274,C00768,Life,2023-08-26,2033-08-26,84420.0,4892600.0,Quarterly,Active,10,Low,A0088,Agent
POL000275,C04605,Motor,2024-06-22,2025-06-22,61480.0,1756500.0,Annually,Expired,1,Medium,A0087,Online
POL000276,C02926,Motor,2024-05-28,2025-05-28,15560.0,444700.0,Annually,Expired,1,Medium,A0094,Agent
POL000277,C01703,Life,2025-09-11,2045-09-11,68140.0,3579000.0,Annually,Cancelled,20,Low,A0043,Agent
POL000278,C00867,Motor,2023-09-15,2024-09-14,37650.0,1075800.0,Annually,Expired,1,Medium,A0079,Agent
POL000279,C03623,Life,2023-02-06,2043-02-06,48440.0,3187000.0,Annually,Active,20,Medium,A0053,Agent
POL000280,C01248,Health,2025-08-05,2027-08-05,66300.0,1500000.0,Quarterly,Active,2,Low,A0078,Online
POL000281,C04489,Motor,2024-12-29,2025-12-29,23700.0,796500.0,Annually,Expired,1,Low,A0025,Corporate
POL000282,C00249,Health,2024-04-18,2026-04-18,38080.0,1000000.0,Annually,Lapsed,2,Low,A0040,Referral
POL000283,C00585,Health,2023-05-23,2026-05-23,28100.0,500000.0,Quarterly,Active,3,Medium,A0080,Bancassurance
POL000284,C01052,Health,2024-02-09,2025-02-09,21330.0,500000.0,Annually,Expired,1,Low,A0099,Online
POL000285,C00398,Motor,2025-03-10,2026-03-10,16970.0,484800.0,Annually,Active,1,Medium,A0080,Bancassurance
POL000286,C00565,Life,2023-03-09,2043-03-09,31210.0,1356800.0,Annually,Active,20,Medium,A0041,Bancassurance
POL000287,C04072,Motor,2025-01-02,2026-01-02,50710.0,1448900.0,Monthly,Active,1,Medium,A0082,Agent
POL000288,C04823,Life,2025-09-28,2050-09-28,280920.0,11754000.0,Annually,Active,25,Medium,A0026,Agent
POL000289,C00497,Motor,2025-06-25,2026-06-25,48550.0,1387200.0,Annually,Active,1,Medium,A0036,Bancassurance
POL000290,C04965,Life,2023-01-18,2033-01-18,76520.0,3630000.0,Quarterly,Active,10,Low,A0038,Corporate
POL000291,C01229,Health,2025-03-16,2027-03-16,88400.0,2000000.0,Monthly,Active,2,Low,A0075,Online
POL000292,C00478,Motor,2023-03-11,2024-03-10,34790.0,993900.0,Annually,Expired,1,Medium,A0071,Online
POL000293,C04140,Motor,2025-08-11,2026-08-11,15400.0,439900.0,Monthly,Active,1,Medium,A0022,Online
POL000294,C01461,Travel,2023-07-20,2023-08-11,7620.0,746700.0,Annually,Expired,1,Low,A0064,Online
POL000295,C01393,Home,2024-10-16,2034-10-16,15390.0,6995700.0,Annually,Lapsed,10,Medium,A0091,Corporate
POL000296,C00139,Life,2024-10-11,2049-10-11,82830.0,4293000.0,Monthly,Active,25,Low,A0025,Online
POL000297,C04091,Motor,2024-02-25,2025-02-24,40690.0,1367700.0,Annually,Expired,1,Low,A0098,Agent
POL000298,C01243,Health,2023-04-27,2026-04-27,30090.0,750000.0,Annually,Active,3,Low,A0053,Referral
POL000299,C00443,Motor,2025-06-05,2026-06-05,14320.0,314700.0,Annually,Active,1,High,A0071,Online
POL000300,C03044,Travel,2025-04-08,2025-06-07,1500.0,65400.0,Annually,Lapsed,1,Low,A0040,Online
POL000301,C02098,Health,2024-03-18,2025-03-18,85340.0,2000000.0,Monthly,Expired,1,Low,A0054,Corporate
POL000302,C02198,Health,2024-12-15,2026-12-15,69360.0,1500000.0,Annually,Active,2,Low,A0075,Agent
POL000303,C03533,Motor,2024-05-15,2025-05-15,41420.0,1183300.0,Monthly,Expired,1,Medium,A0046,Online
POL000304,C04318,Life,2023-05-16,2043-05-16,43630.0,2121000.0,Monthly,Lapsed,20,Low,A0097,Online
POL000305,C04250,Home,2024-08-30,2034-08-28,14830.0,6739700.0,Annually,Active,10,Medium,A0044,Agent
POL000306,C02644,Health,2023-06-04,2025-06-04,12190.0,300000.0,Annually,Expired,2,Low,A0083,Agent
POL000307,C02727,Health,2024-07-26,2026-07-26,57120.0,1500000.0,Annually,Active,2,Low,A0082,Bancassurance
POL000308,C00579,Health,2024-07-12,2025-07-12,108800.0,2000000.0,Quarterly,Expired,1,Medium,A0072,Online
POL000309,C04021,Motor,2025-09-28,2026-09-28,32340.0,1087200.0,Annually,Active,1,Low,A0078,Agent
POL000310,C01973,Motor,2025-05-15,2026-05-15,20110.0,574700.0,Monthly,Active,1,Medium,A0007,Bancassurance
POL000311,C04115,Motor,2024-04-30,2025-04-30,24280.0,693800.0,Annually,Lapsed,1,Medium,A0054,Online
POL000312,C01495,Home,2023-11-29,2028-11-28,4770.0,2549000.0,Monthly,Active,5,Low,A0032,Agent
POL000313,C01895,Motor,2025-02-07,2026-02-07,71670.0,1575300.0,Annually,Active,1,High,A0070,Online
POL000314,C02583,Life,2023-09-19,2053-09-19,28790.0,2028300.0,Quarterly,Active,30,Low,A0039,Agent
POL000315,C02208,Travel,2023-11-25,2023-12-28,6910.0,677600.0,Annually,Lapsed,1,Low,A0081,Bancassurance
POL000316,C00838,Health,2025-09-14,2026-09-14,20820.0,500000.0,Quarterly,Active,1,Low,A0060,Agent
POL000317,C02122,Health,2025-04-22,2026-04-22,30470.0,750000.0,Annually,Active,1,Low,A0053,Bancassurance
POL000318,C04575,Health,2024-06-29,2027-06-28,47200.0,1000000.0,Quarterly,Active,3,Medium,A0099,Online
POL000319,C01894,Health,2025-09-18,2027-09-18,34300.0,750000.0,Annually,Active,2,Low,A0041,Online
POL000320,C00410,Motor,2024-01-11,2025-01-10,19690.0,562400.0,Annually,Expired,1,Medium,A0077,Online
POL000321,C03424,Home,2024-10-21,2039-10-21,4150.0,1886800.0,Annually,Lapsed,15,Medium,A0045,Corporate
POL000322,C03006,Travel,2024-05-10,2024-06-16,10730.0,894200.0,Annually,Expired,1,Medium,A0097,Bancassurance
POL000323,C03094,Life,2024-09-22,2044-09-22,36290.0,2235000.0,Quarterly,Cancelled,20,Low,A0068,Agent
POL000324,C04420,Health,2024-02-18,2025-02-18,20060.0,500000.0,Annually,Lapsed,1,Low,A0017,Referral
POL000325,C00726,Home,2023-01-07,2033-01-07,5990.0,2724600.0,Annually,Active,10,Medium,A0015,Agent
POL000326,C03644,Motor,2023-08-18,2024-08-17,51860.0,1481700.0,Monthly,Expired,1,Medium,A0046,Agent
POL000327,C04242,Health,2025-03-12,2027-03-12,60000.0,1500000.0,Annually,Lapsed,2,Medium,A0001,Bancassurance
POL000328,C04773,Motor,2025-01-30,2026-01-30,31240.0,892500.0,Annually,Active,1,Medium,A0009,Online
POL000329,C04974,Life,2023-09-06,2038-09-06,82510.0,4389000.0,Annually,Active,15,Medium,A0075,Corporate
POL000330,C04740,Motor,2023-09-16,2024-09-15,22460.0,641600.0,Annually,Expired,1,Medium,A0037,Corporate
POL000331,C02376,Home,2025-06-24,2026-06-24,2440.0,1109700.0,Annually,Cancelled,1,Medium,A0010,Referral
POL000332,C00179,Life,2025-07-30,2045-07-28,71110.0,4596600.0,Monthly,Active,20,Low,A0020,Bancassurance
POL000333,C04489,Home,2024-08-09,2039-08-09,9160.0,4900000.0,Annually,Lapsed,15,Low,A0007,Online
POL000334,C03827,Motor,2024-05-20,2025-05-20,47740.0,1364100.0,Annually,Lapsed,1,Medium,A0093,Corporate
POL000335,C03556,Health,2025-10-01,2026-10-01,17760.0,300000.0,Quarterly,Active,1,Medium,A0064,Online
POL000336,C01360,Motor,2024-05-05,2025-05-05,27990.0,799800.0,Annually,Lapsed,1,Medium,A0020,Online
POL000337,C04230,Motor,2024-09-30,2025-09-30,27610.0,788800.0,Monthly,Expired,1,Medium,A0030,Referral
POL000338,C00172,Motor,2024-09-17,2025-09-17,45300.0,1294300.0,Annually,Expired,1,Medium,A0023,Online
POL000339,C04082,Home,2024-07-06,2029-07-06,2980.0,1595000.0,Annually,Active,5,Low,A0065,Agent
POL000340,C03172,Home,2024-07-14,2029-07-14,13650.0,6204000.0,Annually,Active,5,Medium,A0038,Agent
POL000341,C01240,Home,2024-03-05,2025-03-05,11280.0,6031100.0,Annually,Expired,1,Low,A0025,Agent
POL000342,C00982,Life,2023-03-10,2053-03-10,23470.0,1641000.0,Annually,Active,30,Medium,A0090,Agent
POL000343,C04629,Motor,2024-05-23,2025-05-23,47310.0,1351600.0,Annually,Expired,1,Medium,A0092,Bancassurance
POL000344,C00900,Life,2023-06-03,2053-06-03,41270.0,2886000.0,Monthly,Active,30,Medium,A0054,Online
POL000345,C03316,Life,2023-11-23,2038-11-23,96210.0,4620000.0,Annually,Active,15,Low,A0043,Online
POL000346,C03583,Health,2024-07-16,2026-07-16,18280.0,500000.0,Monthly,Active,2,Low,A0094,Online
POL000347,C04570,Home,2025-01-17,2035-01-17,4660.0,2491300.0,Annually,Cancelled,10,Low,A0036,Online
POL000348,C03392,Motor,2023-12-20,2024-12-19,51050.0,1122100.0,Annually,Expired,1,High,A0074,Online
POL000349,C02833,Health,2024-06-12,2027-06-12,13260.0,300000.0,Monthly,Active,3,Low,A0089,Referral
POL000350,C00951,Health,2023-07-22,2025-07-22,31240.0,750000.0,Monthly,Lapsed,2,Low,A0080,Online
POL000351,C04157,Motor,2024-05-10,2025-05-10,53620.0,1532100.0,Annually,Expired,1,Medium,A0008,Online
POL000352,C02700,Health,2024-02-25,2026-02-25,28560.0,750000.0,Annually,Active,2,Low,A0069,Agent
POL000353,C04886,Health,2023-03-25,2025-03-25,32770.0,750000.0,Annually,Expired,2,Low,A0054,Corporate
POL000354,C04270,Health,2025-04-20,2028-04-20,57120.0,1500000.0,Annually,Active,3,Low,A0092,Agent
POL000355,C01246,Travel,2024-04-01,2024-04-27,4150.0,406700.0,Annually,Expired,1,Low,A0032,Agent
POL000356,C00896,Health,2023-10-15,2025-10-15,38080.0,1000000.0,Quarterly,Expired,2,Low,A0033,Agent
POL000357,C01538,Health,2023-01-18,2024-01-18,23880.0,500000.0,Monthly,Expired,1,Low,A0050,Agent
POL000358,C02615,Health,2023-07-26,2025-07-26,40120.0,1000000.0,Monthly,Lapsed,2,Low,A0075,Referral
POL000359,C01271,Health,2024-09-01,2026-09-01,43050.0,750000.0,Annually,Active,2,Medium,A0085,Online
POL000360,C04815,Home,2025-09-17,2035-09-17,14170.0,7578900.0,Annually,Active,10,Low,A0077,Agent
POL000361,C04265,Health,2024-08-30,2027-08-28,28700.0,500000.0,Monthly,Active,3,Medium,A0042,Agent
POL000362,C03349,Health,2024-05-28,2027-05-28,89600.0,2000000.0,Monthly,Active,3,Medium,A0027,Agent
POL000363,C01014,Home,2024-11-04,2029-11-04,17230.0,7833300.0,Annually,Active,5,Medium,A0025,Corporate
POL000364,C03150,Life,2023-05-13,2033-05-13,192930.0,9504000.0,Annually,Active,10,Medium,A0007,Agent
POL000365,C01526,Health,2024-05-28,2026-05-28,20310.0,500000.0,Monthly,Lapsed,2,Low,A0053,Agent
POL000366,C03605,Travel,2025-05-25,2025-06-06,8530.0,710400.0,Annually,Lapsed,1,Medium,A0053,Bancassurance
POL000367,C01923,Travel,2024-10-15,2024-11-26,3190.0,204200.0,Annually,Expired,1,High,A0032,Bancassurance
POL000368,C01020,Home,2024-06-08,2039-06-08,16590.0,7540200.0,Annually,Lapsed,15,Medium,A0064,Bancassurance
POL000369,C01669,Health,2024-03-18,2025-03-18,26650.0,750000.0,Monthly,Expired,1,Low,A0093,Agent
POL000370,C03262,Motor,2023-04-24,2024-04-23,54320.0,1552000.0,Annually,Expired,1,Medium,A0004,Corporate
POL000371,C01240,Motor,2025-05-25,2026-05-25,9730.0,278100.0,Annually,Active,1,Medium,A0052,Agent
POL000372,C03568,Life,2025-02-06,2040-02-06,35070.0,1836100.0,Annually,Active,15,Medium,A0078,Online
POL000373,C00972,Home,2024-06-27,2034-06-27,9510.0,4321400.0,Annually,Active,10,Medium,A0090,Agent
POL000374,C02693,Health,2024-03-11,2025-03-11,22860.0,500000.0,Quarterly,Expired,1,Low,A0070,Bancassurance
POL000375,C01552,Motor,2025-07-27,2026-07-27,59250.0,1692700.0,Monthly,Active,1,Medium,A0069,Corporate
POL000376,C03628,Travel,2025-02-02,2025-03-26,2660.0,221700.0,Annually,Expired,1,Medium,A0085,Online
POL000377,C02394,Motor,2023-06-27,2024-06-26,35610.0,1017500.0,Annually,Expired,1,Medium,A0053,Online
POL000378,C01759,Life,2025-08-03,2040-08-03,114800.0,6636000.0,Monthly,Active,15,Medium,A0090,Agent
POL000379,C02223,Travel,2023-11-29,2023-12-10,1870.0,182900.0,Annually,Expired,1,Low,A0040,Agent
POL000380,C01665,Home,2025-04-07,2030-04-07,14420.0,6556600.0,Annually,Active,5,Medium,A0087,Online
POL000381,C04791,Travel,2023-04-18,2023-06-06,7300.0,715500.0,Monthly,Expired,1,Low,A0005,Bancassurance
POL000382,C04909,Health,2025-01-08,2027-01-08,27500.0,500000.0,Quarterly,Active,2,Medium,A0096,Online
POL000383,C03689,Motor,2025-01-07,2026-01-07,59430.0,1306100.0,Annually,Active,1,High,A0064,Agent
POL000384,C04753,Health,2025-04-20,2027-04-20,42160.0,1000000.0,Monthly,Active,2,Low,A0057,Online
POL000385,C00762,Life,2025-08-11,2040-08-11,215340.0,12030000.0,Monthly,Active,15,Medium,A0033,Agent
POL000386,C02150,Health,2023-03-23,2025-03-23,23380.0,500000.0,Annually,Expired,2,Low,A0016,Agent
POL000387,C02434,Motor,2023-12-24,2024-12-23,46150.0,1318700.0,Annually,Expired,1,Medium,A0065,Online
POL000388,C02568,Health,2024-09-14,2025-09-14,45730.0,1000000.0,Monthly,Expired,1,Low,A0016,Corporate
POL000389,C04278,Health,2023-12-09,2026-12-09,38590.0,1000000.0,Annually,Active,3,Low,A0050,Referral
POL000390,C01202,Health,2025-01-25,2028-01-25,34300.0,750000.0,Annually,Active,3,Low,A0013,Referral
POL000391,C04732,Health,2023-09-04,2025-09-04,98000.0,2000000.0,Quarterly,Expired,2,Medium,A0006,Online
POL000392,C01061,Life,2025-03-19,2040-03-19,43600.0,2259700.0,Monthly,Active,15,Low,A0004,Online
POL000393,C00764,Life,2024-06-08,2039-06-08,85130.0,4933400.0,Quarterly,Active,15,Low,A0067,Corporate
POL000394,C03446,Health,2024-10-25,2025-10-25,12800.0,300000.0,Annually,Expired,1,Low,A0081,Agent
POL000395,C02879,Motor,2024-10-10,2025-10-10,52310.0,1494500.0,Annually,Expired,1,Medium,A0100,Agent
POL000396,C02823,Home,2023-09-11,2028-09-11,5990.0,3202200.0,Annually,Active,5,Low,A0052,Online
POL000397,C00536,Motor,2025-09-30,2026-09-30,26180.0,748000.0,Annually,Active,1,Medium,A0016,Corporate
POL000398,C02053,Motor,2025-03-06,2026-03-06,16560.0,473200.0,Annually,Active,1,Medium,A0099,Bancassurance
POL000399,C00061,Health,2023-04-17,2025-04-17,32380.0,750000.0,Monthly,Lapsed,2,Low,A0056,Referral
POL000400,C01276,Motor,2023-01-13,2024-01-13,45120.0,1289100.0,Annually,Expired,1,Medium,A0036,Online
POL000401,C04635,Health,2023-05-24,2026-05-24,20060.0,500000.0,Annually,Active,3,Low,A0082,Agent
POL000402,C01127,Travel,2025-02-04,2025-03-09,9540.0,795000.0,Annually,Lapsed,1,Medium,A0056,Corporate
POL000403,C04310,Home,2024-11-06,2034-11-06,17450.0,7933300.0,Annually,Active,10,Medium,A0098,Online
POL000404,C02630,Motor,2024-11-20,2025-11-20,6460.0,184700.0,Annually,Expired,1,Medium,A0093,Agent
POL000405,C03683,Life,2024-02-03,2034-02-03,87040.0,4971000.0,Annually,Active,10,Low,A0014,Agent
POL000406,C03024,Travel,2024-04-27,2024-05-23,6700.0,558400.0,Annually,Expired,1,Medium,A0069,Agent
POL000407,C01111,Life,2023-09-29,2038-09-28,33720.0,2358200.0,Quarterly,Active,15,Medium,A0057,Online
POL000408,C02022,Health,2024-12-07,2025-12-07,79220.0,2000000.0,Annually,Lapsed,1,Low,A0042,Referral
POL000409,C03110,Home,2023-12-19,2028-12-19,4670.0,2496700.0,Annually,Active,5,Low,A0073,Online
POL000410,C00106,Motor,2023-03-05,2024-03-04,53800.0,1537300.0,Annually,Expired,1,Medium,A0013,Bancassurance
POL000411,C01673,Home,2024-03-20,2034-03-20,6390.0,2906200.0,Annually,Active,10,Medium,A0021,Online
POL000412,C03646,Health,2023-09-03,2024-09-03,22860.0,500000.0,Quarterly,Expired,1,Low,A0042,Online
POL000413,C01741,Motor,2023-09-27,2024-09-26,59040.0,1686900.0,Annually,Expired,1,Medium,A0032,Agent
POL000414,C01732,Health,2023-12-24,2024-12-24,112400.0,2000000.0,Quarterly,Expired,1,Medium,A0027,Corporate
POL000415,C04850,Health,2024-01-25,2026-01-25,17400.0,300000.0,Annually,Active,2,Medium,A0017,Agent
POL000416,C01721,Home,2023-11-20,2038-11-20,9770.0,5224500.0,Monthly,Active,15,Low,A0087,Agent
POL000417,C01455,Health,2023-01-07,2025-01-07,12360.0,300000.0,Monthly,Expired,2,Medium,A0092,Agent
POL000418,C01960,Life,2025-07-25,2045-07-25,31620.0,2211000.0,Quarterly,Active,20,Medium,A0096,Bancassurance
POL000419,C00298,Home,2025-04-17,2035-04-17,8060.0,4310500.0,Annually,Active,10,Low,A0046,Agent
POL000420,C03054,Life,2023-01-19,2033-01-19,62150.0,3308400.0,Quarterly,Active,10,Low,A0100,Online
POL000421,C01462,Motor,2023-11-14,2024-11-13,44190.0,1262500.0,Annually,Expired,1,Medium,A0092,Referral
POL000422,C01995,Home,2025-08-23,2030-08-23,12610.0,6740800.0,Annually,Active,5,Low,A0020,Corporate
POL000423,C04928,Life,2023-05-04,2038-05-04,50700.0,2735800.0,Monthly,Active,15,Low,A0081,Agent
POL000424,C01625,Travel,2024-02-08,2024-03-02,9770.0,626400.0,Annually,Expired,1,High,A0043,Referral
POL000425,C04431,Life,2023-06-02,2038-06-02,57190.0,3999000.0,Monthly,Active,15,Medium,A0073,Bancassurance
POL000426,C04316,Home,2023-04-24,2038-04-24,5020.0,2282300.0,Annually,Active,15,Medium,A0079,Agent
POL000427,C04962,Health,2023-03-14,2025-03-14,40800.0,750000.0,Monthly,Expired,2,Medium,A0053,Bancassurance
POL000428,C04737,Motor,2023-12-24,2024-12-23,42330.0,1209300.0,Annually,Expired,1,Medium,A0004,Bancassurance
POL000429,C00564,Motor,2023-07-08,2024-07-07,6720.0,191900.0,Annually,Expired,1,Medium,A0017,Agent
POL000430,C03528,Motor,2024-11-22,2025-11-22,40080.0,1145200.0,Monthly,Expired,1,Medium,A0087,Online
POL000431,C04136,Motor,2023-07-13,2024-07-12,50760.0,1450200.0,Monthly,Expired,1,Medium,A0030,Online
POL000432,C01101,Health,2025-02-25,2027-02-25,30860.0,750000.0,Monthly,Active,2,Low,A0007,Agent
POL000433,C04406,Health,2023-09-20,2024-09-20,62700.0,1500000.0,Quarterly,Expired,1,Medium,A0018,Corporate
POL000434,C02391,Life,2025-06-12,2040-06-12,57030.0,3165000.0,Annually,Active,15,Low,A0036,Agent
POL000435,C03751,Life,2025-05-02,2035-05-02,226730.0,9033000.0,Monthly,Active,10,Medium,A0091,Bancassurance
POL000436,C04016,Life,2025-01-02,2045-01-02,79450.0,4229200.0,Quarterly,Active,20,Low,A0064,Online
POL000437,C00622,Travel,2025-07-06,2025-08-24,10800.0,900400.0,Annually,Expired,1,Medium,A0010,Corporate
POL000438,C04271,Motor,2025-04-07,2026-04-07,56200.0,1605600.0,Annually,Active,1,Medium,A0041,Agent
POL000439,C00486,Home,2025-07-15,2040-07-15,14050.0,7513800.0,Monthly,Active,15,Low,A0050,Bancassurance
POL000440,C00415,Motor,2024-02-20,2025-02-19,45500.0,1300100.0,Annually,Expired,1,Medium,A0071,Referral
POL000441,C02821,Travel,2025-05-08,2025-05-23,4440.0,435000.0,Monthly,Expired,1,Low,A0050,Referral
POL000442,C03634,Motor,2024-12-24,2025-12-24,5610.0,188700.0,Annually,Expired,1,Low,A0081,Online
POL000443,C02607,Life,2023-10-12,2033-10-12,76550.0,4071600.0,Monthly,Active,10,Medium,A0069,Corporate
POL000444,C03723,Home,2024-06-07,2029-06-07,7760.0,4148700.0,Monthly,Lapsed,5,Low,A0047,Agent
POL000445,C00780,Home,2023-05-29,2033-05-28,7990.0,3631200.0,Annually,Active,10,Medium,A0015,Referral
POL000446,C03408,Motor,2023-08-13,2024-08-12,51200.0,1463000.0,Annually,Expired,1,Medium,A0041,Bancassurance
POL000447,C03665,Motor,2024-05-24,2025-05-24,31090.0,888400.0,Monthly,Expired,1,Medium,A0079,Online
POL000448,C03343,Life,2025-08-25,2040-08-25,150910.0,8877000.0,Annually,Cancelled,15,Low,A0067,Agent
POL000449,C02260,Life,2023-12-21,2048-12-21,70170.0,4771500.0,Monthly,Active,25,Low,A0052,Agent
POL000450,C03414,Health,2025-02-08,2027-02-08,31620.0,750000.0,Monthly,Active,2,Low,A0098,Referral
POL000451,C01193,Motor,2025-09-22,2026-09-22,20730.0,592200.0,Annually,Active,1,Medium,A0085,Agent
POL000452,C00171,Life,2024-01-17,2034-01-17,503570.0,18720000.0,Monthly,Active,10,Medium,A0100,Agent
POL000453,C00729,Home,2025-03-07,2026-03-07,10010.0,5351900.0,Annually,Active,1,Low,A0006,Corporate
POL000454,C02056,Life,2024-05-18,2034-05-18,122910.0,5208000.0,Annually,Active,10,Medium,A0025,Corporate
POL000455,C01647,Travel,2023-11-28,2024-01-05,1500.0,95300.0,Annually,Expired,1,Medium,A0017,Online
POL000456,C02405,Life,2024-01-12,2044-01-12,98090.0,4953000.0,Annually,Active,20,Low,A0011,Referral
POL000457,C02569,Health,2025-08-28,2028-08-28,40120.0,1000000.0,Quarterly,Cancelled,3,Low,A0004,Agent
POL000458,C00520,Life,2024-07-29,2044-07-28,64630.0,4812000.0,Annually,Active,20,Low,A0099,Referral
POL000459,C00114,Life,2024-08-13,2044-08-13,167250.0,8490000.0,Monthly,Active,20,Medium,A0008,Online
POL000460,C03602,Health,2025-07-16,2028-07-16,25400.0,500000.0,Annually,Active,3,Medium,A0039,Agent
POL000461,C02238,Health,2023-06-06,2025-06-06,82280.0,2000000.0,Quarterly,Expired,2,Low,A0072,Referral
POL000462,C03743,Motor,2023-08-30,2024-08-29,53630.0,1532300.0,Annually,Expired,1,Medium,A0093,Agent
POL000463,C04059,Life,2025-01-13,2050-01-13,103250.0,4618700.0,Quarterly,Active,25,Low,A0083,Referral
POL000464,C02152,Health,2023-03-09,2024-03-09,80240.0,2000000.0,Annually,Lapsed,1,Low,A0053,Corporate
POL000465,C01339,Motor,2024-03-31,2025-03-31,40740.0,1164100.0,Annually,Expired,1,Medium,A0074,Referral
POL000466,C02231,Health,2024-12-29,2026-12-28,17760.0,300000.0,Annually,Active,2,Medium,A0013,Referral
POL000467,C02793,Travel,2025-08-17,2025-09-18,7550.0,740000.0,Annually,Expired,1,Low,A0074,Online
POL000468,C00648,Motor,2023-10-12,2024-10-11,44860.0,985800.0,Annually,Expired,1,High,A0051,Online
POL000469,C00692,Home,2025-01-26,2026-01-26,10490.0,4767000.0,Annually,Active,1,Medium,A0026,Bancassurance
POL000470,C00188,Motor,2025-01-10,2026-01-10,61140.0,1746900.0,Annually,Active,1,Medium,A0005,Online
POL000471,C00933,Health,2023-02-21,2024-02-21,14160.0,300000.0,Annually,Expired,1,Medium,A0026,Online
POL000472,C04293,Motor,2023-07-19,2024-07-18,26960.0,770400.0,Annually,Expired,1,Medium,A0001,Agent
POL000473,C01561,Motor,2023-08-02,2024-08-01,5930.0,169400.0,Annually,Expired,1,Medium,A0071,Referral
POL000474,C04566,Health,2025-10-01,2027-10-01,17580.0,300000.0,Annually,Cancelled,2,Medium,A0036,Online
POL000475,C02405,Health,2024-11-10,2025-11-10,55600.0,1000000.0,Annually,Lapsed,1,Medium,A0036,Agent
POL000476,C00927,Health,2025-07-25,2028-07-25,11280.0,300000.0,Monthly,Active,3,Medium,A0050,Corporate
POL000477,C01545,Health,2023-01-16,2024-01-16,29320.0,750000.0,Annually,Expired,1,Low,A0077,Referral
POL000478,C00301,Health,2025-02-21,2026-02-21,43050.0,750000.0,Monthly,Active,1,Medium,A0052,Agent
POL000479,C03783,Life,2023-03-11,2048-03-11,91940.0,3752800.0,Monthly,Active,25,Medium,A0046,Online
POL000480,C03138,Motor,2025-09-09,2026-09-09,50340.0,1438400.0,Annually,Active,1,Medium,A0023,Referral
POL000481,C00385,Life,2025-05-06,2050-05-06,77100.0,4236000.0,Monthly,Active,25,Medium,A0078,Bancassurance
POL000482,C00090,Motor,2025-01-11,2026-01-11,44210.0,1263100.0,Monthly,Active,1,Medium,A0082,Corporate
POL000483,C03129,Home,2024-08-31,2029-08-28,13110.0,7011600.0,Monthly,Active,5,Low,A0050,Agent
POL000484,C01853,Health,2025-08-16,2026-08-16,22350.0,500000.0,Annually,Cancelled,1,Low,A0045,Agent
POL000485,C03255,Home,2024-07-08,2034-07-08,6720.0,3595200.0,Annually,Lapsed,10,Low,A0018,Agent
POL000486,C00533,Motor,2024-12-17,2025-12-17,14140.0,403900.0,Annually,Expired,1,Medium,A0008,Online
POL000487,C04663,Health,2024-03-16,2027-03-16,13570.0,300000.0,Monthly,Active,3,Low,A0044,Online
POL000488,C04188,Life,2023-05-28,2053-05-28,73710.0,4188000.0,Annually,Active,30,Medium,A0072,Online
POL000489,C00969,Motor,2025-01-23,2026-01-23,27260.0,778900.0,Annually,Active,1,Medium,A0090,Online
POL000490,C02259,Travel,2023-04-12,2023-05-08,1500.0,139200.0,Annually,Expired,1,Low,A0070,Online
POL000491,C03772,Home,2024-01-20,2039-01-20,11420.0,6105800.0,Annually,Active,15,Low,A0024,Agent
POL000492,C04351,Motor,2025-07-24,2026-07-24,47080.0,1345000.0,Annually,Active,1,Medium,A0017,Agent
POL000493,C02579,Health,2023-04-05,2024-04-05,33530.0,750000.0,Monthly,Expired,1,Low,A0008,Agent
POL000494,C00258,Health,2024-01-15,2027-01-15,12720.0,300000.0,Annually,Cancelled,3,Medium,A0005,Online
POL000495,C03293,Home,2024-07-14,2029-07-14,2860.0,1528600.0,Annually,Active,5,Low,A0085,Corporate
POL000496,C03507,Health,2024-07-26,2027-07-26,31240.0,750000.0,Annually,Active,3,Low,A0016,Corporate
POL000497,C01302,Travel,2025-02-22,2025-04-18,5550.0,462300.0,Annually,Expired,1,Medium,A0080,Corporate
POL000498,C03769,Travel,2024-11-02,2024-11-24,8870.0,739100.0,Annually,Expired,1,Medium,A0035,Online
POL000499,C03492,Home,2023-10-11,2028-10-11,12800.0,6843400.0,Monthly,Active,5,Low,A0033,Referral
POL000500,C02362,Health,2024-05-22,2025-05-22,17940.0,300000.0,Monthly,Expired,1,Medium,A0006,Bancassurance
POL000501,C04258,Home,2025-09-07,2035-09-07,10800.0,5777800.0,Annually,Active,10,Low,A0034,Online
POL000502,C00083,Life,2025-02-06,2045-02-06,56990.0,3303000.0,Monthly,Active,20,Low,A0064,Online
POL000503,C03565,Health,2023-04-06,2024-04-06,89600.0,2000000.0,Monthly,Expired,1,Medium,A0080,Agent
POL000504,C01082,Health,2025-01-06,2026-01-06,28700.0,500000.0,Quarterly,Active,1,Medium,A0078,Online
POL000505,C00642,Home,2025-03-18,2026-03-18,4960.0,2256300.0,Annually,Active,1,Medium,A0039,Online
POL000506,C03308,Health,2023-04-07,2025-04-07,24500.0,500000.0,Annually,Expired,2,Medium,A0033,Online
POL000507,C02897,Motor,2025-08-11,2026-08-11,9460.0,270200.0,Annually,Lapsed,1,Medium,A0042,Agent
POL000508,C04761,Motor,2024-09-20,2025-09-20,23300.0,665900.0,Annually,Expired,1,Medium,A0025,Bancassurance
POL000509,C02144,Motor,2024-11-26,2025-11-26,61970.0,1770600.0,Annually,Expired,1,Medium,A0091,Bancassurance
POL000510,C01408,Life,2024-04-23,2039-04-23,84670.0,4221000.0,Quarterly,Cancelled,15,Low,A0050,Online
POL000511,C02510,Health,2023-10-03,2026-10-03,79300.0,1000000.0,Monthly,Active,3,High,A0098,Online
POL000512,C00094,Travel,2023-07-13,2023-09-10,5960.0,496600.0,Annually,Expired,1,Medium,A0035,Agent
POL000513,C02662,Motor,2023-04-13,2024-04-12,45410.0,1297400.0,Monthly,Expired,1,Medium,A0043,Corporate
POL000514,C02400,Home,2024-04-21,2034-04-21,14460.0,7732400.0,Annually,Active,10,Low,A0041,Online
POL000515,C01317,Life,2023-09-09,2053-09-09,71320.0,4786300.0,Annually,Active,30,Medium,A0069,Corporate
POL000516,C01218,Health,2024-03-16,2025-03-16,105200.0,2000000.0,Monthly,Expired,1,Medium,A0057,Corporate
POL000517,C04657,Health,2025-01-18,2026-01-18,10810.0,300000.0,Monthly,Active,1,Low,A0007,Agent
POL000518,C03074,Motor,2024-05-11,2025-05-11,18650.0,627000.0,Annually,Expired,1,Low,A0061,Agent
POL000519,C01510,Travel,2025-03-03,2025-03-15,9740.0,954700.0,Annually,Expired,1,Low,A0044,Agent
POL000520,C04551,Motor,2025-06-30,2026-06-30,43230.0,1235100.0,Annually,Active,1,Medium,A0090,Online
POL000521,C02779,Home,2023-11-30,2033-11-28,9550.0,4342500.0,Annually,Lapsed,10,Medium,A0033,Online
POL000522,C04832,Life,2024-02-22,2034-02-22,46160.0,3228000.0,Monthly,Lapsed,10,Medium,A0023,Corporate
POL000523,C03946,Health,2023-04-03,2026-04-03,90800.0,2000000.0,Quarterly,Active,3,Medium,A0045,Agent
POL000524,C01098,Motor,2023-12-02,2024-12-01,62250.0,1778600.0,Annually,Expired,1,Medium,A0041,Bancassurance
POL000525,C04521,Motor,2024-02-21,2025-02-20,40010.0,1344900.0,Annually,Expired,1,Low,A0035,Agent
POL000526,C04812,Motor,2024-12-01,2025-12-01,12380.0,353800.0,Annually,Expired,1,Medium,A0045,Online
POL000527,C01796,Health,2024-12-06,2025-12-06,18280.0,500000.0,Quarterly,Lapsed,1,Low,A0014,Online
POL000528,C02383,Home,2025-09-22,2040-09-22,11790.0,6305200.0,Annually,Active,15,Low,A0075,Online
POL000529,C00121,Health,2023-10-06,2025-10-06,59480.0,750000.0,Monthly,Expired,2,High,A0065,Bancassurance
POL000530,C02269,Health,2024-06-27,2025-06-27,13570.0,300000.0,Annually,Lapsed,1,Low,A0033,Online
POL000531,C02655,Motor,2023-10-30,2024-10-29,37540.0,1072500.0,Annually,Expired,1,Medium,A0043,Agent
POL000532,C02937,Travel,2023-09-06,2023-10-14,9320.0,776300.0,Annually,Expired,1,Medium,A0016,Online
POL000533,C03484,Health,2024-10-12,2026-10-12,62480.0,1500000.0,Quarterly,Active,2,Low,A0100,Bancassurance
POL000534,C00612,Motor,2024-01-05,2025-01-04,53600.0,1531400.0,Annually,Lapsed,1,Medium,A0038,Referral
POL000535,C00220,Health,2024-08-17,2026-08-17,37600.0,1000000.0,Monthly,Active,2,Medium,A0046,Bancassurance
POL000536,C02778,Health,2025-06-01,2026-06-01,31700.0,500000.0,Annually,Active,1,Medium,A0094,Referral
POL000537,C03079,Travel,2023-01-05,2023-02-04,1500.0,80000.0,Annually,Lapsed,1,Low,A0011,Bancassurance
POL000538,C02393,Motor,2025-08-06,2026-08-06,62190.0,1776900.0,Annually,Active,1,Medium,A0090,Agent
POL000539,C02181,Health,2024-08-21,2025-08-21,41700.0,750000.0,Quarterly,Expired,1,Medium,A0091,Online
POL000540,C02944,Health,2024-10-20,2026-10-20,13260.0,300000.0,Annually,Active,2,Low,A0074,Online
POL000541,C02277,Home,2024-06-18,2039-06-18,6230.0,2833300.0,Annually,Active,15,Medium,A0082,Referral
POL000542,C01192,Health,2023-10-30,2025-10-28,71700.0,1500000.0,Quarterly,Expired,2,Medium,A0013,Referral
POL000543,C02304,Motor,2024-03-10,2025-03-10,49190.0,1405300.0,Monthly,Expired,1,Medium,A0066,Agent
POL000544,C01424,Motor,2024-12-03,2025-12-03,74550.0,1638500.0,Annually,Expired,1,High,A0084,Bancassurance
POL000545,C03333,Health,2024-01-27,2025-01-27,37200.0,750000.0,Annually,Expired,1,Medium,A0100,Online
POL000546,C01491,Motor,2023-11-12,2024-11-11,55600.0,1588500.0,Annually,Lapsed,1,Medium,A0051,Online
POL000547,C01130,Travel,2023-04-28,2023-06-04,7190.0,705200.0,Annually,Expired,1,Low,A0088,Agent
POL000548,C01658,Home,2025-08-23,2026-08-23,10550.0,4797300.0,Annually,Active,1,Medium,A0075,Bancassurance
POL000549,C04922,Home,2023-02-18,2033-02-18,4830.0,2583300.0,Annually,Active,10,Low,A0087,Online
POL000550,C00287,Health,2025-05-21,2026-05-21,28400.0,500000.0,Monthly,Active,1,Medium,A0084,Online
POL000551,C02634,Home,2025-03-19,2026-03-19,14380.0,6534100.0,Annually,Active,1,Medium,A0078,Online
POL000552,C03252,Life,2025-02-09,2045-02-09,41840.0,3371700.0,Annually,Cancelled,20,Low,A0008,Agent
POL000553,C04316,Health,2024-03-01,2025-03-01,28650.0,750000.0,Quarterly,Expired,1,Medium,A0072,Bancassurance
POL000554,C01878,Health,2023-07-13,2025-07-13,13720.0,300000.0,Annually,Expired,2,Low,A0053,Referral
POL000555,C00107,Health,2024-03-21,2025-03-21,26600.0,500000.0,Annually,Expired,1,Medium,A0050,Agent
POL000556,C03428,Motor,2023-10-26,2024-10-25,39580.0,1130900.0,Annually,Expired,1,Medium,A0051,Online
POL000557,C00369,Health,2023-06-30,2024-06-28,19040.0,500000.0,Annually,Expired,1,Low,A0021,Agent
POL000558,C04738,Home,2024-07-31,2039-07-28,12410.0,6638000.0,Annually,Lapsed,15,Low,A0069,Agent
POL000559,C02460,Home,2025-05-28,2026-05-28,5300.0,2407800.0,Annually,Active,1,Medium,A0038,Agent
POL000560,C04585,Health,2023-10-30,2024-10-28,29000.0,500000.0,Monthly,Expired,1,Medium,A0046,Bancassurance
POL000561,C03654,Health,2024-11-26,2026-11-26,12190.0,300000.0,Monthly,Active,2,Low,A0006,Online
POL000562,C00050,Motor,2024-02-06,2025-02-05,40230.0,884200.0,Annually,Lapsed,1,High,A0077,Agent
POL000563,C04958,Motor,2023-09-12,2024-09-11,5740.0,163900.0,Annually,Expired,1,Medium,A0100,Agent
POL000564,C01460,Travel,2025-03-12,2025-04-23,5380.0,527100.0,Annually,Lapsed,1,Low,A0044,Bancassurance
POL000565,C01869,Home,2024-01-29,2029-01-28,14330.0,7665600.0,Annually,Active,5,Low,A0022,Agent
POL000566,C02993,Health,2024-03-01,2025-03-01,76960.0,1000000.0,Annually,Expired,1,High,A0074,Online
POL000567,C02325,Health,2023-09-03,2025-09-03,31700.0,500000.0,Quarterly,Expired,2,Medium,A0039,Online
POL000568,C02752,Health,2025-06-29,2027-06-28,41650.0,1000000.0,Monthly,Lapsed,2,Low,A0040,Corporate
POL000569,C03199,Travel,2023-04-15,2023-05-15,6710.0,558800.0,Annually,Expired,1,Medium,A0064,Agent
POL000570,C01804,Motor,2024-08-25,2025-08-25,71500.0,1571400.0,Monthly,Expired,1,High,A0070,Agent
POL000571,C03076,Health,2023-01-24,2025-01-24,30200.0,500000.0,Monthly,Expired,2,Medium,A0037,Bancassurance
POL000572,C04046,Home,2025-06-16,2040-06-16,9620.0,4373300.0,Annually,Active,15,Medium,A0067,Bancassurance
POL000573,C00655,Life,2024-04-03,2049-04-03,45060.0,2038800.0,Monthly,Active,25,Low,A0019,Agent
POL000574,C04098,Motor,2023-07-01,2024-06-30,19740.0,663500.0,Annually,Expired,1,Low,A0025,Bancassurance
POL000575,C01629,Health,2024-12-19,2025-12-19,14340.0,300000.0,Annually,Expired,1,Medium,A0091,Bancassurance
POL000576,C03392,Home,2025-01-21,2026-01-21,9770.0,4443200.0,Annually,Active,1,Medium,A0094,Online
POL000577,C02173,Life,2023-11-09,2043-11-09,62310.0,3611300.0,Quarterly,Active,20,Low,A0082,Agent
POL000578,C02125,Home,2024-02-19,2039-02-19,5630.0,2557800.0,Annually,Active,15,Medium,A0078,Corporate
POL000579,C02177,Travel,2025-01-09,2025-02-25,3270.0,321000.0,Annually,Expired,1,Low,A0038,Agent
POL000580,C01112,Motor,2023-05-16,2024-05-15,53220.0,1520400.0,Annually,Expired,1,Medium,A0087,Agent
POL000581,C01935,Home,2023-09-03,2028-09-03,5160.0,2347300.0,Monthly,Active,5,Medium,A0061,Agent
POL000582,C01703,Travel,2025-02-27,2025-04-15,2520.0,246600.0,Annually,Expired,1,Low,A0056,Online
POL000583,C02622,Motor,2023-10-31,2024-10-30,54470.0,1556400.0,Annually,Lapsed,1,Medium,A0021,Agent
POL000584,C04647,Life,2025-08-15,2040-08-15,280040.0,13614000.0,Monthly,Active,15,Low,A0042,Agent
POL000585,C04660,Motor,2023-03-16,2024-03-15,20450.0,584200.0,Annually,Expired,1,Medium,A0078,Agent
POL000586,C01118,Health,2025-04-05,2026-04-05,24800.0,500000.0,Annually,Active,1,Medium,A0083,Online
POL000587,C04339,Motor,2025-07-26,2026-07-26,8950.0,255900.0,Monthly,Active,1,Medium,A0035,Agent
POL000588,C01001,Life,2025-01-21,2050-01-21,111670.0,4246000.0,Annually,Active,25,Medium,A0006,Agent
POL000589,C02814,Home,2024-08-10,2029-08-10,11160.0,5968400.0,Annually,Active,5,Low,A0094,Online
POL000590,C00416,Health,2024-11-29,2026-11-28,70800.0,1500000.0,Monthly,Active,2,Medium,A0051,Corporate
POL000591,C00537,Motor,2023-10-18,2024-10-17,51990.0,1485300.0,Monthly,Expired,1,Medium,A0078,Agent
POL000592,C00272,Health,2024-01-13,2027-01-13,20000.0,500000.0,Quarterly,Active,3,Medium,A0005,Agent
POL000593,C03113,Motor,2023-08-19,2024-08-18,5990.0,171000.0,Monthly,Lapsed,1,Medium,A0086,Agent
POL000594,C03588,Life,2025-07-30,2040-07-28,81410.0,3683800.0,Annually,Active,15,Medium,A0074,Online
POL000595,C02155,Home,2023-07-14,2024-07-14,5900.0,2679800.0,Monthly,Expired,1,Medium,A0047,Bancassurance
POL000596,C02414,Health,2024-11-01,2025-11-01,18780.0,500000.0,Monthly,Lapsed,1,Low,A0033,Agent
POL000597,C02180,Motor,2024-03-25,2025-03-25,19190.0,548200.0,Annually,Expired,1,Medium,A0068,Online
POL000598,C03653,Health,2023-01-17,2025-01-17,16320.0,300000.0,Annually,Expired,2,Medium,A0094,Agent
POL000599,C04105,Motor,2023-09-22,2024-09-21,15300.0,437000.0,Annually,Expired,1,Medium,A0067,Corporate
POL000600,C01887,Health,2023-05-27,2026-05-27,44400.0,750000.0,Monthly,Active,3,Medium,A0051,Referral
POL000601,C03867,Home,2024-03-26,2034-03-26,1770.0,945700.0,Annually,Active,10,Low,A0055,Online
POL000602,C01038,Motor,2023-03-23,2024-03-22,31820.0,909200.0,Annually,Lapsed,1,Medium,A0038,Agent
POL000603,C03463,Health,2023-08-18,2024-08-18,29550.0,750000.0,Annually,Expired,1,Medium,A0036,Agent
POL000604,C00125,Health,2023-02-04,2026-02-04,86360.0,2000000.0,Monthly,Active,3,Low,A0061,Agent
POL000605,C04237,Motor,2025-06-03,2026-06-03,56500.0,1614200.0,Annually,Active,1,Medium,A0022,Online
POL000606,C02856,Health,2024-03-31,2025-03-28,58650.0,1500000.0,Quarterly,Expired,1,Low,A0071,Referral
POL000607,C01699,Home,2023-10-14,2028-10-14,13240.0,6017100.0,Annually,Active,5,Medium,A0013,Agent
POL000608,C04338,Motor,2024-02-15,2025-02-14,22060.0,630300.0,Annually,Expired,1,Medium,A0004,Bancassurance
POL000609,C01415,Motor,2024-06-15,2025-06-15,50200.0,1103300.0,Annually,Expired,1,High,A0041,Corporate
POL000610,C00673,Home,2024-01-20,2029-01-20,14990.0,6815800.0,Annually,Active,5,Medium,A0083,Agent
POL000611,C03762,Life,2024-12-13,2054-12-13,44710.0,2670000.0,Monthly,Active,30,Low,A0010,Agent
POL000612,C00580,Motor,2023-07-26,2024-07-25,40330.0,886500.0,Annually,Expired,1,High,A0023,Online
POL000613,C02992,Health,2024-07-12,2026-07-12,75200.0,2000000.0,Annually,Active,2,Medium,A0095,Agent
POL000614,C01316,Motor,2024-11-18,2025-11-18,52690.0,1505500.0,Annually,Expired,1,Medium,A0017,Corporate
POL000615,C01150,Motor,2023-05-19,2024-05-18,12750.0,364400.0,Annually,Lapsed,1,Medium,A0071,Agent
POL000616,C01706,Home,2023-08-31,2038-08-28,9640.0,5154300.0,Annually,Active,15,Low,A0095,Online
POL000617,C01211,Health,2023-08-25,2026-08-25,35400.0,750000.0,Annually,Lapsed,3,Medium,A0061,Agent
POL000618,C00098,Health,2025-07-03,2026-07-03,33920.0,750000.0,Monthly,Active,1,Low,A0051,Referral
POL000619,C00697,Life,2025-02-24,2040-02-24,168550.0,6636000.0,Monthly,Active,15,Medium,A0100,Bancassurance
POL000620,C01347,Life,2024-11-22,2044-11-22,81780.0,3510000.0,Quarterly,Active,20,Medium,A0080,Online
POL000621,C04707,Health,2023-07-12,2024-07-12,13620.0,300000.0,Quarterly,Expired,1,Medium,A0065,Corporate
POL000622,C00544,Motor,2024-07-12,2025-07-12,30120.0,860600.0,Annually,Expired,1,Medium,A0073,Agent
POL000623,C03156,Motor,2024-01-27,2025-01-26,43280.0,1236700.0,Monthly,Expired,1,Medium,A0066,Referral
POL000624,C04476,Motor,2024-11-16,2025-11-16,8820.0,252100.0,Annually,Expired,1,Medium,A0031,Corporate
POL000625,C00130,Motor,2023-06-29,2024-06-28,22990.0,656900.0,Monthly,Lapsed,1,Medium,A0076,Bancassurance
POL000626,C03730,Health,2024-05-15,2025-05-15,37200.0,750000.0,Annually,Expired,1,Medium,A0052,Agent
POL000627,C04742,Health,2023-03-22,2025-03-22,35850.0,750000.0,Monthly,Expired,2,Medium,A0018,Agent
POL000628,C02244,Life,2025-08-06,2035-08-06,40870.0,1554000.0,Quarterly,Active,10,Medium,A0009,Online
POL000629,C01752,Motor,2024-03-29,2025-03-29,61650.0,1354900.0,Annually,Expired,1,High,A0052,Online
POL000630,C04880,Motor,2025-09-12,2026-09-12,31830.0,909600.0,Annually,Cancelled,1,Medium,A0020,Online
POL000631,C02127,Motor,2025-05-29,2026-05-29,27050.0,772800.0,Monthly,Active,1,Medium,A0017,Corporate
POL000632,C02501,Home,2025-03-06,2026-03-06,12130.0,6487500.0,Annually,Active,1,Low,A0082,Agent
POL000633,C01318,Motor,2024-03-14,2025-03-14,33960.0,970400.0,Annually,Expired,1,Medium,A0061,Corporate
POL000634,C03902,Health,2024-12-06,2026-12-06,33920.0,750000.0,Quarterly,Active,2,Low,A0071,Online
POL000635,C01275,Life,2023-09-15,2038-09-15,40020.0,2163300.0,Annually,Active,15,Medium,A0019,Agent
POL000636,C02906,Life,2024-02-29,2044-02-28,128040.0,7953000.0,Annually,Cancelled,20,Medium,A0054,Online
POL000637,C04723,Motor,2024-12-01,2025-12-01,42390.0,1211200.0,Annually,Expired,1,Medium,A0094,Agent
POL000638,C02334,Health,2025-06-07,2026-06-07,41650.0,1000000.0,Quarterly,Active,1,Low,A0043,Bancassurance
POL000639,C01180,Health,2024-01-20,2026-01-20,17510.0,500000.0,Quarterly,Cancelled,2,Low,A0057,Agent
POL000640,C04219,Health,2025-03-29,2028-03-28,161720.0,2000000.0,Quarterly,Active,3,High,A0067,Online
POL000641,C02507,Life,2023-12-30,2033-12-28,58180.0,2976000.0,Quarterly,Active,10,Low,A0090,Online
POL000642,C03775,Health,2024-10-24,2025-10-24,33150.0,750000.0,Quarterly,Expired,1,Medium,A0066,Bancassurance
POL000643,C02061,Motor,2024-11-21,2025-11-21,14430.0,412200.0,Annually,Expired,1,Medium,A0028,Agent
POL000644,C04508,Health,2024-01-06,2026-01-06,25700.0,500000.0,Quarterly,Active,2,Medium,A0021,Bancassurance
POL000645,C02189,Health,2025-05-22,2026-05-22,14020.0,300000.0,Annually,Active,1,Low,A0089,Referral
POL000646,C03242,Motor,2023-04-01,2024-03-31,48930.0,1397900.0,Annually,Lapsed,1,Medium,A0085,Online
POL000647,C02477,Health,2023-06-24,2025-06-24,37060.0,1000000.0,Monthly,Expired,2,Low,A0051,Online
POL000648,C01001,Life,2023-10-25,2043-10-25,55980.0,2128400.0,Quarterly,Active,20,Medium,A0053,Online
POL000649,C02495,Life,2024-07-21,2034-07-21,109930.0,6879000.0,Quarterly,Lapsed,10,Low,A0038,Referral
POL000650,C04799,Health,2023-01-17,2024-01-17,22100.0,500000.0,Annually,Expired,1,Low,A0097,Online
POL000651,C01540,Motor,2024-10-20,2025-10-20,13180.0,376500.0,Annually,Lapsed,1,Medium,A0046,Agent
POL000652,C04573,Health,2025-03-10,2026-03-10,28180.0,750000.0,Annually,Active,1,Low,A0089,Agent
POL000653,C02218,Home,2024-01-20,2029-01-20,11160.0,5968200.0,Annually,Lapsed,5,Low,A0014,Online
POL000654,C03076,Motor,2023-12-15,2024-12-14,22810.0,651800.0,Annually,Expired,1,Medium,A0098,Bancassurance
POL000655,C02850,Motor,2023-03-21,2024-03-20,56730.0,1620800.0,Annually,Expired,1,Medium,A0100,Agent
POL000656,C02798,Health,2023-10-20,2025-10-20,28200.0,750000.0,Monthly,Expired,2,Medium,A0088,Online
POL000657,C02321,Home,2023-03-12,2028-03-12,10600.0,5668500.0,Monthly,Active,5,Low,A0087,Agent
POL000658,C01615,Health,2023-07-24,2024-07-24,41990.0,500000.0,Annually,Expired,1,High,A0088,Agent
POL000659,C01382,Life,2024-10-31,2039-10-28,57020.0,3458100.0,Quarterly,Active,15,Low,A0096,Online
POL000660,C03091,Health,2025-09-28,2027-09-28,70120.0,1500000.0,Annually,Active,2,Low,A0013,Bancassurance
POL000661,C00631,Health,2023-09-08,2024-09-08,49600.0,1000000.0,Annually,Expired,1,Medium,A0086,Online
POL000662,C04431,Motor,2024-04-25,2025-04-25,47320.0,1351900.0,Annually,Expired,1,Medium,A0031,Agent
POL000663,C04627,Travel,2025-06-18,2025-07-17,9390.0,920600.0,Annually,Expired,1,Low,A0082,Agent
POL000664,C03702,Health,2023-06-28,2024-06-28,86100.0,1500000.0,Annually,Expired,1,Medium,A0004,Agent
POL000665,C00512,Motor,2024-03-29,2025-03-29,23570.0,673400.0,Annually,Expired,1,Medium,A0013,Agent
POL000666,C04276,Motor,2024-10-30,2025-10-30,30020.0,659700.0,Annually,Expired,1,High,A0069,Agent
POL000667,C03066,Motor,2025-04-13,2026-04-13,42820.0,1223300.0,Annually,Active,1,Medium,A0053,Online
POL000668,C01343,Motor,2025-04-14,2026-04-14,24770.0,707800.0,Annually,Active,1,Medium,A0026,Online
POL000669,C00344,Home,2025-07-23,2040-07-23,5310.0,2841700.0,Annually,Active,15,Low,A0013,Bancassurance
POL000670,C02183,Home,2025-07-02,2040-07-02,10770.0,5757400.0,Annually,Active,15,Low,A0050,Bancassurance
POL000671,C01029,Health,2023-06-06,2025-06-06,15600.0,300000.0,Monthly,Expired,2,Medium,A0036,Online
POL000672,C01682,Home,2023-09-16,2028-09-16,13050.0,6978200.0,Monthly,Active,5,Low,A0002,Bancassurance
POL000673,C04483,Motor,2023-08-29,2024-08-28,66440.0,1460200.0,Annually,Expired,1,High,A0081,Agent
POL000674,C02833,Home,2025-03-10,2030-03-10,7630.0,4080500.0,Annually,Active,5,Low,A0014,Agent
POL000675,C01930,Motor,2024-07-31,2025-07-31,79590.0,1749300.0,Annually,Expired,1,High,A0097,Online
POL000676,C04210,Health,2023-07-30,2024-07-28,32770.0,750000.0,Annually,Expired,1,Low,A0075,Online
POL000677,C04748,Life,2025-08-05,2050-08-05,393050.0,19080000.0,Annually,Active,25,Medium,A0098,Online
POL000678,C00162,Motor,2024-01-30,2025-01-29,60250.0,1721500.0,Annually,Lapsed,1,Medium,A0036,Agent
POL000679,C03108,Health,2023-05-15,2025-05-15,20060.0,500000.0,Monthly,Expired,2,Low,A0008,Online
POL000680,C04863,Health,2023-11-23,2026-11-23,12190.0,300000.0,Monthly,Active,3,Low,A0094,Online
POL000681,C01549,Home,2025-06-06,2030-06-06,15470.0,7033200.0,Annually,Active,5,Medium,A0099,Bancassurance
POL000682,C02187,Home,2023-12-01,2033-12-01,6020.0,3218400.0,Annually,Lapsed,10,Low,A0074,Agent
POL000683,C04313,Health,2025-02-20,2026-02-20,95100.0,1500000.0,Annually,Active,1,Medium,A0075,Bancassurance
POL000684,C00702,Health,2025-02-14,2027-02-14,12040.0,300000.0,Annually,Active,2,Low,A0053,Agent
POL000685,C01873,Health,2025-03-16,2027-03-16,11120.0,300000.0,Monthly,Active,2,Low,A0005,Referral
POL000686,C02030,Motor,2024-02-09,2025-02-08,45330.0,1295100.0,Monthly,Expired,1,Medium,A0066,Bancassurance
POL000687,C01562,Motor,2023-06-05,2024-06-04,62080.0,1773600.0,Annually,Lapsed,1,Medium,A0007,Online
POL000688,C01683,Motor,2024-08-30,2025-08-30,23260.0,664500.0,Monthly,Expired,1,Medium,A0013,Agent
POL000689,C01618,Health,2024-02-19,2027-02-19,56400.0,1500000.0,Annually,Active,3,Medium,A0047,Agent
POL000690,C03626,Health,2023-10-18,2024-10-18,18300.0,300000.0,Monthly,Expired,1,Medium,A0045,Online
POL000691,C01845,Health,2025-04-18,2026-04-18,12650.0,300000.0,Monthly,Active,1,Low,A0100,Agent
POL000692,C03330,Health,2023-01-20,2026-01-20,34680.0,750000.0,Quarterly,Active,3,Low,A0047,Bancassurance
POL000693,C01789,Health,2023-01-08,2026-01-08,60000.0,1500000.0,Annually,Active,3,Medium,A0021,Agent
POL000694,C00262,Health,2023-08-01,2026-08-01,43180.0,1000000.0,Annually,Lapsed,3,Low,A0021,Agent
POL000695,C01419,Life,2024-01-20,2044-01-20,60270.0,2967000.0,Annually,Active,20,Low,A0054,Bancassurance
POL000696,C03350,Health,2023-02-24,2024-02-24,101600.0,2000000.0,Monthly,Lapsed,1,Medium,A0053,Agent
POL000697,C04991,Health,2025-03-26,2026-03-26,37650.0,750000.0,Annually,Active,1,Medium,A0097,Bancassurance
POL000698,C02124,Motor,2025-06-26,2026-06-26,54570.0,1559300.0,Annually,Active,1,Medium,A0040,Online
POL000699,C04357,Travel,2025-04-03,2025-05-28,7040.0,586800.0,Annually,Expired,1,Medium,A0044,Corporate
POL000700,C01296,Travel,2024-11-23,2025-01-17,7020.0,584700.0,Annually,Expired,1,Medium,A0042,Bancassurance
POL000701,C00242,Motor,2023-01-22,2024-01-22,13780.0,393800.0,Monthly,Expired,1,Medium,A0017,Agent
POL000702,C01775,Life,2025-09-23,2035-09-23,58380.0,3653100.0,Annually,Active,10,Low,A0071,Online
POL000703,C03349,Motor,2024-06-18,2025-06-18,14960.0,427500.0,Annually,Expired,1,Medium,A0069,Agent
POL000704,C00366,Life,2025-08-05,2050-08-05,64310.0,4024200.0,Monthly,Active,25,Low,A0085,Bancassurance
POL000705,C02974,Motor,2025-07-15,2026-07-15,37170.0,817000.0,Annually,Active,1,High,A0007,Online
POL000706,C02510,Motor,2023-10-19,2024-10-18,46840.0,1029400.0,Annually,Expired,1,High,A0070,Agent
POL000707,C00966,Home,2024-02-04,2025-02-04,4130.0,2208000.0,Annually,Expired,1,Low,A0077,Online
POL000708,C00248,Motor,2025-03-27,2026-03-27,48910.0,1397300.0,Monthly,Active,1,Medium,A0022,Agent
POL000709,C03220,Motor,2025-01-07,2026-01-07,57610.0,1266200.0,Annually,Active,1,High,A0089,Referral
POL000710,C00040,Health,2025-06-06,2026-06-06,38090.0,500000.0,Monthly,Active,1,High,A0045,Corporate
POL000711,C04361,Health,2025-08-26,2026-08-26,22610.0,500000.0,Monthly,Active,1,Low,A0097,Agent
POL000712,C00312,Health,2025-05-08,2026-05-08,22400.0,500000.0,Monthly,Active,1,Medium,A0044,Corporate
POL000713,C00143,Life,2023-10-02,2048-10-02,231540.0,11577000.0,Annually,Active,25,Medium,A0020,Agent
POL000714,C01862,Health,2024-02-04,2026-02-04,41140.0,1000000.0,Monthly,Active,2,Low,A0039,Online
POL000715,C00354,Travel,2025-06-10,2025-08-03,1500.0,141000.0,Annually,Expired,1,Low,A0044,Online
POL000716,C03284,Health,2024-02-13,2026-02-13,18660.0,300000.0,Annually,Active,2,Medium,A0029,Corporate
POL000717,C02623,Health,2024-05-01,2026-05-01,31400.0,500000.0,Monthly,Active,2,Medium,A0081,Agent
POL000718,C03707,Life,2023-02-13,2033-02-13,63400.0,3967300.0,Annually,Active,10,Low,A0083,Corporate
POL000719,C03477,Home,2025-09-26,2030-09-26,6080.0,3253800.0,Annually,Active,5,Low,A0027,Agent
POL000720,C01290,Home,2025-06-19,2040-06-19,6380.0,3412600.0,Annually,Active,15,Low,A0047,Agent
POL000721,C01122,Travel,2023-01-23,2023-02-11,6960.0,682100.0,Annually,Expired,1,Low,A0011,Agent
POL000722,C00862,Home,2024-09-15,2039-09-15,5520.0,2951400.0,Monthly,Lapsed,15,Low,A0007,Bancassurance
POL000723,C03721,Life,2023-08-31,2048-08-28,48000.0,1935700.0,Monthly,Active,25,Medium,A0093,Agent
POL000724,C02349,Health,2025-02-02,2027-02-02,46240.0,1000000.0,Quarterly,Active,2,Low,A0061,Agent
POL000725,C01530,Motor,2023-11-03,2024-11-02,53760.0,1536000.0,Annually,Expired,1,Medium,A0080,Online
POL000726,C01227,Life,2024-02-13,2039-02-13,145150.0,8538000.0,Annually,Lapsed,15,Low,A0043,Bancassurance
POL000727,C02053,Motor,2025-06-30,2026-06-30,60240.0,1721100.0,Annually,Active,1,Medium,A0056,Corporate
POL000728,C00290,Health,2023-03-08,2024-03-08,57400.0,1000000.0,Quarterly,Expired,1,Medium,A0033,Corporate
POL000729,C00360,Health,2024-12-23,2025-12-23,21840.0,500000.0,Monthly,Expired,1,Low,A0006,Online
POL000730,C00143,Health,2024-08-06,2025-08-06,36750.0,750000.0,Annually,Expired,1,Medium,A0039,Agent
POL000731,C03912,Motor,2023-03-04,2024-03-03,34210.0,977400.0,Annually,Expired,1,Medium,A0031,Agent
POL000732,C03554,Health,2023-02-28,2026-02-28,54210.0,750000.0,Annually,Active,3,High,A0031,Agent
POL000733,C04560,Life,2024-05-01,2034-05-01,74270.0,4149000.0,Quarterly,Active,10,Medium,A0093,Online
POL000734,C03862,Life,2024-11-08,2039-11-08,32540.0,2069500.0,Annually,Lapsed,15,Low,A0069,Agent
POL000735,C04479,Life,2024-11-14,2049-11-14,73960.0,4202100.0,Annually,Active,25,Medium,A0085,Agent
POL000736,C00773,Travel,2023-06-30,2023-08-17,5740.0,563100.0,Annually,Expired,1,Low,A0050,Bancassurance
POL000737,C00644,Motor,2023-02-03,2024-02-03,24360.0,696000.0,Annually,Lapsed,1,Medium,A0052,Agent
POL000738,C03462,Home,2023-12-09,2038-12-09,6480.0,3463800.0,Annually,Cancelled,15,Low,A0045,Agent
POL000739,C00341,Health,2024-08-13,2027-08-13,11880.0,300000.0,Quarterly,Active,3,Low,A0081,Corporate
POL000740,C02426,Health,2024-05-01,2026-05-01,12180.0,300000.0,Quarterly,Active,2,Medium,A0032,Agent
POL000741,C04368,Life,2024-05-15,2044-05-15,301840.0,14442000.0,Monthly,Lapsed,20,Medium,A0087,Online
POL000742,C03267,Life,2025-02-14,2040-02-14,28570.0,1998000.0,Monthly,Active,15,Medium,A0041,Corporate
POL000743,C04823,Motor,2024-03-16,2025-03-16,77150.0,1695700.0,Annually,Expired,1,High,A0013,Online
POL000744,C02792,Travel,2023-02-20,2023-03-01,11760.0,980000.0,Annually,Expired,1,Medium,A0018,Agent
POL000745,C04641,Home,2024-05-02,2034-05-02,5110.0,1787200.0,Annually,Active,10,High,A0065,Agent
POL000746,C00924,Life,2025-08-27,2040-08-27,93270.0,4709200.0,Quarterly,Active,15,Low,A0070,Bancassurance
POL000747,C03493,Life,2024-11-23,2039-11-23,170870.0,9096000.0,Quarterly,Active,15,Low,A0061,Corporate
POL000748,C03040,Motor,2024-03-03,2025-03-03,8850.0,252800.0,Annually,Expired,1,Medium,A0032,Online
POL000749,C04366,Travel,2025-05-05,2025-06-01,6600.0,647300.0,Annually,Expired,1,Low,A0033,Agent
POL000750,C02779,Motor,2023-03-02,2024-03-01,58880.0,1682400.0,Annually,Expired,1,Medium,A0057,Online
POL000751,C00315,Life,2024-05-29,2039-05-28,44810.0,2418000.0,Monthly,Active,15,Low,A0067,Bancassurance
POL000752,C04714,Health,2023-02-21,2024-02-21,24260.0,300000.0,Monthly,Expired,1,High,A0030,Agent
POL000753,C03651,Travel,2024-06-27,2024-07-02,4690.0,390900.0,Annually,Expired,1,Medium,A0083,Agent
POL000754,C04414,Home,2025-09-14,2040-09-14,5370.0,2872900.0,Annually,Lapsed,15,Low,A0006,Bancassurance
POL000755,C01850,Health,2024-04-27,2025-04-27,43950.0,750000.0,Annually,Expired,1,Medium,A0054,Agent
POL000756,C03553,Travel,2024-10-14,2024-11-10,7850.0,769500.0,Annually,Expired,1,Low,A0067,Bancassurance
POL000757,C02114,Life,2024-12-14,2054-12-14,15770.0,798000.0,Annually,Active,30,High,A0065,Bancassurance
POL000758,C00817,Health,2023-06-01,2024-06-01,9890.0,300000.0,Quarterly,Expired,1,Low,A0017,Referral
POL000759,C02015,Motor,2024-05-01,2025-05-01,74000.0,1626300.0,Annually,Expired,1,High,A0089,Online
POL000760,C00174,Health,2024-03-16,2026-03-16,19700.0,500000.0,Annually,Active,2,Medium,A0075,Agent
POL000761,C04422,Home,2025-09-01,2035-09-01,12440.0,5653100.0,Annually,Active,10,Medium,A0056,Corporate
POL000762,C02860,Health,2023-06-12,2025-06-12,21500.0,500000.0,Monthly,Expired,2,Medium,A0021,Bancassurance
POL000763,C01712,Motor,2024-09-20,2025-09-20,13530.0,386500.0,Annually,Lapsed,1,Medium,A0079,Bancassurance
POL000764,C04059,Motor,2023-05-31,2024-05-30,14650.0,418600.0,Annually,Expired,1,Medium,A0007,Agent
POL000765,C02977,Life,2025-04-05,2040-04-05,68180.0,4767700.0,Annually,Active,15,Medium,A0005,Agent
POL000766,C03082,Motor,2024-12-21,2025-12-21,59180.0,1300700.0,Monthly,Lapsed,1,High,A0035,Agent
POL000767,C00387,Motor,2025-05-12,2026-05-12,53600.0,1531500.0,Annually,Active,1,Medium,A0009,Agent
POL000768,C00810,Home,2023-05-12,2033-05-12,7710.0,3503700.0,Annually,Active,10,Medium,A0006,Agent
POL000769,C01943,Home,2024-07-10,2029-07-10,6890.0,3132700.0,Annually,Active,5,Medium,A0011,Agent
POL000770,C04337,Motor,2023-09-22,2024-09-21,26880.0,768000.0,Annually,Expired,1,Medium,A0098,Online
POL000771,C00943,Motor,2023-01-26,2024-01-26,23430.0,669400.0,Monthly,Expired,1,Medium,A0068,Corporate
POL000772,C03314,Health,2025-06-14,2027-06-14,12900.0,300000.0,Quarterly,Active,2,Medium,A0067,Agent
POL000773,C01801,Home,2024-10-14,2029-10-14,4180.0,2233800.0,Annually,Active,5,Low,A0051,Referral
POL000774,C01859,Home,2024-01-23,2025-01-23,1790.0,958400.0,Annually,Expired,1,Low,A0051,Bancassurance
POL000775,C01221,Health,2023-01-15,2024-01-15,70800.0,1500000.0,Annually,Expired,1,Medium,A0089,Online
POL000776,C00146,Health,2025-08-16,2028-08-16,29000.0,500000.0,Annually,Active,3,Medium,A0096,Agent
POL000777,C04046,Travel,2023-11-15,2023-12-29,8400.0,700100.0,Monthly,Expired,1,Medium,A0088,Agent
POL000778,C01890,Health,2025-08-28,2026-08-28,20300.0,500000.0,Monthly,Active,1,Medium,A0070,Agent
POL000779,C02670,Motor,2024-05-27,2025-05-27,25990.0,742700.0,Annually,Expired,1,Medium,A0027,Online
POL000780,C00368,Life,2025-03-03,2045-03-03,20910.0,1422000.0,Annually,Active,20,Low,A0025,Agent
POL000781,C04810,Motor,2024-08-24,2025-08-24,17330.0,495100.0,Monthly,Expired,1,Medium,A0014,Online
POL000782,C04265,Motor,2023-08-06,2024-08-05,23280.0,665200.0,Annually,Lapsed,1,Medium,A0061,Agent
POL000783,C03648,Motor,2025-06-19,2026-06-19,54310.0,1193700.0,Annually,Active,1,High,A0051,Bancassurance
POL000784,C00381,Motor,2025-05-27,2026-05-27,33740.0,964000.0,Annually,Active,1,Medium,A0064,Agent
POL000785,C03537,Life,2024-11-08,2044-11-08,50070.0,2778800.0,Annually,Active,20,Low,A0025,Agent
POL000786,C00550,Home,2023-08-27,2033-08-27,16590.0,7541100.0,Annually,Active,10,Medium,A0033,Agent
POL000787,C01170,Motor,2025-04-03,2026-04-03,22810.0,651700.0,Monthly,Active,1,Medium,A0018,Online
POL000788,C04292,Home,2024-10-20,2034-10-20,10780.0,4899700.0,Annually,Lapsed,10,Medium,A0094,Agent
POL000789,C01450,Health,2023-10-24,2026-10-24,60900.0,1500000.0,Quarterly,Lapsed,3,Medium,A0011,Corporate
POL000790,C02046,Health,2023-02-23,2025-02-23,55600.0,1000000.0,Annually,Lapsed,2,Medium,A0089,Agent
POL000791,C01577,Health,2024-01-29,2027-01-28,13110.0,300000.0,Annually,Active,3,Low,A0080,Corporate
POL000792,C02995,Health,2023-04-22,2025-04-22,23380.0,500000.0,Annually,Expired,2,Low,A0056,Agent
POL000793,C00417,Motor,2025-04-26,2026-04-26,26030.0,572100.0,Annually,Active,1,High,A0046,Agent
POL000794,C00656,Motor,2024-02-23,2025-02-22,53310.0,1523200.0,Monthly,Expired,1,Medium,A0089,Online
POL000795,C01830,Home,2025-01-06,2030-01-06,2240.0,1016200.0,Annually,Active,5,Medium,A0005,Agent
POL000796,C00476,Life,2024-06-17,2039-06-17,88310.0,5274000.0,Monthly,Active,15,Low,A0092,Bancassurance
POL000797,C02272,Life,2024-04-06,2039-04-06,83400.0,3363000.0,Annually,Lapsed,15,Medium,A0069,Online
POL000798,C04026,Motor,2023-02-26,2024-02-26,12780.0,365100.0,Monthly,Expired,1,Medium,A0065,Agent
POL000799,C00009,Motor,2023-09-05,2024-09-04,39230.0,862300.0,Annually,Expired,1,High,A0004,Agent
POL000800,C01990,Travel,2024-01-09,2024-01-14,1500.0,105900.0,Annually,Expired,1,Low,A0094,Referral
POL000801,C04038,Travel,2024-09-12,2024-11-11,3460.0,339100.0,Annually,Expired,1,Low,A0077,Online
POL000802,C03126,Life,2023-04-15,2043-04-15,103710.0,6816000.0,Annually,Active,20,Low,A0017,Bancassurance
POL000803,C04300,Life,2024-01-22,2049-01-22,73570.0,3763400.0,Monthly,Cancelled,25,Low,A0097,Bancassurance
POL000804,C00987,Travel,2024-07-25,2024-09-07,7520.0,626900.0,Annually,Expired,1,Medium,A0099,Agent
POL000805,C00783,Motor,2023-07-24,2024-07-23,9970.0,284800.0,Annually,Lapsed,1,Medium,A0017,Bancassurance
POL000806,C03146,Home,2024-05-26,2029-05-26,13530.0,7234000.0,Annually,Active,5,Low,A0032,Corporate
POL000807,C02233,Motor,2025-05-09,2026-05-09,12950.0,370100.0,Annually,Active,1,Medium,A0052,Agent
POL000808,C02825,Life,2025-02-26,2035-02-26,35370.0,2286000.0,Monthly,Active,10,Low,A0013,Agent
POL000809,C00664,Motor,2025-08-16,2026-08-16,8190.0,233900.0,Monthly,Active,1,Medium,A0033,Agent
POL000810,C03986,Health,2025-01-09,2027-01-09,65400.0,1500000.0,Annually,Active,2,Medium,A0010,Agent
POL000811,C04484,Health,2023-08-23,2026-08-23,57400.0,1000000.0,Annually,Active,3,Medium,A0094,Online
POL000812,C01950,Life,2025-02-21,2050-02-21,128960.0,7722000.0,Quarterly,Active,25,Medium,A0015,Online
POL000813,C00253,Life,2023-07-10,2038-07-10,83130.0,4818000.0,Annually,Active,15,Low,A0055,Agent
POL000814,C01897,Motor,2023-02-11,2024-02-11,18420.0,526200.0,Monthly,Expired,1,Medium,A0022,Agent
POL000815,C04125,Home,2023-03-18,2028-03-18,8470.0,4529800.0,Annually,Active,5,Low,A0082,Corporate
POL000816,C02683,Motor,2023-02-05,2024-02-05,17400.0,497100.0,Annually,Expired,1,Medium,A0025,Online
POL000817,C04158,Motor,2025-01-25,2026-01-25,36410.0,1040200.0,Annually,Active,1,Medium,A0088,Agent
POL000818,C04118,Health,2023-10-30,2024-10-28,11580.0,300000.0,Quarterly,Lapsed,1,Low,A0041,Online
POL000819,C04619,Home,2025-06-30,2026-06-28,9060.0,4118100.0,Annually,Cancelled,1,Medium,A0039,Online
POL000820,C02985,Health,2025-09-16,2026-09-16,23630.0,500000.0,Monthly,Active,1,Low,A0047,Agent
POL000821,C03306,Health,2023-07-20,2024-07-20,31800.0,750000.0,Monthly,Expired,1,Medium,A0067,Online
POL000822,C02272,Motor,2023-12-16,2024-12-15,57090.0,1631300.0,Monthly,Expired,1,Medium,A0040,Online
POL000823,C02699,Home,2024-05-24,2034-05-24,8790.0,3996300.0,Annually,Active,10,Medium,A0006,Bancassurance
POL000824,C00663,Health,2023-12-06,2025-12-06,14480.0,300000.0,Annually,Expired,2,Low,A0032,Referral
POL000825,C02402,Health,2024-12-04,2025-12-04,37060.0,1000000.0,Annually,Expired,1,Low,A0053,Bancassurance
POL000826,C00660,Motor,2024-06-13,2025-06-13,17540.0,501000.0,Monthly,Lapsed,1,Medium,A0045,Agent
POL000827,C04757,Travel,2023-12-11,2024-02-06,7830.0,767700.0,Annually,Expired,1,Low,A0035,Referral
POL000828,C00397,Health,2024-03-22,2025-03-22,33150.0,750000.0,Annually,Expired,1,Medium,A0099,Bancassurance
POL000829,C03155,Health,2023-05-10,2024-05-10,16860.0,300000.0,Annually,Expired,1,Medium,A0078,Referral
POL000830,C01426,Health,2023-06-16,2025-06-16,81200.0,2000000.0,Quarterly,Expired,2,Medium,A0089,Agent
POL000831,C02679,Motor,2023-06-22,2024-06-21,30670.0,876200.0,Annually,Expired,1,Medium,A0047,Corporate
POL000832,C01172,Health,2024-11-05,2027-11-05,23000.0,500000.0,Monthly,Active,3,Medium,A0089,Online
POL000833,C03580,Motor,2025-07-10,2026-07-10,19800.0,565800.0,Annually,Active,1,Medium,A0069,Online
POL000834,C00366,Health,2025-04-09,2026-04-09,19800.0,500000.0,Annually,Active,1,Low,A0004,Online
POL000835,C03516,Health,2023-02-18,2025-02-18,13870.0,300000.0,Quarterly,Expired,2,Low,A0016,Agent
POL000836,C04809,Life,2025-08-17,2045-08-17,15680.0,1096600.0,Annually,Active,20,Medium,A0017,Referral
POL000837,C03152,Home,2024-09-09,2029-09-09,13370.0,6075800.0,Annually,Active,5,Medium,A0080,Referral
POL000838,C02969,Health,2023-02-11,2024-02-11,17220.0,300000.0,Monthly,Expired,1,Medium,A0033,Agent
POL000839,C05000,Home,2024-02-26,2039-02-26,4110.0,2197100.0,Monthly,Active,15,Low,A0001,Online
POL000840,C00897,Health,2024-09-07,2026-09-07,13080.0,300000.0,Annually,Active,2,Medium,A0038,Bancassurance
POL000841,C02706,Life,2023-06-03,2043-06-03,64580.0,4041000.0,Monthly,Active,20,Low,A0056,Online
POL000842,C00976,Life,2025-02-06,2050-02-06,38810.0,2713700.0,Monthly,Active,25,Medium,A0020,Online
POL000843,C04031,Motor,2024-11-15,2025-11-15,20130.0,575000.0,Annually,Expired,1,Medium,A0061,Corporate
POL000844,C00891,Life,2023-12-08,2048-12-08,45320.0,2335900.0,Annually,Active,25,Medium,A0069,Corporate
POL000845,C03352,Health,2023-10-21,2025-10-21,12040.0,300000.0,Annually,Expired,2,Low,A0052,Online
POL000846,C04410,Health,2025-07-01,2027-07-01,43500.0,750000.0,Quarterly,Active,2,Medium,A0078,Bancassurance
POL000847,C03214,Motor,2025-02-13,2026-02-13,55120.0,1574900.0,Annually,Active,1,Medium,A0008,Agent
POL000848,C00461,Health,2025-07-26,2026-07-26,11640.0,300000.0,Annually,Active,1,Medium,A0100,Corporate
POL000849,C04077,Motor,2024-04-29,2025-04-29,18560.0,530400.0,Annually,Expired,1,Medium,A0037,Corporate
POL000850,C04674,Health,2023-09-02,2024-09-02,72080.0,2000000.0,Monthly,Expired,1,Low,A0038,Referral
POL000851,C02736,Health,2024-05-25,2026-05-25,20310.0,500000.0,Annually,Active,2,Low,A0040,Agent
POL000852,C02312,Motor,2023-06-17,2024-06-16,7220.0,158600.0,Annually,Lapsed,1,High,A0030,Online
POL000853,C03945,Health,2024-03-02,2025-03-02,13260.0,300000.0,Monthly,Expired,1,Medium,A0015,Online
POL000854,C02335,Health,2024-09-02,2025-09-02,17040.0,300000.0,Annually,Expired,1,Medium,A0033,Referral
POL000855,C04930,Motor,2024-10-08,2025-10-08,31290.0,894000.0,Annually,Lapsed,1,Medium,A0096,Online
POL000856,C04348,Home,2023-12-17,2028-12-17,10930.0,5846100.0,Monthly,Active,5,Low,A0025,Agent
POL000857,C01359,Home,2025-02-09,2026-02-09,7230.0,3868700.0,Annually,Active,1,Low,A0015,Online
POL000858,C03208,Motor,2025-09-26,2026-09-26,12680.0,426100.0,Annually,Cancelled,1,Low,A0008,Agent
POL000859,C01907,Travel,2023-02-18,2023-03-12,1780.0,174800.0,Annually,Expired,1,Low,A0099,Corporate
POL000860,C04363,Travel,2024-01-21,2024-03-14,8940.0,876900.0,Annually,Expired,1,Low,A0032,Online
POL000861,C03058,Health,2023-09-15,2026-09-15,28200.0,750000.0,Monthly,Active,3,Medium,A0019,Online
POL000862,C02885,Life,2024-10-16,2049-10-16,56210.0,2802000.0,Quarterly,Active,25,Low,A0064,Agent
POL000863,C03351,Travel,2025-04-16,2025-05-14,4650.0,455600.0,Monthly,Expired,1,Low,A0001,Online
POL000864,C03181,Motor,2025-09-16,2026-09-16,15850.0,452800.0,Annually,Active,1,Medium,A0033,Bancassurance
POL000865,C00656,Health,2023-09-10,2024-09-10,28200.0,750000.0,Monthly,Expired,1,Medium,A0061,Online
POL000866,C04712,Motor,2024-04-29,2025-04-29,44650.0,1500900.0,Annually,Lapsed,1,Low,A0015,Online
POL000867,C02439,Home,2024-01-17,2039-01-17,6060.0,2754100.0,Annually,Active,15,Medium,A0007,Corporate
POL000868,C03468,Home,2023-04-26,2038-04-26,13720.0,7336300.0,Annually,Active,15,Low,A0039,Online
POL000869,C01238,Health,2024-08-20,2025-08-20,13110.0,300000.0,Monthly,Expired,1,Low,A0079,Agent
POL000870,C02884,Motor,2024-02-13,2025-02-12,9300.0,204300.0,Annually,Expired,1,High,A0014,Bancassurance
POL000871,C00240,Home,2025-03-17,2035-03-17,12990.0,6946000.0,Annually,Active,10,Low,A0047,Referral
POL000872,C01787,Motor,2023-12-20,2024-12-19,36470.0,1042000.0,Annually,Expired,1,Medium,A0009,Agent
POL000873,C00429,Life,2024-08-19,2049-08-19,79660.0,3825000.0,Monthly,Cancelled,25,Low,A0004,Referral
POL000874,C03341,Life,2024-08-07,2044-08-07,93500.0,5670000.0,Monthly,Active,20,Low,A0054,Agent
POL000875,C03754,Health,2024-01-19,2027-01-19,29710.0,750000.0,Monthly,Active,3,Low,A0064,Online
POL000876,C03454,Life,2024-06-18,2039-06-18,196230.0,11343000.0,Quarterly,Active,15,Medium,A0092,Online
POL000877,C01769,Health,2024-04-06,2027-04-06,41210.0,500000.0,Quarterly,Active,3,High,A0041,Online
POL000878,C04610,Motor,2025-02-11,2026-02-11,12510.0,420700.0,Annually,Active,1,Low,A0075,Agent
POL000879,C02970,Home,2024-03-26,2025-03-26,12050.0,6444200.0,Annually,Expired,1,Low,A0005,Corporate
POL000880,C00687,Home,2023-08-29,2033-08-28,4940.0,2640900.0,Annually,Active,10,Low,A0047,Agent
POL000881,C03489,Home,2025-03-04,2026-03-04,7570.0,3438900.0,Annually,Active,1,Medium,A0076,Agent
POL000882,C00216,Motor,2024-08-15,2025-08-15,42030.0,1200700.0,Monthly,Expired,1,Medium,A0055,Bancassurance
POL000883,C03278,Health,2024-11-05,2027-11-05,24800.0,500000.0,Monthly,Active,3,Medium,A0085,Bancassurance
POL000884,C01963,Motor,2024-08-03,2025-08-03,21330.0,609300.0,Annually,Expired,1,Medium,A0051,Agent
POL000885,C04698,Health,2025-08-30,2028-08-28,46200.0,750000.0,Monthly,Active,3,Medium,A0070,Referral
POL000886,C03910,Health,2024-06-24,2025-06-24,19550.0,500000.0,Monthly,Expired,1,Low,A0078,Agent
POL000887,C03064,Motor,2023-10-29,2024-10-28,33370.0,953500.0,Annually,Lapsed,1,Medium,A0076,Online
POL000888,C01533,Motor,2025-08-02,2026-08-02,49920.0,1426200.0,Annually,Active,1,Medium,A0002,Online
POL000889,C01058,Motor,2023-09-20,2024-09-19,36070.0,1030500.0,Annually,Expired,1,Medium,A0083,Referral
POL000890,C02411,Life,2023-03-30,2048-03-28,95830.0,3864000.0,Monthly,Active,25,Medium,A0061,Online
POL000891,C03529,Life,2024-04-12,2034-04-12,82160.0,3619500.0,Annually,Active,10,Medium,A0080,Agent
POL000892,C03083,Motor,2023-01-30,2024-01-30,63850.0,1403200.0,Annually,Lapsed,1,High,A0089,Bancassurance
POL000893,C02257,Motor,2025-01-15,2026-01-15,58400.0,1668500.0,Annually,Active,1,Medium,A0096,Referral
POL000894,C00963,Motor,2024-05-13,2025-05-13,37550.0,1072900.0,Monthly,Expired,1,Medium,A0067,Agent
POL000895,C02637,Life,2023-03-05,2048-03-05,44620.0,2792300.0,Annually,Active,25,Low,A0055,Online
POL000896,C03355,Home,2023-05-19,2038-05-19,2120.0,1132600.0,Annually,Active,15,Low,A0001,Bancassurance
POL000897,C03480,Travel,2023-03-05,2023-04-02,2070.0,203000.0,Monthly,Expired,1,Low,A0090,Online
POL000898,C00770,Life,2025-03-27,2050-03-27,53710.0,3207600.0,Annually,Active,25,Low,A0019,Corporate
POL000899,C02038,Life,2025-05-13,2040-05-13,102390.0,6963000.0,Annually,Active,15,Low,A0036,Agent
POL000900,C02195,Life,2024-08-07,2034-08-07,186800.0,9432000.0,Monthly,Active,10,Low,A0050,Online
POL000901,C04445,Motor,2024-11-05,2025-11-05,14260.0,407400.0,Annually,Lapsed,1,Medium,A0014,Online
POL000902,C00908,Travel,2023-10-09,2023-10-16,3590.0,352300.0,Annually,Lapsed,1,Low,A0041,Online
POL000903,C00775,Life,2023-10-21,2053-10-21,93090.0,4654300.0,Annually,Active,30,Medium,A0002,Referral
POL000904,C00075,Health,2023-10-14,2025-10-14,37650.0,750000.0,Quarterly,Lapsed,2,Medium,A0042,Bancassurance
POL000905,C03238,Life,2024-05-19,2039-05-19,56050.0,2983900.0,Quarterly,Active,15,Low,A0095,Online
POL000906,C04156,Health,2024-03-01,2025-03-01,32600.0,500000.0,Quarterly,Expired,1,Medium,A0077,Bancassurance
POL000907,C00142,Life,2024-01-05,2034-01-05,116070.0,5475000.0,Annually,Active,10,Medium,A0045,Agent
POL000908,C01002,Travel,2023-10-15,2023-12-08,1500.0,125200.0,Annually,Expired,1,Low,A0090,Online
POL000909,C04534,Home,2023-07-05,2038-07-05,13010.0,6957700.0,Annually,Active,15,Low,A0002,Bancassurance
POL000910,C01660,Motor,2024-09-17,2025-09-17,17230.0,492300.0,Annually,Expired,1,Medium,A0046,Agent
POL000911,C02988,Home,2023-10-03,2038-10-03,14950.0,6795700.0,Annually,Cancelled,15,Medium,A0018,Bancassurance
POL000912,C00355,Life,2024-11-27,2044-11-27,23320.0,1476000.0,Quarterly,Active,20,Medium,A0057,Online
POL000913,C04454,Motor,2025-05-16,2026-05-16,58220.0,1663300.0,Annually,Active,1,Medium,A0043,Online
POL000914,C03504,Motor,2024-12-03,2025-12-03,33750.0,964400.0,Annually,Expired,1,Medium,A0019,Agent
POL000915,C04703,Life,2024-09-13,2034-09-13,20920.0,823600.0,Monthly,Active,10,Medium,A0038,Online
POL000916,C01270,Motor,2024-11-01,2025-11-01,50920.0,1454900.0,Annually,Lapsed,1,Medium,A0067,Agent
POL000917,C00563,Home,2023-09-22,2024-09-22,10080.0,5388100.0,Annually,Expired,1,Low,A0073,Referral
POL000918,C00176,Life,2024-07-02,2044-07-02,43570.0,2757700.0,Annually,Active,20,Medium,A0057,Agent
POL000919,C02609,Life,2025-02-19,2050-02-19,59080.0,3819000.0,Quarterly,Active,25,Low,A0023,Agent
POL000920,C04518,Health,2025-08-06,2028-08-06,13980.0,300000.0,Monthly,Active,3,Medium,A0022,Online
POL000921,C04959,Health,2024-09-11,2025-09-11,44710.0,1000000.0,Annually,Lapsed,1,Low,A0057,Agent
POL000922,C04259,Health,2024-10-06,2026-10-06,12190.0,300000.0,Monthly,Active,2,Low,A0080,Corporate
POL000923,C00385,Motor,2025-01-22,2026-01-22,39360.0,1124500.0,Monthly,Active,1,Medium,A0035,Agent
POL000924,C03512,Travel,2023-10-06,2023-11-18,8200.0,803900.0,Annually,Expired,1,Low,A0075,Bancassurance
POL000925,C01612,Home,2024-09-30,2039-09-28,4470.0,2030700.0,Annually,Active,15,Medium,A0050,Referral
POL000926,C01366,Home,2025-07-25,2026-07-25,9600.0,5135000.0,Annually,Active,1,Low,A0076,Corporate
POL000927,C02449,Health,2023-12-10,2024-12-10,17400.0,300000.0,Annually,Expired,1,Medium,A0038,Referral
POL000928,C02509,Motor,2024-12-21,2025-12-21,19280.0,550800.0,Annually,Expired,1,Medium,A0099,Online
POL000929,C03746,Health,2024-07-20,2025-07-20,11580.0,300000.0,Monthly,Lapsed,1,Low,A0086,Agent
POL000930,C02956,Motor,2024-10-19,2025-10-19,51480.0,1470900.0,Annually,Expired,1,Medium,A0044,Online
POL000931,C02161,Motor,2025-03-02,2026-03-02,19030.0,543700.0,Annually,Active,1,Medium,A0055,Agent
POL000932,C00752,Motor,2025-01-16,2026-01-16,9260.0,264600.0,Annually,Active,1,Medium,A0065,Referral
POL000933,C03258,Life,2023-06-23,2048-06-23,22900.0,1557000.0,Monthly,Lapsed,25,Low,A0010,Bancassurance
POL000934,C01760,Home,2024-11-09,2034-11-09,4950.0,2250800.0,Monthly,Active,10,Medium,A0001,Agent
POL000935,C02089,Motor,2024-12-26,2025-12-26,13430.0,451400.0,Monthly,Lapsed,1,Low,A0085,Bancassurance
POL000936,C01316,Motor,2025-06-23,2026-06-23,13820.0,394700.0,Annually,Active,1,Medium,A0097,Bancassurance
POL000937,C02472,Motor,2024-05-17,2025-05-17,62200.0,1777200.0,Annually,Expired,1,Medium,A0092,Online
POL000938,C02785,Health,2025-01-18,2026-01-18,59100.0,1500000.0,Annually,Lapsed,1,Medium,A0008,Corporate
POL000939,C00935,Life,2023-01-13,2043-01-13,90670.0,5766000.0,Quarterly,Active,20,Low,A0100,Online
POL000940,C01795,Travel,2024-04-08,2024-06-05,1980.0,165400.0,Annually,Expired,1,Medium,A0061,Online
POL000941,C01824,Health,2023-12-21,2024-12-21,21500.0,500000.0,Quarterly,Expired,1,Medium,A0075,Referral
POL000942,C04604,Health,2024-05-13,2027-05-13,13720.0,300000.0,Monthly,Active,3,Low,A0027,Referral
POL000943,C01841,Life,2023-09-19,2043-09-19,50740.0,3392000.0,Annually,Active,20,Low,A0023,Bancassurance
POL000944,C01653,Health,2025-01-28,2026-01-28,29710.0,750000.0,Annually,Active,1,Low,A0082,Corporate
POL000945,C00193,Motor,2024-02-11,2025-02-10,47610.0,1360300.0,Annually,Expired,1,Medium,A0035,Agent
POL000946,C03346,Life,2023-04-20,2033-04-20,54600.0,3030000.0,Annually,Active,10,Low,A0045,Online
POL000947,C04951,Life,2023-05-14,2048-05-14,65660.0,3192000.0,Annually,Active,25,Low,A0099,Agent
POL000948,C00954,Home,2023-12-16,2033-12-16,6270.0,2851400.0,Annually,Active,10,Medium,A0078,Online
POL000949,C00124,Health,2025-06-04,2026-06-04,15420.0,300000.0,Annually,Active,1,Medium,A0021,Corporate
POL000950,C04946,Home,2023-01-16,2028-01-16,1710.0,916800.0,Annually,Lapsed,5,Low,A0035,Agent
POL000951,C01159,Health,2025-08-16,2026-08-16,46000.0,1000000.0,Annually,Active,1,Medium,A0016,Corporate
POL000952,C03337,Life,2023-06-09,2053-06-09,67940.0,3824600.0,Quarterly,Active,30,Low,A0068,Agent
POL000953,C03988,Life,2025-04-24,2045-04-24,53670.0,2644000.0,Annually,Active,20,Medium,A0017,Agent
POL000954,C00775,Motor,2023-10-06,2024-10-05,44210.0,1486200.0,Annually,Lapsed,1,Low,A0072,Online
POL000955,C01330,Home,2024-04-29,2039-04-28,11380.0,5172000.0,Annually,Cancelled,15,Medium,A0060,Agent
POL000956,C03098,Home,2023-08-25,2033-08-25,13880.0,7424600.0,Annually,Active,10,Low,A0026,Referral
POL000957,C01390,Health,2024-10-17,2026-10-17,26300.0,500000.0,Monthly,Active,2,Medium,A0084,Bancassurance
POL000958,C01980,Home,2023-01-13,2028-01-13,4570.0,2442100.0,Annually,Active,5,Low,A0044,Agent
POL000959,C01051,Motor,2025-09-30,2026-09-30,51630.0,1475200.0,Annually,Active,1,Medium,A0009,Referral
POL000960,C00209,Motor,2023-08-29,2024-08-28,45980.0,1313600.0,Annually,Expired,1,Medium,A0065,Bancassurance
POL000961,C03634,Health,2023-07-22,2026-07-22,64770.0,1500000.0,Quarterly,Active,3,Low,A0046,Corporate
POL000962,C00459,Health,2023-05-04,2026-05-04,13260.0,300000.0,Quarterly,Cancelled,3,Low,A0049,Online
POL000963,C01492,Home,2025-02-05,2035-02-05,5140.0,2338100.0,Annually,Active,10,Medium,A0080,Corporate
POL000964,C00862,Health,2023-02-13,2024-02-13,12500.0,300000.0,Annually,Lapsed,1,Low,A0051,Online
POL000965,C03298,Motor,2025-06-16,2026-06-16,20040.0,673600.0,Annually,Active,1,Low,A0095,Agent
POL000966,C02086,Health,2024-01-26,2026-01-26,34500.0,750000.0,Quarterly,Active,2,Medium,A0021,Agent
POL000967,C01275,Life,2023-06-22,2053-06-22,62200.0,3955300.0,Monthly,Lapsed,30,Low,A0093,Bancassurance
POL000968,C03928,Motor,2023-05-10,2024-05-09,10670.0,234500.0,Annually,Expired,1,High,A0032,Agent
POL000969,C02246,Health,2025-09-29,2026-09-28,37200.0,750000.0,Quarterly,Active,1,Medium,A0099,Agent
POL000970,C03831,Life,2024-10-13,2039-10-13,75370.0,2256000.0,Annually,Active,15,High,A0035,Agent
POL000971,C03125,Health,2024-09-10,2025-09-10,12720.0,300000.0,Annually,Expired,1,Medium,A0068,Agent
POL000972,C01860,Motor,2023-03-15,2024-03-14,59190.0,1691300.0,Annually,Expired,1,Medium,A0056,Agent
POL000973,C02803,Health,2024-05-28,2025-05-28,75200.0,2000000.0,Monthly,Expired,1,Medium,A0038,Online
POL000974,C04830,Health,2023-11-16,2024-11-16,26000.0,500000.0,Annually,Expired,1,Medium,A0074,Online
POL000975,C04550,Health,2024-06-16,2027-06-16,28650.0,750000.0,Annually,Active,3,Medium,A0004,Agent
POL000976,C03118,Health,2023-07-31,2024-07-28,28940.0,750000.0,Annually,Expired,1,Low,A0076,Corporate
POL000977,C04623,Travel,2023-11-08,2023-12-17,8250.0,687800.0,Annually,Expired,1,Medium,A0081,Agent
POL000978,C01415,Life,2023-10-25,2043-10-25,62850.0,4395000.0,Annually,Active,20,Medium,A0089,Corporate
POL000979,C02489,Home,2024-07-08,2029-07-08,5650.0,2567300.0,Annually,Active,5,Medium,A0046,Corporate
POL000980,C03875,Health,2023-12-21,2025-12-21,13620.0,300000.0,Quarterly,Expired,2,Medium,A0072,Agent
POL000981,C03104,Motor,2024-01-11,2025-01-10,50340.0,1438200.0,Annually,Expired,1,Medium,A0025,Agent
POL000982,C02442,Health,2023-01-20,2025-01-20,29000.0,500000.0,Quarterly,Lapsed,2,Medium,A0042,Corporate
POL000983,C02214,Health,2025-04-21,2026-04-21,69360.0,1500000.0,Quarterly,Active,1,Low,A0069,Online
POL000984,C00014,Motor,2024-12-01,2025-12-01,35070.0,1002100.0,Annually,Expired,1,Medium,A0070,Online
POL000985,C01508,Travel,2024-08-04,2024-08-29,7720.0,756900.0,Monthly,Expired,1,Low,A0064,Agent
POL000986,C02455,Health,2023-12-12,2024-12-12,67060.0,1500000.0,Annually,Lapsed,1,Low,A0073,Agent
POL000987,C04249,Motor,2023-07-01,2024-06-30,24750.0,831900.0,Annually,Expired,1,Low,A0092,Agent
POL000988,C04126,Motor,2024-01-31,2025-01-30,61830.0,1766400.0,Annually,Expired,1,Medium,A0027,Referral
POL000989,C02048,Health,2024-12-26,2025-12-26,53800.0,1000000.0,Annually,Expired,1,Medium,A0079,Referral
POL000990,C00593,Life,2024-01-19,2039-01-19,35660.0,2268000.0,Annually,Active,15,Low,A0079,Agent
POL000991,C01851,Life,2024-09-29,2039-09-28,49910.0,3226200.0,Annually,Active,15,Low,A0084,Agent
POL000992,C01406,Health,2024-11-08,2026-11-08,40630.0,1000000.0,Monthly,Active,2,Low,A0099,Online
POL000993,C04989,Life,2023-02-18,2038-02-18,18870.0,1241800.0,Quarterly,Active,15,Medium,A0081,Online
POL000994,C03670,Home,2023-04-12,2038-04-12,6970.0,3728400.0,Annually,Lapsed,15,Low,A0044,Online
POL000995,C01583,Home,2024-10-29,2034-10-28,7510.0,4014100.0,Monthly,Active,10,Low,A0054,Bancassurance
POL000996,C03053,Life,2023-04-12,2033-04-12,81540.0,3328000.0,Annually,Active,10,Medium,A0026,Agent
POL000997,C02659,Motor,2023-06-11,2024-06-10,23790.0,679600.0,Annually,Lapsed,1,Medium,A0010,Agent
POL000998,C01423,Home,2023-11-27,2033-11-27,14650.0,6660700.0,Annually,Active,10,Medium,A0075,Corporate
POL000999,C02887,Health,2023-05-18,2024-05-18,42380.0,500000.0,Monthly,Expired,1,High,A0099,Online
POL001000,C02580,Home,2023-02-13,2033-02-13,13210.0,4619700.0,Annually,Active,10,High,A0023,Referral
POL001001,C03263,Health,2024-09-12,2025-09-12,38550.0,750000.0,Annually,Expired,1,Medium,A0081,Bancassurance
POL001002,C04891,Life,2023-05-13,2043-05-13,29480.0,1845000.0,Annually,Active,20,Low,A0083,Agent
POL001003,C01027,Home,2024-08-17,2029-08-17,3030.0,1375700.0,Annually,Active,5,Medium,A0037,Online
POL001004,C01875,Health,2025-08-23,2027-08-23,27800.0,500000.0,Monthly,Active,2,Medium,A0010,Bancassurance
POL001005,C01248,Life,2025-06-19,2050-06-19,32460.0,1776000.0,Quarterly,Active,25,Low,A0030,Online
POL001006,C01812,Motor,2024-05-08,2025-05-08,37840.0,1081000.0,Annually,Expired,1,Medium,A0036,Online
POL001007,C01916,Home,2024-03-30,2034-03-28,8830.0,4724000.0,Annually,Active,10,Low,A0098,Agent
POL001008,C00428,Home,2024-07-09,2034-07-09,15720.0,7145300.0,Annually,Active,10,Medium,A0027,Online
POL001009,C03499,Health,2025-08-24,2026-08-24,13570.0,300000.0,Annually,Active,1,Low,A0045,Bancassurance
POL001010,C03374,Motor,2023-08-03,2024-08-02,40240.0,1352500.0,Annually,Expired,1,Low,A0077,Agent
POL001011,C04832,Home,2024-02-09,2034-02-09,2200.0,1002100.0,Annually,Active,10,Medium,A0044,Bancassurance
POL001012,C02020,Life,2023-06-02,2043-06-02,62040.0,3492000.0,Quarterly,Active,20,Low,A0091,Agent
POL001013,C00083,Motor,2025-08-14,2026-08-14,34380.0,982200.0,Annually,Active,1,Medium,A0031,Agent
POL001014,C01126,Health,2023-03-13,2024-03-13,29000.0,500000.0,Annually,Expired,1,Medium,A0079,Online
POL001015,C02758,Life,2023-12-23,2038-12-23,40480.0,2514000.0,Monthly,Active,15,Medium,A0001,Online
POL001016,C00091,Travel,2023-11-26,2024-01-18,8210.0,684000.0,Annually,Lapsed,1,Medium,A0088,Online
POL001017,C03981,Motor,2025-03-22,2026-03-22,32970.0,941900.0,Monthly,Active,1,Medium,A0069,Agent
POL001018,C00029,Motor,2024-11-29,2025-11-29,25040.0,715500.0,Annually,Expired,1,Medium,A0055,Corporate
POL001019,C03823,Life,2023-02-22,2038-02-22,72490.0,3660000.0,Annually,Active,15,Low,A0039,Agent
POL001020,C02035,Motor,2025-04-21,2026-04-21,61770.0,1764800.0,Annually,Active,1,Medium,A0085,Agent
POL001021,C03256,Travel,2023-03-30,2023-04-04,10900.0,908500.0,Annually,Expired,1,Medium,A0066,Corporate
POL001022,C01953,Home,2023-01-06,2028-01-06,12640.0,5747700.0,Annually,Active,5,Medium,A0050,Agent
POL001023,C02680,Travel,2024-10-10,2024-10-24,10550.0,879300.0,Annually,Expired,1,Medium,A0090,Online
POL001024,C04914,Home,2025-08-02,2030-08-02,13660.0,7306900.0,Annually,Lapsed,5,Low,A0055,Agent
POL001025,C03371,Motor,2023-06-18,2024-06-17,46510.0,1328800.0,Annually,Expired,1,Medium,A0068,Agent
POL001026,C00949,Health,2024-11-09,2025-11-09,17760.0,300000.0,Annually,Expired,1,Medium,A0036,Agent
POL001027,C01048,Health,2023-06-05,2024-06-05,26600.0,500000.0,Annually,Lapsed,1,Medium,A0024,Agent
POL001028,C00349,Health,2023-08-24,2024-08-24,25700.0,500000.0,Monthly,Lapsed,1,Medium,A0076,Bancassurance
POL001029,C04267,Motor,2023-11-20,2024-11-19,31860.0,910200.0,Annually,Expired,1,Medium,A0032,Bancassurance
POL001030,C03095,Home,2025-04-01,2035-04-01,1820.0,825400.0,Annually,Active,10,Medium,A0087,Online
POL001031,C00337,Health,2023-12-04,2025-12-04,33530.0,750000.0,Annually,Expired,2,Low,A0097,Agent
POL001032,C00582,Motor,2024-06-07,2025-06-07,21200.0,605900.0,Annually,Expired,1,Medium,A0064,Referral
POL001033,C02722,Motor,2025-09-30,2026-09-30,60860.0,1738800.0,Monthly,Active,1,Medium,A0018,Agent
POL001034,C04179,Health,2024-12-27,2025-12-27,28200.0,750000.0,Monthly,Expired,1,Medium,A0005,Online
POL001035,C02103,Life,2023-10-14,2053-10-14,76040.0,4998000.0,Annually,Lapsed,30,Low,A0089,Bancassurance
POL001036,C02379,Health,2023-06-24,2024-06-24,58600.0,1000000.0,Monthly,Expired,1,Medium,A0077,Agent
POL001037,C01005,Health,2024-05-23,2027-05-23,20570.0,500000.0,Monthly,Active,3,Low,A0082,Online
POL001038,C04531,Life,2023-06-09,2038-06-09,102560.0,4291300.0,Monthly,Active,15,Medium,A0082,Agent
POL001039,C04825,Motor,2025-05-22,2026-05-22,33090.0,945400.0,Annually,Active,1,Medium,A0024,Corporate
POL001040,C00641,Motor,2025-07-06,2026-07-06,52090.0,1488200.0,Annually,Active,1,Medium,A0026,Online
POL001041,C04256,Motor,2025-02-27,2026-02-27,41900.0,1197000.0,Annually,Active,1,Medium,A0033,Agent
POL001042,C01400,Life,2023-09-14,2033-09-14,306900.0,13887000.0,Monthly,Active,10,Medium,A0088,Agent
POL001043,C02210,Health,2023-08-19,2026-08-19,26600.0,500000.0,Annually,Active,3,Medium,A0097,Corporate
POL001044,C03901,Motor,2025-02-19,2026-02-19,7940.0,226800.0,Annually,Active,1,Medium,A0019,Agent
POL001045,C00713,Life,2023-05-19,2038-05-19,110310.0,4924400.0,Monthly,Active,15,Medium,A0053,Corporate
POL001046,C02107,Health,2023-12-05,2025-12-05,20570.0,500000.0,Annually,Expired,2,Low,A0067,Online
POL001047,C03586,Health,2024-09-18,2025-09-18,87900.0,1500000.0,Monthly,Expired,1,Medium,A0020,Online
POL001048,C01982,Home,2025-05-20,2026-05-20,17200.0,7819100.0,Annually,Active,1,Medium,A0097,Online
POL001049,C04411,Home,2024-12-08,2029-12-08,11510.0,6155200.0,Annually,Active,5,Low,A0057,Online
POL001050,C04542,Motor,2023-01-26,2024-01-26,64230.0,1411700.0,Annually,Expired,1,High,A0086,Online
POL001051,C02191,Home,2023-09-14,2038-09-14,11020.0,5891200.0,Annually,Active,15,Low,A0070,Online
POL001052,C03857,Home,2025-09-16,2030-09-16,6950.0,3714900.0,Annually,Active,5,Low,A0018,Online
POL001053,C02990,Motor,2023-12-30,2024-12-29,42080.0,1202400.0,Annually,Expired,1,Medium,A0004,Bancassurance
POL001054,C03613,Motor,2025-03-25,2026-03-25,11000.0,314200.0,Annually,Active,1,Medium,A0040,Online
POL001055,C02477,Home,2023-06-26,2033-06-26,12200.0,6521700.0,Annually,Active,10,Low,A0065,Online
POL001056,C02230,Motor,2024-06-14,2025-06-14,42790.0,1222400.0,Annually,Expired,1,Medium,A0057,Online
POL001057,C04422,Motor,2023-11-23,2024-11-22,29300.0,644000.0,Annually,Lapsed,1,High,A0027,Agent
POL001058,C02980,Motor,2024-07-22,2025-07-22,36510.0,1043100.0,Annually,Expired,1,Medium,A0006,Corporate
POL001059,C00875,Home,2023-09-12,2033-09-12,9230.0,4937400.0,Annually,Active,10,Low,A0001,Agent
POL001060,C02494,Life,2025-01-25,2050-01-25,54820.0,3177000.0,Annually,Active,25,Low,A0067,Referral
POL001061,C03523,Health,2024-06-16,2027-06-16,18020.0,500000.0,Annually,Lapsed,3,Low,A0053,Agent
POL001062,C01850,Life,2024-06-24,2044-06-24,65530.0,3108500.0,Monthly,Active,20,Low,A0092,Corporate
POL001063,C03707,Health,2025-01-30,2026-01-28,23300.0,500000.0,Quarterly,Active,1,Medium,A0005,Online
POL001064,C04974,Motor,2024-09-12,2025-09-12,35630.0,783000.0,Annually,Lapsed,1,High,A0097,Agent
POL001065,C01160,Health,2024-08-31,2026-08-28,38100.0,750000.0,Quarterly,Active,2,Medium,A0032,Online
POL001066,C02013,Motor,2024-02-29,2025-02-28,48000.0,1371400.0,Annually,Expired,1,Medium,A0038,Online
POL001067,C04699,Health,2023-12-12,2026-12-12,11120.0,300000.0,Annually,Active,3,Low,A0042,Corporate
POL001068,C03387,Motor,2023-10-27,2024-10-26,42960.0,944200.0,Monthly,Expired,1,High,A0035,Agent
POL001069,C02565,Motor,2024-06-03,2025-06-03,37520.0,1072100.0,Annually,Expired,1,Medium,A0035,Agent
POL001070,C02497,Motor,2023-01-20,2024-01-20,22670.0,498300.0,Annually,Expired,1,High,A0039,Agent
POL001071,C02298,Health,2025-02-22,2026-02-22,22610.0,500000.0,Quarterly,Active,1,Low,A0021,Agent
POL001072,C02981,Health,2025-08-28,2026-08-28,29600.0,500000.0,Annually,Active,1,Medium,A0038,Agent
POL001073,C03426,Health,2024-11-29,2027-11-28,93200.0,2000000.0,Quarterly,Active,3,Medium,A0077,Online
POL001074,C02083,Motor,2023-09-30,2024-09-29,47780.0,1365100.0,Annually,Expired,1,Medium,A0030,Agent
POL001075,C01740,Life,2025-07-26,2035-07-26,58800.0,3621700.0,Annually,Active,10,Low,A0031,Corporate
POL001076,C03536,Home,2025-09-13,2030-09-13,6180.0,3305800.0,Annually,Active,5,Low,A0009,Agent
POL001077,C00746,Life,2024-04-30,2034-04-28,41340.0,2271300.0,Monthly,Active,10,Medium,A0074,Online
POL001078,C04999,Health,2023-10-26,2025-10-26,11420.0,300000.0,Monthly,Expired,2,Low,A0082,Bancassurance
POL001079,C03799,Health,2025-05-29,2027-05-28,51400.0,1000000.0,Annually,Active,2,Medium,A0023,Corporate
POL001080,C03951,Health,2024-09-15,2026-09-15,21800.0,500000.0,Monthly,Active,2,Medium,A0074,Agent
POL001081,C03052,Health,2023-10-25,2024-10-25,40820.0,500000.0,Monthly,Expired,1,High,A0044,Online
POL001082,C04003,Motor,2025-05-07,2026-05-07,46040.0,1547400.0,Annually,Active,1,Low,A0074,Agent
POL001083,C02042,Health,2024-12-02,2025-12-02,56800.0,1000000.0,Annually,Lapsed,1,Medium,A0075,Online
POL001084,C00688,Life,2025-05-12,2035-05-12,78710.0,4247900.0,Annually,Active,10,Low,A0031,Bancassurance
POL001085,C04394,Home,2025-02-07,2026-02-07,16770.0,7624800.0,Annually,Active,1,Medium,A0007,Agent
POL001086,C01525,Motor,2024-05-28,2025-05-28,45170.0,992800.0,Annually,Expired,1,High,A0087,Corporate
POL001087,C00237,Life,2025-02-21,2040-02-21,63190.0,3072000.0,Quarterly,Active,15,Low,A0092,Corporate
POL001088,C03380,Life,2025-02-13,2050-02-13,95640.0,4711300.0,Quarterly,Active,25,Medium,A0021,Referral
POL001089,C03082,Motor,2023-07-16,2024-07-15,59590.0,1702500.0,Monthly,Expired,1,Medium,A0061,Referral
POL001090,C04171,Motor,2023-04-10,2024-04-09,45360.0,1296000.0,Monthly,Expired,1,Medium,A0065,Agent
POL001091,C02301,Life,2024-02-21,2044-02-21,67780.0,4862000.0,Monthly,Active,20,Low,A0090,Corporate
POL001092,C01770,Home,2025-01-08,2035-01-08,16720.0,7597900.0,Annually,Active,10,Medium,A0057,Online
POL001093,C03671,Life,2025-04-13,2045-04-13,79590.0,4943500.0,Annually,Active,20,Medium,A0019,Online
POL001094,C01403,Motor,2023-05-06,2024-05-05,12140.0,266800.0,Annually,Expired,1,High,A0007,Online
POL001095,C02959,Motor,2024-02-13,2025-02-12,20460.0,584600.0,Annually,Expired,1,Medium,A0033,Agent
POL001096,C02628,Home,2025-01-26,2040-01-26,9240.0,4938600.0,Annually,Cancelled,15,Low,A0082,Corporate
POL001097,C01737,Motor,2023-06-05,2024-06-04,21350.0,610000.0,Annually,Expired,1,Medium,A0092,Agent
POL001098,C03049,Motor,2025-01-11,2026-01-11,55690.0,1223900.0,Annually,Active,1,High,A0069,Bancassurance
POL001099,C04436,Motor,2025-01-09,2026-01-09,31750.0,1067400.0,Annually,Cancelled,1,Low,A0032,Agent
POL001100,C02363,Health,2025-04-17,2027-04-17,23120.0,500000.0,Monthly,Active,2,Low,A0051,Agent
POL001101,C00525,Health,2023-01-31,2024-01-28,50250.0,750000.0,Annually,Expired,1,Medium,A0051,Agent
POL001102,C04510,Health,2025-02-01,2026-02-01,20570.0,500000.0,Monthly,Active,1,Low,A0053,Online
POL001103,C00619,Travel,2023-01-13,2023-02-10,2560.0,250600.0,Monthly,Expired,1,Low,A0061,Bancassurance
POL001104,C01803,Motor,2025-05-28,2026-05-28,63200.0,1389100.0,Annually,Active,1,High,A0016,Agent
POL001105,C04108,Motor,2024-06-04,2025-06-04,7900.0,225700.0,Annually,Expired,1,Medium,A0099,Agent
POL001106,C01804,Travel,2024-02-18,2024-04-17,9350.0,779500.0,Annually,Expired,1,Medium,A0092,Corporate
POL001107,C01473,Home,2023-01-17,2033-01-17,4900.0,2226000.0,Annually,Active,10,Medium,A0008,Online
POL001108,C04032,Motor,2025-01-25,2026-01-25,51970.0,1484900.0,Annually,Active,1,Medium,A0032,Online
POL001109,C00889,Travel,2023-02-05,2023-03-28,3190.0,313100.0,Annually,Expired,1,Low,A0066,Agent
POL001110,C03775,Home,2025-02-04,2030-02-04,9520.0,4327700.0,Annually,Active,5,Medium,A0039,Corporate
POL001111,C01680,Motor,2025-01-13,2026-01-13,39350.0,1124400.0,Annually,Active,1,Medium,A0025,Online
POL001112,C01903,Life,2024-12-17,2049-12-17,43930.0,2247000.0,Monthly,Active,25,Low,A0052,Agent
POL001113,C03804,Health,2023-06-08,2024-06-08,45220.0,1000000.0,Annually,Expired,1,Low,A0061,Referral
POL001114,C02095,Motor,2025-07-20,2026-07-20,15710.0,528200.0,Annually,Active,1,Low,A0096,Agent
POL001115,C04235,Home,2023-08-23,2033-08-23,12910.0,5868100.0,Monthly,Active,10,Medium,A0054,Agent
POL001116,C00946,Motor,2023-05-24,2024-05-23,29760.0,850200.0,Annually,Expired,1,Medium,A0055,Corporate
POL001117,C02560,Motor,2025-02-07,2026-02-07,47840.0,1051400.0,Annually,Active,1,High,A0013,Agent
POL001118,C00359,Home,2023-12-01,2038-12-01,13370.0,6077800.0,Annually,Lapsed,15,Medium,A0095,Referral
POL001119,C00161,Health,2023-02-03,2025-02-03,12190.0,300000.0,Monthly,Expired,2,Low,A0099,Agent
POL001120,C03240,Motor,2025-05-24,2026-05-24,43180.0,948900.0,Annually,Active,1,High,A0027,Agent
POL001121,C00735,Motor,2024-07-18,2025-07-18,38380.0,1096500.0,Annually,Lapsed,1,Medium,A0027,Corporate
POL001122,C04412,Home,2023-06-11,2024-06-11,8190.0,3723800.0,Monthly,Expired,1,Medium,A0011,Online
POL001123,C04048,Home,2023-04-16,2038-04-16,4830.0,2196700.0,Annually,Active,15,Medium,A0068,Online
POL001124,C04674,Life,2025-07-29,2045-07-28,71450.0,4278300.0,Quarterly,Active,20,Medium,A0068,Online
POL001125,C03228,Health,2024-05-31,2026-05-28,73100.0,2000000.0,Annually,Lapsed,2,Low,A0067,Bancassurance
POL001126,C02512,Health,2023-04-29,2025-04-28,11280.0,300000.0,Annually,Expired,2,Medium,A0056,Corporate
POL001127,C02350,Motor,2023-02-18,2024-02-18,8340.0,238400.0,Annually,Expired,1,Medium,A0003,Online
POL001128,C01544,Motor,2023-10-15,2024-10-14,10830.0,309400.0,Annually,Expired,1,Medium,A0065,Agent
POL001129,C01622,Life,2024-11-02,2034-11-02,121950.0,6492000.0,Monthly,Active,10,Low,A0085,Corporate
POL001130,C00037,Travel,2024-10-06,2024-11-09,2490.0,207800.0,Monthly,Expired,1,Medium,A0089,Agent
POL001131,C01439,Life,2024-03-21,2049-03-21,19530.0,1260000.0,Annually,Active,25,Medium,A0074,Online
POL001132,C04605,Motor,2025-01-08,2026-01-08,8790.0,251100.0,Annually,Active,1,Medium,A0014,Agent
POL001133,C01901,Health,2023-04-17,2025-04-17,18020.0,500000.0,Monthly,Expired,2,Low,A0010,Online
POL001134,C04537,Motor,2024-10-13,2025-10-13,45710.0,1306100.0,Annually,Expired,1,Medium,A0073,Online
POL001135,C01782,Motor,2023-01-26,2024-01-26,26030.0,743900.0,Monthly,Expired,1,Medium,A0071,Referral
POL001136,C04583,Life,2024-03-12,2049-03-12,114310.0,5847000.0,Annually,Active,25,Low,A0098,Agent
POL001137,C04509,Life,2025-03-19,2040-03-19,35770.0,2391000.0,Monthly,Active,15,Low,A0009,Online
POL001138,C03161,Motor,2023-09-14,2024-09-13,42750.0,939700.0,Annually,Expired,1,High,A0100,Agent
POL001139,C03906,Health,2024-06-09,2026-06-09,45730.0,1000000.0,Monthly,Active,2,Low,A0010,Online
POL001140,C04226,Motor,2025-08-13,2026-08-13,20930.0,598100.0,Annually,Active,1,Medium,A0007,Agent
POL001141,C00109,Home,2023-05-06,2033-05-06,3100.0,1657100.0,Annually,Active,10,Low,A0002,Agent
POL001142,C02812,Life,2023-10-12,2043-10-12,54930.0,2847000.0,Annually,Active,20,Low,A0057,Agent
POL001143,C02369,Life,2023-05-06,2043-05-06,66010.0,3612000.0,Quarterly,Active,20,Low,A0021,Online
POL001144,C03682,Health,2025-07-31,2028-07-28,39100.0,1000000.0,Monthly,Active,3,Low,A0094,Online
POL001145,C03714,Life,2025-09-18,2040-09-18,85400.0,5910000.0,Monthly,Active,15,Low,A0017,Agent
POL001146,C00800,Life,2023-08-17,2033-08-17,81730.0,4667700.0,Monthly,Active,10,Low,A0061,Agent
POL001147,C02522,Health,2023-03-26,2024-03-26,21840.0,500000.0,Annually,Expired,1,Low,A0037,Corporate
POL001148,C02794,Life,2024-04-06,2054-04-06,98570.0,4620000.0,Monthly,Active,30,Low,A0094,Corporate
POL001149,C01069,Life,2025-08-29,2055-08-28,131600.0,3939000.0,Annually,Active,30,High,A0042,Agent
POL001150,C04526,Travel,2023-12-21,2024-02-03,8060.0,671400.0,Annually,Expired,1,Medium,A0051,Online
POL001151,C02021,Health,2023-07-31,2024-07-28,28200.0,750000.0,Monthly,Expired,1,Medium,A0006,Referral
POL001152,C02536,Motor,2024-04-30,2025-04-30,50530.0,1443700.0,Annually,Expired,1,Medium,A0043,Online
POL001153,C00322,Travel,2023-06-13,2023-07-27,1500.0,74300.0,Annually,Expired,1,Medium,A0098,Agent
POL001154,C00215,Travel,2024-09-19,2024-10-08,4760.0,396400.0,Monthly,Expired,1,Medium,A0056,Online
POL001155,C03783,Motor,2025-03-27,2026-03-27,56130.0,1603700.0,Annually,Active,1,Medium,A0070,Online
POL001156,C01331,Health,2023-04-10,2024-04-10,59800.0,1000000.0,Quarterly,Expired,1,Medium,A0039,Online
POL001157,C04553,Health,2025-08-09,2026-08-09,21500.0,500000.0,Monthly,Active,1,Medium,A0088,Agent
POL001158,C02756,Health,2024-12-29,2025-12-28,12800.0,300000.0,Quarterly,Lapsed,1,Low,A0021,Online
POL001159,C04526,Life,2025-08-05,2035-08-05,67020.0,3744000.0,Quarterly,Active,10,Medium,A0099,Agent
POL001160,C04144,Motor,2025-08-31,2026-08-31,36640.0,1046900.0,Annually,Active,1,Medium,A0087,Agent
POL001161,C04411,Life,2025-05-12,2055-05-12,71930.0,3888000.0,Monthly,Active,30,Medium,A0032,Online
POL001162,C03466,Travel,2025-01-30,2025-02-28,7040.0,689900.0,Annually,Expired,1,Low,A0066,Agent
POL001163,C00220,Health,2023-10-21,2024-10-21,14660.0,300000.0,Annually,Expired,1,High,A0047,Online
POL001164,C00853,Life,2025-07-30,2040-07-28,190840.0,9636000.0,Quarterly,Active,15,Low,A0023,Online
POL001165,C00558,Motor,2024-12-14,2025-12-14,37600.0,826300.0,Annually,Expired,1,High,A0055,Agent
POL001166,C03891,Health,2023-12-30,2026-12-28,13980.0,300000.0,Monthly,Active,3,Medium,A0054,Referral
POL001167,C03700,Health,2025-04-19,2027-04-19,46200.0,750000.0,Monthly,Lapsed,2,Medium,A0004,Online
POL001168,C03819,Life,2023-01-08,2038-01-08,76260.0,4554100.0,Annually,Active,15,Low,A0073,Agent
POL001169,C04845,Motor,2025-01-21,2026-01-21,33280.0,950900.0,Annually,Active,1,Medium,A0039,Agent
POL001170,C01298,Motor,2024-07-23,2025-07-23,35180.0,1005200.0,Annually,Expired,1,Medium,A0028,Online
POL001171,C03677,Motor,2024-07-25,2025-07-25,53350.0,1793200.0,Annually,Expired,1,Low,A0073,Agent
POL001172,C02139,Travel,2025-09-22,2025-10-25,7610.0,633800.0,Monthly,Expired,1,Medium,A0013,Online
POL001173,C02382,Health,2023-04-06,2024-04-06,58200.0,1500000.0,Annually,Expired,1,Medium,A0077,Bancassurance
POL001174,C04396,Health,2024-08-17,2025-08-17,61600.0,1000000.0,Annually,Expired,1,Medium,A0013,Agent
POL001175,C00226,Motor,2023-07-15,2024-07-14,39600.0,1131400.0,Annually,Expired,1,Medium,A0093,Online
POL001176,C00340,Motor,2025-03-14,2026-03-14,67900.0,1492300.0,Annually,Active,1,High,A0019,Agent
POL001177,C04991,Home,2023-01-21,2024-01-21,2240.0,1197700.0,Annually,Lapsed,1,Low,A0014,Referral
POL001178,C00888,Life,2025-05-15,2045-05-15,28520.0,2046000.0,Monthly,Cancelled,20,Low,A0020,Agent
POL001179,C03257,Health,2024-02-14,2026-02-14,12180.0,300000.0,Monthly,Active,2,Medium,A0061,Agent
POL001180,C02826,Life,2023-01-24,2043-01-24,42800.0,2813300.0,Monthly,Active,20,Low,A0020,Online
POL001181,C02380,Motor,2023-08-15,2024-08-14,4790.0,160900.0,Annually,Expired,1,Low,A0021,Agent
POL001182,C00062,Travel,2023-07-27,2023-09-01,8760.0,729800.0,Annually,Expired,1,Medium,A0004,Bancassurance
POL001183,C04519,Health,2023-01-26,2025-01-26,12360.0,300000.0,Quarterly,Expired,2,Medium,A0043,Agent
POL001184,C03356,Travel,2024-02-16,2024-04-07,8200.0,804000.0,Annually,Expired,1,Low,A0042,Agent
POL001185,C02388,Health,2023-05-11,2024-05-11,13410.0,300000.0,Quarterly,Expired,1,Low,A0025,Corporate
POL001186,C03282,Health,2024-02-28,2026-02-28,23600.0,500000.0,Monthly,Active,2,Medium,A0078,Agent
POL001187,C02788,Health,2025-07-13,2026-07-13,31800.0,750000.0,Monthly,Active,1,Medium,A0076,Referral
POL001188,C01644,Motor,2024-01-30,2025-01-29,54820.0,1566200.0,Annually,Expired,1,Medium,A0095,Online
POL001189,C00230,Motor,2024-01-18,2025-01-17,28270.0,621300.0,Annually,Expired,1,High,A0082,Bancassurance
POL001190,C00927,Home,2025-01-13,2035-01-13,13880.0,6307900.0,Annually,Active,10,Medium,A0094,Agent
POL001191,C02063,Health,2024-11-13,2027-11-13,60060.0,750000.0,Monthly,Active,3,High,A0022,Agent
POL001192,C01604,Health,2023-05-28,2026-05-28,49600.0,1000000.0,Annually,Active,3,Medium,A0083,Agent
POL001193,C03828,Home,2025-05-30,2026-05-28,15020.0,6825800.0,Annually,Active,1,Medium,A0091,Agent
POL001194,C02597,Motor,2025-08-30,2026-08-30,59220.0,1692100.0,Annually,Active,1,Medium,A0099,Agent
POL001195,C04360,Motor,2024-04-25,2025-04-25,49590.0,1416900.0,Annually,Expired,1,Medium,A0025,Referral
POL001196,C01545,Life,2023-01-21,2043-01-21,45950.0,2922000.0,Quarterly,Active,20,Low,A0032,Agent
POL001197,C02336,Health,2025-08-21,2026-08-21,12340.0,300000.0,Annually,Active,1,Low,A0051,Agent
POL001198,C04303,Motor,2024-12-13,2025-12-13,48830.0,1641400.0,Annually,Expired,1,Low,A0100,Bancassurance
POL001199,C04233,Home,2023-10-14,2024-10-14,10000.0,5349100.0,Monthly,Expired,1,Low,A0040,Corporate
POL001200,C01769,Home,2023-06-04,2038-06-04,15350.0,6977100.0,Annually,Lapsed,15,Medium,A0050,Agent
POL001201,C03523,Home,2023-03-01,2028-03-01,3790.0,2024600.0,Annually,Lapsed,5,Low,A0018,Agent
POL001202,C03517,Life,2024-04-28,2044-04-28,36490.0,1697000.0,Monthly,Active,20,Medium,A0004,Online
POL001203,C01692,Home,2023-08-21,2033-08-21,9220.0,4932600.0,Monthly,Active,10,Low,A0024,Bancassurance
POL001204,C02740,Health,2024-03-01,2027-03-01,21080.0,500000.0,Annually,Active,3,Low,A0026,Bancassurance
POL001205,C02146,Motor,2024-06-29,2025-06-29,9370.0,267600.0,Monthly,Expired,1,Medium,A0018,Referral
POL001206,C00576,Motor,2024-04-08,2025-04-08,57570.0,1265200.0,Annually,Expired,1,High,A0005,Online
POL001207,C03633,Health,2025-05-20,2027-05-20,38550.0,750000.0,Monthly,Active,2,Medium,A0033,Bancassurance
POL001208,C00273,Health,2023-02-24,2024-02-24,77100.0,1500000.0,Monthly,Expired,1,Medium,A0042,Online
POL001209,C00304,Travel,2025-08-23,2025-09-30,2410.0,236700.0,Annually,Expired,1,Low,A0036,Agent
POL001210,C04049,Health,2024-08-27,2025-08-27,21590.0,500000.0,Annually,Lapsed,1,Low,A0095,Bancassurance
POL001211,C00483,Life,2025-02-10,2035-02-10,49030.0,2760000.0,Quarterly,Active,10,Low,A0006,Agent
POL001212,C04065,Health,2025-02-13,2027-02-13,41140.0,1000000.0,Quarterly,Active,2,Low,A0089,Online
POL001213,C01202,Life,2024-03-03,2054-03-03,87350.0,4588000.0,Annually,Active,30,Low,A0091,Agent
POL001214,C04926,Health,2024-10-10,2026-10-10,12000.0,300000.0,Annually,Active,2,Medium,A0009,Bancassurance
POL001215,C00575,Health,2025-02-28,2026-02-28,11880.0,300000.0,Quarterly,Active,1,Low,A0004,Online
POL001216,C02718,Home,2023-04-08,2038-04-08,5370.0,2441000.0,Monthly,Active,15,Medium,A0007,Agent
POL001217,C01042,Health,2024-02-10,2025-02-10,56400.0,1500000.0,Annually,Lapsed,1,Medium,A0079,Referral
POL001218,C00723,Health,2025-01-21,2027-01-21,89420.0,2000000.0,Annually,Active,2,Low,A0055,Agent
POL001219,C02340,Home,2025-03-13,2026-03-13,9740.0,4429200.0,Monthly,Active,1,Medium,A0029,Bancassurance
POL001220,C04521,Life,2025-09-01,2035-09-01,63070.0,4289300.0,Monthly,Active,10,Low,A0033,Agent
POL001221,C04088,Life,2023-12-04,2038-12-04,129490.0,6711000.0,Annually,Active,15,Low,A0001,Online
POL001222,C01433,Motor,2024-04-14,2025-04-14,38270.0,1093300.0,Annually,Expired,1,Medium,A0080,Agent
POL001223,C03884,Health,2025-01-29,2028-01-28,63600.0,1500000.0,Monthly,Active,3,Medium,A0084,Agent
POL001224,C04532,Motor,2025-08-11,2026-08-11,14530.0,319300.0,Annually,Lapsed,1,High,A0084,Agent
POL001225,C03293,Motor,2024-07-02,2025-07-02,19070.0,545000.0,Annually,Expired,1,Medium,A0071,Agent
POL001226,C01097,Motor,2023-03-30,2024-03-29,16380.0,550500.0,Annually,Expired,1,Low,A0069,Bancassurance
POL001227,C02613,Motor,2024-11-03,2025-11-03,5650.0,190100.0,Annually,Expired,1,Low,A0089,Agent
POL001228,C00928,Health,2023-08-14,2024-08-14,10960.0,300000.0,Monthly,Expired,1,Low,A0033,Agent
POL001229,C04752,Health,2025-02-21,2028-02-21,73500.0,1500000.0,Monthly,Active,3,Medium,A0038,Referral
POL001230,C02148,Health,2024-01-09,2025-01-09,81260.0,2000000.0,Monthly,Expired,1,Low,A0018,Bancassurance
POL001231,C01499,Life,2024-12-17,2034-12-17,80790.0,4230000.0,Monthly,Active,10,Medium,A0015,Online
POL001232,C03997,Life,2024-12-26,2034-12-26,56960.0,3983000.0,Annually,Active,10,Medium,A0067,Bancassurance
POL001233,C01708,Health,2023-06-07,2024-06-07,16860.0,300000.0,Annually,Expired,1,Medium,A0070,Bancassurance
POL001234,C02264,Motor,2023-12-06,2024-12-05,16630.0,475100.0,Annually,Expired,1,Medium,A0004,Agent
POL001235,C01593,Health,2024-10-01,2027-10-01,50800.0,1000000.0,Annually,Active,3,Medium,A0051,Agent
POL001236,C01665,Motor,2025-04-19,2026-04-19,37810.0,830900.0,Annually,Active,1,High,A0064,Agent
POL001237,C01509,Life,2023-09-14,2043-09-14,68100.0,4129600.0,Annually,Active,20,Low,A0081,Online
POL001238,C04725,Motor,2023-10-19,2024-10-18,40540.0,1158300.0,Monthly,Expired,1,Medium,A0068,Agent
POL001239,C03152,Life,2024-03-22,2034-03-22,104100.0,6849000.0,Annually,Active,10,Medium,A0090,Online
POL001240,C03400,Life,2023-04-05,2048-04-05,144460.0,5556000.0,Monthly,Active,25,Medium,A0047,Agent
POL001241,C01350,Motor,2024-05-17,2025-05-17,49680.0,1419400.0,Annually,Expired,1,Medium,A0043,Online
POL001242,C04242,Motor,2024-03-22,2025-03-22,15170.0,433300.0,Annually,Lapsed,1,Medium,A0087,Online
POL001243,C00307,Home,2024-08-20,2039-08-20,8810.0,4711400.0,Annually,Active,15,Low,A0052,Online
POL001244,C02027,Home,2023-09-08,2033-09-08,15020.0,6825200.0,Annually,Active,10,Medium,A0021,Agent
POL001245,C03635,Health,2025-03-28,2028-03-28,48450.0,750000.0,Monthly,Active,3,Medium,A0090,Online
POL001246,C03625,Home,2024-07-12,2039-07-12,9610.0,4370300.0,Annually,Active,15,Medium,A0072,Referral
POL001247,C01935,Health,2025-05-24,2026-05-24,24800.0,500000.0,Monthly,Active,1,Medium,A0071,Bancassurance
POL001248,C01490,Home,2024-08-25,2039-08-25,17590.0,7994400.0,Annually,Active,15,Medium,A0045,Online
POL001249,C00801,Health,2023-07-18,2024-07-18,64000.0,1500000.0,Monthly,Expired,1,Low,A0094,Online
POL001250,C02736,Life,2024-05-31,2039-05-28,116750.0,6018000.0,Annually,Cancelled,15,Medium,A0027,Agent
POL001251,C00974,Life,2023-10-23,2033-10-23,57960.0,4052900.0,Annually,Active,10,Medium,A0005,Online
POL001252,C03210,Travel,2024-03-19,2024-04-14,4830.0,402700.0,Annually,Expired,1,Medium,A0057,Online
POL001253,C00344,Motor,2025-02-25,2026-02-25,37250.0,1064300.0,Annually,Active,1,Medium,A0055,Agent
POL001254,C04465,Motor,2023-06-05,2024-06-04,26140.0,746800.0,Annually,Expired,1,Medium,A0050,Online
POL001255,C04015,Home,2024-11-27,2034-11-27,5060.0,2708100.0,Annually,Active,10,Low,A0095,Agent
POL001256,C02494,Home,2023-01-05,2024-01-05,3530.0,1889100.0,Monthly,Expired,1,Low,A0053,Agent
POL001257,C00113,Motor,2024-08-30,2025-08-30,80300.0,1764800.0,Monthly,Expired,1,High,A0085,Online
POL001258,C00760,Life,2025-08-16,2040-08-16,89240.0,4332000.0,Annually,Active,15,Medium,A0080,Agent
POL001259,C00338,Life,2025-07-23,2050-07-23,52550.0,2346000.0,Annually,Active,25,Medium,A0030,Agent
POL001260,C04987,Travel,2024-01-30,2024-02-21,2600.0,216800.0,Annually,Lapsed,1,Medium,A0036,Online
POL001261,C02395,Health,2024-12-07,2027-12-07,52600.0,1000000.0,Annually,Active,3,Medium,A0023,Online
POL001262,C01095,Life,2023-02-12,2048-02-12,63080.0,3451700.0,Annually,Lapsed,25,Low,A0070,Agent
POL001263,C03712,Health,2025-05-03,2026-05-03,33920.0,750000.0,Annually,Active,1,Low,A0096,Online
POL001264,C04372,Motor,2025-05-05,2026-05-05,7270.0,207600.0,Annually,Active,1,Medium,A0030,Agent
POL001265,C02907,Health,2024-05-11,2025-05-11,28940.0,750000.0,Annually,Expired,1,Low,A0043,Online
POL001266,C00211,Health,2023-10-06,2024-10-06,11280.0,300000.0,Annually,Lapsed,1,Medium,A0043,Corporate
POL001267,C01488,Motor,2025-08-07,2026-08-07,8880.0,253800.0,Annually,Active,1,Medium,A0085,Bancassurance
POL001268,C01716,Life,2025-04-27,2045-04-27,332300.0,15243000.0,Quarterly,Active,20,Medium,A0001,Agent
POL001269,C04882,Health,2023-05-15,2025-05-15,24440.0,500000.0,Annually,Expired,2,High,A0051,Corporate
POL001270,C02797,Motor,2025-03-27,2026-03-27,63170.0,1388400.0,Annually,Active,1,High,A0047,Agent
POL001271,C02998,Life,2023-06-25,2033-06-25,94180.0,4881200.0,Annually,Active,10,Low,A0022,Agent
POL001272,C04393,Motor,2024-09-20,2025-09-20,34280.0,979500.0,Annually,Lapsed,1,Medium,A0004,Corporate
POL001273,C04091,Life,2024-07-11,2044-07-11,38590.0,2172000.0,Monthly,Active,20,Low,A0019,Agent
POL001274,C04094,Motor,2024-03-31,2025-03-31,14690.0,419700.0,Annually,Expired,1,Medium,A0097,Agent
POL001275,C04412,Motor,2024-01-06,2025-01-05,9930.0,283800.0,Monthly,Expired,1,Medium,A0036,Agent
POL001276,C03575,Home,2024-07-26,2029-07-26,16610.0,7549700.0,Annually,Active,5,Medium,A0085,Agent
POL001277,C03129,Health,2023-12-14,2024-12-14,45730.0,1000000.0,Monthly,Lapsed,1,Low,A0022,Online
POL001278,C03140,Health,2025-03-28,2026-03-28,41140.0,1000000.0,Annually,Active,1,Low,A0022,Corporate
POL001279,C00550,Life,2023-10-12,2043-10-12,57140.0,3083700.0,Annually,Active,20,Low,A0055,Bancassurance
POL001280,C03247,Health,2024-01-10,2025-01-10,31700.0,500000.0,Annually,Expired,1,Medium,A0091,Agent
POL001281,C04650,Motor,2025-09-28,2026-09-28,5890.0,168300.0,Annually,Cancelled,1,Medium,A0012,Agent
POL001282,C00672,Motor,2024-07-26,2025-07-26,59080.0,1688100.0,Annually,Expired,1,Medium,A0100,Online
POL001283,C00294,Health,2023-02-15,2024-02-15,68100.0,1500000.0,Monthly,Expired,1,Medium,A0025,Bancassurance
POL001284,C02568,Life,2023-09-11,2048-09-11,91810.0,4821700.0,Quarterly,Active,25,Low,A0083,Corporate
POL001285,C04701,Home,2025-04-27,2040-04-27,10520.0,5627700.0,Annually,Active,15,Low,A0046,Online
POL001286,C03617,Home,2025-08-23,2026-08-23,5200.0,2782100.0,Annually,Active,1,Low,A0040,Bancassurance
POL001287,C02529,Health,2025-07-10,2027-07-10,118400.0,2000000.0,Monthly,Active,2,Medium,A0099,Referral
POL001288,C03331,Health,2025-08-24,2026-08-24,32000.0,750000.0,Annually,Active,1,Low,A0042,Agent
POL001289,C03782,Health,2024-04-13,2025-04-13,30090.0,750000.0,Quarterly,Lapsed,1,Low,A0085,Corporate
POL001290,C01039,Home,2024-04-30,2029-04-28,15380.0,6992800.0,Annually,Active,5,Medium,A0093,Agent
POL001291,C02110,Motor,2024-04-01,2025-04-01,17200.0,491500.0,Annually,Expired,1,Medium,A0078,Agent
POL001292,C00578,Health,2024-08-10,2027-08-10,22100.0,500000.0,Annually,Active,3,Low,A0030,Agent
POL001293,C01056,Motor,2024-11-19,2025-11-19,26010.0,874300.0,Annually,Lapsed,1,Low,A0005,Online
POL001294,C02018,Motor,2023-05-24,2024-05-23,32750.0,935600.0,Annually,Expired,1,Medium,A0011,Agent
POL001295,C04817,Motor,2024-04-20,2025-04-20,12170.0,347800.0,Annually,Expired,1,Medium,A0094,Agent
POL001296,C04044,Motor,2023-11-12,2024-11-11,25480.0,727900.0,Annually,Expired,1,Medium,A0100,Online
POL001297,C02040,Health,2023-01-04,2026-01-04,59420.0,1500000.0,Annually,Active,3,Low,A0022,Online
POL001298,C04851,Motor,2024-03-10,2025-03-10,47130.0,1346600.0,Annually,Expired,1,Medium,A0033,Online
POL001299,C03494,Motor,2024-05-13,2025-05-13,17670.0,504900.0,Annually,Expired,1,Medium,A0094,Agent
POL001300,C01477,Motor,2024-09-25,2025-09-25,45260.0,1293000.0,Annually,Expired,1,Medium,A0047,Online
POL001301,C02665,Health,2023-08-07,2024-08-07,21590.0,500000.0,Quarterly,Expired,1,Low,A0064,Online
POL001302,C01239,Motor,2023-01-31,2024-01-31,41940.0,1198300.0,Annually,Expired,1,Medium,A0073,Online
POL001303,C03688,Home,2023-08-24,2028-08-24,14760.0,7895100.0,Annually,Active,5,Low,A0021,Online
POL001304,C02663,Motor,2025-06-14,2026-06-14,38730.0,1302000.0,Annually,Active,1,Low,A0092,Bancassurance
POL001305,C02201,Health,2023-05-08,2024-05-08,33530.0,750000.0,Monthly,Lapsed,1,Low,A0087,Online
POL001306,C04369,Health,2023-01-14,2025-01-14,37600.0,1000000.0,Monthly,Expired,2,Medium,A0038,Corporate
POL001307,C00002,Travel,2023-01-23,2023-01-30,3940.0,328200.0,Monthly,Expired,1,Medium,A0074,Agent
POL001308,C04836,Home,2023-08-17,2033-08-17,14840.0,6744600.0,Annually,Active,10,Medium,A0043,Corporate
POL001309,C04504,Motor,2023-07-09,2024-07-08,20720.0,592000.0,Monthly,Expired,1,Medium,A0053,Agent
POL001310,C01505,Health,2023-11-16,2025-11-16,57880.0,1500000.0,Monthly,Lapsed,2,Low,A0094,Agent
POL001311,C01287,Health,2023-11-08,2024-11-08,62480.0,1500000.0,Quarterly,Expired,1,Low,A0038,Agent
POL001312,C00494,Home,2025-04-08,2035-04-08,12740.0,6813100.0,Annually,Cancelled,10,Low,A0039,Agent
POL001313,C01786,Health,2024-03-14,2026-03-14,85340.0,2000000.0,Quarterly,Active,2,Low,A0045,Agent
POL001314,C02814,Travel,2025-01-22,2025-03-01,9850.0,965600.0,Monthly,Expired,1,Low,A0072,Online
POL001315,C00604,Life,2023-09-30,2033-09-28,30400.0,1999800.0,Quarterly,Active,10,Medium,A0045,Bancassurance
POL001316,C04149,Life,2024-02-08,2044-02-08,72620.0,3990000.0,Annually,Active,20,Medium,A0042,Agent
POL001317,C00047,Health,2025-06-28,2026-06-28,114800.0,2000000.0,Annually,Active,1,Medium,A0072,Online
POL001318,C00712,Health,2023-02-24,2024-02-24,38800.0,1000000.0,Quarterly,Expired,1,Medium,A0045,Corporate
POL001319,C03209,Life,2025-03-11,2045-03-11,89300.0,5445000.0,Quarterly,Active,20,Medium,A0066,Referral
POL001320,C01911,Home,2024-11-16,2029-11-16,13070.0,5940100.0,Annually,Active,5,Medium,A0004,Online
POL001321,C02151,Life,2023-05-03,2038-05-03,83630.0,4846800.0,Annually,Active,15,Low,A0054,Online
POL001322,C02014,Motor,2024-02-15,2025-02-14,12420.0,354800.0,Annually,Expired,1,Medium,A0025,Online
POL001323,C01108,Motor,2025-06-01,2026-06-01,22240.0,635400.0,Annually,Lapsed,1,Medium,A0026,Agent
POL001324,C03597,Travel,2024-01-15,2024-01-27,4020.0,394100.0,Annually,Expired,1,Low,A0065,Online
POL001325,C02709,Travel,2024-04-07,2024-05-20,3140.0,308000.0,Monthly,Expired,1,Low,A0004,Online
POL001326,C00071,Health,2023-10-24,2026-10-24,99200.0,2000000.0,Quarterly,Active,3,Medium,A0045,Agent
POL001327,C03187,Motor,2025-08-22,2026-08-22,27810.0,934800.0,Annually,Active,1,Low,A0047,Agent
POL001328,C04494,Home,2023-10-21,2038-10-21,10180.0,5445700.0,Annually,Active,15,Low,A0028,Corporate
POL001329,C03225,Life,2025-09-24,2045-09-24,64100.0,3642000.0,Quarterly,Lapsed,20,Medium,A0042,Agent
POL001330,C02430,Life,2023-09-03,2033-09-03,58880.0,3012000.0,Quarterly,Active,10,Low,A0045,Bancassurance
POL001331,C02796,Health,2025-02-08,2028-02-08,80240.0,2000000.0,Monthly,Active,3,Low,A0064,Online
POL001332,C01968,Motor,2024-10-05,2025-10-05,49990.0,1428300.0,Annually,Expired,1,Medium,A0042,Online
POL001333,C04587,Health,2024-01-25,2026-01-25,29300.0,500000.0,Quarterly,Active,2,Medium,A0052,Online
POL001334,C02163,Motor,2023-05-19,2024-05-18,30560.0,671600.0,Annually,Expired,1,High,A0082,Bancassurance
POL001335,C04455,Motor,2024-10-13,2025-10-13,61630.0,1760900.0,Annually,Expired,1,Medium,A0039,Agent
POL001336,C03191,Health,2023-12-06,2026-12-06,17400.0,300000.0,Annually,Active,3,Medium,A0019,Agent
POL001337,C03446,Health,2024-08-04,2026-08-04,32000.0,750000.0,Annually,Cancelled,2,Low,A0008,Referral
POL001338,C00344,Health,2023-03-29,2024-03-28,14880.0,300000.0,Monthly,Expired,1,Medium,A0085,Online
POL001339,C02633,Travel,2023-09-27,2023-10-11,10220.0,851800.0,Monthly,Expired,1,Medium,A0093,Online
POL001340,C01307,Health,2024-08-03,2026-08-03,28560.0,750000.0,Annually,Active,2,Low,A0074,Bancassurance
POL001341,C04445,Motor,2023-12-06,2024-12-05,60170.0,1719200.0,Annually,Expired,1,Medium,A0071,Online
POL001342,C00471,Life,2024-10-16,2039-10-16,125060.0,6156000.0,Annually,Cancelled,15,Low,A0046,Online
POL001343,C00063,Home,2025-09-19,2026-09-19,17500.0,7954400.0,Annually,Active,1,Medium,A0074,Agent
POL001344,C04399,Motor,2025-04-11,2026-04-11,38350.0,1095800.0,Annually,Cancelled,1,Medium,A0079,Agent
POL001345,C02577,Travel,2024-12-12,2025-01-27,2640.0,220200.0,Annually,Expired,1,Medium,A0056,Bancassurance
POL001346,C01120,Motor,2024-12-02,2025-12-02,49230.0,1406500.0,Annually,Expired,1,Medium,A0087,Corporate
POL001347,C00872,Health,2025-10-01,2028-10-01,11730.0,300000.0,Annually,Active,3,Low,A0061,Agent
POL001348,C04646,Life,2023-12-07,2038-12-07,49770.0,3409000.0,Annually,Active,15,Medium,A0087,Online
POL001349,C02948,Health,2024-04-18,2027-04-18,54060.0,1500000.0,Annually,Active,3,Low,A0013,Bancassurance
POL001350,C02789,Motor,2024-06-12,2025-06-12,57940.0,1655400.0,Annually,Expired,1,Medium,A0041,Agent
POL001351,C02158,Life,2025-07-10,2040-07-10,80880.0,4044000.0,Annually,Active,15,Medium,A0087,Agent
POL001352,C00471,Motor,2023-06-04,2024-06-03,12070.0,344900.0,Annually,Expired,1,Medium,A0028,Bancassurance
POL001353,C04764,Motor,2025-06-26,2026-06-26,11130.0,318000.0,Annually,Active,1,Medium,A0066,Bancassurance
POL001354,C00505,Motor,2024-05-30,2025-05-30,59170.0,1690500.0,Monthly,Expired,1,Medium,A0053,Bancassurance
POL001355,C02299,Home,2025-08-18,2026-08-18,6470.0,3457400.0,Annually,Active,1,Low,A0044,Referral
POL001356,C01337,Life,2024-07-22,2044-07-22,38330.0,2360700.0,Annually,Lapsed,20,Low,A0084,Agent
POL001357,C01306,Health,2023-11-23,2024-11-23,15600.0,300000.0,Quarterly,Lapsed,1,Medium,A0054,Corporate
POL001358,C03812,Health,2023-11-11,2025-11-11,62200.0,1000000.0,Annually,Expired,2,Medium,A0005,Corporate
POL001359,C02704,Health,2025-01-11,2027-01-11,19550.0,500000.0,Annually,Active,2,Low,A0083,Online
POL001360,C04381,Motor,2023-10-14,2024-10-13,21520.0,723500.0,Annually,Expired,1,Low,A0044,Agent
POL001361,C01675,Health,2024-05-23,2027-05-23,34680.0,750000.0,Annually,Active,3,Low,A0099,Online
POL001362,C04337,Motor,2023-10-12,2024-10-11,6190.0,176700.0,Monthly,Expired,1,Medium,A0017,Agent
POL001363,C04635,Motor,2024-12-03,2025-12-03,10290.0,294000.0,Annually,Expired,1,Medium,A0021,Agent
POL001364,C01118,Home,2024-09-25,2029-09-25,16830.0,7647800.0,Annually,Active,5,Medium,A0067,Online
POL001365,C04284,Home,2023-11-24,2033-11-24,6390.0,3417000.0,Monthly,Active,10,Low,A0078,Agent
POL001366,C03963,Health,2025-09-30,2028-09-28,21080.0,500000.0,Annually,Active,3,Low,A0041,Online
POL001367,C01162,Motor,2025-09-08,2026-09-08,14450.0,412800.0,Annually,Active,1,Medium,A0052,Online
POL001368,C01314,Home,2023-04-01,2024-04-01,2160.0,983600.0,Annually,Expired,1,Medium,A0083,Online
POL001369,C04802,Motor,2025-05-14,2026-05-14,5870.0,167600.0,Annually,Active,1,Medium,A0002,Bancassurance
POL001370,C04494,Life,2024-05-24,2039-05-24,44910.0,2565000.0,Annually,Active,15,Low,A0057,Agent
POL001371,C04470,Life,2025-02-09,2040-02-09,50340.0,3201000.0,Quarterly,Active,15,Low,A0099,Online
POL001372,C02433,Home,2025-05-17,2035-05-17,13640.0,6198300.0,Monthly,Active,10,Medium,A0085,Online
POL001373,C00005,Life,2025-05-04,2055-05-04,98120.0,3909000.0,Annually,Active,30,Medium,A0047,Agent
POL001374,C02853,Travel,2023-10-17,2023-11-07,8280.0,689700.0,Annually,Expired,1,Medium,A0070,Bancassurance
POL001375,C02147,Life,2024-06-16,2044-06-16,56730.0,3116900.0,Quarterly,Active,20,Medium,A0057,Online
POL001376,C03845,Motor,2023-01-28,2024-01-28,38750.0,1107100.0,Annually,Lapsed,1,Medium,A0093,Agent
POL001377,C00332,Motor,2023-10-30,2024-10-29,14810.0,325500.0,Annually,Expired,1,High,A0080,Referral
POL001378,C04783,Life,2023-08-25,2043-08-25,70920.0,3725000.0,Annually,Active,20,Low,A0042,Online
POL001379,C03722,Life,2024-10-01,2049-10-01,135900.0,5109000.0,Monthly,Active,25,Medium,A0065,Agent
POL001380,C00113,Motor,2023-03-09,2024-03-08,32090.0,916800.0,Monthly,Expired,1,Medium,A0087,Agent
POL001381,C01664,Home,2025-07-09,2026-07-09,12290.0,6571400.0,Monthly,Cancelled,1,Low,A0090,Agent
POL001382,C04180,Health,2023-05-08,2026-05-08,40000.0,1000000.0,Annually,Active,3,Medium,A0054,Bancassurance
POL001383,C01764,Motor,2024-02-15,2025-02-14,71090.0,1562400.0,Monthly,Expired,1,High,A0093,Agent
POL001384,C04448,Life,2025-07-17,2045-07-17,40640.0,2106000.0,Quarterly,Active,20,Low,A0071,Bancassurance
POL001385,C02673,Home,2023-12-13,2028-12-13,6030.0,3227100.0,Annually,Active,5,Low,A0038,Agent
POL001386,C01893,Health,2024-01-16,2025-01-16,38090.0,500000.0,Annually,Expired,1,High,A0097,Online
POL001387,C03912,Travel,2023-10-18,2023-10-30,3800.0,317000.0,Annually,Expired,1,Medium,A0082,Agent
POL001388,C01903,Home,2023-04-30,2033-04-28,13560.0,7248700.0,Annually,Active,10,Low,A0006,Agent
POL001389,C04497,Life,2023-11-05,2048-11-05,85270.0,4684900.0,Monthly,Active,25,Medium,A0069,Corporate
POL001390,C04970,Motor,2024-05-21,2025-05-21,20650.0,453900.0,Annually,Expired,1,High,A0064,Referral
POL001391,C00367,Motor,2025-02-02,2026-02-02,51200.0,1462800.0,Annually,Active,1,Medium,A0069,Bancassurance
POL001392,C03322,Health,2023-04-06,2025-04-06,24500.0,500000.0,Quarterly,Expired,2,Medium,A0088,Bancassurance
POL001393,C00882,Motor,2024-10-14,2025-10-14,43160.0,1233300.0,Annually,Expired,1,Medium,A0007,Online
POL001394,C04073,Motor,2024-09-05,2025-09-05,51020.0,1457800.0,Monthly,Expired,1,Medium,A0043,Bancassurance
POL001395,C02149,Life,2023-01-17,2043-01-17,77100.0,3396700.0,Monthly,Active,20,Medium,A0013,Online
POL001396,C02346,Health,2023-01-17,2024-01-17,12900.0,300000.0,Quarterly,Expired,1,Medium,A0099,Corporate
POL001397,C04677,Motor,2025-03-19,2026-03-19,13030.0,372400.0,Annually,Active,1,Medium,A0016,Agent
POL001398,C04233,Home,2025-05-13,2040-05-13,3940.0,2107400.0,Annually,Cancelled,15,Low,A0047,Bancassurance
POL001399,C01526,Motor,2025-03-01,2026-03-01,38510.0,1100400.0,Monthly,Active,1,Medium,A0053,Online
POL001400,C01120,Health,2023-09-25,2025-09-25,65540.0,1500000.0,Monthly,Expired,2,Low,A0066,Corporate
POL001401,C04960,Motor,2023-06-01,2024-05-31,9320.0,266300.0,Annually,Expired,1,Medium,A0075,Online
POL001402,C01758,Motor,2024-02-26,2025-02-25,42820.0,1223400.0,Annually,Expired,1,Medium,A0068,Corporate
POL001403,C01383,Travel,2024-09-23,2024-10-29,7610.0,745900.0,Annually,Expired,1,Low,A0042,Online
POL001404,C00665,Motor,2024-12-24,2025-12-24,56580.0,1616600.0,Annually,Expired,1,Medium,A0074,Corporate
POL001405,C01077,Motor,2023-02-09,2024-02-09,55030.0,1572400.0,Annually,Expired,1,Medium,A0013,Agent
POL001406,C04776,Life,2024-06-17,2044-06-17,49530.0,2673000.0,Annually,Active,20,Low,A0047,Referral
POL001407,C00828,Travel,2024-11-27,2024-12-28,5890.0,577300.0,Annually,Expired,1,Low,A0052,Agent
POL001408,C02236,Motor,2023-01-05,2024-01-05,37230.0,1063800.0,Annually,Lapsed,1,Medium,A0042,Online
POL001409,C00394,Health,2024-11-19,2027-11-19,43050.0,750000.0,Annually,Cancelled,3,Medium,A0046,Online
POL001410,C01567,Life,2024-10-01,2034-10-01,38050.0,2238000.0,Annually,Active,10,Low,A0089,Agent
POL001411,C01093,Motor,2024-12-29,2025-12-29,10270.0,293400.0,Annually,Lapsed,1,Medium,A0019,Bancassurance
POL001412,C03123,Life,2023-06-26,2038-06-26,94260.0,4713000.0,Monthly,Active,15,Medium,A0013,Online
POL001413,C02759,Home,2023-08-27,2038-08-27,2960.0,1346700.0,Annually,Active,15,Medium,A0079,Agent
POL001414,C00412,Life,2024-10-31,2054-10-28,28350.0,1611000.0,Annually,Active,30,Medium,A0018,Agent
POL001415,C00162,Motor,2025-08-19,2026-08-19,40980.0,1171000.0,Annually,Active,1,Medium,A0026,Bancassurance
POL001416,C02335,Health,2023-09-27,2024-09-27,24140.0,500000.0,Quarterly,Expired,1,Low,A0043,Agent
POL001417,C01955,Health,2024-08-13,2026-08-13,17760.0,300000.0,Quarterly,Active,2,Medium,A0038,Agent
POL001418,C04623,Motor,2025-01-11,2026-01-11,30850.0,678000.0,Monthly,Active,1,High,A0020,Corporate
POL001419,C03654,Health,2024-10-29,2025-10-28,40630.0,1000000.0,Annually,Expired,1,Low,A0002,Online
POL001420,C01253,Motor,2023-04-07,2024-04-06,29140.0,832700.0,Annually,Expired,1,Medium,A0009,Online
POL001421,C00313,Health,2025-04-07,2026-04-07,30860.0,750000.0,Annually,Active,1,Low,A0067,Agent
POL001422,C01189,Health,2023-02-15,2024-02-15,33920.0,750000.0,Monthly,Lapsed,1,Low,A0002,Online
POL001423,C03164,Life,2023-11-26,2038-11-26,48330.0,3379700.0,Annually,Cancelled,15,Medium,A0029,Agent
POL001424,C01075,Health,2023-12-22,2024-12-22,39610.0,1000000.0,Monthly,Expired,1,Low,A0051,Agent
POL001425,C01082,Health,2024-11-14,2025-11-14,17220.0,300000.0,Annually,Expired,1,Medium,A0028,Agent
POL001426,C04590,Motor,2023-06-13,2024-06-12,21650.0,618600.0,Annually,Expired,1,Medium,A0037,Agent
POL001427,C02269,Life,2025-05-30,2050-05-28,57200.0,3045000.0,Annually,Active,25,Low,A0082,Bancassurance
POL001428,C02169,Health,2025-03-12,2027-03-12,59100.0,1500000.0,Annually,Active,2,Medium,A0030,Agent
POL001429,C02735,Motor,2023-10-13,2024-10-12,61530.0,1758000.0,Annually,Lapsed,1,Medium,A0008,Agent
POL001430,C00158,Home,2024-09-17,2029-09-17,14240.0,7616600.0,Annually,Active,5,Low,A0021,Agent
POL001431,C01225,Life,2024-01-24,2039-01-24,43770.0,2877000.0,Quarterly,Active,15,Low,A0014,Agent
POL001432,C00104,Health,2025-05-19,2026-05-19,29100.0,750000.0,Monthly,Active,1,Medium,A0023,Online
POL001433,C01159,Travel,2025-08-23,2025-10-19,7160.0,702100.0,Annually,Expired,1,Low,A0092,Online
POL001434,C03290,Health,2024-04-30,2026-04-28,21330.0,500000.0,Annually,Active,2,Low,A0041,Agent
POL001435,C01372,Motor,2023-01-09,2024-01-09,45210.0,1291600.0,Monthly,Expired,1,Medium,A0056,Bancassurance
POL001436,C03949,Motor,2023-05-09,2024-05-08,80440.0,1767900.0,Annually,Lapsed,1,High,A0090,Online
POL001437,C02587,Motor,2025-04-04,2026-04-04,60440.0,1727000.0,Annually,Active,1,Medium,A0047,Corporate
POL001438,C02554,Life,2025-03-18,2040-03-18,63870.0,3225100.0,Annually,Active,15,Low,A0089,Referral
POL001439,C02444,Motor,2024-02-28,2025-02-27,43600.0,1245700.0,Annually,Expired,1,Medium,A0076,Online
POL001440,C00271,Life,2025-08-28,2035-08-28,60470.0,3117000.0,Annually,Active,10,Medium,A0018,Bancassurance
POL001441,C04440,Motor,2023-04-20,2024-04-19,24860.0,710300.0,Annually,Lapsed,1,Medium,A0027,Online
POL001442,C03980,Home,2024-10-09,2034-10-09,7420.0,3968100.0,Annually,Active,10,Low,A0028,Agent
POL001443,C01259,Motor,2023-09-09,2024-09-08,10990.0,369600.0,Annually,Expired,1,Low,A0094,Referral
POL001444,C04238,Motor,2025-04-02,2026-04-02,36020.0,1029100.0,Annually,Active,1,Medium,A0026,Online
POL001445,C00523,Motor,2023-12-16,2024-12-15,28870.0,824800.0,Annually,Expired,1,Medium,A0083,Agent
POL001446,C01887,Home,2024-07-31,2039-07-28,9050.0,4113100.0,Annually,Active,15,Medium,A0084,Referral
POL001447,C04226,Life,2024-02-18,2039-02-18,72760.0,3750700.0,Monthly,Active,15,Medium,A0098,Online
POL001448,C04609,Motor,2025-06-01,2026-06-01,36880.0,1053800.0,Annually,Active,1,Medium,A0050,Online
POL001449,C03805,Health,2024-12-25,2025-12-25,32770.0,750000.0,Annually,Expired,1,Low,A0090,Corporate
POL001450,C00018,Home,2024-06-29,2029-06-28,13680.0,6219500.0,Annually,Active,5,Medium,A0010,Agent
POL001451,C03882,Health,2023-11-10,2024-11-10,55600.0,1000000.0,Monthly,Expired,1,Medium,A0031,Agent
POL001452,C04606,Home,2023-10-20,2028-10-20,15220.0,6917200.0,Annually,Lapsed,5,Medium,A0016,Agent
POL001453,C00334,Motor,2023-07-08,2024-07-07,32140.0,706400.0,Monthly,Lapsed,1,High,A0089,Bancassurance
POL001454,C00636,Life,2024-03-19,2049-03-19,79500.0,3749800.0,Monthly,Active,25,Medium,A0086,Agent
POL001455,C00321,Motor,2024-06-20,2025-06-20,64050.0,1407800.0,Annually,Expired,1,High,A0072,Agent
POL001456,C04929,Health,2025-03-20,2027-03-20,10960.0,300000.0,Annually,Lapsed,2,Low,A0025,Referral
POL001457,C00157,Health,2024-06-25,2025-06-25,58000.0,1000000.0,Monthly,Expired,1,Medium,A0100,Bancassurance
POL001458,C01429,Life,2024-01-04,2034-01-04,57210.0,2424000.0,Annually,Active,10,Medium,A0091,Online
POL001459,C03368,Life,2023-07-08,2048-07-08,49490.0,3001000.0,Monthly,Active,25,Low,A0080,Corporate
POL001460,C00060,Health,2023-12-23,2025-12-23,56200.0,1000000.0,Annually,Expired,2,Medium,A0069,Agent
POL001461,C01638,Motor,2023-05-10,2024-05-09,61230.0,1749500.0,Annually,Expired,1,Medium,A0004,Agent
POL001462,C04393,Life,2023-08-08,2033-08-08,55510.0,3588200.0,Annually,Active,10,Low,A0025,Agent
POL001463,C01083,Health,2025-02-10,2026-02-10,13620.0,300000.0,Quarterly,Active,1,Medium,A0092,Online
POL001464,C03047,Health,2023-11-23,2025-11-23,21840.0,500000.0,Monthly,Expired,2,Low,A0046,Agent
POL001465,C00991,Motor,2025-05-26,2026-05-26,52660.0,1504500.0,Monthly,Lapsed,1,Medium,A0013,Agent
POL001466,C03901,Motor,2024-06-02,2025-06-02,61510.0,1351800.0,Annually,Expired,1,High,A0021,Online
POL001467,C00172,Travel,2025-05-27,2025-06-13,1500.0,141000.0,Monthly,Expired,1,Low,A0013,Agent
POL001468,C00237,Travel,2025-02-06,2025-03-04,8730.0,855400.0,Annually,Lapsed,1,Low,A0065,Agent
POL001469,C01050,Motor,2025-07-25,2026-07-25,28690.0,819800.0,Annually,Cancelled,1,Medium,A0062,Agent
POL001470,C01086,Health,2025-09-07,2027-09-07,12900.0,300000.0,Monthly,Active,2,Medium,A0004,Corporate
POL001471,C02939,Home,2024-04-01,2029-04-01,3090.0,1653900.0,Annually,Active,5,Low,A0008,Online
POL001472,C02801,Motor,2025-04-22,2026-04-22,9650.0,275700.0,Monthly,Active,1,Medium,A0002,Agent
POL001473,C00666,Travel,2024-07-11,2024-09-02,3400.0,283000.0,Annually,Lapsed,1,Medium,A0098,Online
POL001474,C03646,Health,2023-01-04,2024-01-04,13720.0,300000.0,Quarterly,Expired,1,Low,A0032,Agent
POL001475,C01224,Home,2024-02-15,2025-02-15,4480.0,2395700.0,Annually,Expired,1,Low,A0027,Agent
POL001476,C04696,Life,2025-04-23,2040-04-23,77420.0,5175000.0,Quarterly,Active,15,Low,A0086,Bancassurance
POL001477,C01929,Life,2024-08-20,2034-08-20,104990.0,6270000.0,Annually,Active,10,Low,A0097,Online
POL001478,C04107,Health,2023-12-14,2025-12-14,43000.0,1000000.0,Quarterly,Expired,2,Medium,A0044,Referral
POL001479,C04304,Home,2025-02-04,2030-02-04,5990.0,2096000.0,Annually,Active,5,High,A0051,Agent
POL001480,C04571,Life,2025-06-24,2045-06-24,68010.0,3348000.0,Monthly,Lapsed,20,Low,A0039,Online
POL001481,C01110,Health,2024-03-28,2027-03-28,19400.0,500000.0,Monthly,Active,3,Medium,A0044,Online
POL001482,C01619,Home,2023-02-16,2033-02-16,7310.0,3908400.0,Annually,Active,10,Low,A0010,Online
POL001483,C04362,Home,2024-05-22,2029-05-22,10950.0,5857700.0,Annually,Active,5,Low,A0095,Agent
POL001484,C01157,Life,2024-07-18,2039-07-18,292900.0,10536000.0,Monthly,Lapsed,15,Medium,A0086,Bancassurance
POL001485,C02780,Health,2025-06-18,2026-06-18,60060.0,750000.0,Quarterly,Active,1,High,A0039,Agent
POL001486,C02647,Life,2023-04-26,2043-04-26,83280.0,5373000.0,Monthly,Active,20,Medium,A0047,Agent
POL001487,C03375,Health,2025-02-23,2027-02-23,26000.0,500000.0,Monthly,Lapsed,2,Medium,A0082,Agent
POL001488,C04079,Home,2025-03-11,2026-03-11,17580.0,7988700.0,Annually,Active,1,Medium,A0004,Agent
POL001489,C04544,Life,2023-09-21,2033-09-21,68970.0,4690400.0,Annually,Active,10,Low,A0044,Agent
POL001490,C01403,Motor,2023-12-10,2024-12-09,29410.0,646300.0,Annually,Expired,1,High,A0077,Agent
POL001491,C03842,Life,2023-01-01,2033-01-01,62920.0,3875500.0,Annually,Lapsed,10,Low,A0032,Online
POL001492,C00316,Health,2023-07-30,2025-07-28,12040.0,300000.0,Annually,Expired,2,Low,A0009,Agent
POL001493,C01142,Motor,2025-06-04,2026-06-04,36740.0,1049700.0,Monthly,Active,1,Medium,A0051,Agent
POL001494,C04329,Home,2024-06-06,2029-06-06,6150.0,3289500.0,Annually,Active,5,Low,A0055,Agent
POL001495,C04487,Life,2025-04-28,2055-04-28,83040.0,4742300.0,Annually,Active,30,Low,A0030,Agent
POL001496,C02817,Life,2025-07-31,2035-07-28,126460.0,4701000.0,Monthly,Active,10,Medium,A0015,Online
POL001497,C04084,Motor,2023-04-06,2024-04-05,49450.0,1412900.0,Annually,Expired,1,Medium,A0067,Agent
POL001498,C00688,Health,2025-06-26,2026-06-26,89420.0,2000000.0,Quarterly,Active,1,Low,A0009,Online
POL001499,C04561,Health,2025-07-03,2026-07-03,36750.0,750000.0,Annually,Active,1,Medium,A0025,Agent
POL001500,C03073,Health,2024-11-14,2025-11-14,47100.0,750000.0,Annually,Expired,1,Medium,A0015,Bancassurance
POL001501,C00499,Health,2025-07-10,2026-07-10,24800.0,500000.0,Monthly,Active,1,Medium,A0066,Agent
POL001502,C02357,Life,2025-07-23,2040-07-23,37710.0,2610000.0,Annually,Lapsed,15,Low,A0093,Agent
POL001503,C01898,Life,2025-09-06,2035-09-06,44570.0,2545600.0,Monthly,Active,10,Low,A0008,Agent
POL001504,C02715,Home,2024-01-09,2039-01-09,2350.0,1258800.0,Annually,Active,15,Low,A0028,Bancassurance
POL001505,C03655,Life,2024-02-23,2044-02-23,64530.0,4038200.0,Monthly,Active,20,Low,A0021,Online
POL001506,C04868,Home,2023-03-08,2033-03-08,16770.0,7625000.0,Annually,Active,10,Medium,A0038,Online
POL001507,C04107,Life,2023-02-24,2053-02-24,30000.0,2076000.0,Annually,Active,30,Low,A0044,Agent
POL001508,C03946,Travel,2023-12-10,2024-02-03,4820.0,472800.0,Annually,Expired,1,Low,A0017,Agent
POL001509,C00816,Life,2025-09-05,2050-09-05,73280.0,3557200.0,Monthly,Active,25,Medium,A0030,Agent
POL001510,C02945,Home,2024-11-01,2034-11-01,11100.0,5044900.0,Annually,Active,10,Medium,A0006,Online
POL001511,C03862,Motor,2025-03-06,2026-03-06,52190.0,1491200.0,Annually,Active,1,Medium,A0064,Bancassurance
POL001512,C00945,Health,2024-07-27,2025-07-27,71660.0,1500000.0,Annually,Expired,1,Low,A0072,Bancassurance
POL001513,C02306,Home,2025-05-24,2030-05-24,6400.0,2907200.0,Annually,Cancelled,5,Medium,A0073,Agent
POL001514,C04938,Health,2023-05-18,2024-05-18,19400.0,500000.0,Annually,Expired,1,Medium,A0006,Online
POL001515,C04204,Home,2023-06-01,2024-06-01,16800.0,7635800.0,Annually,Lapsed,1,Medium,A0057,Agent
POL001516,C02816,Life,2024-06-03,2039-06-03,257120.0,9249000.0,Monthly,Lapsed,15,Medium,A0013,Corporate
POL001517,C02891,Home,2024-07-21,2029-07-21,14430.0,7716100.0,Annually,Active,5,Low,A0100,Bancassurance
POL001518,C01538,Health,2023-03-24,2024-03-24,42150.0,750000.0,Monthly,Expired,1,Medium,A0061,Bancassurance
POL001519,C01000,Motor,2023-02-07,2024-02-07,19740.0,564100.0,Monthly,Lapsed,1,Medium,A0042,Agent
POL001520,C00757,Life,2023-06-06,2033-06-06,248470.0,12240000.0,Monthly,Active,10,Medium,A0072,Online
POL001521,C00285,Home,2025-01-09,2026-01-09,19880.0,6950700.0,Monthly,Active,1,High,A0040,Corporate
POL001522,C04334,Travel,2025-04-12,2025-05-02,1500.0,51100.0,Annually,Expired,1,Low,A0015,Agent
POL001523,C00755,Travel,2024-05-08,2024-06-19,11800.0,983200.0,Annually,Expired,1,Medium,A0087,Agent
POL001524,C03112,Travel,2024-09-27,2024-10-25,3700.0,308300.0,Annually,Expired,1,Medium,A0050,Online
POL001525,C04814,Motor,2024-10-29,2025-10-29,12430.0,355200.0,Annually,Lapsed,1,Medium,A0075,Bancassurance
POL001526,C02123,Home,2025-01-09,2030-01-09,4260.0,2278800.0,Annually,Active,5,Low,A0035,Bancassurance
POL001527,C01949,Health,2023-06-18,2026-06-18,18530.0,500000.0,Monthly,Cancelled,3,Low,A0095,Bancassurance
POL001528,C01766,Health,2025-06-20,2028-06-20,12720.0,300000.0,Annually,Active,3,Medium,A0097,Bancassurance
POL001529,C00591,Life,2024-08-21,2054-08-21,61950.0,3815900.0,Monthly,Cancelled,30,Low,A0019,Corporate
POL001530,C04367,Travel,2024-04-16,2024-05-25,4740.0,464600.0,Annually,Expired,1,Low,A0043,Agent
POL001531,C02238,Motor,2023-03-17,2024-03-16,19120.0,546300.0,Annually,Expired,1,Medium,A0062,Online
POL001532,C02035,Health,2023-07-18,2026-07-18,28700.0,500000.0,Annually,Active,3,Medium,A0030,Online
POL001533,C04070,Motor,2023-08-19,2024-08-18,30380.0,867900.0,Annually,Expired,1,Medium,A0085,Online
POL001534,C03797,Travel,2025-08-27,2025-10-17,2980.0,248100.0,Monthly,Expired,1,Medium,A0011,Online
POL001535,C03624,Home,2023-06-22,2033-06-22,9760.0,4435700.0,Monthly,Active,10,Medium,A0017,Agent
POL001536,C04106,Motor,2024-01-20,2025-01-19,35390.0,1189500.0,Annually,Lapsed,1,Low,A0096,Agent
POL001537,C00824,Motor,2023-10-30,2024-10-29,41000.0,1171300.0,Monthly,Lapsed,1,Medium,A0010,Agent
POL001538,C03569,Health,2023-01-17,2026-01-17,39450.0,750000.0,Annually,Active,3,Medium,A0099,Agent
POL001539,C02938,Health,2023-05-07,2024-05-07,20060.0,500000.0,Quarterly,Lapsed,1,Low,A0024,Agent
POL001540,C03729,Health,2024-11-30,2027-11-28,13410.0,300000.0,Annually,Active,3,Low,A0028,Referral
POL001541,C03410,Motor,2025-05-04,2026-05-04,51670.0,1476300.0,Annually,Lapsed,1,Medium,A0044,Bancassurance
POL001542,C03244,Home,2023-09-20,2033-09-20,14270.0,6485300.0,Annually,Cancelled,10,Medium,A0018,Agent
POL001543,C02716,Motor,2025-05-27,2026-05-27,38830.0,1109500.0,Annually,Active,1,Medium,A0016,Bancassurance
POL001544,C00531,Home,2024-01-19,2039-01-19,7200.0,3849900.0,Monthly,Active,15,Low,A0061,Agent
POL001545,C04624,Health,2023-07-04,2024-07-04,16680.0,300000.0,Annually,Expired,1,Medium,A0083,Agent
POL001546,C02916,Health,2024-03-12,2025-03-12,91500.0,1500000.0,Monthly,Expired,1,Medium,A0057,Online
POL001547,C01455,Motor,2025-02-17,2026-02-17,56840.0,1249200.0,Annually,Active,1,High,A0010,Bancassurance
POL001548,C04309,Life,2025-10-01,2045-10-01,66620.0,3199000.0,Quarterly,Active,20,Low,A0035,Agent
POL001549,C04591,Life,2024-02-05,2044-02-05,56160.0,3354000.0,Quarterly,Active,20,Low,A0036,Agent
POL001550,C03753,Motor,2025-05-07,2026-05-07,47400.0,1593200.0,Monthly,Active,1,Low,A0036,Agent
POL001551,C02071,Health,2023-05-23,2025-05-23,28940.0,750000.0,Monthly,Expired,2,Low,A0081,Bancassurance
POL001552,C03295,Motor,2023-10-04,2024-10-03,51040.0,1458400.0,Annually,Expired,1,Medium,A0097,Online
POL001553,C03884,Home,2024-08-11,2029-08-11,1920.0,871900.0,Annually,Active,5,Medium,A0028,Agent
POL001554,C03691,Health,2025-06-10,2028-06-10,35060.0,750000.0,Monthly,Active,3,Low,A0077,Referral
POL001555,C02060,Motor,2024-04-11,2025-04-11,22060.0,741400.0,Annually,Expired,1,Low,A0037,Online
POL001556,C01204,Travel,2024-01-31,2024-02-07,8900.0,741900.0,Annually,Lapsed,1,Medium,A0057,Referral
POL001557,C03425,Life,2023-04-09,2048-04-09,126370.0,4917000.0,Quarterly,Active,25,Medium,A0040,Bancassurance
POL001558,C04227,Home,2024-04-01,2029-04-01,4740.0,2535400.0,Annually,Active,5,Low,A0028,Online
POL001559,C00011,Travel,2024-07-11,2024-08-25,10610.0,884500.0,Annually,Expired,1,Medium,A0026,Agent
POL001560,C00260,Health,2025-08-30,2026-08-28,68600.0,1500000.0,Quarterly,Active,1,Low,A0052,Corporate
POL001561,C00495,Motor,2024-02-12,2025-02-11,17970.0,603900.0,Annually,Expired,1,Low,A0084,Referral
POL001562,C04098,Health,2025-08-27,2027-08-27,36750.0,750000.0,Annually,Active,2,Medium,A0084,Online
POL001563,C00964,Life,2024-06-11,2044-06-11,62240.0,3717000.0,Annually,Active,20,Low,A0084,Agent
POL001564,C03967,Motor,2024-04-04,2025-04-04,47870.0,1367800.0,Annually,Lapsed,1,Medium,A0092,Online
POL001565,C03055,Life,2024-11-23,2039-11-23,78310.0,4233000.0,Monthly,Active,15,Medium,A0074,Online
POL001566,C01444,Health,2024-12-12,2025-12-12,22100.0,500000.0,Annually,Lapsed,1,Medium,A0021,Referral
POL001567,C01864,Motor,2023-07-27,2024-07-26,29980.0,1007800.0,Annually,Expired,1,Low,A0041,Online
POL001568,C03465,Life,2023-12-29,2043-12-28,101510.0,5478000.0,Monthly,Lapsed,20,Low,A0026,Online
POL001569,C00458,Motor,2023-03-25,2024-03-24,54590.0,1559700.0,Annually,Expired,1,Medium,A0042,Agent
POL001570,C04552,Life,2025-05-25,2040-05-25,226520.0,10536000.0,Annually,Active,15,Medium,A0095,Agent
POL001571,C04490,Motor,2024-08-05,2025-08-05,63700.0,1399900.0,Annually,Expired,1,High,A0080,Agent
POL001572,C00760,Health,2024-08-14,2026-08-14,21330.0,500000.0,Monthly,Active,2,Low,A0037,Agent
POL001573,C00308,Motor,2023-04-05,2024-04-04,15020.0,429000.0,Annually,Expired,1,Medium,A0015,Online
POL001574,C04888,Health,2023-04-19,2025-04-19,18780.0,500000.0,Annually,Expired,2,Low,A0011,Online
POL001575,C01591,Home,2023-05-29,2038-05-28,14630.0,5114800.0,Annually,Active,15,High,A0007,Online
POL001576,C03792,Health,2023-04-18,2026-04-18,64000.0,1500000.0,Monthly,Active,3,Low,A0027,Online
POL001577,C00174,Motor,2024-04-26,2025-04-26,53350.0,1172600.0,Annually,Expired,1,High,A0038,Online
POL001578,C00501,Health,2024-02-10,2025-02-10,12340.0,300000.0,Annually,Expired,1,Low,A0050,Online
POL001579,C03870,Life,2024-07-31,2034-07-28,44950.0,2769000.0,Monthly,Active,10,Low,A0033,Corporate
POL001580,C04278,Health,2025-01-05,2026-01-05,19290.0,500000.0,Annually,Active,1,Low,A0032,Online
POL001581,C00412,Home,2025-05-08,2035-05-08,9370.0,5009900.0,Annually,Active,10,Low,A0036,Bancassurance
POL001582,C00109,Home,2024-03-13,2039-03-13,2240.0,1196500.0,Annually,Active,15,Low,A0005,Agent
POL001583,C00135,Travel,2025-06-26,2025-07-25,6930.0,577900.0,Annually,Expired,1,Medium,A0022,Agent
POL001584,C01148,Health,2023-11-30,2024-11-28,33530.0,750000.0,Annually,Expired,1,Low,A0017,Bancassurance
POL001585,C04348,Motor,2025-03-22,2026-03-22,11570.0,330600.0,Annually,Active,1,Medium,A0014,Agent
POL001586,C02251,Health,2024-07-29,2025-07-28,30090.0,750000.0,Quarterly,Expired,1,Low,A0099,Online
POL001587,C00005,Travel,2023-11-13,2023-12-22,11750.0,978800.0,Annually,Lapsed,1,Medium,A0068,Online
POL001588,C01763,Motor,2025-02-15,2026-02-15,11760.0,335900.0,Annually,Active,1,Medium,A0086,Referral
POL001589,C04577,Motor,2025-05-07,2026-05-07,44120.0,1260500.0,Annually,Active,1,Medium,A0028,Agent
POL001590,C00515,Motor,2025-02-21,2026-02-21,23150.0,661300.0,Annually,Active,1,Medium,A0010,Bancassurance
POL001591,C04637,Motor,2023-08-29,2024-08-28,21990.0,628200.0,Annually,Expired,1,Medium,A0072,Referral
POL001592,C00447,Home,2025-03-16,2030-03-16,4100.0,2191400.0,Annually,Cancelled,5,Low,A0021,Agent
POL001593,C02987,Health,2025-02-20,2027-02-20,46240.0,1000000.0,Monthly,Active,2,Low,A0044,Agent
POL001594,C04300,Health,2025-06-30,2026-06-28,35060.0,750000.0,Quarterly,Active,1,Low,A0047,Agent
POL001595,C04820,Motor,2025-04-09,2026-04-09,24450.0,537300.0,Annually,Active,1,High,A0052,Online
POL001596,C02512,Travel,2023-09-14,2023-10-30,9970.0,831200.0,Annually,Expired,1,Medium,A0066,Online
POL001597,C02308,Motor,2024-04-18,2025-04-18,52850.0,1509900.0,Annually,Expired,1,Medium,A0033,Online
POL001598,C04596,Life,2024-11-11,2039-11-11,90070.0,4378600.0,Annually,Active,15,Low,A0067,Bancassurance
POL001599,C04889,Travel,2024-01-03,2024-01-24,1500.0,58600.0,Annually,Expired,1,Low,A0073,Agent
POL001600,C01735,Motor,2023-10-08,2024-10-07,68060.0,1495900.0,Monthly,Lapsed,1,High,A0095,Online
POL001601,C00989,Health,2025-03-17,2026-03-17,16680.0,300000.0,Monthly,Active,1,Medium,A0092,Corporate
POL001602,C03977,Life,2025-07-05,2035-07-05,79660.0,3333000.0,Annually,Lapsed,10,Medium,A0073,Agent
POL001603,C04813,Health,2024-11-06,2025-11-06,18020.0,500000.0,Annually,Expired,1,Low,A0037,Agent
POL001604,C04216,Motor,2025-03-24,2026-03-24,61040.0,1744000.0,Annually,Active,1,Medium,A0070,Corporate
POL001605,C03627,Motor,2023-07-22,2024-07-21,7780.0,222300.0,Annually,Expired,1,Medium,A0053,Agent
POL001606,C04698,Health,2024-12-23,2026-12-23,60060.0,750000.0,Annually,Active,2,High,A0079,Agent
POL001607,C01146,Health,2025-06-05,2026-06-05,36300.0,750000.0,Annually,Active,1,Medium,A0065,Corporate
POL001608,C00221,Health,2023-02-05,2025-02-05,34680.0,750000.0,Quarterly,Expired,2,Low,A0098,Online
POL001609,C01961,Motor,2024-07-17,2025-07-17,18480.0,528100.0,Monthly,Expired,1,Medium,A0054,Online
POL001610,C02672,Home,2023-03-08,2033-03-08,14120.0,7548400.0,Annually,Active,10,Low,A0017,Agent
POL001611,C04647,Health,2024-05-11,2026-05-11,17220.0,300000.0,Annually,Lapsed,2,Medium,A0047,Online
POL001612,C00440,Life,2025-06-05,2055-06-05,54690.0,3035100.0,Annually,Cancelled,30,Low,A0075,Online
POL001613,C03333,Health,2025-02-26,2026-02-26,14880.0,300000.0,Monthly,Active,1,Medium,A0043,Online
POL001614,C01991,Travel,2023-06-23,2023-07-02,5390.0,528200.0,Annually,Expired,1,Low,A0040,Online
POL001615,C02335,Life,2023-12-04,2038-12-04,66790.0,3287800.0,Quarterly,Active,15,Low,A0037,Agent
POL001616,C02389,Travel,2023-02-25,2023-04-01,3600.0,299700.0,Annually,Lapsed,1,Medium,A0069,Agent
POL001617,C04086,Motor,2024-05-07,2025-05-07,36130.0,1032200.0,Annually,Expired,1,Medium,A0033,Agent
POL001618,C04567,Home,2023-02-05,2024-02-05,5010.0,2278800.0,Annually,Expired,1,Medium,A0064,Agent
POL001619,C01770,Home,2024-07-26,2029-07-26,10730.0,4877200.0,Annually,Active,5,Medium,A0092,Agent
POL001620,C01516,Home,2025-03-21,2030-03-21,7310.0,3908300.0,Monthly,Active,5,Low,A0007,Agent
POL001621,C03594,Travel,2024-01-19,2024-02-11,4550.0,379200.0,Annually,Expired,1,Medium,A0006,Corporate
POL001622,C00646,Home,2024-12-28,2034-12-28,8920.0,4772300.0,Annually,Active,10,Low,A0084,Online
POL001623,C01253,Motor,2025-06-08,2026-06-08,45650.0,1304200.0,Annually,Active,1,Medium,A0086,Agent
POL001624,C04084,Life,2024-09-18,2039-09-18,107480.0,4999200.0,Annually,Active,15,Medium,A0047,Referral
POL001625,C02797,Life,2024-11-08,2039-11-08,116600.0,7242000.0,Annually,Lapsed,15,Medium,A0025,Online
POL001626,C03291,Motor,2024-02-15,2025-02-14,33240.0,949700.0,Monthly,Expired,1,Medium,A0025,Online
POL001627,C00272,Life,2025-01-09,2035-01-09,61350.0,3958300.0,Monthly,Active,10,Medium,A0056,Agent
POL001628,C02947,Travel,2024-09-07,2024-10-03,8500.0,833800.0,Annually,Expired,1,Low,A0073,Online
POL001629,C00673,Health,2024-06-07,2025-06-07,47800.0,1000000.0,Quarterly,Expired,1,Medium,A0009,Online
POL001630,C01738,Home,2024-11-11,2029-11-11,3280.0,1753900.0,Annually,Active,5,Low,A0023,Agent
POL001631,C00283,Motor,2025-04-16,2026-04-16,10590.0,302600.0,Annually,Active,1,Medium,A0067,Agent
POL001632,C01023,Travel,2023-11-11,2023-12-14,6080.0,506700.0,Monthly,Expired,1,Medium,A0090,Referral
POL001633,C00819,Travel,2023-03-06,2023-04-14,6760.0,662300.0,Annually,Expired,1,Low,A0090,Bancassurance
POL001634,C00154,Travel,2023-04-03,2023-05-08,7450.0,621200.0,Annually,Expired,1,Medium,A0068,Agent
POL001635,C03200,Home,2024-07-06,2034-07-06,10500.0,4772100.0,Annually,Active,10,Medium,A0100,Online
POL001636,C03950,Life,2025-06-15,2055-06-15,61560.0,4305200.0,Annually,Active,30,Medium,A0052,Agent
POL001637,C00046,Health,2024-12-16,2025-12-16,11280.0,300000.0,Quarterly,Expired,1,Medium,A0073,Online
POL001638,C01505,Motor,2024-10-04,2025-10-04,49960.0,1427500.0,Annually,Expired,1,Medium,A0038,Online
POL001639,C01839,Life,2023-11-15,2053-11-15,47060.0,2346000.0,Quarterly,Active,30,Low,A0099,Bancassurance
POL001640,C01044,Motor,2023-05-30,2024-05-29,11160.0,318800.0,Annually,Expired,1,Medium,A0090,Agent
POL001641,C01979,Health,2024-06-18,2025-06-18,26900.0,500000.0,Annually,Expired,1,Medium,A0039,Agent
POL001642,C04441,Health,2023-03-22,2024-03-22,11580.0,300000.0,Annually,Expired,1,Low,A0086,Corporate
POL001643,C03130,Motor,2024-02-01,2025-01-31,60540.0,1729800.0,Annually,Expired,1,Medium,A0092,Bancassurance
POL001644,C04796,Home,2024-01-30,2039-01-28,13180.0,7048900.0,Annually,Active,15,Low,A0064,Agent
POL001645,C03169,Health,2023-03-30,2025-03-28,60180.0,1500000.0,Annually,Expired,2,Low,A0057,Agent
POL001646,C02375,Life,2023-04-01,2053-04-01,102660.0,4912200.0,Monthly,Active,30,Medium,A0005,Agent
POL001647,C02207,Life,2025-08-18,2040-08-18,110680.0,6321000.0,Annually,Active,15,Low,A0100,Corporate
POL001648,C00529,Motor,2024-10-28,2025-10-28,26110.0,746100.0,Annually,Expired,1,Medium,A0045,Agent
POL001649,C01051,Travel,2025-01-10,2025-01-15,10160.0,996100.0,Annually,Expired,1,Low,A0033,Referral
POL001650,C03778,Home,2024-01-01,2029-01-01,12240.0,5562500.0,Monthly,Active,5,Medium,A0075,Agent
POL001651,C00231,Health,2024-01-18,2025-01-18,28200.0,750000.0,Quarterly,Lapsed,1,Medium,A0086,Agent
POL001652,C01461,Life,2023-07-05,2048-07-05,48900.0,3325100.0,Annually,Active,25,Low,A0043,Agent
POL001653,C01248,Life,2023-11-28,2043-11-28,40540.0,2218300.0,Annually,Active,20,Low,A0057,Agent
POL001654,C00251,Health,2023-03-18,2024-03-18,59800.0,1000000.0,Quarterly,Expired,1,Medium,A0098,Agent
POL001655,C00439,Motor,2023-02-20,2024-02-20,45430.0,1298000.0,Annually,Expired,1,Medium,A0072,Corporate
POL001656,C00010,Motor,2023-07-23,2024-07-22,13850.0,395800.0,Annually,Expired,1,Medium,A0057,Online
POL001657,C02541,Motor,2023-01-09,2024-01-09,4570.0,153600.0,Annually,Expired,1,Low,A0061,Agent
POL001658,C01712,Health,2024-10-24,2027-10-24,38080.0,1000000.0,Annually,Active,3,Low,A0087,Referral
POL001659,C01192,Motor,2025-07-14,2026-07-14,25030.0,715200.0,Annually,Active,1,Medium,A0039,Online
POL001660,C04532,Travel,2025-04-09,2025-06-02,10980.0,914900.0,Annually,Expired,1,Medium,A0051,Online
POL001661,C03915,Home,2023-01-06,2033-01-06,8270.0,4420000.0,Annually,Active,10,Low,A0064,Bancassurance
POL001662,C04527,Life,2024-08-16,2034-08-16,73920.0,4161000.0,Monthly,Active,10,Low,A0077,Agent
POL001663,C03816,Motor,2025-08-18,2026-08-18,40260.0,1353400.0,Annually,Active,1,Low,A0097,Bancassurance
POL001664,C03923,Travel,2023-08-31,2023-10-29,6390.0,532800.0,Annually,Expired,1,Medium,A0094,Agent
POL001665,C01092,Health,2025-01-01,2026-01-01,49300.0,1000000.0,Annually,Active,1,Low,A0069,Online
POL001666,C01040,Life,2023-06-08,2038-06-08,111450.0,4494000.0,Annually,Active,15,Medium,A0061,Bancassurance
POL001667,C04390,Health,2024-11-14,2026-11-14,31350.0,750000.0,Monthly,Active,2,Medium,A0050,Agent
POL001668,C00832,Home,2025-09-25,2040-09-25,11770.0,5348800.0,Annually,Active,15,Medium,A0046,Agent
POL001669,C00128,Health,2024-08-12,2026-08-12,11730.0,300000.0,Annually,Active,2,Low,A0095,Online
POL001670,C02685,Home,2024-06-20,2029-06-20,3560.0,1616200.0,Annually,Active,5,Medium,A0070,Agent
POL001671,C04530,Life,2025-05-20,2035-05-20,81070.0,4841600.0,Annually,Cancelled,10,Low,A0100,Bancassurance
POL001672,C02002,Health,2025-08-05,2028-08-05,25400.0,500000.0,Annually,Active,3,Medium,A0056,Corporate
POL001673,C02629,Travel,2023-11-25,2024-01-21,2750.0,269600.0,Annually,Expired,1,Low,A0098,Referral
POL001674,C04541,Life,2024-12-14,2039-12-14,32370.0,1656000.0,Annually,Active,15,Low,A0072,Bancassurance
POL001675,C00649,Health,2025-06-19,2028-06-19,19290.0,500000.0,Annually,Cancelled,3,Low,A0043,Bancassurance
POL001676,C04451,Health,2025-03-16,2028-03-16,40630.0,1000000.0,Annually,Active,3,Low,A0043,Referral
POL001677,C03189,Motor,2024-07-05,2025-07-05,22730.0,649500.0,Annually,Expired,1,Medium,A0074,Agent
POL001678,C03956,Health,2023-06-06,2024-06-06,16750.0,500000.0,Quarterly,Expired,1,Low,A0077,Online
POL001679,C03734,Motor,2025-08-27,2026-08-27,55710.0,1591600.0,Annually,Active,1,Medium,A0066,Online
POL001680,C02978,Life,2025-08-24,2040-08-24,73260.0,3606400.0,Monthly,Active,15,Low,A0074,Agent
POL001681,C04864,Health,2024-05-30,2026-05-28,28180.0,750000.0,Annually,Active,2,Low,A0072,Agent
POL001682,C02934,Health,2023-01-30,2024-01-28,23380.0,500000.0,Annually,Expired,1,Low,A0033,Corporate
POL001683,C00938,Health,2025-02-12,2027-02-12,35020.0,1000000.0,Quarterly,Active,2,Low,A0020,Agent
POL001684,C03328,Health,2023-05-23,2024-05-23,22400.0,500000.0,Annually,Expired,1,Medium,A0014,Agent
POL001685,C04273,Life,2023-02-08,2038-02-08,60850.0,4138200.0,Monthly,Active,15,Low,A0052,Agent
POL001686,C02894,Health,2024-09-03,2026-09-03,13800.0,300000.0,Quarterly,Active,2,Medium,A0039,Agent
POL001687,C03167,Health,2025-07-25,2026-07-25,62980.0,750000.0,Monthly,Active,1,High,A0074,Agent
POL001688,C02110,Motor,2023-12-04,2024-12-03,7710.0,169400.0,Annually,Expired,1,High,A0069,Bancassurance
POL001689,C01018,Life,2025-09-28,2035-09-28,61860.0,4206500.0,Monthly,Active,10,Low,A0091,Bancassurance
POL001690,C03632,Life,2023-12-03,2038-12-03,58930.0,3660000.0,Annually,Active,15,Medium,A0020,Agent
POL001691,C00511,Health,2025-04-25,2026-04-25,23380.0,500000.0,Annually,Active,1,Low,A0054,Agent
POL001692,C01957,Motor,2024-02-27,2025-02-26,26580.0,584100.0,Annually,Expired,1,High,A0095,Referral
POL001693,C00330,Motor,2024-09-16,2025-09-16,52200.0,1491400.0,Annually,Expired,1,Medium,A0099,Agent
POL001694,C04248,Home,2024-06-10,2029-06-10,8990.0,4086300.0,Monthly,Active,5,Medium,A0013,Agent
POL001695,C02543,Motor,2024-01-01,2024-12-31,60570.0,1331200.0,Annually,Expired,1,High,A0086,Agent
POL001696,C04512,Life,2025-02-19,2035-02-19,51430.0,3194500.0,Annually,Active,10,Medium,A0044,Online
POL001697,C03275,Motor,2023-11-27,2024-11-26,18650.0,532700.0,Monthly,Expired,1,Medium,A0057,Agent
POL001698,C01561,Motor,2023-12-25,2024-12-24,28770.0,967200.0,Monthly,Expired,1,Low,A0077,Online
POL001699,C00011,Home,2023-09-24,2033-09-24,10620.0,4825900.0,Annually,Active,10,Medium,A0078,Corporate
POL001700,C00457,Motor,2025-09-17,2026-09-17,21800.0,622900.0,Annually,Active,1,Medium,A0092,Online
POL001701,C01983,Health,2024-02-23,2027-02-23,87000.0,1500000.0,Monthly,Active,3,Medium,A0087,Agent
POL001702,C03420,Travel,2025-02-11,2025-03-26,10130.0,844500.0,Annually,Expired,1,Medium,A0042,Online
POL001703,C02491,Travel,2023-04-01,2023-04-29,4120.0,343400.0,Annually,Expired,1,Medium,A0002,Agent
POL001704,C02598,Health,2025-04-17,2026-04-17,70120.0,1500000.0,Annually,Cancelled,1,Low,A0081,Online
POL001705,C02410,Motor,2025-07-09,2026-07-09,39730.0,873200.0,Annually,Active,1,High,A0042,Online
POL001706,C00732,Health,2023-10-27,2024-10-27,26300.0,500000.0,Annually,Expired,1,Medium,A0017,Online
POL001707,C01355,Life,2023-06-21,2033-06-21,58760.0,3356100.0,Monthly,Active,10,Low,A0031,Agent
POL001708,C02592,Home,2024-04-22,2034-04-22,11960.0,6393400.0,Annually,Active,10,Low,A0067,Agent
POL001709,C03216,Life,2024-10-13,2039-10-13,226510.0,8148000.0,Annually,Active,15,Medium,A0037,Online
POL001710,C00313,Motor,2025-02-28,2026-02-28,46780.0,1336700.0,Monthly,Active,1,Medium,A0068,Agent
POL001711,C00288,Health,2024-11-25,2025-11-25,14700.0,300000.0,Annually,Expired,1,Medium,A0085,Agent
POL001712,C01512,Life,2023-10-31,2033-10-28,54430.0,3638200.0,Quarterly,Active,10,Low,A0018,Bancassurance
POL001713,C00613,Travel,2025-05-19,2025-06-23,3750.0,367900.0,Annually,Lapsed,1,Low,A0033,Online
POL001714,C00449,Motor,2024-10-26,2025-10-26,21400.0,611400.0,Monthly,Expired,1,Medium,A0079,Corporate
POL001715,C03583,Health,2024-05-01,2025-05-01,10960.0,300000.0,Quarterly,Expired,1,Low,A0068,Online
POL001716,C03170,Life,2023-02-01,2053-02-01,52460.0,3567600.0,Monthly,Active,30,Low,A0088,Corporate
POL001717,C02387,Motor,2025-05-12,2026-05-12,44010.0,1479400.0,Annually,Active,1,Low,A0100,Bancassurance
POL001718,C01544,Health,2023-12-01,2024-12-01,70800.0,1500000.0,Annually,Expired,1,Medium,A0070,Bancassurance
POL001719,C01661,Home,2025-06-05,2030-06-05,2260.0,1207100.0,Monthly,Active,5,Low,A0083,Agent
POL001720,C04757,Life,2025-02-22,2050-02-22,152130.0,8688000.0,Annually,Active,25,Low,A0009,Corporate
POL001721,C00916,Life,2024-09-19,2049-09-19,67740.0,4528100.0,Quarterly,Active,25,Low,A0001,Bancassurance
POL001722,C02441,Life,2024-05-26,2034-05-26,30050.0,1716000.0,Quarterly,Active,10,Low,A0051,Bancassurance
POL001723,C01521,Motor,2025-04-18,2026-04-18,27380.0,782300.0,Annually,Active,1,Medium,A0036,Bancassurance
POL001724,C01595,Travel,2023-12-17,2024-02-03,10310.0,859000.0,Annually,Expired,1,Medium,A0038,Online
POL001725,C04474,Health,2023-06-22,2025-06-22,27500.0,500000.0,Monthly,Expired,2,Medium,A0099,Agent
POL001726,C01549,Health,2025-06-20,2026-06-20,49000.0,1000000.0,Monthly,Lapsed,1,Medium,A0078,Agent
POL001727,C02931,Motor,2023-07-12,2024-07-11,27080.0,773800.0,Annually,Lapsed,1,Medium,A0057,Corporate
POL001728,C01918,Home,2025-05-23,2035-05-23,9260.0,4209400.0,Annually,Active,10,Medium,A0055,Bancassurance
POL001729,C04955,Health,2023-01-19,2025-01-19,12190.0,300000.0,Annually,Expired,2,Low,A0039,Online
POL001730,C02582,Health,2025-01-23,2026-01-23,27500.0,500000.0,Quarterly,Active,1,Medium,A0011,Agent
POL001731,C02479,Motor,2024-07-10,2025-07-10,42830.0,1223700.0,Annually,Expired,1,Medium,A0022,Bancassurance
POL001732,C03927,Life,2023-04-16,2038-04-16,288240.0,13992000.0,Annually,Active,15,Medium,A0007,Agent
POL001733,C04393,Health,2024-11-12,2025-11-12,22700.0,500000.0,Monthly,Expired,1,Medium,A0053,Referral
POL001734,C01374,Motor,2024-06-06,2025-06-06,59360.0,1696000.0,Annually,Expired,1,Medium,A0061,Bancassurance
POL001735,C04623,Health,2023-06-07,2024-06-07,40820.0,500000.0,Annually,Expired,1,High,A0070,Agent
POL001736,C04287,Health,2025-05-14,2028-05-14,20570.0,500000.0,Annually,Active,3,Low,A0031,Bancassurance
POL001737,C04569,Health,2025-08-17,2027-08-17,33600.0,750000.0,Annually,Active,2,Medium,A0009,Corporate
POL001738,C04159,Motor,2024-03-19,2025-03-19,50210.0,1434500.0,Annually,Lapsed,1,Medium,A0075,Agent
POL001739,C02852,Life,2023-05-28,2038-05-28,88280.0,4223900.0,Monthly,Active,15,Medium,A0080,Referral
POL001740,C03862,Health,2024-10-10,2025-10-10,19550.0,500000.0,Monthly,Expired,1,Low,A0054,Online
POL001741,C00384,Health,2023-10-05,2024-10-05,26300.0,500000.0,Quarterly,Expired,1,Medium,A0038,Agent
POL001742,C02539,Home,2023-04-02,2038-04-02,13630.0,7290300.0,Annually,Active,15,Low,A0064,Agent
POL001743,C03756,Health,2025-09-05,2028-09-05,68600.0,1500000.0,Quarterly,Active,3,Low,A0067,Agent
POL001744,C02507,Travel,2023-10-21,2023-11-22,3980.0,390300.0,Annually,Lapsed,1,Low,A0030,Referral
POL001745,C02425,Life,2024-03-29,2034-03-28,30310.0,1587000.0,Quarterly,Active,10,Medium,A0028,Online
POL001746,C03873,Home,2024-08-03,2025-08-03,7040.0,3765700.0,Annually,Lapsed,1,Low,A0036,Agent
POL001747,C01347,Home,2025-05-15,2035-05-15,16680.0,7580600.0,Annually,Active,10,Medium,A0099,Agent
POL001748,C01846,Home,2024-08-26,2039-08-26,9620.0,4373500.0,Annually,Active,15,Medium,A0071,Agent
POL001749,C03247,Motor,2025-04-18,2026-04-18,21920.0,626300.0,Annually,Active,1,Medium,A0045,Corporate
POL001750,C04920,Motor,2025-06-07,2026-06-07,70490.0,1549200.0,Annually,Active,1,High,A0046,Bancassurance
POL001751,C00873,Motor,2023-01-26,2024-01-26,26920.0,769000.0,Monthly,Expired,1,Medium,A0080,Corporate
POL001752,C00624,Life,2023-10-27,2033-10-27,22230.0,1062000.0,Quarterly,Active,10,High,A0046,Referral
POL001753,C01742,Home,2025-04-26,2026-04-26,11000.0,5881200.0,Monthly,Active,1,Low,A0093,Corporate
POL001754,C03246,Life,2023-06-13,2048-06-13,67220.0,3678200.0,Annually,Active,25,Low,A0022,Agent
POL001755,C00314,Home,2023-06-03,2028-06-03,9040.0,4833300.0,Annually,Active,5,Low,A0090,Online
POL001756,C02802,Life,2024-09-25,2034-09-25,191160.0,8100000.0,Annually,Active,10,Medium,A0088,Agent
POL001757,C02794,Motor,2024-02-06,2025-02-05,12210.0,348800.0,Annually,Expired,1,Medium,A0016,Online
POL001758,C01412,Motor,2024-11-22,2025-11-22,33610.0,960300.0,Annually,Expired,1,Medium,A0066,Agent
POL001759,C01491,Home,2024-06-14,2025-06-14,10060.0,5380900.0,Annually,Expired,1,Low,A0072,Online
POL001760,C00629,Motor,2025-04-17,2026-04-17,30440.0,869700.0,Annually,Active,1,Medium,A0002,Corporate
POL001761,C01291,Travel,2025-08-30,2025-09-27,1500.0,128600.0,Monthly,Expired,1,Low,A0032,Online
POL001762,C01500,Health,2024-10-31,2027-10-28,34680.0,750000.0,Annually,Lapsed,3,Low,A0078,Agent
POL001763,C04557,Life,2025-06-05,2035-06-05,42080.0,2181000.0,Quarterly,Active,10,Low,A0001,Corporate
POL001764,C02840,Health,2024-02-11,2026-02-11,40120.0,1000000.0,Annually,Active,2,Low,A0024,Corporate
POL001765,C02082,Life,2025-05-18,2050-05-18,238550.0,8226000.0,Quarterly,Active,25,Medium,A0043,Bancassurance
POL001766,C01393,Travel,2023-04-28,2023-06-19,10500.0,875200.0,Annually,Expired,1,Medium,A0015,Agent
POL001767,C01101,Health,2023-11-04,2024-11-04,20570.0,500000.0,Monthly,Expired,1,Low,A0013,Referral
POL001768,C00539,Life,2024-07-02,2049-07-02,54460.0,2196000.0,Annually,Active,25,Medium,A0027,Agent
POL001769,C01457,Life,2025-04-22,2050-04-22,57960.0,3461100.0,Annually,Active,25,Low,A0047,Agent
POL001770,C02668,Health,2025-09-23,2026-09-23,13620.0,300000.0,Quarterly,Active,1,Medium,A0037,Agent
POL001771,C01759,Health,2024-08-27,2027-08-27,55590.0,1500000.0,Annually,Active,3,Low,A0047,Online
POL001772,C00545,Health,2024-10-12,2026-10-12,13110.0,300000.0,Monthly,Active,2,Low,A0089,Referral
POL001773,C03754,Health,2025-07-27,2027-07-27,79220.0,2000000.0,Quarterly,Active,2,Low,A0004,Agent
POL001774,C00084,Motor,2025-03-03,2026-03-03,28180.0,805100.0,Annually,Active,1,Medium,A0052,Bancassurance
POL001775,C00289,Motor,2025-05-15,2026-05-15,10960.0,313100.0,Annually,Active,1,Medium,A0001,Agent
POL001776,C00800,Health,2023-11-10,2026-11-10,64000.0,1500000.0,Annually,Active,3,Low,A0085,Agent
POL001777,C00352,Travel,2023-11-30,2023-12-17,11850.0,987600.0,Annually,Expired,1,Medium,A0065,Agent
POL001778,C04336,Travel,2025-04-02,2025-05-08,4260.0,355200.0,Annually,Expired,1,Medium,A0036,Bancassurance
POL001779,C00831,Life,2024-07-09,2034-07-09,57250.0,3700800.0,Annually,Active,10,Low,A0047,Agent
POL001780,C02372,Travel,2024-09-18,2024-10-17,3070.0,301400.0,Annually,Expired,1,Low,A0001,Online
POL001781,C04918,Travel,2025-03-11,2025-04-18,5640.0,552800.0,Annually,Expired,1,Low,A0022,Agent
POL001782,C03968,Home,2024-08-18,2025-08-18,7410.0,3961600.0,Annually,Expired,1,Low,A0044,Online
POL001783,C04727,Health,2023-02-16,2025-02-16,13570.0,300000.0,Annually,Expired,2,Low,A0008,Online
POL001784,C03886,Home,2023-07-03,2033-07-03,10390.0,4722600.0,Annually,Active,10,Medium,A0089,Bancassurance
POL001785,C02392,Motor,2024-02-10,2025-02-09,37590.0,1074000.0,Annually,Expired,1,Medium,A0087,Online
POL001786,C01774,Health,2025-04-06,2026-04-06,10810.0,300000.0,Annually,Active,1,Low,A0004,Bancassurance
POL001787,C03099,Health,2023-09-25,2026-09-25,58650.0,1500000.0,Annually,Cancelled,3,Low,A0064,Agent
POL001788,C00936,Life,2024-06-03,2039-06-03,92390.0,4762600.0,Quarterly,Active,15,Medium,A0032,Online
POL001789,C03370,Life,2025-06-17,2045-06-17,125830.0,5265000.0,Annually,Active,20,Medium,A0094,Agent
POL001790,C02932,Life,2024-09-29,2044-09-28,91450.0,4943100.0,Quarterly,Active,20,Medium,A0086,Agent
POL001791,C02988,Health,2023-05-19,2025-05-19,85200.0,1500000.0,Annually,Expired,2,Medium,A0031,Online
POL001792,C03404,Travel,2024-10-07,2024-11-30,4820.0,401700.0,Annually,Expired,1,Medium,A0050,Agent
POL001793,C04470,Health,2023-03-14,2024-03-14,29320.0,750000.0,Quarterly,Expired,1,Low,A0006,Agent
POL001794,C03443,Home,2025-08-15,2035-08-15,10370.0,4714600.0,Annually,Active,10,Medium,A0046,Referral
POL001795,C03016,Motor,2023-05-26,2024-05-25,7990.0,228200.0,Annually,Expired,1,Medium,A0074,Agent
POL001796,C04523,Motor,2025-04-18,2026-04-18,43920.0,1254800.0,Annually,Active,1,Medium,A0085,Agent
POL001797,C03464,Life,2023-03-14,2043-03-14,110110.0,4235000.0,Monthly,Active,20,Medium,A0026,Agent
POL001798,C03458,Home,2023-10-24,2038-10-24,18500.0,6467000.0,Monthly,Cancelled,15,High,A0051,Corporate
POL001799,C02661,Motor,2025-02-18,2026-02-18,7410.0,211700.0,Annually,Active,1,Medium,A0055,Agent
POL001800,C04389,Travel,2023-04-12,2023-05-15,7070.0,693100.0,Monthly,Expired,1,Low,A0033,Agent
POL001801,C01299,Motor,2023-09-23,2024-09-22,71500.0,1571400.0,Annually,Expired,1,High,A0053,Agent
POL001802,C02958,Home,2025-06-21,2030-06-21,10620.0,5680900.0,Annually,Active,5,Low,A0084,Agent
POL001803,C04061,Life,2024-04-08,2054-04-08,41310.0,2670300.0,Quarterly,Active,30,Low,A0072,Bancassurance
POL001804,C00015,Health,2024-02-15,2027-02-15,21590.0,500000.0,Monthly,Active,3,Low,A0100,Referral
POL001805,C03692,Health,2023-02-06,2025-02-06,13570.0,300000.0,Annually,Expired,2,Low,A0044,Corporate
POL001806,C00327,Health,2024-10-24,2025-10-24,16140.0,300000.0,Monthly,Lapsed,1,Medium,A0045,Referral
POL001807,C04166,Home,2023-07-23,2038-07-23,2050.0,1097700.0,Annually,Active,15,Low,A0097,Agent
POL001808,C03679,Motor,2024-09-21,2025-09-21,31710.0,905900.0,Annually,Expired,1,Medium,A0081,Online
POL001809,C01164,Motor,2024-03-14,2025-03-14,10790.0,308400.0,Annually,Expired,1,Medium,A0005,Bancassurance
POL001810,C02360,Health,2025-07-18,2026-07-18,25400.0,500000.0,Annually,Active,1,Medium,A0096,Bancassurance
POL001811,C00598,Life,2023-08-24,2038-08-24,59250.0,2718000.0,Monthly,Active,15,Medium,A0058,Online
POL001812,C01484,Health,2023-08-09,2024-08-09,44710.0,1000000.0,Annually,Expired,1,Low,A0023,Online
POL001813,C04164,Travel,2024-11-28,2024-12-11,2800.0,233600.0,Annually,Lapsed,1,Medium,A0047,Agent
POL001814,C00613,Health,2023-04-19,2024-04-19,64000.0,1500000.0,Quarterly,Expired,1,Low,A0071,Online
POL001815,C04592,Motor,2025-01-21,2026-01-21,26330.0,578800.0,Annually,Active,1,High,A0022,Online
POL001816,C03535,Health,2023-01-17,2025-01-17,69360.0,1500000.0,Quarterly,Lapsed,2,Low,A0041,Agent
POL001817,C02371,Health,2024-04-24,2026-04-24,57400.0,1000000.0,Annually,Cancelled,2,Medium,A0042,Agent
POL001818,C00981,Life,2024-10-21,2039-10-21,38020.0,2499000.0,Monthly,Active,15,Low,A0074,Agent
POL001819,C01555,Health,2024-07-10,2025-07-10,41140.0,1000000.0,Annually,Expired,1,Low,A0073,Agent
POL001820,C03890,Life,2023-05-22,2043-05-22,159070.0,6414000.0,Annually,Active,20,Medium,A0055,Online
POL001821,C00732,Life,2023-10-06,2038-10-06,113340.0,5199000.0,Annually,Active,15,Medium,A0042,Agent
POL001822,C01940,Health,2023-08-12,2025-08-12,119600.0,2000000.0,Monthly,Expired,2,Medium,A0096,Agent
POL001823,C03670,Travel,2025-06-18,2025-07-17,9250.0,906500.0,Annually,Expired,1,Low,A0082,Agent
POL001824,C00626,Life,2024-03-22,2039-03-22,82570.0,3213000.0,Monthly,Cancelled,15,Medium,A0036,Online
POL001825,C00019,Life,2023-07-20,2038-07-20,71780.0,3489400.0,Monthly,Lapsed,15,Low,A0088,Referral
POL001826,C04334,Life,2023-01-16,2038-01-16,59260.0,3486000.0,Monthly,Active,15,Low,A0027,Agent
POL001827,C00186,Home,2025-03-15,2026-03-15,12960.0,6931400.0,Monthly,Active,1,Low,A0010,Referral
POL001828,C03254,Health,2024-12-02,2025-12-02,22610.0,500000.0,Annually,Expired,1,Low,A0040,Agent
POL001829,C02032,Health,2024-03-16,2025-03-16,41140.0,1000000.0,Quarterly,Expired,1,Low,A0043,Agent
POL001830,C01752,Health,2024-02-04,2027-02-04,82420.0,1000000.0,Monthly,Active,3,High,A0001,Agent
POL001831,C03109,Motor,2023-08-05,2024-08-04,7840.0,224000.0,Annually,Expired,1,Medium,A0021,Agent
POL001832,C03356,Travel,2024-08-02,2024-08-31,11070.0,922900.0,Annually,Expired,1,Medium,A0083,Online
POL001833,C02837,Motor,2024-02-17,2025-02-16,24790.0,708300.0,Annually,Expired,1,Medium,A0079,Agent
POL001834,C01506,Health,2023-12-24,2024-12-24,11640.0,300000.0,Quarterly,Lapsed,1,Medium,A0075,Bancassurance
POL001835,C01679,Health,2023-04-04,2024-04-04,40600.0,1000000.0,Quarterly,Expired,1,Medium,A0018,Online
POL001836,C03647,Health,2025-07-14,2028-07-14,24500.0,500000.0,Annually,Active,3,Medium,A0079,Agent
POL001837,C04814,Health,2024-02-23,2025-02-23,41650.0,1000000.0,Annually,Expired,1,Low,A0099,Agent
POL001838,C01843,Home,2024-02-03,2029-02-03,6700.0,3582800.0,Annually,Active,5,Low,A0033,Agent
POL001839,C00944,Motor,2025-05-13,2026-05-13,37900.0,832900.0,Annually,Active,1,High,A0068,Agent
POL001840,C03162,Health,2024-12-30,2025-12-28,80240.0,2000000.0,Monthly,Expired,1,Low,A0053,Online
POL001841,C01358,Life,2025-01-08,2035-01-08,74670.0,3630000.0,Annually,Active,10,Low,A0019,Online
POL001842,C03616,Health,2024-01-01,2027-01-01,63240.0,1500000.0,Annually,Active,3,Low,A0030,Corporate
POL001843,C01026,Life,2024-07-18,2049-07-18,56450.0,2520000.0,Monthly,Active,25,Medium,A0070,Bancassurance
POL001844,C02101,Health,2023-06-28,2024-06-28,31100.0,500000.0,Annually,Expired,1,Medium,A0053,Referral
POL001845,C02287,Motor,2024-01-25,2025-01-24,27470.0,784800.0,Annually,Expired,1,Medium,A0037,Agent
POL001846,C03832,Home,2025-01-01,2026-01-01,10310.0,5512000.0,Annually,Active,1,Low,A0052,Agent
POL001847,C01214,Home,2023-07-12,2028-07-12,9390.0,4267700.0,Annually,Active,5,Medium,A0081,Referral
POL001848,C02887,Life,2024-01-14,2039-01-14,288640.0,10272000.0,Monthly,Active,15,Medium,A0066,Agent
POL001849,C02103,Home,2024-02-27,2029-02-27,2220.0,1188100.0,Annually,Active,5,Low,A0001,Online
POL001850,C01390,Life,2023-03-14,2043-03-14,71380.0,3852000.0,Quarterly,Active,20,Low,A0010,Online
POL001851,C01492,Home,2024-09-23,2034-09-23,15210.0,6915500.0,Annually,Cancelled,10,Medium,A0038,Online
POL001852,C01391,Health,2024-04-01,2027-04-01,36550.0,1000000.0,Annually,Active,3,Low,A0098,Agent
POL001853,C02868,Home,2024-07-02,2029-07-02,3410.0,1550100.0,Annually,Active,5,Medium,A0051,Online
POL001854,C00826,Life,2024-05-19,2034-05-19,55910.0,3472500.0,Annually,Active,10,Medium,A0071,Bancassurance
POL001855,C03645,Motor,2024-11-28,2025-11-28,11010.0,314600.0,Annually,Expired,1,Medium,A0069,Agent
POL001856,C02115,Life,2025-08-02,2045-08-02,82180.0,4149300.0,Monthly,Active,20,Low,A0017,Agent
POL001857,C01896,Home,2024-09-08,2029-09-08,3070.0,1394600.0,Annually,Cancelled,5,Medium,A0081,Agent
POL001858,C03651,Health,2023-11-12,2024-11-12,22610.0,500000.0,Annually,Expired,1,Low,A0022,Bancassurance
POL001859,C04763,Health,2023-11-28,2024-11-28,41700.0,750000.0,Monthly,Expired,1,Medium,A0055,Online
POL001860,C00223,Home,2025-05-06,2040-05-06,10360.0,5540000.0,Annually,Active,15,Low,A0046,Bancassurance
POL001861,C01196,Motor,2025-07-02,2026-07-02,39070.0,1116200.0,Annually,Active,1,Medium,A0025,Referral
POL001862,C00085,Health,2024-06-12,2025-06-12,13720.0,300000.0,Annually,Expired,1,Low,A0044,Referral
POL001863,C04377,Home,2023-12-29,2028-12-28,12850.0,6873800.0,Annually,Cancelled,5,Low,A0044,Online
POL001864,C02484,Life,2023-07-19,2038-07-19,233990.0,9435000.0,Annually,Active,15,Medium,A0082,Corporate
POL001865,C00243,Motor,2023-11-21,2024-11-20,34000.0,971300.0,Annually,Expired,1,Medium,A0047,Agent
POL001866,C04875,Motor,2023-04-02,2024-04-01,47640.0,1361200.0,Annually,Expired,1,Medium,A0020,Agent
POL001867,C03088,Motor,2024-11-21,2025-11-21,31420.0,897700.0,Annually,Expired,1,Medium,A0021,Corporate
POL001868,C03958,Health,2024-08-13,2026-08-13,11280.0,300000.0,Monthly,Active,2,Medium,A0018,Online
POL001869,C03343,Life,2023-07-06,2033-07-06,150910.0,8877000.0,Quarterly,Active,10,Low,A0043,Agent
POL001870,C01656,Motor,2024-09-24,2025-09-24,19390.0,554000.0,Annually,Expired,1,Medium,A0010,Agent
POL001871,C00122,Motor,2024-04-06,2025-04-06,48020.0,1614000.0,Annually,Expired,1,Low,A0070,Agent
POL001872,C01323,Motor,2024-06-24,2025-06-24,7630.0,218000.0,Annually,Expired,1,Medium,A0072,Online
POL001873,C04811,Life,2023-04-27,2043-04-27,108830.0,6291000.0,Quarterly,Active,20,Medium,A0006,Agent
POL001874,C02401,Health,2023-10-07,2024-10-07,49000.0,1000000.0,Monthly,Expired,1,Medium,A0078,Agent
POL001875,C00130,Life,2025-08-10,2040-08-10,64040.0,2613900.0,Annually,Active,15,Medium,A0084,Bancassurance
POL001876,C01074,Motor,2024-04-17,2025-04-17,13080.0,287600.0,Monthly,Expired,1,High,A0005,Online
POL001877,C02673,Health,2023-04-14,2024-04-14,36300.0,750000.0,Annually,Lapsed,1,Medium,A0016,Online
POL001878,C03663,Life,2025-06-20,2040-06-20,17550.0,1227500.0,Quarterly,Active,15,Medium,A0007,Referral
POL001879,C04225,Health,2024-08-02,2026-08-02,18800.0,500000.0,Annually,Active,2,Medium,A0097,Agent
POL001880,C01879,Health,2023-09-16,2024-09-16,58000.0,1000000.0,Monthly,Expired,1,Medium,A0074,Bancassurance
POL001881,C04645,Travel,2023-01-30,2023-03-01,5680.0,556500.0,Annually,Expired,1,Low,A0085,Agent
POL001882,C03607,Life,2023-05-11,2043-05-11,90320.0,4620000.0,Monthly,Active,20,Low,A0089,Agent
POL001883,C03968,Home,2023-11-28,2028-11-28,9090.0,4129900.0,Annually,Lapsed,5,Medium,A0002,Bancassurance
POL001884,C03935,Home,2025-08-08,2026-08-08,10670.0,4852000.0,Annually,Active,1,Medium,A0006,Online
POL001885,C02532,Motor,2023-05-02,2024-05-01,24360.0,695900.0,Annually,Lapsed,1,Medium,A0095,Bancassurance
POL001886,C02079,Life,2025-07-13,2050-07-13,160680.0,7800000.0,Quarterly,Active,25,Medium,A0026,Referral
POL001887,C02500,Travel,2025-09-12,2025-09-29,4350.0,362600.0,Annually,Expired,1,Medium,A0094,Online
POL001888,C02946,Motor,2024-11-05,2025-11-05,28730.0,820900.0,Annually,Expired,1,Medium,A0009,Online
POL001889,C01920,Health,2023-01-08,2024-01-08,45750.0,750000.0,Monthly,Expired,1,Medium,A0098,Online
POL001890,C03982,Life,2024-02-13,2044-02-13,44030.0,2376000.0,Monthly,Cancelled,20,Low,A0065,Corporate
POL001891,C04781,Health,2023-03-24,2026-03-24,55600.0,1000000.0,Quarterly,Active,3,Medium,A0047,Corporate
POL001892,C04253,Health,2025-09-17,2026-09-17,9590.0,300000.0,Monthly,Active,1,Low,A0018,Online
POL001893,C03353,Motor,2024-01-13,2025-01-12,44820.0,1280500.0,Annually,Expired,1,Medium,A0016,Bancassurance
POL001894,C00601,Home,2024-02-03,2034-02-03,13860.0,7413800.0,Monthly,Active,10,Low,A0015,Corporate
POL001895,C04105,Motor,2023-04-03,2024-04-02,21750.0,621300.0,Monthly,Expired,1,Medium,A0023,Bancassurance
POL001896,C03719,Travel,2025-01-29,2025-02-08,2660.0,260900.0,Annually,Expired,1,Low,A0094,Referral
POL001897,C00820,Home,2023-01-26,2028-01-26,10100.0,4589400.0,Annually,Active,5,Medium,A0074,Agent
POL001898,C04800,Home,2023-09-14,2024-09-14,3770.0,1713800.0,Annually,Expired,1,Medium,A0068,Agent
POL001899,C04954,Health,2023-07-11,2026-07-11,100400.0,2000000.0,Annually,Active,3,Medium,A0055,Agent
POL001900,C01855,Travel,2023-08-19,2023-10-06,8030.0,669100.0,Monthly,Expired,1,Medium,A0051,Bancassurance
POL001901,C03378,Life,2024-05-23,2044-05-23,56570.0,3378100.0,Annually,Active,20,Low,A0018,Online
POL001902,C02669,Motor,2025-03-07,2026-03-07,62160.0,1776100.0,Monthly,Active,1,Medium,A0028,Agent
POL001903,C03710,Motor,2023-01-27,2024-01-27,34960.0,998900.0,Annually,Expired,1,Medium,A0011,Agent
POL001904,C02866,Motor,2025-03-17,2026-03-17,13930.0,468200.0,Annually,Active,1,Low,A0071,Agent
POL001905,C01087,Health,2024-01-06,2027-01-06,67060.0,1500000.0,Monthly,Active,3,Low,A0044,Online
POL001906,C02270,Health,2023-08-10,2024-08-10,36040.0,1000000.0,Monthly,Expired,1,Low,A0044,Agent
POL001907,C03124,Motor,2025-07-04,2026-07-04,21470.0,613500.0,Annually,Active,1,Medium,A0038,Online
POL001908,C04402,Life,2025-08-13,2035-08-13,34260.0,1824000.0,Quarterly,Active,10,Low,A0091,Bancassurance
POL001909,C01539,Life,2023-09-13,2048-09-13,70530.0,4559000.0,Annually,Active,25,Low,A0092,Agent
POL001910,C03527,Health,2024-10-07,2025-10-07,29320.0,750000.0,Quarterly,Expired,1,Low,A0094,Agent
POL001911,C03700,Health,2025-02-27,2028-02-27,123200.0,2000000.0,Monthly,Lapsed,3,Medium,A0081,Online
POL001912,C03680,Health,2023-10-17,2024-10-17,16140.0,300000.0,Quarterly,Expired,1,Medium,A0013,Online
POL001913,C00814,Health,2024-12-20,2027-12-20,32250.0,750000.0,Annually,Active,3,Medium,A0095,Agent
POL001914,C04408,Motor,2023-08-30,2024-08-29,5440.0,155500.0,Annually,Expired,1,Medium,A0020,Online
POL001915,C01081,Life,2023-06-30,2043-06-28,62970.0,3649500.0,Monthly,Cancelled,20,Low,A0013,Online
POL001916,C04460,Travel,2023-10-04,2023-11-04,4900.0,408000.0,Annually,Expired,1,Medium,A0022,Agent
POL001917,C01158,Travel,2025-08-22,2025-10-18,7670.0,639200.0,Annually,Expired,1,Medium,A0068,Bancassurance
POL001918,C04192,Motor,2024-10-06,2025-10-06,25220.0,554200.0,Annually,Expired,1,High,A0006,Agent
POL001919,C01753,Health,2024-11-12,2026-11-12,24800.0,500000.0,Annually,Active,2,Medium,A0090,Agent
POL001920,C00405,Health,2023-07-19,2024-07-19,20310.0,500000.0,Monthly,Lapsed,1,Low,A0052,Agent
POL001921,C02029,Health,2024-03-20,2026-03-20,25100.0,500000.0,Annually,Active,2,Medium,A0078,Bancassurance
POL001922,C03302,Motor,2024-09-06,2025-09-06,40550.0,1158700.0,Annually,Expired,1,Medium,A0092,Agent
POL001923,C01856,Home,2025-01-15,2030-01-15,12060.0,6451800.0,Annually,Active,5,Low,A0027,Agent
POL001924,C01427,Home,2023-08-14,2033-08-14,1880.0,1006700.0,Annually,Active,10,Low,A0015,Agent
POL001925,C00995,Motor,2024-01-21,2025-01-20,58740.0,1290900.0,Monthly,Expired,1,High,A0064,Agent
POL001926,C02507,Health,2025-04-02,2026-04-02,23380.0,500000.0,Monthly,Active,1,Low,A0019,Online
POL001927,C02015,Life,2024-07-24,2044-07-24,120110.0,7602000.0,Monthly,Active,20,Medium,A0044,Referral
POL001928,C01557,Health,2023-11-08,2025-11-08,41800.0,1000000.0,Annually,Expired,2,Medium,A0041,Agent
POL001929,C00488,Motor,2024-02-25,2025-02-24,73380.0,1612600.0,Annually,Expired,1,High,A0093,Online
POL001930,C02486,Health,2025-05-23,2028-05-23,40820.0,500000.0,Monthly,Lapsed,3,High,A0094,Agent
POL001931,C02081,Travel,2024-07-21,2024-08-13,2750.0,229300.0,Monthly,Expired,1,Medium,A0097,Agent
POL001932,C02730,Life,2023-12-20,2043-12-20,102430.0,4972400.0,Annually,Active,20,Medium,A0094,Agent
POL001933,C01518,Motor,2024-11-25,2025-11-25,39570.0,1130700.0,Annually,Lapsed,1,Medium,A0076,Online
POL001934,C00218,Home,2023-01-17,2028-01-17,12100.0,6469100.0,Annually,Active,5,Low,A0030,Agent
POL001935,C02457,Home,2023-07-09,2038-07-09,15110.0,6868900.0,Annually,Active,15,Medium,A0073,Agent
POL001936,C02516,Health,2024-01-29,2026-01-28,33530.0,750000.0,Monthly,Active,2,Low,A0076,Bancassurance
POL001937,C03779,Travel,2024-02-18,2024-03-16,6490.0,636300.0,Annually,Lapsed,1,Low,A0095,Online
POL001938,C00301,Life,2023-06-11,2048-06-11,63070.0,3066000.0,Quarterly,Active,25,Low,A0028,Online
POL001939,C01407,Health,2023-03-29,2024-03-28,80000.0,2000000.0,Monthly,Expired,1,Medium,A0077,Online
POL001940,C02538,Travel,2023-06-22,2023-07-01,5260.0,516100.0,Annually,Expired,1,Low,A0030,Online
POL001941,C03681,Life,2024-02-19,2049-02-19,110760.0,4260000.0,Quarterly,Active,25,Medium,A0073,Agent
POL001942,C02588,Life,2023-04-26,2053-04-26,35600.0,2193000.0,Annually,Lapsed,30,Low,A0013,Bancassurance
POL001943,C00256,Life,2025-04-29,2045-04-28,58120.0,3419100.0,Annually,Active,20,Medium,A0021,Agent
POL001944,C03563,Motor,2024-05-28,2025-05-28,52660.0,1504700.0,Annually,Expired,1,Medium,A0038,Online
POL001945,C04068,Health,2024-05-14,2026-05-14,14020.0,300000.0,Annually,Cancelled,2,Low,A0078,Agent
POL001946,C00038,Motor,2023-09-26,2024-09-25,21760.0,621600.0,Annually,Expired,1,Medium,A0010,Online
POL001947,C02277,Health,2025-09-01,2028-09-01,54060.0,1500000.0,Annually,Active,3,Low,A0056,Agent
POL001948,C00024,Health,2023-10-30,2025-10-28,77100.0,1500000.0,Annually,Expired,2,Medium,A0005,Agent
POL001949,C02617,Motor,2023-03-28,2024-03-27,14150.0,404400.0,Annually,Expired,1,Medium,A0085,Agent
POL001950,C02511,Life,2023-11-21,2038-11-21,85730.0,6150000.0,Monthly,Active,15,Low,A0018,Agent
POL001951,C04287,Life,2023-09-06,2038-09-06,32900.0,1965000.0,Annually,Active,15,Low,A0043,Agent
POL001952,C03297,Life,2023-02-21,2033-02-21,108820.0,6039000.0,Monthly,Active,10,Low,A0070,Referral
POL001953,C00102,Motor,2024-12-02,2025-12-02,16440.0,469700.0,Annually,Expired,1,Medium,A0084,Agent
POL001954,C02193,Health,2023-08-03,2025-08-03,14330.0,300000.0,Monthly,Expired,2,Low,A0033,Corporate
POL001955,C00437,Motor,2023-07-28,2024-07-27,39840.0,1339000.0,Monthly,Expired,1,Low,A0002,Agent
POL001956,C00590,Motor,2024-12-05,2025-12-05,31250.0,893000.0,Annually,Expired,1,Medium,A0005,Bancassurance
POL001957,C00263,Life,2023-06-05,2038-06-05,32820.0,1902000.0,Annually,Active,15,Low,A0042,Corporate
POL001958,C02086,Motor,2024-01-03,2025-01-02,48640.0,1389700.0,Annually,Expired,1,Medium,A0040,Bancassurance
POL001959,C02738,Motor,2023-12-30,2024-12-29,25840.0,738100.0,Annually,Lapsed,1,Medium,A0056,Online
POL001960,C03760,Life,2025-03-20,2055-03-20,156350.0,7794000.0,Annually,Active,30,Low,A0057,Bancassurance
POL001961,C02167,Motor,2023-12-17,2024-12-16,29140.0,832700.0,Monthly,Expired,1,Medium,A0011,Referral
POL001962,C01042,Life,2023-11-08,2033-11-08,69740.0,4877100.0,Monthly,Active,10,Medium,A0092,Agent
POL001963,C00530,Health,2024-03-18,2025-03-18,11580.0,300000.0,Annually,Expired,1,Low,A0036,Agent
POL001964,C00408,Motor,2025-04-16,2026-04-16,9850.0,331100.0,Annually,Active,1,Low,A0030,Agent
POL001965,C02912,Motor,2023-06-25,2024-06-24,13840.0,465100.0,Annually,Expired,1,Low,A0015,Online
POL001966,C00939,Life,2023-03-24,2053-03-24,17490.0,1278000.0,Monthly,Active,30,Low,A0001,Online
POL001967,C03243,Motor,2024-08-22,2025-08-22,16450.0,470000.0,Annually,Expired,1,Medium,A0043,Agent
POL001968,C01587,Home,2025-05-21,2030-05-21,10230.0,4649000.0,Annually,Active,5,Medium,A0005,Corporate
POL001969,C00539,Home,2025-07-10,2035-07-10,9220.0,4192000.0,Annually,Active,10,Medium,A0020,Bancassurance
POL001970,C02034,Home,2023-05-15,2024-05-15,5070.0,2711500.0,Annually,Lapsed,1,Low,A0004,Corporate
POL001971,C01231,Motor,2025-04-29,2026-04-29,34260.0,1151500.0,Annually,Active,1,Low,A0031,Agent
POL001972,C03952,Motor,2024-03-04,2025-03-04,35910.0,1026100.0,Annually,Expired,1,Medium,A0084,Online
POL001973,C03890,Home,2025-07-17,2030-07-17,8580.0,3899000.0,Annually,Lapsed,5,Medium,A0065,Online
POL001974,C04616,Health,2024-07-15,2027-07-15,64770.0,1500000.0,Monthly,Active,3,Low,A0038,Online
POL001975,C03431,Home,2023-03-12,2033-03-12,5400.0,2888100.0,Annually,Active,10,Low,A0033,Corporate
POL001976,C01745,Home,2025-08-20,2040-08-20,13220.0,6011100.0,Annually,Active,15,Medium,A0014,Referral
POL001977,C03579,Health,2025-07-22,2027-07-22,43180.0,1000000.0,Monthly,Active,2,Low,A0030,Online
POL001978,C04006,Motor,2024-10-30,2025-10-30,18760.0,535900.0,Annually,Expired,1,Medium,A0086,Agent
POL001979,C02679,Life,2023-07-21,2043-07-21,43910.0,2582900.0,Monthly,Active,20,Low,A0094,Agent
POL001980,C04326,Life,2025-05-16,2040-05-16,48790.0,2597200.0,Monthly,Active,15,Low,A0043,Bancassurance
POL001981,C04878,Life,2024-05-01,2034-05-01,64480.0,3342000.0,Annually,Active,10,Low,A0087,Agent
POL001982,C02886,Motor,2024-05-02,2025-05-02,18260.0,521600.0,Annually,Lapsed,1,Medium,A0028,Referral
POL001983,C01489,Health,2023-08-16,2024-08-16,60180.0,1500000.0,Monthly,Lapsed,1,Low,A0067,Bancassurance
POL001984,C03184,Health,2023-12-31,2025-12-28,92000.0,2000000.0,Monthly,Expired,2,Medium,A0080,Referral
POL001985,C03407,Motor,2024-02-22,2025-02-21,19560.0,429900.0,Annually,Lapsed,1,High,A0050,Online
POL001986,C04862,Motor,2025-06-28,2026-06-28,19700.0,562900.0,Annually,Active,1,Medium,A0024,Online
POL001987,C00838,Motor,2023-03-12,2024-03-11,29020.0,829100.0,Annually,Expired,1,Medium,A0056,Online
POL001988,C00052,Travel,2023-01-13,2023-03-14,1500.0,88500.0,Monthly,Lapsed,1,Medium,A0100,Agent
POL001989,C00320,Motor,2023-10-30,2024-10-29,6760.0,193100.0,Annually,Expired,1,Medium,A0081,Online
POL001990,C01242,Health,2023-02-18,2025-02-18,37570.0,1000000.0,Quarterly,Expired,2,Low,A0037,Bancassurance
POL001991,C04423,Health,2024-06-13,2026-06-13,24200.0,500000.0,Quarterly,Active,2,Medium,A0027,Corporate
POL001992,C01798,Health,2023-12-16,2026-12-16,17040.0,300000.0,Annually,Active,3,Medium,A0019,Referral
POL001993,C00133,Home,2025-01-22,2026-01-22,4440.0,2376600.0,Annually,Active,1,Low,A0018,Agent
POL001994,C01794,Motor,2025-09-21,2026-09-21,49410.0,1411700.0,Annually,Active,1,Medium,A0088,Online
POL001995,C01070,Life,2025-02-09,2055-02-09,66970.0,4191200.0,Monthly,Active,30,Low,A0081,Agent
POL001996,C03157,Health,2023-08-21,2026-08-21,84320.0,2000000.0,Monthly,Active,3,Low,A0050,Agent
POL001997,C00882,Health,2024-11-21,2025-11-21,17260.0,500000.0,Annually,Lapsed,1,Low,A0069,Referral
POL001998,C02292,Life,2023-12-16,2038-12-16,21970.0,1548000.0,Annually,Active,15,Low,A0090,Agent
POL001999,C01080,Home,2023-03-16,2038-03-16,3320.0,1509600.0,Monthly,Active,15,Medium,A0099,Referral
POL002000,C01055,Motor,2024-05-31,2025-05-31,56300.0,1608600.0,Annually,Expired,1,Medium,A0086,Agent
POL002001,C02074,Health,2023-01-30,2026-01-28,18800.0,500000.0,Monthly,Active,3,Medium,A0079,Agent
POL002002,C04078,Motor,2023-03-12,2024-03-11,55410.0,1217900.0,Annually,Expired,1,High,A0086,Online
POL002003,C00525,Travel,2024-12-03,2024-12-26,5660.0,471600.0,Monthly,Expired,1,Medium,A0007,Online
POL002004,C01064,Motor,2023-06-27,2024-06-26,30120.0,1012300.0,Monthly,Lapsed,1,Low,A0094,Online
POL002005,C02221,Health,2024-03-31,2026-03-28,22400.0,500000.0,Annually,Active,2,Medium,A0075,Agent
POL002006,C01676,Health,2024-07-13,2025-07-13,14020.0,300000.0,Quarterly,Expired,1,Low,A0040,Agent
POL002007,C00116,Health,2023-05-03,2026-05-03,26000.0,500000.0,Annually,Active,3,Medium,A0072,Agent
POL002008,C03146,Motor,2023-05-25,2024-05-24,24520.0,700500.0,Annually,Lapsed,1,Medium,A0005,Bancassurance
POL002009,C03979,Home,2025-02-24,2026-02-24,6780.0,3627700.0,Annually,Active,1,Low,A0044,Agent
POL002010,C03014,Travel,2023-07-12,2023-07-25,4650.0,456100.0,Annually,Expired,1,Low,A0033,Corporate
POL002011,C04016,Health,2024-01-17,2027-01-17,45220.0,1000000.0,Monthly,Active,3,Low,A0052,Online
POL002012,C01424,Motor,2024-01-07,2025-01-06,36450.0,801100.0,Annually,Lapsed,1,High,A0087,Referral
POL002013,C03133,Travel,2023-05-28,2023-07-15,2790.0,273200.0,Annually,Expired,1,Low,A0085,Online
POL002014,C04051,Life,2025-04-06,2050-04-06,37460.0,2079000.0,Quarterly,Active,25,Low,A0050,Online
POL002015,C03649,Motor,2023-07-28,2024-07-27,54020.0,1543500.0,Annually,Lapsed,1,Medium,A0053,Online
POL002016,C02378,Motor,2025-07-11,2026-07-11,52290.0,1494100.0,Monthly,Active,1,Medium,A0073,Bancassurance
POL002017,C04592,Home,2024-07-29,2039-07-28,3750.0,1706300.0,Annually,Active,15,Medium,A0043,Online
POL002018,C04178,Life,2023-08-26,2038-08-26,47990.0,2454800.0,Annually,Active,15,Low,A0054,Online
POL002019,C00923,Travel,2024-06-09,2024-07-13,10310.0,859100.0,Annually,Lapsed,1,Medium,A0100,Agent
POL002020,C03124,Travel,2023-06-12,2023-06-30,2610.0,217800.0,Annually,Expired,1,Medium,A0053,Agent
POL002021,C02191,Health,2024-01-02,2025-01-02,31620.0,750000.0,Annually,Lapsed,1,Low,A0046,Agent
POL002022,C02770,Life,2023-08-19,2048-08-19,52610.0,3345700.0,Monthly,Lapsed,25,Low,A0086,Referral
POL002023,C04558,Health,2023-08-13,2024-08-13,29100.0,750000.0,Monthly,Expired,1,Medium,A0070,Agent
POL002024,C01812,Health,2023-02-15,2024-02-15,12650.0,300000.0,Monthly,Lapsed,1,Low,A0084,Online
POL002025,C04272,Motor,2023-11-21,2024-11-20,17440.0,586200.0,Annually,Expired,1,Low,A0055,Online
POL002026,C01568,Health,2023-07-18,2026-07-18,30450.0,750000.0,Annually,Lapsed,3,Medium,A0076,Online
POL002027,C00411,Home,2024-06-07,2034-06-07,4580.0,2446700.0,Annually,Active,10,Low,A0090,Bancassurance
POL002028,C02032,Health,2023-01-31,2024-01-28,36300.0,750000.0,Annually,Expired,1,Medium,A0057,Online
POL002029,C00361,Health,2025-02-12,2027-02-12,28940.0,750000.0,Quarterly,Lapsed,2,Low,A0055,Online
POL002030,C01180,Life,2025-05-19,2055-05-19,28080.0,2052000.0,Monthly,Active,30,Low,A0013,Agent
POL002031,C02530,Health,2025-03-16,2027-03-16,28700.0,500000.0,Monthly,Active,2,Medium,A0020,Corporate
POL002032,C01850,Travel,2024-08-03,2024-08-20,5710.0,476000.0,Annually,Expired,1,Medium,A0072,Online
POL002033,C02981,Health,2024-11-05,2026-11-05,38480.0,500000.0,Annually,Active,2,High,A0036,Referral
POL002034,C02216,Health,2024-09-23,2025-09-23,79220.0,2000000.0,Annually,Lapsed,1,Low,A0033,Online
POL002035,C01015,Motor,2024-04-24,2025-04-24,36590.0,1045400.0,Annually,Expired,1,Medium,A0085,Referral
POL002036,C01102,Health,2024-07-15,2027-07-15,41140.0,1000000.0,Monthly,Active,3,Low,A0011,Online
POL002037,C04737,Home,2024-12-20,2025-12-20,14210.0,7600700.0,Annually,Expired,1,Low,A0089,Bancassurance
POL002038,C03837,Motor,2024-09-03,2025-09-03,23180.0,662200.0,Annually,Expired,1,Medium,A0038,Agent
POL002039,C00273,Home,2025-06-19,2030-06-19,7200.0,3850000.0,Annually,Lapsed,5,Low,A0007,Agent
POL002040,C03972,Motor,2023-05-29,2024-05-28,49020.0,1400700.0,Annually,Expired,1,Medium,A0024,Agent
POL002041,C00932,Life,2025-04-04,2040-04-04,51610.0,2991000.0,Annually,Active,15,Low,A0067,Referral
POL002042,C04993,Motor,2024-07-06,2025-07-06,50230.0,1435200.0,Annually,Expired,1,Medium,A0099,Agent
POL002043,C02468,Motor,2024-07-15,2025-07-15,53700.0,1180200.0,Annually,Expired,1,High,A0081,Online
POL002044,C03495,Motor,2024-02-28,2025-02-27,64990.0,1428300.0,Monthly,Expired,1,High,A0032,Online
POL002045,C03553,Motor,2023-10-11,2024-10-10,61510.0,1757500.0,Annually,Expired,1,Medium,A0044,Bancassurance
POL002046,C02633,Life,2025-06-03,2050-06-03,178080.0,6771000.0,Monthly,Active,25,Medium,A0081,Corporate
POL002047,C00604,Health,2024-05-05,2025-05-05,10050.0,300000.0,Annually,Expired,1,Low,A0052,Online
POL002048,C04117,Health,2023-11-04,2025-11-04,21200.0,500000.0,Annually,Expired,2,Medium,A0084,Agent
POL002049,C04991,Home,2024-10-05,2034-10-05,11090.0,5930700.0,Annually,Active,10,Low,A0011,Online
POL002050,C02960,Travel,2025-08-21,2025-10-18,7670.0,639100.0,Annually,Expired,1,Medium,A0053,Agent
POL002051,C02295,Motor,2024-02-18,2025-02-17,49410.0,1086000.0,Annually,Expired,1,High,A0051,Agent
POL002052,C04998,Life,2023-08-01,2043-08-01,26420.0,1797000.0,Annually,Active,20,Low,A0008,Corporate
POL002053,C03960,Motor,2025-02-07,2026-02-07,36700.0,1048500.0,Annually,Lapsed,1,Medium,A0002,Agent
POL002054,C03861,Health,2023-07-20,2025-07-20,36750.0,750000.0,Quarterly,Expired,2,Medium,A0055,Online
POL002055,C01785,Health,2024-01-08,2025-01-08,35850.0,750000.0,Annually,Expired,1,Medium,A0031,Bancassurance
POL002056,C04380,Home,2023-04-17,2038-04-17,16670.0,7578100.0,Annually,Active,15,Medium,A0014,Bancassurance
POL002057,C03709,Home,2024-04-10,2029-04-10,4350.0,2325300.0,Annually,Active,5,Low,A0067,Bancassurance
POL002058,C00328,Motor,2023-07-12,2024-07-11,41050.0,1172800.0,Annually,Expired,1,Medium,A0040,Corporate
POL002059,C04444,Life,2024-07-11,2039-07-11,69140.0,4469500.0,Annually,Lapsed,15,Low,A0035,Bancassurance
POL002060,C01551,Home,2024-04-14,2029-04-14,12890.0,5860300.0,Annually,Lapsed,5,Medium,A0040,Agent
POL002061,C00232,Travel,2025-04-21,2025-05-02,8140.0,678700.0,Annually,Expired,1,Medium,A0008,Bancassurance
POL002062,C01240,Travel,2024-11-09,2025-01-05,6210.0,608900.0,Monthly,Expired,1,Low,A0006,Agent
POL002063,C04210,Life,2023-04-23,2048-04-23,54220.0,3009000.0,Quarterly,Active,25,Low,A0055,Online
POL002064,C03590,Life,2023-07-19,2033-07-19,53160.0,3080900.0,Quarterly,Cancelled,10,Low,A0098,Agent
POL002065,C02815,Motor,2023-02-26,2024-02-26,6520.0,186300.0,Annually,Expired,1,Medium,A0093,Online
POL002066,C03232,Health,2024-09-09,2025-09-09,46240.0,1000000.0,Quarterly,Expired,1,Low,A0091,Bancassurance
POL002067,C04540,Motor,2023-08-08,2024-08-07,54050.0,1544300.0,Annually,Expired,1,Medium,A0081,Bancassurance
POL002068,C01309,Health,2024-02-04,2026-02-04,42380.0,500000.0,Annually,Active,2,High,A0077,Agent
POL002069,C02049,Motor,2025-09-06,2026-09-06,52550.0,1766400.0,Monthly,Active,1,Low,A0022,Agent
POL002070,C04101,Health,2024-12-02,2025-12-02,14880.0,300000.0,Quarterly,Expired,1,Medium,A0005,Online
POL002071,C02751,Health,2023-03-14,2026-03-14,65540.0,1500000.0,Monthly,Active,3,Low,A0011,Agent
POL002072,C02187,Health,2024-09-24,2025-09-24,28560.0,750000.0,Quarterly,Expired,1,Low,A0095,Agent
POL002073,C01278,Life,2023-04-04,2033-04-04,71670.0,3666000.0,Annually,Active,10,Low,A0050,Agent
POL002074,C04986,Life,2024-01-01,2039-01-01,46950.0,2383000.0,Monthly,Active,15,Medium,A0039,Agent
POL002075,C00474,Health,2024-11-01,2025-11-01,23880.0,500000.0,Quarterly,Expired,1,Low,A0090,Agent
POL002076,C03246,Travel,2023-08-26,2023-09-04,1500.0,110600.0,Annually,Expired,1,Low,A0045,Agent
POL002077,C02198,Life,2024-09-29,2039-09-28,180140.0,9336000.0,Quarterly,Active,15,Low,A0074,Online
POL002078,C04342,Life,2023-05-13,2038-05-13,50120.0,3113300.0,Monthly,Active,15,Medium,A0005,Agent
POL002079,C01150,Life,2023-02-15,2033-02-15,39350.0,2215200.0,Quarterly,Active,10,Low,A0033,Agent
POL002080,C00436,Home,2023-12-20,2028-12-20,14740.0,6699500.0,Annually,Active,5,Medium,A0014,Referral
POL002081,C02007,Life,2024-07-20,2044-07-20,160840.0,9054000.0,Monthly,Cancelled,20,Low,A0089,Bancassurance
POL002082,C00835,Travel,2023-01-03,2023-02-17,8510.0,709100.0,Annually,Expired,1,Medium,A0043,Agent
POL002083,C02632,Motor,2023-10-18,2024-10-17,28680.0,819300.0,Monthly,Expired,1,Medium,A0049,Bancassurance
POL002084,C03070,Motor,2025-09-22,2026-09-22,48260.0,1060700.0,Annually,Lapsed,1,High,A0028,Corporate
POL002085,C01756,Motor,2025-03-26,2026-03-26,31840.0,909700.0,Monthly,Active,1,Medium,A0011,Agent
POL002086,C02896,Travel,2024-01-10,2024-01-26,7830.0,767600.0,Annually,Expired,1,Low,A0030,Online
POL002087,C04595,Home,2025-08-05,2026-08-05,1630.0,869400.0,Annually,Lapsed,1,Low,A0094,Agent
POL002088,C02754,Motor,2025-09-22,2026-09-22,17050.0,374700.0,Annually,Active,1,High,A0090,Online
POL002089,C01773,Travel,2024-09-07,2024-10-28,2640.0,259300.0,Monthly,Expired,1,Low,A0091,Referral
POL002090,C00178,Health,2023-10-23,2025-10-23,41700.0,750000.0,Quarterly,Expired,2,Medium,A0087,Bancassurance
POL002091,C03377,Motor,2025-06-11,2026-06-11,59780.0,1707900.0,Annually,Lapsed,1,Medium,A0033,Bancassurance
POL002092,C01268,Motor,2023-03-19,2024-03-18,26710.0,763300.0,Monthly,Lapsed,1,Medium,A0060,Bancassurance
POL002093,C04553,Home,2023-11-17,2028-11-17,5990.0,2721400.0,Annually,Active,5,Medium,A0014,Online
POL002094,C02930,Motor,2023-12-14,2024-12-13,17990.0,513900.0,Monthly,Lapsed,1,Medium,A0045,Corporate
POL002095,C03818,Motor,2025-05-06,2026-05-06,60030.0,1715200.0,Annually,Active,1,Medium,A0013,Bancassurance
POL002096,C03957,Life,2023-09-05,2033-09-05,80150.0,4554000.0,Annually,Active,10,Medium,A0084,Referral
POL002097,C01806,Motor,2023-02-22,2024-02-22,33410.0,954500.0,Monthly,Lapsed,1,Medium,A0051,Agent
POL002098,C04896,Motor,2023-12-30,2024-12-29,41240.0,1178300.0,Annually,Expired,1,Medium,A0006,Online
POL002099,C00753,Health,2024-06-30,2025-06-28,62400.0,750000.0,Monthly,Expired,1,High,A0042,Online
POL002100,C00721,Life,2023-02-04,2038-02-04,88370.0,3945000.0,Annually,Active,15,Medium,A0092,Bancassurance
POL002101,C01188,Life,2024-06-21,2054-06-21,33680.0,2331000.0,Monthly,Active,30,Low,A0042,Agent
POL002102,C03004,Health,2023-04-14,2025-04-14,53300.0,1500000.0,Annually,Lapsed,2,Low,A0037,Bancassurance
POL002103,C01822,Health,2023-04-28,2024-04-28,45730.0,1000000.0,Annually,Expired,1,Low,A0009,Agent
POL002104,C03003,Home,2024-11-15,2025-11-15,5230.0,2375600.0,Annually,Expired,1,Medium,A0089,Online
POL002105,C03605,Motor,2025-07-24,2026-07-24,32340.0,924000.0,Annually,Active,1,Medium,A0016,Agent
POL002106,C00144,Life,2025-05-12,2040-05-12,30250.0,1951600.0,Annually,Active,15,Medium,A0074,Online
POL002107,C04949,Home,2024-05-17,2029-05-17,13770.0,6258800.0,Monthly,Active,5,Medium,A0002,Bancassurance
POL002108,C01090,Life,2023-12-25,2033-12-25,130660.0,7686000.0,Monthly,Active,10,Low,A0021,Bancassurance
POL002109,C00854,Health,2024-08-12,2027-08-12,89420.0,2000000.0,Quarterly,Active,3,Low,A0046,Online
POL002110,C01569,Health,2025-02-10,2027-02-10,23120.0,500000.0,Annually,Cancelled,2,Low,A0061,Referral
POL002111,C01924,Motor,2024-01-19,2025-01-18,38470.0,1099100.0,Annually,Expired,1,Medium,A0081,Referral
POL002112,C02244,Life,2024-07-10,2034-07-10,127010.0,4829300.0,Quarterly,Active,10,Medium,A0077,Corporate
POL002113,C00595,Motor,2023-12-21,2024-12-20,14050.0,401300.0,Annually,Expired,1,Medium,A0054,Corporate
POL002114,C01483,Motor,2023-05-19,2024-05-18,52420.0,1497700.0,Annually,Lapsed,1,Medium,A0090,Agent
POL002115,C03817,Life,2023-10-11,2043-10-11,119300.0,6528000.0,Annually,Active,20,Low,A0047,Agent
POL002116,C01566,Life,2024-11-16,2039-11-16,94890.0,4983800.0,Monthly,Active,15,Low,A0015,Referral
POL002117,C02377,Motor,2025-01-23,2026-01-23,42970.0,1227900.0,Annually,Cancelled,1,Medium,A0063,Bancassurance
POL002118,C04805,Home,2024-07-02,2039-07-02,12860.0,6876800.0,Annually,Active,15,Low,A0025,Corporate
POL002119,C04144,Health,2024-11-08,2026-11-08,35060.0,750000.0,Monthly,Active,2,Low,A0064,Online
POL002120,C00335,Life,2023-12-31,2043-12-28,40540.0,2250000.0,Monthly,Active,20,Low,A0085,Agent
POL002121,C03086,Life,2024-12-21,2049-12-21,68190.0,4485900.0,Annually,Active,25,Medium,A0069,Online
POL002122,C02100,Motor,2024-09-03,2025-09-03,28930.0,826600.0,Monthly,Expired,1,Medium,A0087,Agent
POL002123,C01620,Health,2025-06-24,2027-06-24,45400.0,1000000.0,Monthly,Active,2,Medium,A0070,Referral
POL002124,C02211,Home,2023-08-13,2028-08-13,4470.0,2391200.0,Annually,Cancelled,5,Low,A0001,Agent
POL002125,C01367,Motor,2025-08-17,2026-08-17,44750.0,1278500.0,Annually,Lapsed,1,Medium,A0009,Referral
POL002126,C01013,Life,2024-07-23,2039-07-23,41940.0,2343000.0,Annually,Active,15,Medium,A0100,Online
POL002127,C04711,Health,2023-01-15,2024-01-15,12500.0,300000.0,Annually,Expired,1,Low,A0032,Corporate
POL002128,C01536,Travel,2024-08-25,2024-09-01,7080.0,693900.0,Annually,Lapsed,1,Low,A0015,Agent
POL002129,C03297,Travel,2023-04-08,2023-06-02,5850.0,573100.0,Annually,Expired,1,Low,A0100,Agent
POL002130,C01155,Life,2024-01-21,2044-01-21,62900.0,4204700.0,Quarterly,Active,20,Low,A0092,Online
POL002131,C00147,Travel,2024-04-28,2024-05-03,3680.0,361200.0,Annually,Expired,1,Low,A0096,Corporate
POL002132,C02025,Motor,2023-03-19,2024-03-18,21820.0,623400.0,Annually,Expired,1,Medium,A0080,Bancassurance
POL002133,C00602,Motor,2024-12-13,2025-12-13,35590.0,1016800.0,Annually,Expired,1,Medium,A0052,Agent
POL002134,C00620,Life,2025-04-10,2040-04-10,64920.0,3627000.0,Quarterly,Cancelled,15,Medium,A0047,Agent
POL002135,C03168,Health,2025-03-29,2027-03-28,27800.0,500000.0,Monthly,Active,2,Medium,A0028,Corporate
POL002136,C01483,Home,2025-03-23,2026-03-23,5860.0,3132900.0,Monthly,Active,1,Low,A0100,Online
POL002137,C04376,Travel,2025-07-14,2025-08-08,5180.0,431700.0,Monthly,Expired,1,Medium,A0085,Online
POL002138,C01542,Motor,2025-03-31,2026-03-31,11980.0,342400.0,Annually,Active,1,Medium,A0086,Agent
POL002139,C04319,Health,2024-01-21,2025-01-21,28200.0,750000.0,Annually,Expired,1,Medium,A0061,Bancassurance
POL002140,C03266,Travel,2023-03-27,2023-05-05,6570.0,547200.0,Monthly,Expired,1,Medium,A0002,Bancassurance
POL002141,C02824,Travel,2025-06-12,2025-07-12,5860.0,488600.0,Annually,Expired,1,Medium,A0084,Agent
POL002142,C00264,Life,2024-07-02,2034-07-02,47650.0,3132000.0,Annually,Active,10,Low,A0019,Agent
POL002143,C02004,Travel,2024-09-27,2024-11-05,2030.0,168800.0,Annually,Expired,1,Medium,A0057,Online
POL002144,C01160,Motor,2023-07-18,2024-07-17,25900.0,740000.0,Annually,Expired,1,Medium,A0054,Bancassurance
POL002145,C00422,Home,2024-10-20,2034-10-20,2410.0,1093400.0,Monthly,Active,10,Medium,A0013,Referral
POL002146,C04089,Home,2024-02-12,2034-02-12,11000.0,5884600.0,Annually,Active,10,Low,A0096,Agent
POL002147,C02905,Health,2024-01-09,2025-01-09,58200.0,1500000.0,Annually,Expired,1,Medium,A0020,Agent
POL002148,C02330,Travel,2024-06-14,2024-07-21,9880.0,969000.0,Monthly,Expired,1,Low,A0071,Agent
POL002149,C03627,Health,2023-07-17,2025-07-17,34500.0,750000.0,Annually,Expired,2,Medium,A0047,Online
POL002150,C00894,Home,2025-05-25,2030-05-25,14000.0,7487700.0,Annually,Active,5,Low,A0016,Online
POL002151,C03883,Home,2024-01-08,2034-01-08,7920.0,3601800.0,Annually,Active,10,Medium,A0088,Agent
POL002152,C03907,Health,2025-02-03,2026-02-03,11880.0,300000.0,Annually,Active,1,Low,A0094,Bancassurance
POL002153,C01762,Health,2024-08-25,2025-08-25,60180.0,1500000.0,Annually,Expired,1,Low,A0045,Agent
POL002154,C00756,Motor,2024-12-13,2025-12-13,7030.0,200700.0,Annually,Expired,1,Medium,A0016,Agent
POL002155,C01717,Health,2023-03-16,2024-03-16,23300.0,500000.0,Monthly,Lapsed,1,Medium,A0001,Online
POL002156,C01911,Motor,2023-05-04,2024-05-03,50270.0,1436400.0,Annually,Expired,1,Medium,A0021,Online
POL002157,C01613,Life,2023-05-21,2033-05-21,75870.0,4530900.0,Annually,Active,10,Low,A0084,Corporate
POL002158,C00806,Health,2025-06-29,2028-06-28,19550.0,500000.0,Annually,Active,3,Low,A0018,Corporate
POL002159,C01140,Life,2023-04-23,2043-04-23,87020.0,4570200.0,Quarterly,Active,20,Low,A0078,Agent
POL002160,C03515,Life,2025-02-17,2040-02-17,47070.0,3159000.0,Annually,Active,15,Medium,A0085,Agent
POL002161,C02354,Motor,2025-07-08,2026-07-08,61360.0,1753100.0,Annually,Active,1,Medium,A0073,Online
POL002162,C02168,Health,2024-12-28,2027-12-28,53200.0,1000000.0,Annually,Active,3,Medium,A0091,Agent
POL002163,C01574,Health,2025-06-20,2026-06-20,57880.0,1500000.0,Annually,Active,1,Low,A0065,Agent
POL002164,C03550,Life,2023-05-07,2038-05-07,47790.0,2295000.0,Quarterly,Active,15,Low,A0083,Bancassurance
POL002165,C02086,Motor,2025-06-17,2026-06-17,30520.0,871900.0,Annually,Active,1,Medium,A0009,Agent
POL002166,C00004,Health,2024-02-13,2026-02-13,14640.0,300000.0,Annually,Active,2,Low,A0020,Agent
POL002167,C04042,Motor,2023-05-14,2024-05-13,35650.0,1018700.0,Annually,Expired,1,Medium,A0093,Corporate
POL002168,C03159,Motor,2023-04-23,2024-04-22,58820.0,1680600.0,Annually,Expired,1,Medium,A0051,Agent
POL002169,C01538,Travel,2023-08-04,2023-08-26,8720.0,854500.0,Annually,Expired,1,Low,A0083,Bancassurance
POL002170,C02953,Home,2024-09-25,2029-09-25,4840.0,2201700.0,Annually,Active,5,Medium,A0017,Online
POL002171,C01585,Health,2024-12-09,2026-12-09,20600.0,500000.0,Monthly,Active,2,Medium,A0008,Bancassurance
POL002172,C00026,Home,2025-08-19,2040-08-19,12780.0,5809500.0,Annually,Active,15,Medium,A0046,Online
POL002173,C04461,Motor,2023-01-29,2024-01-29,53990.0,1542700.0,Annually,Expired,1,Medium,A0075,Online
POL002174,C02714,Motor,2023-09-12,2024-09-11,36110.0,1031800.0,Annually,Expired,1,Medium,A0078,Corporate
POL002175,C01707,Home,2023-08-18,2033-08-18,14620.0,6643200.0,Annually,Active,10,Medium,A0015,Corporate
POL002176,C02071,Life,2023-06-30,2038-06-28,75050.0,4851200.0,Annually,Active,15,Low,A0077,Bancassurance
POL002177,C02413,Life,2024-04-30,2044-04-28,48350.0,3025600.0,Annually,Active,20,Low,A0067,Agent
POL002178,C03739,Motor,2025-07-09,2026-07-09,31270.0,1051100.0,Annually,Active,1,Low,A0015,Referral
POL002179,C02333,Travel,2023-11-29,2023-12-09,8490.0,832100.0,Annually,Expired,1,Low,A0036,Online
POL002180,C04917,Health,2024-01-31,2027-01-28,30900.0,750000.0,Monthly,Active,3,Medium,A0067,Corporate
POL002181,C04911,Health,2024-05-22,2025-05-22,30500.0,500000.0,Annually,Expired,1,Medium,A0013,Referral
POL002182,C02095,Home,2023-03-26,2033-03-26,13970.0,7470500.0,Annually,Active,10,Low,A0070,Agent
POL002183,C04099,Motor,2025-09-20,2026-09-20,23680.0,676500.0,Annually,Active,1,Medium,A0054,Bancassurance
POL002184,C00756,Health,2025-09-11,2027-09-11,26300.0,500000.0,Annually,Active,2,Medium,A0032,Agent
POL002185,C01542,Life,2024-09-15,2044-09-15,36060.0,2187000.0,Monthly,Active,20,Low,A0090,Agent
POL002186,C03668,Health,2025-05-27,2027-05-27,90600.0,1500000.0,Annually,Active,2,Medium,A0021,Referral
POL002187,C04043,Travel,2023-03-29,2023-04-16,2450.0,204600.0,Annually,Expired,1,Medium,A0070,Online
POL002188,C00849,Motor,2025-07-07,2026-07-07,49420.0,1412000.0,Annually,Active,1,Medium,A0037,Bancassurance
POL002189,C03790,Health,2024-08-04,2026-08-04,30470.0,750000.0,Monthly,Active,2,Low,A0017,Agent
POL002190,C03591,Life,2023-06-18,2038-06-18,105800.0,3933000.0,Monthly,Active,15,Medium,A0052,Agent
POL002191,C01762,Health,2024-03-24,2027-03-24,20060.0,500000.0,Monthly,Active,3,Low,A0025,Corporate
POL002192,C01872,Motor,2023-04-24,2024-04-23,55540.0,1586700.0,Annually,Expired,1,Medium,A0098,Agent
POL002193,C04945,Motor,2024-07-14,2025-07-14,28790.0,822400.0,Annually,Lapsed,1,Medium,A0066,Bancassurance
POL002194,C00933,Health,2023-03-04,2026-03-04,94400.0,2000000.0,Quarterly,Active,3,Medium,A0040,Corporate
POL002195,C02674,Health,2024-03-28,2025-03-28,10810.0,300000.0,Monthly,Expired,1,Low,A0017,Agent
POL002196,C01718,Home,2024-11-23,2034-11-23,13160.0,4601000.0,Annually,Active,10,High,A0073,Agent
POL002197,C03237,Motor,2023-12-15,2024-12-14,43620.0,1466300.0,Monthly,Expired,1,Low,A0006,Bancassurance
POL002198,C02578,Motor,2023-11-15,2024-11-14,61460.0,1756000.0,Annually,Expired,1,Medium,A0031,Agent
POL002199,C00748,Life,2023-10-14,2033-10-14,102710.0,3950300.0,Quarterly,Active,10,Medium,A0040,Agent
POL002200,C04983,Health,2023-08-16,2024-08-16,19100.0,500000.0,Annually,Expired,1,Medium,A0019,Corporate
POL002201,C04477,Motor,2024-07-09,2025-07-09,58080.0,1659400.0,Annually,Expired,1,Medium,A0099,Agent
POL002202,C00357,Health,2023-09-28,2024-09-28,11730.0,300000.0,Annually,Lapsed,1,Low,A0040,Online
POL002203,C03325,Travel,2025-06-16,2025-07-19,6110.0,599500.0,Annually,Expired,1,Low,A0019,Online
POL002204,C03370,Life,2025-05-07,2055-05-07,106960.0,5265000.0,Annually,Lapsed,30,Low,A0008,Bancassurance
POL002205,C04302,Health,2023-06-18,2024-06-18,87900.0,1500000.0,Annually,Expired,1,Medium,A0041,Agent
POL002206,C03152,Motor,2025-03-26,2026-03-26,40020.0,879700.0,Annually,Active,1,High,A0083,Online
POL002207,C01269,Motor,2023-11-03,2024-11-02,57020.0,1629200.0,Annually,Expired,1,Medium,A0051,Agent
POL002208,C01616,Home,2025-02-27,2026-02-27,16060.0,7300100.0,Annually,Active,1,Medium,A0036,Agent
POL002209,C03847,Health,2025-04-28,2026-04-28,38090.0,500000.0,Monthly,Active,1,High,A0041,Agent
POL002210,C04878,Health,2025-08-11,2026-08-11,13870.0,300000.0,Annually,Active,1,Low,A0001,Agent
POL002211,C03766,Life,2023-11-03,2043-11-03,161500.0,8730000.0,Annually,Active,20,Medium,A0078,Agent
POL002212,C01410,Life,2024-07-13,2039-07-13,60780.0,3039000.0,Monthly,Active,15,Medium,A0066,Corporate
POL002213,C04865,Travel,2023-12-04,2024-01-26,10900.0,908300.0,Annually,Expired,1,Medium,A0013,Corporate
POL002214,C00115,Motor,2025-09-16,2026-09-16,27090.0,774000.0,Monthly,Active,1,Medium,A0038,Bancassurance
POL002215,C00185,Motor,2024-11-16,2025-11-16,51280.0,1465100.0,Annually,Expired,1,Medium,A0081,Corporate
POL002216,C03392,Health,2023-10-25,2024-10-25,27800.0,500000.0,Quarterly,Expired,1,Medium,A0002,Online
POL002217,C03430,Motor,2023-02-23,2024-02-23,51060.0,1122200.0,Annually,Expired,1,High,A0043,Agent
POL002218,C02087,Health,2025-02-21,2028-02-21,28180.0,750000.0,Annually,Active,3,Low,A0086,Bancassurance
POL002219,C03232,Life,2025-04-15,2040-04-15,80400.0,4167000.0,Annually,Active,15,Low,A0024,Agent
POL002220,C00178,Motor,2023-11-08,2024-11-07,24070.0,687700.0,Annually,Expired,1,Medium,A0082,Online
POL002221,C02885,Health,2025-07-04,2026-07-04,56200.0,1000000.0,Quarterly,Active,1,Medium,A0021,Agent
POL002222,C00925,Health,2025-03-21,2026-03-21,120800.0,2000000.0,Quarterly,Active,1,Medium,A0035,Agent
POL002223,C03472,Health,2024-01-28,2026-01-28,15780.0,300000.0,Monthly,Active,2,Medium,A0092,Online
POL002224,C03125,Life,2023-10-23,2033-10-23,50720.0,3573000.0,Annually,Active,10,Low,A0030,Bancassurance
POL002225,C00226,Health,2023-02-23,2025-02-23,20820.0,500000.0,Monthly,Expired,2,Low,A0099,Bancassurance
POL002226,C04578,Travel,2023-03-26,2023-04-01,1720.0,169100.0,Annually,Expired,1,Low,A0041,Agent
POL002227,C02921,Motor,2025-09-08,2026-09-08,11530.0,253300.0,Annually,Active,1,High,A0090,Agent
POL002228,C01594,Health,2023-04-17,2024-04-17,57120.0,1500000.0,Monthly,Lapsed,1,Low,A0016,Corporate
POL002229,C01610,Health,2024-07-10,2026-07-10,41250.0,750000.0,Monthly,Active,2,Medium,A0038,Online
POL002230,C00257,Health,2024-07-19,2025-07-19,31620.0,750000.0,Quarterly,Expired,1,Low,A0040,Agent
POL002231,C02163,Travel,2023-09-24,2023-10-23,6200.0,516300.0,Annually,Expired,1,Medium,A0088,Online
POL002232,C02618,Health,2024-11-21,2025-11-21,47800.0,1000000.0,Annually,Expired,1,Medium,A0021,Agent
POL002233,C00724,Home,2025-01-04,2035-01-04,2450.0,1308900.0,Annually,Active,10,Low,A0001,Agent
POL002234,C01296,Travel,2023-03-01,2023-04-18,6830.0,669400.0,Annually,Expired,1,Low,A0056,Corporate
POL002235,C02572,Travel,2023-10-04,2023-10-23,10770.0,897900.0,Annually,Expired,1,Medium,A0096,Agent
POL002236,C03218,Health,2025-02-01,2026-02-01,12900.0,300000.0,Monthly,Active,1,Medium,A0030,Online
POL002237,C04025,Life,2024-10-26,2039-10-26,212400.0,8076000.0,Annually,Active,15,Medium,A0098,Agent
POL002238,C00432,Life,2024-03-29,2034-03-28,147440.0,8805000.0,Monthly,Active,10,Low,A0001,Bancassurance
POL002239,C02320,Life,2023-11-06,2053-11-06,110130.0,4983400.0,Annually,Active,30,Medium,A0031,Referral
POL002240,C02770,Motor,2023-05-28,2024-05-27,43600.0,1245600.0,Annually,Expired,1,Medium,A0077,Bancassurance
POL002241,C03237,Health,2024-12-14,2026-12-14,35530.0,1000000.0,Monthly,Active,2,Low,A0038,Referral
POL002242,C00970,Travel,2023-06-02,2023-07-23,11370.0,947700.0,Annually,Expired,1,Medium,A0037,Bancassurance
POL002243,C01626,Life,2024-06-04,2054-06-04,20340.0,1383000.0,Annually,Active,30,Low,A0072,Online
POL002244,C01044,Life,2025-09-23,2035-09-23,25700.0,1689000.0,Annually,Lapsed,10,Low,A0010,Agent
POL002245,C03115,Health,2023-10-05,2026-10-05,11280.0,300000.0,Monthly,Lapsed,3,Medium,A0065,Agent
POL002246,C03993,Motor,2023-04-13,2024-04-12,56270.0,1607600.0,Annually,Lapsed,1,Medium,A0087,Online
POL002247,C01119,Home,2024-09-08,2039-09-08,13070.0,6991100.0,Annually,Active,15,Low,A0095,Agent
POL002248,C04945,Life,2024-05-11,2054-05-11,70140.0,4126100.0,Annually,Active,30,Low,A0028,Online
POL002249,C03904,Life,2025-07-13,2040-07-13,126880.0,5055000.0,Monthly,Active,15,Medium,A0097,Referral
POL002250,C01821,Motor,2024-06-16,2025-06-16,20740.0,592500.0,Annually,Expired,1,Medium,A0027,Online
POL002251,C02676,Motor,2025-02-15,2026-02-15,51410.0,1468900.0,Annually,Active,1,Medium,A0010,Agent
POL002252,C03321,Health,2024-12-10,2025-12-10,46600.0,1000000.0,Monthly,Expired,1,Medium,A0078,Agent
POL002253,C02011,Motor,2023-09-27,2024-09-26,41340.0,1181300.0,Annually,Lapsed,1,Medium,A0098,Agent
POL002254,C04364,Home,2024-10-07,2034-10-07,16850.0,5893200.0,Monthly,Active,10,High,A0036,Online
POL002255,C00008,Health,2023-10-14,2026-10-14,19740.0,300000.0,Quarterly,Cancelled,3,Medium,A0041,Online
POL002256,C01263,Life,2024-11-09,2034-11-09,93060.0,4581000.0,Annually,Active,10,Low,A0037,Agent
POL002257,C04022,Health,2024-07-23,2025-07-23,39580.0,750000.0,Monthly,Expired,1,High,A0071,Agent
POL002258,C00158,Health,2025-01-29,2026-01-28,18530.0,500000.0,Monthly,Active,1,Low,A0057,Referral
POL002259,C02748,Health,2023-07-27,2024-07-27,94400.0,2000000.0,Annually,Expired,1,Medium,A0095,Agent
POL002260,C01530,Travel,2024-02-23,2024-03-15,3740.0,366400.0,Annually,Expired,1,Low,A0054,Agent
POL002261,C02453,Home,2025-08-23,2035-08-23,5810.0,2641600.0,Annually,Active,10,Medium,A0071,Online
POL002262,C03396,Motor,2025-07-17,2026-07-17,6340.0,181200.0,Annually,Active,1,Medium,A0057,Agent
POL002263,C04551,Life,2023-08-07,2038-08-07,36960.0,2080800.0,Annually,Active,15,Low,A0089,Agent
POL002264,C03118,Home,2025-05-21,2040-05-21,11800.0,5363900.0,Annually,Active,15,Medium,A0051,Referral
POL002265,C00486,Home,2024-02-28,2034-02-28,3400.0,1819600.0,Annually,Active,10,Low,A0025,Referral
POL002266,C04821,Health,2024-08-24,2026-08-24,48400.0,1000000.0,Annually,Active,2,Medium,A0082,Bancassurance
POL002267,C03542,Home,2023-08-25,2028-08-25,14560.0,6619900.0,Monthly,Active,5,Medium,A0066,Agent
POL002268,C02130,Motor,2024-12-21,2025-12-21,55080.0,1573600.0,Annually,Expired,1,Medium,A0002,Bancassurance
POL002269,C02875,Motor,2024-12-09,2025-12-09,57890.0,1654100.0,Annually,Lapsed,1,Medium,A0052,Online
POL002270,C01542,Health,2024-07-29,2025-07-28,20310.0,500000.0,Annually,Expired,1,Low,A0055,Online
POL002271,C03860,Home,2024-08-03,2039-08-03,10220.0,5463300.0,Annually,Active,15,Low,A0086,Agent
POL002272,C01603,Life,2025-07-11,2040-07-11,97870.0,4428400.0,Annually,Active,15,Medium,A0021,Online
POL002273,C00136,Health,2024-09-23,2025-09-23,26300.0,500000.0,Annually,Expired,1,Medium,A0074,Bancassurance
POL002274,C01529,Travel,2023-03-14,2023-04-06,3450.0,338300.0,Annually,Expired,1,Low,A0017,Online
POL002275,C00167,Travel,2025-08-10,2025-09-21,1500.0,56100.0,Annually,Expired,1,Medium,A0010,Corporate
POL002276,C00433,Home,2023-01-09,2028-01-09,8730.0,4666300.0,Annually,Lapsed,5,Low,A0021,Online
POL002277,C03733,Life,2023-12-15,2043-12-15,36510.0,2553100.0,Annually,Lapsed,20,Medium,A0013,Corporate
POL002278,C02016,Home,2025-02-22,2035-02-22,14900.0,6772100.0,Monthly,Active,10,Medium,A0025,Corporate
POL002279,C00184,Home,2024-11-12,2034-11-12,8590.0,3904100.0,Monthly,Active,10,Medium,A0091,Agent
POL002280,C04330,Home,2023-12-15,2038-12-15,10930.0,5846000.0,Annually,Active,15,Low,A0077,Agent
POL002281,C04913,Health,2025-08-13,2026-08-13,43500.0,750000.0,Annually,Active,1,Medium,A0001,Online
POL002282,C01194,Motor,2024-06-05,2025-06-05,46770.0,1336300.0,Annually,Expired,1,Medium,A0057,Agent
POL002283,C04819,Life,2024-12-09,2049-12-09,68190.0,3570000.0,Annually,Active,25,Medium,A0042,Bancassurance
POL002284,C00524,Home,2023-02-02,2024-02-02,15150.0,6888400.0,Monthly,Expired,1,Medium,A0032,Online
POL002285,C02200,Home,2025-09-21,2040-09-21,7310.0,3906900.0,Annually,Active,15,Low,A0099,Online
POL002286,C02019,Health,2025-05-09,2026-05-09,28100.0,500000.0,Monthly,Active,1,Medium,A0073,Agent
POL002287,C02751,Health,2025-02-12,2026-02-12,43690.0,1000000.0,Quarterly,Active,1,Low,A0061,Agent
POL002288,C02512,Health,2024-09-22,2026-09-22,18800.0,500000.0,Annually,Lapsed,2,Medium,A0057,Corporate
POL002289,C01608,Motor,2025-01-26,2026-01-26,10150.0,290100.0,Monthly,Lapsed,1,Medium,A0097,Corporate
POL002290,C04902,Life,2024-04-18,2039-04-18,39170.0,2759200.0,Annually,Active,15,Low,A0071,Referral
POL002291,C03210,Motor,2023-12-10,2024-12-09,18070.0,516300.0,Monthly,Expired,1,Medium,A0040,Referral
POL002292,C00578,Motor,2024-03-16,2025-03-16,4460.0,150000.0,Annually,Expired,1,Low,A0083,Agent
POL002293,C04611,Health,2025-05-12,2026-05-12,73320.0,1500000.0,Annually,Active,1,High,A0021,Online
POL002294,C04398,Travel,2023-09-08,2023-10-05,8020.0,786100.0,Annually,Expired,1,Low,A0022,Bancassurance
POL002295,C03680,Life,2023-10-31,2048-10-28,55980.0,2940000.0,Annually,Active,25,Low,A0020,Agent
POL002296,C03211,Life,2024-04-26,2039-04-26,65340.0,4155000.0,Quarterly,Active,15,Low,A0095,Corporate
POL002297,C01579,Motor,2025-10-01,2026-10-01,36820.0,1052100.0,Annually,Cancelled,1,Medium,A0011,Bancassurance
POL002298,C00827,Life,2023-08-06,2033-08-06,93030.0,6438000.0,Monthly,Active,10,Low,A0098,Bancassurance
POL002299,C04849,Health,2023-03-19,2026-03-19,28560.0,750000.0,Quarterly,Active,3,Low,A0014,Agent
POL002300,C00157,Life,2025-08-18,2040-08-18,69600.0,3342000.0,Monthly,Active,15,Low,A0033,Online
POL002301,C04628,Life,2025-09-29,2040-09-28,116030.0,6177000.0,Annually,Active,15,Low,A0039,Corporate
POL002302,C01386,Life,2024-01-04,2054-01-04,80620.0,4474200.0,Quarterly,Active,30,Low,A0033,Agent
POL002303,C02343,Home,2025-05-04,2035-05-04,7440.0,3980000.0,Monthly,Active,10,Low,A0046,Bancassurance
POL002304,C03990,Motor,2024-06-04,2025-06-04,26670.0,762000.0,Annually,Expired,1,Medium,A0032,Corporate
POL002305,C02853,Home,2024-04-21,2034-04-21,10300.0,4680700.0,Annually,Active,10,Medium,A0004,Agent
POL002306,C03481,Motor,2024-05-15,2025-05-15,57100.0,1631500.0,Annually,Expired,1,Medium,A0038,Agent
POL002307,C00450,Health,2024-08-01,2026-08-01,11280.0,300000.0,Annually,Lapsed,2,Medium,A0031,Bancassurance
POL002308,C00495,Life,2024-12-17,2039-12-17,79130.0,4391200.0,Quarterly,Active,15,Low,A0035,Referral
POL002309,C04298,Life,2023-03-03,2038-03-03,35520.0,2458400.0,Annually,Active,15,Low,A0011,Agent
POL002310,C02571,Motor,2023-10-25,2024-10-24,29430.0,841000.0,Annually,Expired,1,Medium,A0036,Bancassurance
POL002311,C03051,Health,2025-09-14,2026-09-14,39400.0,1000000.0,Quarterly,Active,1,Medium,A0020,Bancassurance
POL002312,C03280,Motor,2024-05-25,2025-05-25,48670.0,1390500.0,Annually,Expired,1,Medium,A0025,Online
POL002313,C03388,Health,2025-08-23,2027-08-23,14020.0,300000.0,Annually,Active,2,Low,A0051,Online
POL002314,C04718,Health,2023-12-03,2024-12-03,40120.0,1000000.0,Annually,Expired,1,Low,A0072,Agent
POL002315,C02991,Health,2024-06-26,2027-06-26,12800.0,300000.0,Annually,Active,3,Low,A0079,Agent
POL002316,C03272,Life,2024-03-07,2034-03-07,147170.0,7431000.0,Quarterly,Active,10,Low,A0087,Agent
POL002317,C00034,Motor,2023-06-29,2024-06-28,69580.0,1529300.0,Monthly,Expired,1,High,A0046,Agent
POL002318,C00909,Health,2023-07-17,2025-07-17,12650.0,300000.0,Annually,Lapsed,2,Low,A0099,Online
POL002319,C01150,Health,2025-03-08,2027-03-08,21590.0,500000.0,Quarterly,Active,2,Low,A0100,Agent
POL002320,C00922,Life,2025-06-15,2045-06-15,81520.0,3544400.0,Monthly,Active,20,Medium,A0092,Corporate
POL002321,C02766,Life,2025-07-06,2045-07-06,100630.0,3741000.0,Monthly,Active,20,Medium,A0007,Online
POL002322,C02603,Motor,2025-04-25,2026-04-25,9900.0,282700.0,Annually,Active,1,Medium,A0041,Corporate
POL002323,C03398,Home,2025-01-29,2026-01-28,15930.0,7240100.0,Monthly,Active,1,Medium,A0009,Agent
POL002324,C03797,Life,2025-09-19,2050-09-19,69970.0,2787800.0,Annually,Active,25,Medium,A0070,Agent
POL002325,C04047,Motor,2024-04-18,2025-04-18,17260.0,493000.0,Monthly,Expired,1,Medium,A0063,Online
POL002326,C02723,Life,2025-09-04,2040-09-04,100490.0,4885400.0,Quarterly,Lapsed,15,Low,A0040,Bancassurance
POL002327,C04349,Health,2024-09-14,2027-09-14,44200.0,1000000.0,Annually,Active,3,Low,A0097,Online
POL002328,C03273,Home,2024-03-06,2029-03-06,12020.0,6426300.0,Monthly,Active,5,Low,A0005,Online
POL002329,C01428,Motor,2025-02-28,2026-02-28,43960.0,1255900.0,Annually,Cancelled,1,Medium,A0097,Bancassurance
POL002330,C02444,Motor,2023-12-04,2024-12-03,58200.0,1662800.0,Annually,Expired,1,Medium,A0079,Agent
POL002331,C02687,Home,2023-04-16,2033-04-16,6540.0,2971700.0,Monthly,Active,10,Medium,A0032,Online
POL002332,C02557,Motor,2023-09-15,2024-09-14,44730.0,1278100.0,Monthly,Lapsed,1,Medium,A0043,Agent
POL002333,C01880,Home,2023-05-15,2033-05-15,12060.0,6448500.0,Annually,Active,10,Low,A0001,Agent
POL002334,C00807,Life,2023-04-14,2033-04-14,30480.0,1084800.0,Quarterly,Cancelled,10,Medium,A0093,Corporate
POL002335,C04312,Life,2023-04-18,2033-04-18,160410.0,9114000.0,Annually,Active,10,Medium,A0069,Online
POL002336,C04515,Health,2023-11-21,2024-11-21,33150.0,750000.0,Quarterly,Expired,1,Low,A0030,Agent
POL002337,C01224,Motor,2024-10-14,2025-10-14,45850.0,1541100.0,Annually,Expired,1,Low,A0099,Agent
POL002338,C03358,Motor,2024-03-31,2025-03-31,47150.0,1347200.0,Annually,Expired,1,Medium,A0087,Referral
POL002339,C03451,Health,2023-08-13,2024-08-13,19040.0,500000.0,Quarterly,Expired,1,Low,A0004,Agent
POL002340,C00628,Life,2024-05-24,2044-05-24,42000.0,2330500.0,Monthly,Active,20,Low,A0055,Agent
POL002341,C04768,Home,2024-09-12,2029-09-12,3890.0,2079100.0,Annually,Active,5,Low,A0004,Online
POL002342,C00732,Motor,2023-06-13,2024-06-12,44690.0,1276700.0,Annually,Expired,1,Medium,A0024,Agent
POL002343,C00213,Home,2025-01-19,2030-01-19,2880.0,1539000.0,Annually,Active,5,Low,A0043,Online
POL002344,C01568,Home,2023-08-24,2033-08-24,13820.0,6281000.0,Annually,Active,10,Medium,A0088,Agent
POL002345,C03488,Health,2023-10-15,2024-10-15,12500.0,300000.0,Quarterly,Expired,1,Low,A0056,Bancassurance
POL002346,C00032,Home,2024-02-11,2029-02-11,4370.0,2336300.0,Annually,Active,5,Low,A0079,Online
POL002347,C04166,Travel,2023-01-02,2023-01-10,9270.0,909200.0,Annually,Expired,1,Low,A0024,Agent
POL002348,C00306,Motor,2023-08-12,2024-08-11,21220.0,606400.0,Annually,Expired,1,Medium,A0001,Online
POL002349,C02154,Motor,2024-05-24,2025-05-24,27730.0,792200.0,Monthly,Expired,1,Medium,A0055,Online
POL002350,C00671,Life,2025-03-08,2040-03-08,50880.0,3133700.0,Annually,Active,15,Low,A0005,Agent
POL002351,C04971,Life,2025-04-30,2040-04-28,118180.0,7167000.0,Monthly,Active,15,Low,A0073,Agent
POL002352,C04540,Travel,2023-09-12,2023-10-07,1600.0,157100.0,Annually,Expired,1,Low,A0068,Agent
POL002353,C00719,Life,2023-12-04,2038-12-04,104890.0,4976000.0,Annually,Active,15,Low,A0005,Online
POL002354,C00635,Life,2023-06-15,2038-06-15,32950.0,1998000.0,Annually,Active,15,Low,A0007,Bancassurance
POL002355,C01368,Life,2024-09-26,2044-09-26,146750.0,5517000.0,Monthly,Active,20,Medium,A0031,Online
POL002356,C02248,Motor,2025-04-30,2026-04-30,8260.0,236100.0,Annually,Active,1,Medium,A0007,Referral
POL002357,C04017,Motor,2023-09-21,2024-09-20,57770.0,1650700.0,Annually,Lapsed,1,Medium,A0002,Agent
POL002358,C03738,Health,2025-06-19,2027-06-19,12500.0,300000.0,Annually,Active,2,Low,A0076,Agent
POL002359,C00763,Travel,2023-10-22,2023-11-12,8780.0,860800.0,Annually,Expired,1,Low,A0095,Agent
POL002360,C03094,Travel,2025-09-22,2025-10-18,1750.0,171600.0,Annually,Expired,1,Low,A0089,Corporate
POL002361,C03460,Health,2025-09-19,2027-09-19,19800.0,500000.0,Quarterly,Active,2,Low,A0037,Online
POL002362,C00307,Home,2025-05-06,2026-05-06,5900.0,3153800.0,Monthly,Active,1,Low,A0073,Online
POL002363,C00960,Life,2023-05-24,2053-05-24,43660.0,2712000.0,Annually,Active,30,Medium,A0075,Online
POL002364,C00123,Life,2024-03-06,2049-03-06,32550.0,1709400.0,Annually,Active,25,Low,A0093,Online
POL002365,C04272,Home,2025-08-06,2030-08-06,11310.0,6046200.0,Annually,Active,5,Low,A0076,Referral
POL002366,C02812,Home,2024-01-14,2025-01-14,7220.0,3861500.0,Annually,Expired,1,Low,A0091,Corporate
POL002367,C01004,Home,2025-05-22,2030-05-22,11150.0,5066100.0,Annually,Active,5,Medium,A0078,Corporate
POL002368,C02130,Health,2025-09-27,2026-09-27,15240.0,300000.0,Annually,Active,1,Medium,A0009,Online
POL002369,C03332,Home,2024-01-06,2034-01-06,5540.0,2517400.0,Annually,Lapsed,10,Medium,A0032,Online
POL002370,C03829,Motor,2025-03-05,2026-03-05,56190.0,1605300.0,Annually,Active,1,Medium,A0066,Online
POL002371,C03395,Home,2025-01-03,2030-01-03,10820.0,5783600.0,Annually,Active,5,Low,A0044,Corporate
POL002372,C03481,Health,2023-04-28,2024-04-28,13410.0,300000.0,Annually,Expired,1,Low,A0047,Corporate
POL002373,C01345,Health,2023-11-21,2024-11-21,57880.0,1500000.0,Quarterly,Expired,1,Low,A0075,Online
POL002374,C02396,Health,2024-06-19,2025-06-19,36660.0,750000.0,Quarterly,Expired,1,High,A0056,Agent
POL002375,C03609,Life,2024-11-24,2034-11-24,70430.0,3801000.0,Monthly,Active,10,Low,A0026,Agent
POL002376,C03720,Life,2024-05-26,2039-05-26,176720.0,9807000.0,Monthly,Active,15,Low,A0022,Online
POL002377,C01885,Life,2025-04-16,2050-04-16,134790.0,6183000.0,Quarterly,Cancelled,25,Medium,A0032,Agent
POL002378,C03204,Home,2025-02-17,2026-02-17,14220.0,6462800.0,Annually,Lapsed,1,Medium,A0053,Online
POL002379,C01379,Health,2024-06-22,2026-06-22,39900.0,750000.0,Annually,Active,2,Medium,A0001,Agent
POL002380,C04237,Health,2024-05-09,2025-05-09,19800.0,500000.0,Monthly,Expired,1,Low,A0095,Bancassurance
POL002381,C04648,Health,2024-06-08,2027-06-08,62480.0,1500000.0,Monthly,Active,3,Low,A0082,Online
POL002382,C02038,Life,2024-10-01,2049-10-01,102390.0,6963000.0,Monthly,Active,25,Low,A0093,Agent
POL002383,C02294,Health,2023-05-14,2024-05-14,12800.0,300000.0,Annually,Expired,1,Low,A0019,Agent
POL002384,C04239,Health,2023-10-22,2024-10-22,11460.0,300000.0,Quarterly,Expired,1,Medium,A0099,Agent
POL002385,C04325,Home,2023-03-09,2033-03-09,10490.0,3667900.0,Monthly,Active,10,High,A0027,Bancassurance
POL002386,C02826,Motor,2024-08-07,2025-08-07,44700.0,1277200.0,Annually,Expired,1,Medium,A0072,Online
POL002387,C04168,Health,2023-04-17,2024-04-17,20900.0,500000.0,Quarterly,Expired,1,Medium,A0017,Online
POL002388,C03856,Motor,2024-12-17,2025-12-17,70510.0,1549600.0,Annually,Lapsed,1,High,A0081,Bancassurance
POL002389,C02576,Life,2024-08-01,2049-08-01,51660.0,3182000.0,Quarterly,Active,25,Low,A0035,Online
POL002390,C04868,Life,2024-09-29,2039-09-28,18260.0,1251000.0,Monthly,Active,15,Medium,A0057,Referral
POL002391,C01626,Life,2024-10-25,2049-10-25,30550.0,2077700.0,Monthly,Active,25,Low,A0011,Referral
POL002392,C00207,Motor,2023-06-24,2024-06-23,44800.0,1279900.0,Annually,Expired,1,Medium,A0075,Agent
POL002393,C02728,Motor,2024-12-07,2025-12-07,21940.0,626900.0,Annually,Expired,1,Medium,A0047,Referral
POL002394,C01422,Health,2024-02-11,2027-02-11,20600.0,500000.0,Annually,Active,3,Medium,A0025,Corporate
POL002395,C01982,Life,2023-03-20,2048-03-20,138800.0,6456000.0,Quarterly,Active,25,Medium,A0017,Corporate
POL002396,C01223,Life,2025-09-23,2035-09-23,156320.0,8436000.0,Annually,Active,10,Low,A0002,Referral
POL002397,C02641,Health,2023-07-24,2024-07-24,92480.0,2000000.0,Monthly,Expired,1,Low,A0090,Agent
POL002398,C02262,Motor,2024-12-01,2025-12-01,33400.0,954400.0,Monthly,Expired,1,Medium,A0097,Agent
POL002399,C04575,Motor,2024-03-10,2025-03-10,13540.0,387000.0,Annually,Expired,1,Medium,A0055,Corporate
POL002400,C01374,Health,2023-04-12,2024-04-12,16500.0,300000.0,Annually,Expired,1,Medium,A0010,Agent
POL002401,C02136,Life,2025-04-25,2040-04-25,59010.0,4126600.0,Annually,Active,15,Medium,A0094,Agent
POL002402,C02440,Life,2023-06-10,2038-06-10,102100.0,4620000.0,Annually,Active,15,Low,A0006,Online
POL002403,C00561,Health,2025-02-06,2028-02-06,37240.0,750000.0,Annually,Active,3,High,A0027,Agent
POL002404,C02928,Motor,2023-09-27,2024-09-26,35640.0,1018200.0,Annually,Expired,1,Medium,A0047,Bancassurance
POL002405,C03087,Life,2023-07-05,2038-07-05,72070.0,4438900.0,Monthly,Lapsed,15,Low,A0040,Agent
POL002406,C04548,Motor,2025-06-22,2026-06-22,13800.0,394300.0,Annually,Active,1,Medium,A0047,Agent
POL002407,C01942,Motor,2024-09-26,2025-09-26,48450.0,1384200.0,Annually,Expired,1,Medium,A0016,Online
POL002408,C01723,Life,2023-05-06,2033-05-06,45910.0,3017200.0,Annually,Cancelled,10,Low,A0053,Bancassurance
POL002409,C00962,Life,2023-01-20,2033-01-20,194090.0,11622000.0,Monthly,Active,10,Medium,A0036,Bancassurance
POL002410,C00198,Motor,2023-11-23,2024-11-22,6830.0,195200.0,Monthly,Expired,1,Medium,A0017,Agent
POL002411,C00573,Travel,2024-11-26,2024-12-17,4350.0,426200.0,Annually,Expired,1,Low,A0091,Agent
POL002412,C03535,Life,2024-07-19,2044-07-19,67920.0,3520300.0,Monthly,Active,20,Low,A0081,Agent
POL002413,C02574,Life,2023-04-28,2038-04-28,85660.0,3454000.0,Monthly,Active,15,Medium,A0093,Referral
POL002414,C03097,Travel,2024-09-01,2024-10-24,6000.0,588000.0,Annually,Expired,1,Low,A0082,Bancassurance
POL002415,C03268,Life,2023-11-14,2033-11-14,93050.0,4389000.0,Quarterly,Lapsed,10,Medium,A0033,Agent
POL002416,C02847,Health,2024-11-08,2027-11-08,19800.0,500000.0,Quarterly,Active,3,Low,A0026,Online
POL002417,C00615,Motor,2024-09-25,2025-09-25,61170.0,1747700.0,Annually,Lapsed,1,Medium,A0004,Agent
POL002418,C04903,Travel,2024-02-18,2024-04-07,4560.0,447000.0,Annually,Expired,1,Low,A0042,Bancassurance
POL002419,C04217,Health,2023-03-24,2026-03-24,39400.0,1000000.0,Quarterly,Active,3,Medium,A0050,Online
POL002420,C02929,Motor,2023-09-12,2024-09-11,23230.0,510600.0,Annually,Expired,1,High,A0094,Agent
POL002421,C03191,Health,2025-01-23,2026-01-23,58000.0,1000000.0,Monthly,Active,1,Medium,A0035,Online
POL002422,C02458,Life,2023-01-12,2033-01-12,95340.0,4767000.0,Quarterly,Active,10,Medium,A0013,Agent
POL002423,C00680,Home,2023-05-07,2024-05-07,12430.0,5652200.0,Annually,Expired,1,Medium,A0002,Bancassurance
POL002424,C02741,Life,2023-10-16,2038-10-16,98710.0,3886000.0,Annually,Active,15,Medium,A0089,Referral
POL002425,C02495,Health,2024-03-07,2025-03-07,34950.0,750000.0,Annually,Expired,1,Medium,A0082,Agent
POL002426,C00200,Home,2023-12-05,2033-12-05,11990.0,5449300.0,Monthly,Active,10,Medium,A0027,Corporate
POL002427,C03334,Life,2025-06-29,2050-06-28,271760.0,12297000.0,Annually,Active,25,Medium,A0019,Bancassurance
POL002428,C02663,Travel,2024-01-12,2024-02-02,3130.0,306400.0,Annually,Expired,1,Low,A0074,Agent
POL002429,C03406,Home,2025-03-05,2030-03-05,13010.0,5912400.0,Annually,Active,5,Medium,A0004,Bancassurance
POL002430,C00942,Health,2023-08-19,2025-08-19,24440.0,500000.0,Annually,Expired,2,High,A0057,Agent
POL002431,C03285,Motor,2024-05-17,2025-05-17,7980.0,228000.0,Annually,Expired,1,Medium,A0065,Agent
POL002432,C00885,Health,2025-01-02,2026-01-02,34950.0,750000.0,Monthly,Active,1,Medium,A0096,Agent
POL002433,C00526,Life,2023-04-27,2033-04-27,37560.0,3090000.0,Quarterly,Active,10,Low,A0073,Corporate
POL002434,C04397,Health,2023-11-08,2026-11-08,41250.0,750000.0,Annually,Active,3,Medium,A0007,Bancassurance
POL002435,C01295,Health,2025-08-18,2027-08-18,50200.0,1000000.0,Monthly,Active,2,Medium,A0027,Agent
POL002436,C00299,Health,2023-01-22,2024-01-22,42600.0,750000.0,Quarterly,Lapsed,1,Medium,A0091,Agent
POL002437,C04544,Travel,2024-04-01,2024-05-08,7940.0,778000.0,Annually,Expired,1,Low,A0065,Corporate
POL002438,C01407,Motor,2023-12-05,2024-12-04,51570.0,1133400.0,Annually,Lapsed,1,High,A0021,Online
POL002439,C00600,Health,2024-03-30,2026-03-28,63600.0,1500000.0,Annually,Lapsed,2,Medium,A0084,Agent
POL002440,C00724,Motor,2025-08-27,2026-08-27,51020.0,1715100.0,Annually,Active,1,Low,A0073,Agent
POL002441,C01615,Motor,2023-11-24,2024-11-23,32210.0,708000.0,Annually,Expired,1,High,A0001,Corporate
POL002442,C02590,Travel,2024-08-28,2024-09-04,8900.0,741400.0,Annually,Expired,1,Medium,A0040,Bancassurance
POL002443,C00015,Health,2023-12-18,2024-12-18,21590.0,500000.0,Monthly,Expired,1,Low,A0014,Agent
POL002444,C04004,Home,2024-07-16,2039-07-16,10540.0,4792800.0,Annually,Active,15,Medium,A0030,Agent
POL002445,C01279,Motor,2024-03-12,2025-03-12,11060.0,371900.0,Annually,Expired,1,Low,A0083,Corporate
POL002446,C02646,Travel,2023-07-07,2023-07-16,9290.0,774300.0,Annually,Expired,1,Medium,A0046,Online
POL002447,C02522,Life,2024-04-19,2049-04-19,35950.0,1995000.0,Monthly,Lapsed,25,Low,A0014,Bancassurance
POL002448,C00806,Health,2024-01-28,2027-01-28,58650.0,1500000.0,Quarterly,Active,3,Low,A0017,Agent
POL002449,C01288,Motor,2024-03-01,2025-03-01,30640.0,875500.0,Annually,Expired,1,Medium,A0017,Bancassurance
POL002450,C03916,Health,2025-05-24,2026-05-24,114270.0,1500000.0,Monthly,Active,1,High,A0081,Referral
POL002451,C00996,Life,2023-01-18,2038-01-18,30020.0,1519200.0,Monthly,Cancelled,15,High,A0043,Agent
POL002452,C04748,Travel,2024-04-03,2024-05-06,3520.0,292900.0,Annually,Expired,1,Medium,A0007,Online
POL002453,C02113,Health,2023-03-16,2024-03-16,93500.0,2000000.0,Monthly,Expired,1,Low,A0005,Bancassurance
POL002454,C02120,Life,2023-11-10,2033-11-10,87630.0,4862700.0,Annually,Active,10,Low,A0073,Agent
POL002455,C03954,Health,2024-08-09,2025-08-09,37570.0,1000000.0,Annually,Expired,1,Low,A0010,Corporate
POL002456,C02974,Health,2023-12-06,2025-12-06,18800.0,500000.0,Annually,Expired,2,Medium,A0069,Corporate
POL002457,C02691,Motor,2024-06-13,2025-06-13,47350.0,1591500.0,Annually,Expired,1,Low,A0032,Agent
POL002458,C02552,Home,2024-01-13,2029-01-13,8510.0,3867200.0,Monthly,Active,5,Medium,A0082,Online
POL002459,C04454,Motor,2023-01-11,2024-01-11,14260.0,407400.0,Annually,Expired,1,Medium,A0013,Bancassurance
POL002460,C03226,Motor,2024-08-19,2025-08-19,23280.0,665100.0,Annually,Expired,1,Medium,A0031,Online
POL002461,C04897,Life,2024-02-10,2049-02-10,70250.0,4132600.0,Monthly,Active,25,Low,A0019,Agent
POL002462,C03686,Life,2025-01-29,2050-01-28,146520.0,6630000.0,Annually,Active,25,Medium,A0001,Online
POL002463,C03264,Motor,2024-08-01,2025-08-01,10630.0,233700.0,Annually,Expired,1,High,A0078,Agent
POL002464,C04937,Health,2023-04-24,2025-04-24,123200.0,2000000.0,Annually,Lapsed,2,Medium,A0032,Corporate
POL002465,C01486,Health,2025-07-01,2026-07-01,60900.0,1500000.0,Quarterly,Active,1,Medium,A0008,Online
POL002466,C04517,Life,2024-02-16,2044-02-16,41630.0,2691100.0,Annually,Lapsed,20,Low,A0047,Online
POL002467,C01019,Health,2023-08-16,2024-08-16,40040.0,500000.0,Monthly,Expired,1,High,A0090,Agent
POL002468,C02199,Motor,2025-08-24,2026-08-24,30940.0,884100.0,Annually,Active,1,Medium,A0042,Online
POL002469,C02859,Life,2023-02-01,2033-02-01,131760.0,5010000.0,Monthly,Active,10,Medium,A0070,Agent
POL002470,C02663,Motor,2024-05-01,2025-05-01,47200.0,1348400.0,Annually,Lapsed,1,Medium,A0013,Corporate
POL002471,C03212,Life,2025-07-27,2045-07-27,69140.0,3631000.0,Annually,Active,20,Low,A0035,Bancassurance
POL002472,C01719,Life,2023-10-06,2038-10-06,76710.0,4581000.0,Annually,Active,15,Low,A0068,Corporate
POL002473,C02883,Travel,2024-09-20,2024-10-07,1500.0,139800.0,Annually,Expired,1,Low,A0065,Online
POL002474,C01596,Health,2023-01-28,2024-01-28,29550.0,750000.0,Annually,Expired,1,Medium,A0031,Online
POL002475,C00592,Motor,2023-04-27,2024-04-26,26440.0,755500.0,Annually,Lapsed,1,Medium,A0042,Agent
POL002476,C00922,Motor,2025-05-05,2026-05-05,33020.0,943500.0,Annually,Active,1,Medium,A0067,Bancassurance
POL002477,C01614,Health,2025-01-28,2028-01-28,41650.0,1000000.0,Annually,Active,3,Low,A0077,Corporate
POL002478,C01945,Health,2025-02-12,2027-02-12,32250.0,750000.0,Monthly,Active,2,Medium,A0100,Agent
POL002479,C01640,Life,2025-08-16,2050-08-16,172040.0,9414000.0,Annually,Lapsed,25,Low,A0070,Online
POL002480,C02193,Travel,2023-08-26,2023-09-12,2900.0,284600.0,Annually,Expired,1,Low,A0054,Agent
POL002481,C00040,Health,2023-03-18,2024-03-18,29300.0,500000.0,Monthly,Lapsed,1,Medium,A0065,Agent
POL002482,C02295,Motor,2024-03-25,2025-03-25,19540.0,429400.0,Annually,Expired,1,High,A0096,Agent
POL002483,C01245,Health,2024-02-21,2026-02-21,22860.0,500000.0,Annually,Active,2,Low,A0004,Agent
POL002484,C02651,Travel,2023-10-05,2023-11-28,2800.0,233500.0,Annually,Expired,1,Medium,A0016,Agent
POL002485,C04702,Travel,2025-05-11,2025-06-03,6770.0,564100.0,Annually,Expired,1,Medium,A0054,Online
POL002486,C01256,Travel,2023-01-12,2023-03-03,9310.0,775500.0,Monthly,Expired,1,Medium,A0023,Referral
POL002487,C03113,Health,2024-06-17,2026-06-17,16320.0,300000.0,Quarterly,Active,2,Medium,A0002,Agent
POL002488,C04292,Life,2025-08-17,2040-08-17,145240.0,7851000.0,Monthly,Active,15,Medium,A0011,Online
POL002489,C01037,Health,2025-05-24,2028-05-24,64770.0,1500000.0,Quarterly,Active,3,Low,A0082,Corporate
POL002490,C02506,Health,2025-04-17,2028-04-17,110000.0,2000000.0,Monthly,Active,3,Medium,A0067,Online
POL002491,C01601,Life,2024-11-19,2044-11-19,62180.0,3355400.0,Annually,Active,20,Low,A0071,Online
POL002492,C00659,Health,2025-07-17,2026-07-17,38100.0,750000.0,Monthly,Active,1,Medium,A0078,Corporate
POL002493,C04678,Health,2024-09-15,2025-09-15,15240.0,300000.0,Annually,Expired,1,Medium,A0039,Referral
POL002494,C01209,Health,2023-03-25,2024-03-25,75200.0,2000000.0,Annually,Lapsed,1,Medium,A0068,Agent
POL002495,C00222,Health,2023-04-30,2026-04-28,90440.0,2000000.0,Annually,Active,3,Low,A0094,Online
POL002496,C03919,Motor,2025-01-13,2026-01-13,7810.0,223100.0,Monthly,Active,1,Medium,A0095,Agent
POL002497,C04656,Health,2025-03-23,2026-03-23,59200.0,1000000.0,Monthly,Active,1,Medium,A0030,Agent
POL002498,C02754,Home,2024-08-05,2025-08-05,5100.0,2319800.0,Annually,Expired,1,Medium,A0021,Agent
POL002499,C04597,Motor,2023-01-11,2024-01-11,43860.0,1253000.0,Annually,Expired,1,Medium,A0046,Online
POL002500,C04564,Motor,2025-04-04,2026-04-04,55400.0,1582700.0,Annually,Active,1,Medium,A0055,Agent
POL002501,C02353,Motor,2024-01-07,2025-01-06,26120.0,746200.0,Annually,Expired,1,Medium,A0079,Online
POL002502,C03836,Motor,2024-04-19,2025-04-19,8390.0,239900.0,Monthly,Expired,1,Medium,A0046,Online
POL002503,C02459,Health,2023-08-12,2024-08-12,17940.0,300000.0,Annually,Expired,1,Medium,A0091,Agent
POL002504,C04557,Motor,2024-01-29,2025-01-28,36110.0,1031700.0,Annually,Expired,1,Medium,A0040,Agent
POL002505,C00999,Travel,2024-06-16,2024-07-27,8030.0,669400.0,Annually,Expired,1,Medium,A0038,Online
POL002506,C02816,Life,2024-08-02,2044-08-02,257120.0,9249000.0,Quarterly,Lapsed,20,Medium,A0045,Online
POL002507,C01585,Life,2024-08-11,2039-08-11,45180.0,2805900.0,Annually,Active,15,Medium,A0053,Referral
POL002508,C00438,Motor,2023-03-25,2024-03-24,59620.0,1703600.0,Annually,Expired,1,Medium,A0052,Agent
POL002509,C01906,Home,2025-02-15,2030-02-15,1990.0,1062200.0,Annually,Active,5,Low,A0033,Online
POL002510,C01404,Life,2025-08-15,2050-08-15,92680.0,4620000.0,Annually,Active,25,Low,A0004,Online
POL002511,C03711,Health,2023-10-13,2024-10-13,35400.0,750000.0,Quarterly,Expired,1,Medium,A0042,Agent
POL002512,C00337,Health,2024-12-09,2025-12-09,33530.0,750000.0,Monthly,Expired,1,Low,A0052,Agent
POL002513,C03398,Health,2023-03-12,2026-03-12,28100.0,500000.0,Annually,Lapsed,3,Medium,A0015,Referral
POL002514,C03648,Motor,2023-10-21,2024-10-20,66380.0,1459000.0,Annually,Expired,1,High,A0038,Agent
POL002515,C01721,Motor,2023-07-16,2024-07-15,24200.0,691400.0,Annually,Lapsed,1,Medium,A0018,Agent
POL002516,C01665,Health,2023-05-10,2025-05-10,65320.0,750000.0,Annually,Expired,2,High,A0027,Bancassurance
POL002517,C04687,Home,2025-05-18,2026-05-18,11530.0,6168400.0,Annually,Active,1,Low,A0031,Bancassurance
POL002518,C01445,Health,2025-03-19,2027-03-19,23380.0,500000.0,Annually,Cancelled,2,Low,A0019,Agent
POL002519,C02184,Health,2025-05-29,2028-05-28,32770.0,750000.0,Monthly,Active,3,Low,A0069,Agent
POL002520,C03602,Home,2024-01-15,2029-01-15,10950.0,4976800.0,Annually,Active,5,Medium,A0028,Corporate
POL002521,C02716,Health,2024-06-01,2025-06-01,12950.0,300000.0,Monthly,Lapsed,1,Low,A0098,Online
POL002522,C00177,Motor,2023-07-11,2024-07-10,13260.0,379000.0,Annually,Expired,1,Medium,A0040,Online
POL002523,C03434,Life,2025-03-27,2045-03-27,76470.0,4840200.0,Quarterly,Active,20,Medium,A0077,Referral
POL002524,C02456,Life,2025-06-05,2040-06-05,65500.0,3911900.0,Monthly,Active,15,Low,A0018,Bancassurance
POL002525,C00092,Life,2025-07-15,2035-07-15,163600.0,8829000.0,Annually,Active,10,Low,A0037,Corporate
POL002526,C04573,Health,2024-10-11,2026-10-11,28180.0,750000.0,Annually,Active,2,Low,A0050,Corporate
POL002527,C03631,Life,2024-01-20,2054-01-20,81190.0,4923600.0,Monthly,Cancelled,30,Low,A0053,Agent
POL002528,C01920,Life,2023-03-20,2048-03-20,58580.0,2253000.0,Monthly,Active,25,Medium,A0093,Online
POL002529,C02903,Health,2025-02-03,2026-02-03,12040.0,300000.0,Quarterly,Active,1,Low,A0097,Online
POL002530,C04470,Motor,2023-01-13,2024-01-13,6830.0,195000.0,Annually,Expired,1,Medium,A0041,Online
POL002531,C00093,Travel,2024-10-27,2024-12-24,6310.0,619000.0,Annually,Expired,1,Low,A0067,Agent
POL002532,C01649,Home,2024-01-12,2034-01-12,11040.0,5903500.0,Annually,Active,10,Low,A0076,Agent
POL002533,C00427,Motor,2024-12-07,2025-12-07,60950.0,1741400.0,Annually,Expired,1,Medium,A0009,Agent
POL002534,C01723,Life,2025-06-09,2045-06-09,59980.0,3942000.0,Monthly,Active,20,Low,A0041,Bancassurance
POL002535,C03628,Life,2023-10-25,2038-10-25,165340.0,9726000.0,Annually,Active,15,Medium,A0022,Bancassurance
POL002536,C01968,Motor,2023-09-06,2024-09-05,18400.0,525700.0,Monthly,Expired,1,Medium,A0089,Agent
POL002537,C02997,Home,2025-09-04,2026-09-04,10770.0,4897400.0,Annually,Active,1,Medium,A0037,Agent
POL002538,C00192,Health,2023-02-18,2025-02-18,16680.0,300000.0,Annually,Expired,2,Medium,A0055,Referral
POL002539,C03085,Health,2023-03-09,2026-03-09,20900.0,500000.0,Annually,Active,3,Medium,A0043,Online
POL002540,C02384,Health,2024-05-27,2027-05-27,10810.0,300000.0,Quarterly,Lapsed,3,Low,A0027,Agent
POL002541,C02972,Health,2025-06-09,2026-06-09,46750.0,1000000.0,Annually,Active,1,Low,A0073,Agent
POL002542,C01687,Life,2024-11-11,2054-11-11,26660.0,1545000.0,Annually,Active,30,Low,A0057,Online
POL002543,C04787,Life,2023-02-09,2038-02-09,38250.0,2421100.0,Annually,Active,15,Medium,A0022,Agent
POL002544,C02021,Health,2025-04-22,2026-04-22,11280.0,300000.0,Quarterly,Active,1,Medium,A0047,Agent
POL002545,C03382,Motor,2024-05-26,2025-05-26,53010.0,1514600.0,Annually,Expired,1,Medium,A0064,Referral
POL002546,C03868,Motor,2024-12-14,2025-12-14,14580.0,416500.0,Monthly,Expired,1,Medium,A0068,Bancassurance
POL002547,C01500,Travel,2023-09-03,2023-10-03,6280.0,615600.0,Annually,Expired,1,Low,A0026,Agent
POL002548,C01059,Health,2025-06-30,2027-06-28,19290.0,500000.0,Monthly,Active,2,Low,A0040,Agent
POL002549,C04728,Life,2025-04-21,2040-04-21,14690.0,1027000.0,Annually,Active,15,Medium,A0071,Online
POL002550,C00833,Life,2025-01-11,2040-01-11,63240.0,4376800.0,Monthly,Active,15,Low,A0074,Online
POL002551,C00092,Health,2024-09-20,2025-09-20,52600.0,1000000.0,Quarterly,Lapsed,1,Medium,A0067,Agent
POL002552,C01523,Motor,2024-01-27,2025-01-26,6770.0,193300.0,Monthly,Lapsed,1,Medium,A0075,Corporate
POL002553,C03165,Health,2024-06-05,2025-06-05,60640.0,750000.0,Quarterly,Lapsed,1,High,A0073,Agent
POL002554,C00768,Health,2023-05-07,2026-05-07,84320.0,2000000.0,Monthly,Active,3,Low,A0027,Online
POL002555,C01581,Home,2023-02-24,2028-02-24,5390.0,2448200.0,Annually,Cancelled,5,Medium,A0046,Online
POL002556,C02286,Motor,2023-10-12,2024-10-11,46900.0,1340100.0,Annually,Expired,1,Medium,A0071,Online
POL002557,C03074,Life,2024-01-22,2044-01-22,72090.0,3054500.0,Quarterly,Active,20,Medium,A0039,Agent
POL002558,C04952,Life,2025-09-30,2050-09-28,98700.0,4920300.0,Quarterly,Active,25,Low,A0047,Corporate
POL002559,C03508,Home,2024-09-23,2039-09-23,9520.0,5092500.0,Annually,Active,15,Low,A0094,Referral
POL002560,C01137,Motor,2024-11-30,2025-11-30,54330.0,1552200.0,Annually,Expired,1,Medium,A0001,Agent
POL002561,C01442,Life,2025-05-16,2040-05-16,94890.0,4612900.0,Monthly,Cancelled,15,Low,A0032,Corporate
POL002562,C02724,Home,2025-09-10,2040-09-10,12610.0,6744000.0,Monthly,Cancelled,15,Low,A0019,Corporate
POL002563,C04186,Home,2024-02-26,2029-02-26,5530.0,2512300.0,Annually,Active,5,Medium,A0083,Agent
POL002564,C00674,Motor,2025-09-04,2026-09-04,39040.0,1115300.0,Monthly,Cancelled,1,Medium,A0006,Agent
POL002565,C03017,Life,2024-02-28,2049-02-28,100560.0,4811500.0,Monthly,Active,25,Medium,A0092,Online
POL002566,C02291,Motor,2024-02-02,2025-02-01,23890.0,803000.0,Annually,Lapsed,1,Low,A0056,Bancassurance
POL002567,C01152,Motor,2024-07-25,2025-07-25,35620.0,1017700.0,Annually,Expired,1,Medium,A0028,Referral
POL002568,C01731,Motor,2024-10-10,2025-10-10,11590.0,331200.0,Annually,Lapsed,1,Medium,A0098,Agent
POL002569,C04467,Health,2024-02-02,2027-02-02,28700.0,500000.0,Quarterly,Lapsed,3,Medium,A0068,Bancassurance
POL002570,C04200,Life,2023-04-04,2048-04-04,118730.0,4620000.0,Annually,Cancelled,25,Medium,A0001,Online
POL002571,C02524,Life,2025-04-24,2045-04-24,60780.0,3522300.0,Annually,Active,20,Low,A0023,Online
POL002572,C03727,Health,2024-11-19,2025-11-19,14700.0,300000.0,Quarterly,Expired,1,Medium,A0008,Agent
POL002573,C02458,Health,2024-11-04,2026-11-04,73500.0,1500000.0,Monthly,Lapsed,2,Medium,A0025,Bancassurance
POL002574,C02541,Health,2024-10-12,2025-10-12,75140.0,2000000.0,Monthly,Expired,1,Low,A0057,Agent
POL002575,C01106,Health,2025-01-07,2026-01-07,31800.0,750000.0,Monthly,Active,1,Medium,A0040,Agent
POL002576,C01114,Health,2023-06-29,2024-06-28,60940.0,1500000.0,Monthly,Expired,1,Low,A0077,Agent
POL002577,C03948,Life,2024-12-09,2044-12-09,52370.0,2679000.0,Annually,Active,20,Low,A0076,Bancassurance
POL002578,C02571,Home,2024-11-20,2025-11-20,2470.0,1122300.0,Annually,Expired,1,Medium,A0057,Corporate
POL002579,C04405,Travel,2024-07-03,2024-08-06,2500.0,208100.0,Annually,Expired,1,Medium,A0095,Agent
POL002580,C01856,Home,2025-04-16,2026-04-16,12250.0,6551300.0,Annually,Cancelled,1,Low,A0008,Referral
POL002581,C03448,Health,2024-09-17,2027-09-17,24500.0,500000.0,Monthly,Active,3,Medium,A0088,Online
POL002582,C00073,Health,2025-03-28,2026-03-28,78800.0,2000000.0,Quarterly,Active,1,Medium,A0068,Agent
POL002583,C03305,Life,2024-11-04,2034-11-04,53740.0,3926700.0,Annually,Lapsed,10,Low,A0001,Agent
POL002584,C00594,Home,2023-12-18,2028-12-18,4290.0,2291800.0,Annually,Active,5,Low,A0091,Referral
POL002585,C04718,Motor,2025-09-22,2026-09-22,26440.0,755500.0,Annually,Active,1,Medium,A0064,Agent
POL002586,C02113,Life,2023-01-05,2038-01-05,206040.0,10539000.0,Annually,Active,15,Low,A0045,Agent
POL002587,C01130,Motor,2025-09-22,2026-09-22,25900.0,739900.0,Annually,Active,1,Medium,A0031,Referral
POL002588,C03440,Health,2025-03-28,2026-03-28,11880.0,300000.0,Quarterly,Active,1,Low,A0037,Bancassurance
POL002589,C00211,Life,2024-04-22,2039-04-22,62200.0,4350000.0,Quarterly,Active,15,Medium,A0031,Agent
POL002590,C04064,Health,2023-12-17,2024-12-17,26600.0,500000.0,Monthly,Expired,1,Medium,A0050,Online
POL002591,C00721,Motor,2025-05-31,2026-05-31,60060.0,1716000.0,Annually,Active,1,Medium,A0074,Agent
POL002592,C03123,Motor,2024-01-24,2025-01-23,34340.0,981000.0,Annually,Expired,1,Medium,A0016,Online
POL002593,C02618,Health,2024-08-02,2025-08-02,30470.0,750000.0,Annually,Expired,1,Low,A0004,Bancassurance
POL002594,C00457,Home,2024-07-27,2039-07-27,6760.0,3614100.0,Annually,Active,15,Low,A0092,Online
POL002595,C00779,Health,2023-11-18,2024-11-18,60180.0,1500000.0,Annually,Lapsed,1,Low,A0019,Online
POL002596,C04011,Life,2023-07-30,2043-07-28,64910.0,3762000.0,Monthly,Active,20,Low,A0083,Online
POL002597,C01602,Life,2024-12-08,2044-12-08,51200.0,3180000.0,Quarterly,Active,20,Medium,A0001,Agent
POL002598,C00988,Home,2025-03-04,2030-03-04,4060.0,2172500.0,Monthly,Active,5,Low,A0075,Agent
POL002599,C04502,Travel,2024-02-28,2024-03-26,11460.0,955200.0,Annually,Expired,1,Medium,A0073,Referral
POL002600,C03385,Life,2024-08-13,2034-08-13,388070.0,14589000.0,Monthly,Active,10,Medium,A0013,Bancassurance
POL002601,C04375,Home,2023-02-01,2038-02-01,3120.0,1666100.0,Annually,Active,15,Low,A0001,Referral
POL002602,C03324,Life,2025-09-06,2040-09-06,80660.0,5682000.0,Monthly,Active,15,Low,A0080,Agent
POL002603,C02993,Motor,2025-06-10,2026-06-10,21000.0,461600.0,Annually,Active,1,High,A0087,Online
POL002604,C03669,Life,2025-04-20,2035-04-20,84920.0,4647000.0,Monthly,Active,10,Low,A0067,Corporate
POL002605,C04375,Life,2025-01-08,2040-01-08,92560.0,4734700.0,Annually,Active,15,Low,A0093,Online
POL002606,C03269,Travel,2025-08-26,2025-09-21,4980.0,488100.0,Annually,Expired,1,Low,A0036,Agent
POL002607,C03380,Health,2023-09-09,2024-09-09,37200.0,750000.0,Monthly,Expired,1,Medium,A0036,Agent
POL002608,C00153,Health,2024-10-24,2026-10-24,37570.0,1000000.0,Quarterly,Active,2,Low,A0074,Agent
POL002609,C04211,Health,2025-05-11,2027-05-11,41700.0,750000.0,Annually,Active,2,Medium,A0094,Agent
POL002610,C02573,Home,2023-10-19,2028-10-19,3960.0,2116900.0,Annually,Active,5,Low,A0017,Bancassurance
POL002611,C00499,Health,2023-08-13,2024-08-13,24800.0,500000.0,Annually,Expired,1,Medium,A0080,Corporate
POL002612,C01312,Health,2023-07-12,2024-07-12,43180.0,1000000.0,Quarterly,Expired,1,Low,A0056,Agent
POL002613,C01129,Home,2023-06-26,2028-06-26,14860.0,7948500.0,Annually,Active,5,Low,A0067,Agent
POL002614,C00077,Home,2024-05-23,2034-05-23,13650.0,7298700.0,Annually,Active,10,Low,A0036,Corporate
POL002615,C03046,Health,2025-02-25,2026-02-25,62200.0,1000000.0,Annually,Active,1,Medium,A0059,Bancassurance
POL002616,C02756,Life,2023-02-23,2048-02-23,91160.0,4425200.0,Monthly,Active,25,Medium,A0010,Online
POL002617,C02880,Travel,2024-03-18,2024-05-02,8630.0,845900.0,Annually,Expired,1,Low,A0078,Referral
POL002618,C00897,Life,2023-05-30,2048-05-28,93830.0,6381000.0,Monthly,Cancelled,25,Low,A0075,Agent
POL002619,C01034,Health,2024-04-07,2026-04-07,11880.0,300000.0,Monthly,Active,2,Low,A0093,Online
POL002620,C02006,Health,2025-05-28,2027-05-28,14660.0,300000.0,Monthly,Active,2,High,A0049,Online
POL002621,C04184,Motor,2025-08-24,2026-08-24,49030.0,1400900.0,Annually,Active,1,Medium,A0036,Agent
POL002622,C04774,Life,2025-09-19,2045-09-19,26570.0,1905700.0,Annually,Lapsed,20,Low,A0004,Corporate
POL002623,C00017,Life,2025-03-22,2040-03-22,65620.0,4589200.0,Quarterly,Active,15,Medium,A0044,Agent
POL002624,C04784,Life,2025-05-25,2045-05-25,72390.0,4134000.0,Annually,Active,20,Low,A0043,Bancassurance
POL002625,C00881,Life,2025-05-30,2035-05-28,82980.0,4136600.0,Annually,Active,10,Low,A0001,Online
POL002626,C03033,Health,2025-08-29,2026-08-28,18530.0,500000.0,Annually,Active,1,Low,A0025,Online
POL002627,C01172,Health,2025-05-05,2027-05-05,34500.0,750000.0,Quarterly,Active,2,Medium,A0001,Agent
POL002628,C01427,Travel,2023-01-09,2023-02-20,3990.0,332800.0,Annually,Expired,1,Medium,A0087,Agent
POL002629,C02217,Home,2024-06-24,2029-06-24,13980.0,7476300.0,Annually,Active,5,Low,A0047,Agent
POL002630,C02821,Travel,2024-10-03,2024-10-15,2410.0,235900.0,Annually,Expired,1,Low,A0002,Online
POL002631,C04806,Motor,2025-04-14,2026-04-14,59920.0,1711900.0,Annually,Active,1,Medium,A0067,Online
POL002632,C00038,Home,2023-05-22,2033-05-22,3700.0,1681100.0,Annually,Active,10,Medium,A0074,Online
POL002633,C02283,Travel,2023-07-26,2023-09-08,11740.0,978400.0,Annually,Expired,1,Medium,A0011,Bancassurance
POL002634,C04472,Travel,2024-03-11,2024-04-07,11850.0,987400.0,Monthly,Expired,1,Medium,A0098,Referral
POL002635,C00742,Health,2025-09-02,2027-09-02,11120.0,300000.0,Annually,Active,2,Low,A0043,Online
POL002636,C02749,Motor,2024-08-12,2025-08-12,57550.0,1644200.0,Monthly,Expired,1,Medium,A0006,Agent
POL002637,C00491,Health,2024-05-08,2027-05-08,18800.0,500000.0,Quarterly,Lapsed,3,Medium,A0098,Agent
POL002638,C00243,Motor,2023-09-14,2024-09-13,50240.0,1104100.0,Annually,Expired,1,High,A0087,Online
POL002639,C04407,Motor,2023-10-10,2024-10-09,16540.0,472700.0,Annually,Lapsed,1,Medium,A0084,Online
POL002640,C02094,Life,2024-12-28,2049-12-28,23900.0,1671000.0,Monthly,Active,25,Medium,A0019,Online
POL002641,C01871,Home,2024-04-08,2029-04-08,10420.0,5572000.0,Annually,Active,5,Low,A0087,Agent
POL002642,C04856,Health,2023-04-28,2024-04-28,12040.0,300000.0,Annually,Expired,1,Low,A0047,Online
POL002643,C02211,Motor,2023-07-19,2024-07-18,34300.0,979900.0,Annually,Expired,1,Medium,A0011,Online
POL002644,C03423,Life,2025-08-23,2055-08-23,43020.0,2172300.0,Monthly,Active,30,Low,A0086,Online
POL002645,C00274,Motor,2024-08-09,2025-08-09,71540.0,1572300.0,Annually,Expired,1,High,A0097,Online
POL002646,C02702,Motor,2024-09-24,2025-09-24,22210.0,634500.0,Annually,Expired,1,Medium,A0095,Agent
POL002647,C03784,Travel,2025-09-14,2025-09-29,2010.0,196600.0,Annually,Lapsed,1,Low,A0094,Online
POL002648,C02137,Life,2025-06-17,2055-06-17,139920.0,8088000.0,Annually,Active,30,Medium,A0006,Bancassurance
POL002649,C00452,Health,2023-08-25,2024-08-25,12800.0,300000.0,Monthly,Expired,1,Low,A0099,Referral
POL002650,C01005,Motor,2024-06-02,2025-06-02,6900.0,197200.0,Annually,Expired,1,Medium,A0082,Bancassurance
POL002651,C03794,Motor,2023-01-30,2024-01-30,14480.0,413700.0,Annually,Lapsed,1,Medium,A0086,Agent
POL002652,C01072,Life,2025-01-02,2040-01-02,33640.0,1656000.0,Quarterly,Active,15,Low,A0009,Online
POL002653,C01617,Home,2023-10-05,2038-10-05,13270.0,7094700.0,Annually,Active,15,Low,A0043,Online
POL002654,C02584,Health,2023-12-28,2024-12-28,41650.0,1000000.0,Annually,Expired,1,Low,A0068,Online
POL002655,C04154,Motor,2025-04-06,2026-04-06,8920.0,254900.0,Annually,Active,1,Medium,A0093,Corporate
POL002656,C04874,Travel,2023-06-26,2023-08-10,9980.0,978900.0,Annually,Expired,1,Low,A0090,Agent
POL002657,C04659,Life,2025-02-21,2040-02-21,34570.0,2350800.0,Monthly,Active,15,Low,A0018,Agent
POL002658,C00580,Motor,2023-02-28,2024-02-28,58060.0,1276000.0,Annually,Expired,1,High,A0005,Agent
POL002659,C01116,Health,2023-09-07,2026-09-07,17770.0,500000.0,Annually,Active,3,Low,A0024,Corporate
POL002660,C03682,Health,2024-06-30,2027-06-28,19550.0,500000.0,Quarterly,Active,3,Low,A0092,Agent
POL002661,C04242,Health,2025-08-27,2027-08-27,40000.0,1000000.0,Quarterly,Lapsed,2,Medium,A0020,Agent
POL002662,C00122,Motor,2024-04-19,2025-04-19,13900.0,397300.0,Monthly,Lapsed,1,Medium,A0088,Agent
POL002663,C04675,Motor,2024-11-02,2025-11-02,24640.0,541400.0,Annually,Expired,1,High,A0077,Online
POL002664,C03419,Life,2024-03-19,2044-03-19,76250.0,3231000.0,Annually,Active,20,Medium,A0032,Agent
POL002665,C04436,Home,2025-05-23,2030-05-23,2840.0,1292200.0,Annually,Active,5,Medium,A0040,Agent
POL002666,C04505,Health,2023-03-30,2024-03-28,16750.0,500000.0,Monthly,Expired,1,Low,A0067,Corporate
POL002667,C02197,Home,2023-07-08,2028-07-08,13060.0,6985900.0,Annually,Active,5,Low,A0016,Agent
POL002668,C03035,Motor,2025-07-02,2026-07-02,39130.0,1118100.0,Annually,Active,1,Medium,A0036,Agent
POL002669,C03522,Motor,2024-11-25,2025-11-25,16170.0,355500.0,Annually,Lapsed,1,High,A0051,Bancassurance
POL002670,C02146,Home,2023-01-19,2038-01-19,5300.0,2832700.0,Annually,Active,15,Low,A0065,Referral
POL002671,C00825,Life,2025-07-30,2045-07-28,59240.0,4099400.0,Annually,Active,20,Low,A0006,Bancassurance
POL002672,C04996,Life,2024-10-20,2044-10-20,119970.0,6090000.0,Annually,Lapsed,20,Medium,A0082,Online
POL002673,C00638,Motor,2024-06-27,2025-06-27,45280.0,1293800.0,Monthly,Expired,1,Medium,A0028,Agent
POL002674,C00372,Home,2023-10-06,2033-10-06,5900.0,3157300.0,Monthly,Active,10,Low,A0009,Online
POL002675,C01548,Life,2024-04-10,2039-04-10,79940.0,4314000.0,Monthly,Active,15,Low,A0071,Agent
POL002676,C01084,Travel,2024-03-21,2024-05-16,4150.0,406400.0,Annually,Expired,1,Low,A0013,Online
POL002677,C04380,Health,2025-01-16,2028-01-16,56400.0,1500000.0,Monthly,Cancelled,3,Medium,A0068,Agent
POL002678,C02763,Motor,2025-09-20,2026-09-20,81880.0,1799700.0,Annually,Cancelled,1,High,A0025,Corporate
POL002679,C01369,Life,2023-11-02,2053-11-02,23990.0,1551000.0,Annually,Active,30,Low,A0076,Online
POL002680,C01686,Health,2024-02-01,2025-02-01,117780.0,1500000.0,Annually,Expired,1,High,A0017,Online
POL002681,C02973,Motor,2023-03-02,2024-03-01,5910.0,168800.0,Annually,Expired,1,Medium,A0077,Agent
POL002682,C00376,Motor,2024-11-24,2025-11-24,47050.0,1344200.0,Annually,Expired,1,Medium,A0002,Agent
POL002683,C03745,Life,2024-02-18,2049-02-18,41660.0,3357200.0,Monthly,Active,25,Low,A0024,Bancassurance
POL002684,C01128,Life,2023-05-30,2033-05-28,68130.0,3834800.0,Annually,Active,10,Low,A0071,Online
POL002685,C04045,Life,2025-06-21,2035-06-21,316420.0,12312000.0,Quarterly,Active,10,Medium,A0065,Online
POL002686,C04263,Life,2024-06-07,2044-06-07,46590.0,3006000.0,Monthly,Active,20,Medium,A0082,Corporate
POL002687,C00683,Health,2023-11-24,2025-11-24,30800.0,500000.0,Quarterly,Expired,2,Medium,A0010,Agent
POL002688,C01067,Health,2024-12-08,2025-12-08,35530.0,1000000.0,Annually,Lapsed,1,Low,A0087,Corporate
POL002689,C01913,Life,2024-05-12,2034-05-12,56810.0,3228000.0,Annually,Active,10,Medium,A0050,Bancassurance
POL002690,C03028,Life,2023-06-05,2033-06-05,22020.0,1524000.0,Annually,Active,10,Low,A0045,Online
POL002691,C03931,Health,2024-08-17,2026-08-17,20000.0,500000.0,Annually,Active,2,Medium,A0027,Online
POL002692,C01969,Life,2025-02-03,2045-02-03,70970.0,3450000.0,Quarterly,Active,20,Low,A0026,Corporate
POL002693,C04697,Motor,2023-04-21,2024-04-20,11120.0,317900.0,Annually,Expired,1,Medium,A0096,Referral
POL002694,C00460,Home,2024-05-10,2025-05-10,14200.0,7591200.0,Annually,Expired,1,Low,A0080,Agent
POL002695,C00829,Life,2024-07-11,2039-07-11,234180.0,11205000.0,Annually,Active,15,Medium,A0030,Online
POL002696,C00358,Health,2024-02-11,2025-02-11,37600.0,1000000.0,Monthly,Expired,1,Medium,A0083,Agent
POL002697,C01869,Motor,2023-11-23,2024-11-22,51970.0,1484900.0,Annually,Lapsed,1,Medium,A0068,Corporate
POL002698,C01936,Motor,2024-05-20,2025-05-20,47820.0,1366300.0,Monthly,Expired,1,Medium,A0041,Agent
POL002699,C03113,Health,2024-06-28,2025-06-28,16320.0,300000.0,Annually,Expired,1,Medium,A0002,Agent
POL002700,C03758,Motor,2023-09-18,2024-09-17,46470.0,1562100.0,Annually,Expired,1,Low,A0071,Online
POL002701,C03013,Home,2024-01-20,2025-01-20,11240.0,6008200.0,Annually,Lapsed,1,Low,A0042,Corporate
POL002702,C01988,Health,2024-09-24,2026-09-24,15960.0,300000.0,Monthly,Active,2,Medium,A0016,Corporate
POL002703,C03874,Motor,2024-05-22,2025-05-22,5780.0,194400.0,Annually,Lapsed,1,Low,A0011,Referral
POL002704,C00276,Home,2023-01-13,2033-01-13,11040.0,5018700.0,Annually,Cancelled,10,Medium,A0058,Online
POL002705,C02635,Health,2023-10-07,2024-10-07,81640.0,1000000.0,Annually,Expired,1,High,A0007,Agent
POL002706,C02910,Travel,2024-05-15,2024-05-31,3750.0,367800.0,Annually,Expired,1,Low,A0001,Referral
POL002707,C03145,Travel,2025-09-09,2025-11-03,2170.0,212700.0,Annually,Expired,1,Low,A0001,Agent
POL002708,C01728,Health,2025-03-08,2026-03-08,32770.0,750000.0,Monthly,Active,1,Low,A0097,Online
POL002709,C00567,Motor,2025-01-17,2026-01-17,31230.0,892300.0,Monthly,Active,1,Medium,A0099,Agent
POL002710,C00626,Home,2023-01-21,2028-01-21,7690.0,3497700.0,Annually,Active,5,Medium,A0071,Agent
POL002711,C00621,Motor,2025-04-10,2026-04-10,21420.0,470700.0,Annually,Active,1,High,A0084,Agent
POL002712,C00979,Travel,2025-04-24,2025-06-13,1500.0,140300.0,Annually,Expired,1,Low,A0083,Corporate
POL002713,C00370,Health,2024-03-14,2025-03-14,60400.0,1000000.0,Monthly,Expired,1,Medium,A0084,Agent
POL002714,C02888,Life,2024-05-09,2044-05-09,34100.0,2241000.0,Annually,Active,20,Low,A0055,Agent
POL002715,C01117,Life,2023-02-14,2033-02-14,42490.0,2617400.0,Monthly,Active,10,Low,A0045,Online
POL002716,C03329,Travel,2025-01-21,2025-03-17,1500.0,82700.0,Annually,Expired,1,Low,A0061,Bancassurance
POL002717,C02449,Home,2023-09-15,2028-09-15,4170.0,2228600.0,Annually,Active,5,Low,A0052,Agent
POL002718,C00750,Home,2023-08-20,2028-08-20,8300.0,4440300.0,Annually,Active,5,Low,A0008,Online
POL002719,C00913,Health,2023-07-07,2025-07-07,23320.0,300000.0,Annually,Lapsed,2,High,A0054,Agent
POL002720,C04752,Health,2024-11-18,2026-11-18,24500.0,500000.0,Annually,Active,2,Medium,A0030,Agent
POL002721,C00678,Health,2025-05-30,2027-05-28,20600.0,500000.0,Annually,Active,2,Medium,A0056,Online
POL002722,C01941,Motor,2024-12-19,2025-12-19,61020.0,1341200.0,Annually,Expired,1,High,A0028,Agent
POL002723,C01337,Life,2023-09-30,2043-09-28,71200.0,4385800.0,Annually,Active,20,Low,A0089,Online
POL002724,C00396,Home,2023-03-28,2033-03-28,11880.0,5398000.0,Annually,Lapsed,10,Medium,A0033,Online
POL002725,C04721,Travel,2023-07-17,2023-08-02,5330.0,522300.0,Annually,Expired,1,Low,A0022,Agent
POL002726,C01928,Motor,2025-05-20,2026-05-20,34750.0,993000.0,Monthly,Active,1,Medium,A0021,Online
POL002727,C02677,Health,2023-07-12,2024-07-12,29600.0,500000.0,Monthly,Expired,1,Medium,A0044,Corporate
POL002728,C01249,Life,2024-03-06,2039-03-06,94270.0,4643600.0,Annually,Active,15,Medium,A0028,Corporate
POL002729,C00965,Health,2024-01-21,2027-01-21,14880.0,300000.0,Quarterly,Active,3,Medium,A0073,Referral
POL002730,C04464,Health,2023-11-12,2024-11-12,56800.0,1000000.0,Quarterly,Expired,1,Medium,A0092,Referral
POL002731,C01494,Motor,2023-09-22,2024-09-21,54300.0,1551300.0,Annually,Lapsed,1,Medium,A0007,Corporate
POL002732,C00491,Home,2023-05-24,2028-05-24,2960.0,1344500.0,Annually,Active,5,Medium,A0061,Agent
POL002733,C03631,Health,2024-08-25,2025-08-25,12190.0,300000.0,Annually,Expired,1,Low,A0097,Agent
POL002734,C00571,Health,2023-10-08,2025-10-08,27800.0,750000.0,Annually,Lapsed,2,Low,A0050,Agent
POL002735,C02786,Health,2024-10-13,2025-10-13,28560.0,750000.0,Quarterly,Expired,1,Low,A0070,Bancassurance
POL002736,C04899,Health,2023-08-05,2025-08-05,24200.0,500000.0,Monthly,Expired,2,Medium,A0066,Corporate
POL002737,C03826,Travel,2025-08-14,2025-10-09,1500.0,70200.0,Monthly,Expired,1,Medium,A0050,Bancassurance
POL002738,C00348,Health,2023-02-25,2024-02-25,20570.0,500000.0,Monthly,Expired,1,Low,A0054,Online
POL002739,C01971,Travel,2023-06-01,2023-07-28,2060.0,171300.0,Annually,Expired,1,Medium,A0020,Bancassurance
POL002740,C04789,Motor,2023-07-22,2024-07-21,45360.0,1296000.0,Annually,Expired,1,Medium,A0100,Online
POL002741,C04853,Motor,2023-06-15,2024-06-14,45510.0,1300300.0,Annually,Expired,1,Medium,A0044,Bancassurance
POL002742,C03043,Travel,2024-07-21,2024-08-19,9050.0,754000.0,Monthly,Expired,1,Medium,A0036,Bancassurance
POL002743,C01674,Health,2024-08-24,2025-08-24,62700.0,1500000.0,Annually,Lapsed,1,Medium,A0054,Online
POL002744,C03545,Health,2025-03-02,2028-03-02,53800.0,1000000.0,Monthly,Active,3,Medium,A0016,Agent
POL002745,C01874,Travel,2025-09-27,2025-10-06,3790.0,371500.0,Annually,Expired,1,Low,A0042,Agent
POL002746,C03265,Motor,2023-10-08,2024-10-07,24630.0,703600.0,Annually,Expired,1,Medium,A0076,Bancassurance
POL002747,C03337,Home,2024-11-13,2034-11-13,14920.0,7977800.0,Annually,Active,10,Low,A0056,Bancassurance
POL002748,C04459,Life,2025-03-08,2045-03-08,44070.0,2997000.0,Quarterly,Active,20,Low,A0007,Bancassurance
POL002749,C03461,Life,2025-06-12,2050-06-12,49750.0,3339000.0,Monthly,Active,25,Medium,A0091,Referral
POL002750,C04339,Travel,2024-09-12,2024-11-01,6790.0,665900.0,Annually,Expired,1,Low,A0025,Online
POL002751,C01648,Health,2025-07-06,2026-07-06,94400.0,2000000.0,Monthly,Active,1,Medium,A0067,Online
POL002752,C04831,Home,2024-02-07,2039-02-07,4200.0,1910700.0,Annually,Active,15,Medium,A0026,Agent
POL002753,C04740,Health,2023-11-08,2024-11-08,11420.0,300000.0,Annually,Expired,1,Low,A0090,Agent
POL002754,C02009,Motor,2023-11-18,2024-11-17,25890.0,739700.0,Annually,Expired,1,Medium,A0042,Referral
POL002755,C03685,Health,2025-04-30,2027-04-28,15420.0,300000.0,Annually,Active,2,Medium,A0025,Agent
POL002756,C01772,Health,2025-01-12,2026-01-12,13110.0,300000.0,Annually,Active,1,Low,A0076,Agent
POL002757,C01030,Motor,2024-07-27,2025-07-27,48320.0,1061900.0,Annually,Expired,1,High,A0057,Bancassurance
POL002758,C00132,Life,2024-09-03,2034-09-03,51060.0,3359000.0,Annually,Active,10,Medium,A0020,Agent
POL002759,C00030,Home,2025-07-25,2030-07-25,7900.0,3592200.0,Annually,Active,5,Medium,A0078,Bancassurance
POL002760,C00557,Health,2024-12-10,2026-12-10,18280.0,500000.0,Quarterly,Active,2,Low,A0071,Referral
POL002761,C00971,Health,2023-05-24,2024-05-24,19800.0,500000.0,Quarterly,Expired,1,Low,A0099,Bancassurance
POL002762,C02266,Health,2024-02-08,2025-02-08,111200.0,2000000.0,Monthly,Expired,1,Medium,A0089,Online
POL002763,C02744,Motor,2025-06-15,2026-06-15,40100.0,1145600.0,Annually,Active,1,Medium,A0010,Online
POL002764,C04774,Home,2024-02-29,2029-02-28,14660.0,7838600.0,Annually,Active,5,Low,A0020,Agent
POL002765,C04770,Travel,2023-11-12,2023-11-23,3630.0,355800.0,Annually,Expired,1,Low,A0051,Referral
POL002766,C00872,Health,2024-01-16,2027-01-16,23000.0,500000.0,Quarterly,Active,3,Medium,A0030,Online
POL002767,C03626,Life,2024-11-21,2054-11-21,72140.0,2774600.0,Quarterly,Active,30,Medium,A0021,Agent
POL002768,C02846,Motor,2024-09-01,2025-09-01,53020.0,1514800.0,Annually,Expired,1,Medium,A0016,Agent
POL002769,C00319,Motor,2024-02-07,2025-02-06,29910.0,854700.0,Annually,Expired,1,Medium,A0056,Corporate
POL002770,C01907,Travel,2023-08-14,2023-08-26,9940.0,974100.0,Monthly,Expired,1,Low,A0052,Agent
POL002771,C03941,Travel,2023-05-16,2023-05-21,8860.0,738400.0,Annually,Expired,1,Medium,A0024,Agent
POL002772,C02948,Motor,2025-02-16,2026-02-16,57120.0,1631900.0,Annually,Active,1,Medium,A0044,Agent
POL002773,C04639,Health,2023-11-21,2025-11-21,34680.0,750000.0,Annually,Expired,2,Low,A0020,Online
POL002774,C03421,Life,2025-06-05,2045-06-05,109790.0,4272000.0,Monthly,Active,20,Medium,A0001,Bancassurance
POL002775,C03736,Life,2024-01-24,2044-01-24,96890.0,5229000.0,Annually,Active,20,Low,A0047,Agent
POL002776,C03432,Home,2025-06-03,2030-06-03,12420.0,6640400.0,Annually,Active,5,Low,A0057,Bancassurance
POL002777,C00793,Motor,2025-08-28,2026-08-28,16390.0,468400.0,Annually,Active,1,Medium,A0087,Agent
POL002778,C02975,Health,2024-11-15,2025-11-15,23600.0,500000.0,Annually,Expired,1,Medium,A0100,Bancassurance
POL002779,C04726,Home,2024-10-18,2029-10-18,1780.0,951000.0,Annually,Active,5,Low,A0026,Corporate
POL002780,C04146,Life,2024-06-22,2044-06-22,21420.0,1206000.0,Annually,Active,20,Low,A0018,Bancassurance
POL002781,C01574,Motor,2025-06-18,2026-06-18,37010.0,1057500.0,Annually,Active,1,Medium,A0098,Bancassurance
POL002782,C01133,Home,2024-01-16,2025-01-16,15790.0,7175700.0,Annually,Expired,1,Medium,A0087,Corporate
POL002783,C01007,Home,2025-07-31,2040-07-28,14840.0,7938500.0,Annually,Active,15,Low,A0016,Agent
POL002784,C00958,Motor,2025-02-03,2026-02-03,10960.0,313100.0,Annually,Active,1,Medium,A0023,Bancassurance
POL002785,C03660,Motor,2025-08-05,2026-08-05,54640.0,1561100.0,Annually,Active,1,Medium,A0038,Online
POL002786,C01676,Home,2024-01-19,2039-01-19,3860.0,1755000.0,Annually,Active,15,Medium,A0020,Referral
POL002787,C00244,Motor,2023-11-08,2024-11-07,30060.0,858900.0,Monthly,Lapsed,1,Medium,A0082,Corporate
POL002788,C02764,Home,2024-09-05,2039-09-05,11180.0,5978600.0,Annually,Active,15,Low,A0018,Agent
POL002789,C02919,Motor,2024-03-26,2025-03-26,27380.0,782200.0,Annually,Expired,1,Medium,A0019,Agent
POL002790,C04692,Motor,2025-08-20,2026-08-20,8140.0,273500.0,Annually,Active,1,Low,A0001,Corporate
POL002791,C04425,Health,2024-11-25,2026-11-25,41250.0,750000.0,Monthly,Active,2,Medium,A0084,Online
POL002792,C00446,Motor,2023-01-01,2024-01-01,21710.0,620200.0,Annually,Expired,1,Medium,A0075,Agent
POL002793,C03599,Home,2024-04-09,2029-04-09,12510.0,6691500.0,Annually,Active,5,Low,A0022,Online
POL002794,C01461,Health,2024-12-13,2025-12-13,18530.0,500000.0,Monthly,Expired,1,Low,A0098,Agent
POL002795,C01638,Motor,2024-03-08,2025-03-08,15810.0,531500.0,Annually,Expired,1,Low,A0081,Agent
POL002796,C03639,Motor,2024-11-20,2025-11-20,42720.0,1220500.0,Annually,Lapsed,1,Medium,A0054,Agent
POL002797,C03658,Motor,2025-08-15,2026-08-15,12850.0,367200.0,Annually,Active,1,Medium,A0086,Corporate
POL002798,C03704,Home,2023-01-08,2038-01-08,13310.0,6049800.0,Monthly,Active,15,Medium,A0020,Online
POL002799,C02071,Travel,2023-06-13,2023-08-05,8810.0,863800.0,Annually,Expired,1,Low,A0088,Agent
POL002800,C03506,Health,2025-08-12,2026-08-12,33530.0,750000.0,Monthly,Active,1,Low,A0083,Referral
POL002801,C03595,Health,2023-05-05,2024-05-05,30000.0,750000.0,Annually,Expired,1,Medium,A0078,Online
POL002802,C03457,Life,2025-03-08,2055-03-08,51910.0,3008400.0,Monthly,Active,30,Low,A0024,Agent
POL002803,C02643,Motor,2023-04-21,2024-04-20,29050.0,829900.0,Annually,Expired,1,Medium,A0099,Bancassurance
POL002804,C02681,Motor,2023-10-23,2024-10-22,64100.0,1408800.0,Annually,Expired,1,High,A0013,Agent
POL002805,C00392,Motor,2025-04-28,2026-04-28,58960.0,1684600.0,Annually,Active,1,Medium,A0061,Agent
POL002806,C00849,Home,2024-09-24,2025-09-24,13770.0,7365000.0,Annually,Expired,1,Low,A0032,Agent
POL002807,C01327,Life,2023-10-02,2043-10-02,43690.0,2178000.0,Annually,Active,20,Low,A0073,Corporate
POL002808,C04281,Home,2023-07-02,2024-07-02,14630.0,6650400.0,Annually,Expired,1,Medium,A0050,Online
POL002809,C03024,Motor,2024-08-19,2025-08-19,46020.0,1314800.0,Annually,Expired,1,Medium,A0083,Bancassurance
POL002810,C03846,Motor,2025-06-27,2026-06-27,45790.0,1308300.0,Annually,Active,1,Medium,A0053,Online
POL002811,C02212,Life,2025-04-27,2045-04-27,35690.0,2259000.0,Annually,Active,20,Medium,A0021,Referral
POL002812,C04758,Travel,2023-10-15,2023-10-29,7040.0,689800.0,Annually,Lapsed,1,Low,A0085,Agent
POL002813,C03470,Motor,2023-12-10,2024-12-09,29680.0,847900.0,Monthly,Expired,1,Medium,A0027,Agent
POL002814,C04417,Health,2024-04-24,2026-04-24,19800.0,500000.0,Monthly,Active,2,Low,A0001,Corporate
POL002815,C01909,Home,2023-10-29,2028-10-28,10650.0,5694300.0,Annually,Active,5,Low,A0098,Agent
POL002816,C00388,Motor,2024-04-07,2025-04-07,25890.0,739700.0,Annually,Expired,1,Medium,A0081,Agent
POL002817,C03750,Home,2024-10-05,2025-10-05,8590.0,4592800.0,Monthly,Expired,1,Low,A0014,Agent
POL002818,C04735,Health,2023-10-13,2024-10-13,29300.0,500000.0,Quarterly,Expired,1,Medium,A0015,Agent
POL002819,C00008,Motor,2025-04-23,2026-04-23,34180.0,976500.0,Annually,Active,1,Medium,A0028,Online
POL002820,C02365,Travel,2025-05-06,2025-06-01,7280.0,606500.0,Annually,Expired,1,Medium,A0100,Bancassurance
POL002821,C02473,Health,2025-02-14,2026-02-14,14700.0,300000.0,Annually,Active,1,Medium,A0091,Corporate
POL002822,C00144,Life,2024-08-21,2039-08-21,48900.0,3154800.0,Quarterly,Active,15,Medium,A0075,Corporate
POL002823,C02204,Motor,2024-08-16,2025-08-16,72470.0,1592800.0,Annually,Lapsed,1,High,A0040,Agent
POL002824,C03759,Life,2023-06-19,2048-06-19,153960.0,8322000.0,Monthly,Lapsed,25,Medium,A0086,Corporate
POL002825,C02018,Health,2024-08-13,2025-08-13,15420.0,300000.0,Monthly,Expired,1,Medium,A0054,Agent
POL002826,C03606,Travel,2023-07-30,2023-09-12,5450.0,454300.0,Annually,Expired,1,Medium,A0051,Agent
POL002827,C04746,Travel,2023-07-08,2023-07-26,2890.0,240900.0,Monthly,Lapsed,1,Medium,A0045,Online
POL002828,C03459,Home,2024-11-22,2034-11-22,4060.0,2170900.0,Annually,Active,10,Low,A0019,Online
POL002829,C01335,Travel,2023-06-24,2023-07-23,5670.0,472300.0,Annually,Expired,1,Medium,A0080,Agent
POL002830,C01769,Motor,2024-03-24,2025-03-24,57560.0,1265100.0,Annually,Expired,1,High,A0054,Agent
POL002831,C00990,Motor,2024-12-09,2025-12-09,51870.0,1743400.0,Annually,Expired,1,Low,A0079,Agent
POL002832,C01608,Home,2024-12-21,2034-12-21,14080.0,7529000.0,Annually,Active,10,Low,A0099,Online
POL002833,C03031,Travel,2025-03-11,2025-04-20,11150.0,929100.0,Annually,Expired,1,Medium,A0065,Corporate
POL002834,C03785,Motor,2025-02-18,2026-02-18,60150.0,1718500.0,Annually,Active,1,Medium,A0001,Agent
POL002835,C03407,Health,2025-04-29,2027-04-28,39900.0,750000.0,Annually,Active,2,Medium,A0055,Bancassurance
POL002836,C04604,Health,2024-07-23,2025-07-23,26900.0,500000.0,Annually,Expired,1,Medium,A0075,Agent
POL002837,C00758,Motor,2023-07-02,2024-07-01,31090.0,888300.0,Annually,Expired,1,Medium,A0027,Agent
POL002838,C04138,Motor,2024-10-06,2025-10-06,26100.0,745800.0,Annually,Expired,1,Medium,A0076,Bancassurance
POL002839,C00634,Life,2023-01-30,2043-01-28,166100.0,8964000.0,Annually,Active,20,Low,A0097,Online
POL002840,C00026,Life,2024-01-01,2054-01-01,130290.0,5592000.0,Annually,Active,30,Medium,A0037,Agent
POL002841,C02965,Health,2025-04-24,2028-04-24,33600.0,750000.0,Monthly,Active,3,Medium,A0027,Agent
POL002842,C00876,Motor,2023-08-19,2024-08-18,29240.0,835500.0,Annually,Expired,1,Medium,A0057,Corporate
POL002843,C02152,Motor,2025-07-16,2026-07-16,17670.0,505000.0,Annually,Active,1,Medium,A0100,Agent
POL002844,C04089,Health,2025-04-22,2026-04-22,19800.0,500000.0,Monthly,Active,1,Low,A0048,Bancassurance
POL002845,C02330,Life,2025-09-16,2035-09-16,72360.0,3618000.0,Monthly,Active,10,Medium,A0053,Online
POL002846,C01613,Health,2023-03-29,2024-03-28,12340.0,300000.0,Annually,Lapsed,1,Low,A0089,Bancassurance
POL002847,C03742,Home,2025-06-29,2040-06-28,9460.0,5060200.0,Monthly,Active,15,Low,A0030,Corporate
POL002848,C03469,Health,2024-06-06,2025-06-06,43500.0,750000.0,Quarterly,Expired,1,Medium,A0083,Online
POL002849,C04459,Life,2025-05-10,2045-05-10,44070.0,2997000.0,Monthly,Active,20,Low,A0052,Bancassurance
POL002850,C02684,Motor,2023-08-09,2024-08-08,27330.0,780900.0,Annually,Expired,1,Medium,A0047,Agent
POL002851,C02330,Health,2025-05-05,2028-05-05,12500.0,300000.0,Annually,Active,3,Low,A0020,Online
POL002852,C00212,Health,2023-01-27,2024-01-27,30470.0,750000.0,Monthly,Expired,1,Low,A0037,Agent
POL002853,C02173,Motor,2023-09-09,2024-09-08,62510.0,1786100.0,Annually,Expired,1,Medium,A0097,Agent
POL002854,C01784,Life,2023-03-18,2038-03-18,38830.0,2469000.0,Annually,Active,15,Low,A0089,Referral
POL002855,C03259,Motor,2023-08-06,2024-08-05,52380.0,1496500.0,Annually,Expired,1,Medium,A0006,Corporate
POL002856,C00621,Health,2023-08-17,2026-08-17,40040.0,500000.0,Annually,Active,3,High,A0039,Agent
POL002857,C00262,Life,2024-09-01,2039-09-01,67520.0,3801000.0,Quarterly,Active,15,Low,A0067,Bancassurance
POL002858,C03990,Life,2025-04-06,2040-04-06,87330.0,4649000.0,Quarterly,Active,15,Low,A0026,Corporate
POL002859,C02247,Travel,2024-03-23,2024-04-19,7610.0,746500.0,Monthly,Expired,1,Low,A0040,Agent
POL002860,C02941,Motor,2024-07-15,2025-07-15,32190.0,919700.0,Annually,Expired,1,Medium,A0022,Bancassurance
POL002861,C03959,Motor,2023-11-26,2024-11-25,62570.0,1375100.0,Annually,Expired,1,High,A0080,Agent
POL002862,C02827,Home,2024-01-02,2029-01-02,14400.0,7700800.0,Annually,Active,5,Low,A0009,Corporate
POL002863,C02386,Home,2025-08-28,2040-08-28,14230.0,7608800.0,Annually,Active,15,Low,A0079,Agent
POL002864,C02398,Home,2025-06-08,2035-06-08,6170.0,2804500.0,Annually,Active,10,Medium,A0093,Online
POL002865,C00419,Health,2024-08-26,2026-08-26,24650.0,500000.0,Annually,Active,2,Low,A0065,Corporate
POL002866,C03929,Motor,2025-08-16,2026-08-16,20950.0,598600.0,Annually,Active,1,Medium,A0045,Agent
POL002867,C01477,Life,2025-08-07,2055-08-07,56570.0,3278300.0,Monthly,Active,30,Low,A0013,Bancassurance
POL002868,C01038,Life,2024-08-13,2034-08-13,53660.0,3213000.0,Annually,Active,10,Medium,A0011,Referral
POL002869,C04128,Life,2023-11-23,2033-11-23,29470.0,2060500.0,Monthly,Active,10,Medium,A0069,Agent
POL002870,C03270,Travel,2023-12-05,2024-01-29,3360.0,329600.0,Annually,Expired,1,Low,A0025,Online
POL002871,C00657,Health,2025-01-08,2028-01-08,53300.0,1500000.0,Annually,Active,3,Low,A0066,Online
POL002872,C03539,Health,2025-03-18,2027-03-18,47550.0,750000.0,Monthly,Active,2,Medium,A0056,Online
POL002873,C01179,Motor,2024-10-18,2025-10-18,24840.0,709900.0,Annually,Expired,1,Medium,A0013,Corporate
POL002874,C03682,Life,2024-12-08,2039-12-08,38330.0,2437800.0,Monthly,Active,15,Low,A0018,Agent
POL002875,C02319,Motor,2023-08-25,2024-08-24,61730.0,1763700.0,Monthly,Expired,1,Medium,A0014,Online
POL002876,C02227,Home,2023-04-24,2038-04-24,3600.0,1922900.0,Annually,Active,15,Low,A0073,Corporate
POL002877,C03715,Life,2024-05-18,2039-05-18,35870.0,2318700.0,Annually,Active,15,Low,A0057,Bancassurance
POL002878,C04342,Health,2023-07-27,2024-07-27,30900.0,750000.0,Monthly,Expired,1,Medium,A0027,Online
POL002879,C04402,Motor,2025-04-01,2026-04-01,28390.0,811100.0,Monthly,Active,1,Medium,A0072,Agent
POL002880,C03748,Life,2024-02-17,2039-02-17,70810.0,4103600.0,Annually,Active,15,Low,A0075,Online
POL002881,C01810,Motor,2024-12-11,2025-12-11,20700.0,455000.0,Annually,Expired,1,High,A0001,Online
POL002882,C04657,Home,2024-05-08,2025-05-08,13480.0,6129100.0,Monthly,Expired,1,Medium,A0074,Online
POL002883,C04771,Health,2023-02-22,2024-02-22,82280.0,2000000.0,Annually,Expired,1,Low,A0089,Online
POL002884,C04848,Home,2025-06-16,2026-06-16,13370.0,6079400.0,Annually,Active,1,Medium,A0035,Online
POL002885,C02196,Life,2023-05-13,2048-05-13,77780.0,3948000.0,Monthly,Active,25,Medium,A0056,Referral
POL002886,C03957,Life,2023-08-13,2043-08-13,80150.0,4554000.0,Monthly,Active,20,Medium,A0079,Agent
POL002887,C01100,Life,2024-07-15,2054-07-15,62710.0,4385400.0,Annually,Cancelled,30,Medium,A0021,Bancassurance
POL002888,C03116,Health,2025-01-15,2028-01-15,21080.0,500000.0,Annually,Active,3,Low,A0050,Corporate
POL002889,C01714,Health,2024-11-06,2025-11-06,34680.0,750000.0,Monthly,Lapsed,1,Low,A0030,Corporate
POL002890,C02249,Health,2023-02-14,2024-02-14,42160.0,1000000.0,Annually,Lapsed,1,Low,A0018,Corporate
POL002891,C00379,Motor,2023-12-05,2024-12-04,16160.0,461600.0,Annually,Expired,1,Medium,A0069,Bancassurance
POL002892,C04275,Travel,2024-10-05,2024-11-16,6920.0,678000.0,Annually,Expired,1,Low,A0078,Online
POL002893,C03938,Motor,2023-03-01,2024-02-29,37830.0,1080800.0,Annually,Expired,1,Medium,A0082,Agent
POL002894,C03818,Health,2023-11-27,2026-11-27,21800.0,500000.0,Annually,Lapsed,3,Medium,A0095,Agent
POL002895,C01622,Health,2024-07-01,2027-07-01,67830.0,1500000.0,Annually,Active,3,Low,A0004,Agent
POL002896,C04835,Home,2024-04-15,2029-04-15,13220.0,7069100.0,Annually,Cancelled,5,Low,A0040,Agent
POL002897,C02559,Health,2024-02-12,2025-02-12,14340.0,300000.0,Quarterly,Expired,1,Medium,A0067,Agent
POL002898,C02925,Motor,2025-01-02,2026-01-02,51110.0,1460400.0,Annually,Active,1,Medium,A0024,Agent
POL002899,C00526,Home,2023-11-19,2028-11-19,3950.0,1797400.0,Annually,Active,5,Medium,A0050,Agent
POL002900,C04198,Motor,2024-11-21,2025-11-21,54620.0,1560700.0,Annually,Expired,1,Medium,A0065,Agent
POL002901,C04971,Travel,2024-05-30,2024-06-19,1500.0,137800.0,Monthly,Expired,1,Low,A0088,Online
POL002902,C03287,Motor,2024-04-10,2025-04-10,22440.0,641300.0,Annually,Expired,1,Medium,A0026,Online
POL002903,C02566,Home,2025-03-27,2035-03-27,3910.0,2091300.0,Annually,Active,10,Low,A0089,Agent
POL002904,C04684,Life,2023-01-09,2033-01-09,70670.0,4644600.0,Monthly,Active,10,Low,A0067,Agent
POL002905,C00847,Home,2024-10-30,2039-10-28,11870.0,6345500.0,Monthly,Active,15,Low,A0088,Agent
POL002906,C00699,Health,2025-04-21,2026-04-21,21080.0,500000.0,Quarterly,Active,1,Low,A0080,Bancassurance
POL002907,C02671,Home,2024-03-08,2029-03-08,11280.0,5127500.0,Annually,Cancelled,5,Medium,A0080,Corporate
POL002908,C00128,Health,2024-05-07,2025-05-07,78200.0,2000000.0,Quarterly,Expired,1,Low,A0065,Online
POL002909,C00798,Motor,2024-11-04,2025-11-04,19810.0,566000.0,Annually,Expired,1,Medium,A0075,Corporate
POL002910,C02742,Motor,2025-09-20,2026-09-20,16460.0,470200.0,Monthly,Active,1,Medium,A0023,Bancassurance
POL002911,C02001,Life,2024-02-02,2034-02-02,34110.0,1834600.0,Monthly,Active,10,High,A0087,Online
POL002912,C01608,Motor,2025-06-14,2026-06-14,41860.0,1196000.0,Annually,Active,1,Medium,A0074,Agent
POL002913,C02329,Life,2023-03-03,2043-03-03,30590.0,1722000.0,Monthly,Active,20,Low,A0054,Agent
POL002914,C01975,Health,2024-12-27,2026-12-27,26000.0,500000.0,Monthly,Active,2,Medium,A0080,Corporate
POL002915,C01607,Motor,2023-01-13,2024-01-13,11210.0,246500.0,Annually,Lapsed,1,High,A0084,Agent
POL002916,C02435,Home,2023-11-17,2028-11-17,12950.0,6927400.0,Annually,Active,5,Low,A0098,Online
POL002917,C01073,Motor,2023-09-09,2024-09-08,68770.0,1511500.0,Annually,Expired,1,High,A0084,Online
POL002918,C03811,Home,2024-12-25,2034-12-25,5540.0,2516800.0,Annually,Active,10,Medium,A0098,Corporate
POL002919,C01320,Motor,2025-07-16,2026-07-16,66000.0,1450500.0,Annually,Active,1,High,A0005,Agent
POL002920,C04615,Health,2023-04-05,2024-04-05,22390.0,300000.0,Annually,Lapsed,1,High,A0072,Agent
POL002921,C00198,Motor,2023-04-29,2024-04-28,34660.0,761900.0,Annually,Expired,1,High,A0096,Online
POL002922,C03171,Health,2025-05-12,2027-05-12,23090.0,300000.0,Monthly,Active,2,High,A0082,Bancassurance
POL002923,C02340,Health,2023-07-10,2024-07-10,43000.0,1000000.0,Annually,Expired,1,Medium,A0080,Agent
POL002924,C03171,Health,2024-11-12,2025-11-12,38480.0,500000.0,Monthly,Expired,1,High,A0091,Agent
POL002925,C04776,Health,2023-10-16,2025-10-16,22350.0,500000.0,Annually,Lapsed,2,Low,A0097,Agent
POL002926,C01251,Health,2024-04-19,2025-04-19,23320.0,300000.0,Annually,Lapsed,1,High,A0067,Online
POL002927,C00216,Motor,2024-10-23,2025-10-23,24150.0,811900.0,Annually,Expired,1,Low,A0094,Agent
POL002928,C03922,Life,2024-03-11,2049-03-11,121380.0,6669000.0,Quarterly,Active,25,Medium,A0030,Online
POL002929,C02126,Motor,2024-02-12,2025-02-11,37630.0,1075300.0,Monthly,Lapsed,1,Medium,A0006,Bancassurance
POL002930,C01165,Motor,2023-08-31,2024-08-30,28860.0,634400.0,Monthly,Expired,1,High,A0030,Agent
POL002931,C04135,Travel,2024-01-04,2024-01-29,10570.0,880800.0,Annually,Expired,1,Medium,A0078,Bancassurance
POL002932,C01655,Health,2024-06-11,2026-06-11,41600.0,500000.0,Annually,Active,2,High,A0096,Agent
POL002933,C03157,Life,2023-08-01,2038-08-01,73510.0,4260000.0,Monthly,Active,15,Low,A0072,Bancassurance
POL002934,C00574,Home,2023-06-17,2038-06-17,13170.0,7040100.0,Annually,Active,15,Low,A0080,Agent
POL002935,C01438,Motor,2024-09-20,2025-09-20,51410.0,1468900.0,Annually,Expired,1,Medium,A0055,Bancassurance
POL002936,C03643,Health,2024-03-06,2027-03-06,13110.0,300000.0,Quarterly,Active,3,Low,A0004,Online
POL002937,C00592,Motor,2024-10-25,2025-10-25,42770.0,1437500.0,Annually,Expired,1,Low,A0056,Corporate
POL002938,C04134,Life,2023-10-11,2048-10-11,125040.0,5232000.0,Annually,Active,25,Medium,A0011,Bancassurance
POL002939,C03488,Motor,2025-04-23,2026-04-23,34180.0,976500.0,Monthly,Active,1,Medium,A0008,Agent
POL002940,C01419,Home,2024-06-10,2029-06-10,9850.0,5267300.0,Annually,Active,5,Low,A0068,Online
POL002941,C01628,Life,2023-11-22,2043-11-22,92890.0,4788000.0,Monthly,Active,20,Medium,A0042,Agent
POL002942,C02373,Motor,2023-10-08,2024-10-07,44990.0,1285300.0,Annually,Expired,1,Medium,A0075,Online
POL002943,C04307,Motor,2024-11-02,2025-11-02,36270.0,1036300.0,Annually,Expired,1,Medium,A0001,Online
POL002944,C04023,Motor,2023-02-11,2024-02-11,48470.0,1384800.0,Annually,Expired,1,Medium,A0006,Bancassurance
POL002945,C01751,Motor,2023-05-11,2024-05-10,11930.0,341000.0,Annually,Lapsed,1,Medium,A0036,Agent
POL002946,C00828,Life,2023-08-03,2043-08-03,68580.0,3650600.0,Monthly,Active,20,Low,A0007,Bancassurance
POL002947,C01564,Motor,2024-01-30,2025-01-29,7990.0,228400.0,Annually,Lapsed,1,Medium,A0032,Agent
POL002948,C00636,Health,2024-10-28,2025-10-28,32770.0,750000.0,Monthly,Expired,1,Low,A0035,Online
POL002949,C01326,Home,2025-02-24,2035-02-24,13370.0,6078500.0,Annually,Active,10,Medium,A0027,Agent
POL002950,C00729,Life,2025-08-14,2040-08-14,84740.0,4278600.0,Monthly,Active,15,Low,A0074,Online
POL002951,C00693,Life,2024-06-25,2034-06-25,35440.0,2478000.0,Quarterly,Active,10,Medium,A0039,Referral
POL002952,C04274,Life,2025-07-27,2045-07-27,102450.0,5364000.0,Monthly,Active,20,Medium,A0040,Agent
POL002953,C03713,Motor,2024-10-28,2025-10-28,19280.0,551000.0,Annually,Expired,1,Medium,A0061,Online
POL002954,C02900,Motor,2023-07-26,2024-07-25,9020.0,257800.0,Annually,Expired,1,Medium,A0056,Agent
POL002955,C01398,Health,2024-01-26,2025-01-26,22860.0,500000.0,Monthly,Lapsed,1,Low,A0033,Corporate
POL002956,C03469,Home,2025-06-04,2035-06-04,1870.0,1000200.0,Annually,Active,10,Low,A0083,Online
POL002957,C01286,Life,2024-04-16,2034-04-16,34910.0,2373700.0,Quarterly,Cancelled,10,Low,A0075,Corporate
POL002958,C02915,Home,2024-08-06,2039-08-06,17030.0,7742500.0,Monthly,Active,15,Medium,A0011,Agent
POL002959,C03850,Health,2025-05-04,2027-05-04,13440.0,300000.0,Annually,Active,2,Medium,A0006,Online
POL002960,C03937,Home,2023-05-12,2038-05-12,2940.0,1570200.0,Monthly,Active,15,Low,A0076,Agent
POL002961,C02464,Motor,2025-08-31,2026-08-31,67290.0,1479000.0,Annually,Active,1,High,A0043,Corporate
POL002962,C03265,Life,2025-09-18,2035-09-18,149180.0,8163000.0,Monthly,Cancelled,10,Low,A0017,Agent
POL002963,C03518,Travel,2024-04-21,2024-05-21,2760.0,270100.0,Annually,Expired,1,Low,A0100,Bancassurance
POL002964,C01791,Life,2023-08-24,2038-08-24,92350.0,4617500.0,Annually,Active,15,Medium,A0055,Online
POL002965,C00453,Motor,2023-01-31,2024-01-31,28310.0,951500.0,Monthly,Expired,1,Low,A0100,Agent
POL002966,C02999,Health,2025-04-23,2026-04-23,70800.0,1500000.0,Quarterly,Active,1,Medium,A0042,Agent
POL002967,C02669,Motor,2025-01-21,2026-01-21,19830.0,566500.0,Monthly,Lapsed,1,Medium,A0061,Bancassurance
POL002968,C00505,Health,2024-09-24,2027-09-24,45220.0,1000000.0,Monthly,Active,3,Low,A0057,Online
POL002969,C01678,Motor,2023-10-27,2024-10-26,40640.0,1365900.0,Annually,Expired,1,Low,A0075,Online
POL002970,C04033,Life,2023-06-27,2043-06-27,85520.0,4092000.0,Monthly,Active,20,Medium,A0087,Corporate
POL002971,C04296,Health,2025-08-29,2026-08-28,31620.0,750000.0,Annually,Active,1,Low,A0067,Agent
POL002972,C01545,Health,2024-10-03,2025-10-03,19550.0,500000.0,Monthly,Expired,1,Low,A0071,Corporate
POL002973,C02230,Travel,2024-03-24,2024-04-10,8350.0,696100.0,Annually,Expired,1,Medium,A0040,Corporate
POL002974,C04307,Motor,2025-09-16,2026-09-16,18330.0,523800.0,Annually,Active,1,Medium,A0046,Agent
POL002975,C03686,Life,2024-05-13,2039-05-13,146520.0,6630000.0,Annually,Active,15,Medium,A0077,Agent
POL002976,C03034,Health,2023-06-01,2024-06-01,24350.0,750000.0,Annually,Expired,1,Low,A0074,Online
POL002977,C04152,Home,2023-10-14,2028-10-14,5910.0,3160700.0,Annually,Active,5,Low,A0066,Agent
POL002978,C03390,Home,2024-06-28,2025-06-28,13190.0,5993800.0,Annually,Expired,1,Medium,A0037,Agent
POL002979,C02207,Home,2023-07-20,2028-07-20,11680.0,6248600.0,Annually,Active,5,Low,A0081,Agent
POL002980,C03918,Health,2025-03-22,2027-03-22,21330.0,500000.0,Quarterly,Active,2,Low,A0072,Corporate
POL002981,C01237,Motor,2024-04-04,2025-04-04,53020.0,1514800.0,Annually,Expired,1,Medium,A0009,Online
POL002982,C02179,Home,2025-09-08,2030-09-08,6000.0,3207700.0,Annually,Active,5,Low,A0073,Online
POL002983,C04228,Life,2024-01-10,2054-01-10,91530.0,4443000.0,Annually,Active,30,Medium,A0007,Agent
POL002984,C03614,Life,2024-07-09,2049-07-09,44880.0,2601000.0,Annually,Active,25,Low,A0100,Referral
POL002985,C03809,Motor,2025-05-17,2026-05-17,11230.0,320800.0,Monthly,Active,1,Medium,A0047,Agent
POL002986,C03902,Home,2025-05-07,2035-05-07,8090.0,4325800.0,Annually,Lapsed,10,Low,A0089,Agent
POL002987,C04845,Motor,2024-11-10,2025-11-10,51860.0,1139800.0,Annually,Expired,1,High,A0010,Bancassurance
POL002988,C01724,Motor,2024-06-12,2025-06-12,33880.0,968100.0,Annually,Expired,1,Medium,A0067,Bancassurance
POL002989,C03000,Motor,2024-06-24,2025-06-24,18140.0,518400.0,Annually,Expired,1,Medium,A0022,Online
POL002990,C04206,Home,2025-03-10,2026-03-10,7550.0,4035600.0,Annually,Active,1,Low,A0021,Online
POL002991,C01753,Home,2024-09-17,2034-09-17,3970.0,1806500.0,Annually,Active,10,Medium,A0028,Corporate
POL002992,C02053,Motor,2024-07-05,2025-07-05,13660.0,390200.0,Annually,Expired,1,Medium,A0070,Online
POL002993,C01590,Home,2023-10-13,2033-10-13,12230.0,6541200.0,Annually,Active,10,Low,A0091,Corporate
POL002994,C04825,Motor,2025-08-27,2026-08-27,31290.0,1051900.0,Annually,Active,1,Low,A0032,Online
POL002995,C03226,Motor,2024-06-22,2025-06-22,25600.0,731500.0,Annually,Expired,1,Medium,A0031,Agent
POL002996,C01632,Health,2024-07-13,2027-07-13,42600.0,750000.0,Annually,Active,3,Medium,A0084,Agent
POL002997,C03161,Life,2023-02-28,2048-02-28,319030.0,11001000.0,Monthly,Active,25,Medium,A0052,Agent
POL002998,C02067,Travel,2025-04-23,2025-05-10,2810.0,275000.0,Annually,Expired,1,Low,A0077,Online
POL002999,C00208,Life,2023-10-12,2038-10-12,75810.0,4207100.0,Monthly,Active,15,Low,A0022,Agent
POL003000,C03176,Motor,2024-05-16,2025-05-16,24070.0,687700.0,Annually,Lapsed,1,Medium,A0096,Referral
POL003001,C01291,Life,2024-08-12,2039-08-12,100670.0,6201000.0,Annually,Active,15,Low,A0099,Agent
POL003002,C02733,Life,2023-03-21,2033-03-21,29900.0,2145000.0,Monthly,Active,10,Low,A0026,Agent
POL003003,C01053,Home,2023-10-10,2038-10-10,13400.0,7167600.0,Annually,Active,15,Low,A0007,Agent
POL003004,C02653,Motor,2025-08-15,2026-08-15,15870.0,533400.0,Annually,Active,1,Low,A0069,Agent
POL003005,C02854,Home,2023-02-10,2033-02-10,6240.0,3337700.0,Annually,Active,10,Low,A0054,Online
POL003006,C01812,Motor,2024-12-16,2025-12-16,8400.0,239900.0,Annually,Expired,1,Medium,A0015,Agent
POL003007,C00658,Life,2025-02-14,2050-02-14,223510.0,14448000.0,Annually,Active,25,Low,A0010,Agent
POL003008,C02172,Health,2024-10-12,2027-10-12,28650.0,750000.0,Monthly,Active,3,Medium,A0044,Referral
POL003009,C00778,Home,2024-01-21,2034-01-21,13110.0,7010500.0,Annually,Lapsed,10,Low,A0033,Referral
POL003010,C03109,Health,2025-09-26,2026-09-26,11730.0,300000.0,Monthly,Active,1,Low,A0057,Agent
POL003011,C04567,Life,2025-07-22,2035-07-22,280260.0,11301000.0,Monthly,Active,10,Medium,A0013,Agent
POL003012,C01043,Travel,2023-09-13,2023-10-03,1850.0,181600.0,Annually,Expired,1,Low,A0023,Agent
POL003013,C00367,Life,2025-02-24,2035-02-24,32530.0,1885400.0,Monthly,Active,10,Low,A0047,Online
POL003014,C00367,Home,2025-03-26,2026-03-26,10510.0,5622100.0,Annually,Active,1,Low,A0018,Online
POL003015,C02339,Home,2025-06-03,2030-06-03,14810.0,7917500.0,Annually,Active,5,Low,A0006,Online
POL003016,C04835,Life,2023-12-29,2038-12-28,64210.0,3117000.0,Annually,Active,15,Medium,A0068,Referral
POL003017,C03120,Motor,2025-01-10,2026-01-10,27800.0,934300.0,Annually,Active,1,Low,A0069,Online
POL003018,C00630,Home,2024-02-11,2029-02-11,6990.0,3735600.0,Annually,Active,5,Low,A0017,Corporate
POL003019,C04194,Travel,2023-08-23,2023-10-04,6310.0,618600.0,Annually,Expired,1,Low,A0011,Online
POL003020,C01010,Life,2025-07-20,2045-07-20,46710.0,2592000.0,Annually,Active,20,Low,A0074,Agent
POL003021,C01294,Health,2023-10-01,2025-10-01,38080.0,1000000.0,Monthly,Lapsed,2,Low,A0008,Bancassurance
POL003022,C00249,Health,2025-03-17,2026-03-17,28560.0,750000.0,Annually,Active,1,Low,A0075,Online
POL003023,C04478,Life,2025-05-28,2040-05-28,141730.0,5580000.0,Monthly,Active,15,Medium,A0057,Bancassurance
POL003024,C03268,Motor,2024-04-01,2025-04-01,10870.0,310600.0,Monthly,Expired,1,Medium,A0055,Agent
POL003025,C04425,Home,2024-07-17,2029-07-17,9220.0,4930500.0,Annually,Active,5,Low,A0085,Agent
POL003026,C03529,Travel,2023-06-25,2023-08-12,6910.0,677100.0,Annually,Expired,1,Low,A0022,Bancassurance
POL003027,C02993,Health,2024-07-15,2026-07-15,153920.0,2000000.0,Quarterly,Active,2,High,A0009,Online
POL003028,C02708,Motor,2023-08-30,2024-08-29,49260.0,1407400.0,Annually,Lapsed,1,Medium,A0013,Agent
POL003029,C01832,Motor,2023-08-15,2024-08-14,28160.0,804600.0,Annually,Lapsed,1,Medium,A0051,Agent
POL003030,C00137,Health,2024-01-29,2026-01-28,28180.0,750000.0,Monthly,Active,2,Low,A0017,Agent
POL003031,C01699,Health,2023-11-11,2024-11-11,29000.0,500000.0,Annually,Expired,1,Medium,A0092,Online
POL003032,C02275,Health,2024-12-04,2025-12-04,29320.0,750000.0,Monthly,Expired,1,Low,A0098,Agent
POL003033,C04806,Home,2024-12-25,2034-12-25,9190.0,4913400.0,Annually,Active,10,Low,A0100,Bancassurance
POL003034,C01705,Health,2023-04-05,2025-04-05,40350.0,750000.0,Monthly,Lapsed,2,Medium,A0084,Online
POL003035,C03644,Motor,2025-06-12,2026-06-12,46760.0,1336000.0,Annually,Active,1,Medium,A0074,Agent
POL003036,C04602,Motor,2025-07-11,2026-07-11,11650.0,332900.0,Annually,Active,1,Medium,A0035,Agent
POL003037,C01977,Health,2023-01-22,2024-01-22,28180.0,750000.0,Annually,Expired,1,Low,A0011,Agent
POL003038,C03616,Motor,2023-01-30,2024-01-30,24640.0,828200.0,Annually,Expired,1,Low,A0069,Online
POL003039,C02808,Life,2024-06-09,2049-06-09,82040.0,4685300.0,Monthly,Active,25,Low,A0083,Referral
POL003040,C04941,Life,2023-10-18,2043-10-18,82260.0,4446600.0,Annually,Active,20,Medium,A0098,Agent
POL003041,C00876,Motor,2023-12-25,2024-12-24,21980.0,628000.0,Annually,Expired,1,Medium,A0087,Online
POL003042,C04376,Motor,2024-12-22,2025-12-22,32870.0,939000.0,Annually,Expired,1,Medium,A0087,Online
POL003043,C03961,Travel,2024-09-13,2024-10-06,3680.0,306700.0,Annually,Expired,1,Medium,A0070,Corporate
POL003044,C00895,Health,2024-11-11,2026-11-11,77740.0,1000000.0,Quarterly,Active,2,High,A0081,Bancassurance
POL003045,C00628,Motor,2023-10-02,2024-10-01,43770.0,1250700.0,Annually,Expired,1,Medium,A0097,Agent
POL003046,C00300,Health,2023-10-09,2025-10-09,44200.0,1000000.0,Annually,Expired,2,Low,A0045,Bancassurance
POL003047,C02458,Life,2024-10-12,2034-10-12,95340.0,4767000.0,Quarterly,Active,10,Medium,A0014,Agent
POL003048,C00236,Motor,2025-07-25,2026-07-25,13550.0,455500.0,Annually,Active,1,Low,A0001,Agent
POL003049,C00636,Health,2024-08-10,2027-08-10,77100.0,1500000.0,Annually,Active,3,Medium,A0033,Online
POL003050,C00448,Life,2025-05-31,2045-05-28,55700.0,3378000.0,Annually,Active,20,Low,A0076,Agent
POL003051,C04245,Health,2025-09-29,2026-09-28,29550.0,750000.0,Annually,Active,1,Medium,A0026,Agent
POL003052,C03558,Home,2025-04-04,2030-04-04,1950.0,884800.0,Annually,Active,5,Medium,A0088,Corporate
POL003053,C02660,Travel,2025-01-14,2025-01-28,6950.0,579400.0,Annually,Expired,1,Medium,A0016,Online
POL003054,C03894,Motor,2025-07-13,2026-07-13,20680.0,590800.0,Annually,Active,1,Medium,A0087,Online
POL003055,C02290,Health,2024-07-08,2026-07-08,31700.0,500000.0,Annually,Active,2,Medium,A0038,Agent
POL003056,C02484,Home,2023-10-16,2033-10-16,3550.0,1611500.0,Annually,Active,10,Medium,A0082,Bancassurance
POL003057,C04982,Motor,2023-03-09,2024-03-08,7180.0,205200.0,Annually,Lapsed,1,Medium,A0028,Online
POL003058,C01749,Motor,2025-07-10,2026-07-10,33360.0,733100.0,Annually,Active,1,High,A0022,Agent
POL003059,C01659,Health,2025-04-30,2028-04-28,22100.0,500000.0,Annually,Active,3,Low,A0007,Agent
POL003060,C01900,Life,2024-04-25,2044-04-25,48450.0,3238700.0,Annually,Active,20,Low,A0071,Referral
POL003061,C01212,Health,2023-08-09,2025-08-09,40040.0,500000.0,Monthly,Expired,2,High,A0087,Agent
POL003062,C00942,Motor,2023-05-24,2024-05-23,16220.0,356500.0,Monthly,Lapsed,1,High,A0006,Online
POL003063,C01938,Health,2025-09-21,2027-09-21,16500.0,300000.0,Monthly,Active,2,Medium,A0061,Bancassurance
POL003064,C04364,Health,2023-03-17,2025-03-17,11280.0,300000.0,Annually,Expired,2,Medium,A0076,Agent
POL003065,C02204,Home,2024-11-14,2025-11-14,16750.0,7612200.0,Monthly,Lapsed,1,Medium,A0016,Bancassurance
POL003066,C03057,Motor,2023-06-30,2024-06-29,38130.0,1089400.0,Annually,Expired,1,Medium,A0065,Agent
POL003067,C03872,Motor,2024-11-02,2025-11-02,57400.0,1639900.0,Annually,Expired,1,Medium,A0011,Bancassurance
POL003068,C04930,Life,2024-02-28,2049-02-28,63980.0,3453000.0,Monthly,Active,25,Low,A0007,Agent
POL003069,C04006,Health,2023-05-10,2024-05-10,14700.0,300000.0,Monthly,Expired,1,Medium,A0007,Online
POL003070,C00832,Home,2025-04-17,2035-04-17,11980.0,4189300.0,Annually,Lapsed,10,High,A0074,Online
POL003071,C03875,Life,2024-09-13,2039-09-13,259900.0,14280000.0,Monthly,Active,15,Medium,A0067,Online
POL003072,C04383,Motor,2024-02-22,2025-02-21,42150.0,1416700.0,Annually,Expired,1,Low,A0071,Agent
POL003073,C02909,Life,2024-12-10,2039-12-10,119520.0,5265000.0,Monthly,Active,15,Medium,A0073,Online
POL003074,C04485,Life,2024-09-06,2054-09-06,101290.0,6411000.0,Annually,Lapsed,30,Medium,A0024,Agent
POL003075,C00098,Health,2024-03-30,2027-03-28,22610.0,500000.0,Annually,Lapsed,3,Low,A0092,Agent
POL003076,C02695,Home,2025-04-02,2030-04-02,5750.0,3074600.0,Monthly,Active,5,Low,A0018,Bancassurance
POL003077,C04827,Health,2023-08-06,2024-08-06,19400.0,500000.0,Monthly,Expired,1,Medium,A0091,Agent
POL003078,C03973,Life,2023-02-17,2048-02-17,88440.0,4645200.0,Annually,Active,25,Low,A0083,Bancassurance
POL003079,C02361,Life,2024-05-06,2044-05-06,26150.0,1611000.0,Annually,Active,20,Low,A0035,Bancassurance
POL003080,C02926,Travel,2024-10-17,2024-12-12,6650.0,554400.0,Monthly,Lapsed,1,Medium,A0052,Agent
POL003081,C04352,Motor,2024-01-06,2025-01-05,31600.0,902800.0,Annually,Expired,1,Medium,A0085,Corporate
POL003082,C03031,Home,2025-03-20,2040-03-20,10230.0,4649900.0,Annually,Active,15,Medium,A0053,Online
POL003083,C04871,Health,2024-02-19,2025-02-19,24200.0,500000.0,Monthly,Expired,1,Medium,A0006,Online
POL003084,C01126,Home,2025-03-10,2030-03-10,8900.0,4047500.0,Annually,Active,5,Medium,A0057,Agent
POL003085,C00507,Motor,2023-08-24,2024-08-23,24350.0,695800.0,Monthly,Expired,1,Medium,A0043,Agent
POL003086,C03404,Life,2025-01-28,2040-01-28,249350.0,11283000.0,Annually,Active,15,Medium,A0053,Bancassurance
POL003087,C02795,Travel,2025-07-06,2025-08-26,8080.0,673300.0,Annually,Expired,1,Medium,A0039,Agent
POL003088,C00796,Travel,2025-04-04,2025-05-03,7980.0,664800.0,Annually,Expired,1,Medium,A0077,Agent
POL003089,C03652,Life,2025-02-22,2055-02-22,61270.0,3261500.0,Monthly,Active,30,Low,A0046,Agent
POL003090,C04068,Motor,2023-07-29,2024-07-28,36060.0,1030400.0,Annually,Expired,1,Medium,A0040,Agent
POL003091,C00804,Life,2023-08-30,2048-08-28,265910.0,10722000.0,Quarterly,Active,25,Medium,A0051,Online
POL003092,C03038,Life,2024-02-22,2049-02-22,55450.0,2874000.0,Monthly,Active,25,Low,A0010,Referral
POL003093,C01497,Health,2023-11-02,2024-11-02,19040.0,500000.0,Annually,Expired,1,Low,A0054,Agent
POL003094,C01082,Life,2023-11-02,2033-11-02,57950.0,2817000.0,Annually,Active,10,Low,A0055,Agent
POL003095,C02783,Life,2023-01-31,2033-01-28,32100.0,1605000.0,Annually,Active,10,Medium,A0065,Corporate
POL003096,C04681,Home,2023-01-21,2033-01-21,3120.0,1668800.0,Annually,Active,10,Low,A0065,Online
POL003097,C03128,Life,2023-05-17,2048-05-17,120270.0,5673000.0,Annually,Active,25,Medium,A0042,Online
POL003098,C03712,Health,2024-07-09,2025-07-09,53200.0,1000000.0,Monthly,Expired,1,Medium,A0032,Agent
POL003099,C04934,Motor,2023-08-20,2024-08-19,5640.0,161200.0,Annually,Expired,1,Medium,A0089,Online
POL003100,C02211,Home,2025-06-20,2030-06-20,6290.0,3365900.0,Annually,Active,5,Low,A0006,Online
POL003101,C02134,Health,2024-03-30,2027-03-28,32000.0,500000.0,Annually,Active,3,Medium,A0050,Online
POL003102,C01888,Health,2023-10-08,2026-10-08,17760.0,300000.0,Monthly,Active,3,Medium,A0031,Bancassurance
POL003103,C04496,Health,2024-12-03,2027-12-03,75300.0,1500000.0,Annually,Active,3,Medium,A0009,Agent
POL003104,C04687,Life,2025-05-18,2045-05-18,70710.0,4038000.0,Annually,Active,20,Low,A0015,Online
POL003105,C02805,Life,2023-10-04,2048-10-04,43990.0,2373700.0,Quarterly,Active,25,Low,A0024,Corporate
POL003106,C04205,Health,2024-12-21,2025-12-21,23560.0,300000.0,Monthly,Lapsed,1,High,A0066,Agent
POL003107,C01972,Health,2023-12-29,2024-12-28,26900.0,500000.0,Monthly,Expired,1,Medium,A0015,Bancassurance
POL003108,C00445,Life,2023-07-16,2038-07-16,98060.0,4437000.0,Monthly,Active,15,Medium,A0033,Agent
POL003109,C00709,Health,2024-03-13,2025-03-13,26900.0,500000.0,Annually,Expired,1,Medium,A0022,Agent
POL003110,C00212,Life,2025-03-06,2045-03-06,81470.0,4199500.0,Annually,Active,20,Medium,A0061,Online
POL003111,C02491,Health,2023-05-07,2024-05-07,19700.0,500000.0,Annually,Expired,1,Medium,A0036,Agent
POL003112,C01244,Motor,2023-04-22,2024-04-21,18900.0,540100.0,Annually,Expired,1,Medium,A0013,Agent
POL003113,C02356,Health,2025-04-02,2027-04-02,38100.0,750000.0,Annually,Lapsed,2,Medium,A0037,Agent
POL003114,C00003,Motor,2023-05-05,2024-05-04,39200.0,1119900.0,Monthly,Expired,1,Medium,A0080,Online
POL003115,C04285,Life,2023-12-28,2048-12-28,114580.0,4620000.0,Annually,Active,25,Medium,A0097,Agent
POL003116,C00346,Home,2025-08-28,2035-08-28,4530.0,2057300.0,Annually,Active,10,Medium,A0035,Bancassurance
POL003117,C03820,Health,2024-04-26,2026-04-26,44710.0,1000000.0,Annually,Active,2,Low,A0040,Bancassurance
POL003118,C02719,Life,2025-08-20,2040-08-20,58340.0,3771400.0,Monthly,Active,15,Low,A0055,Online
POL003119,C01668,Health,2023-11-17,2024-11-17,58600.0,1000000.0,Annually,Expired,1,Medium,A0083,Corporate
POL003120,C03151,Health,2024-06-06,2025-06-06,18660.0,300000.0,Annually,Expired,1,Medium,A0043,Online
POL003121,C04290,Life,2023-06-05,2038-06-05,22140.0,1548000.0,Quarterly,Active,15,Medium,A0068,Online
POL003122,C00702,Home,2023-06-02,2024-06-02,9090.0,4861700.0,Annually,Expired,1,Low,A0016,Online
POL003123,C02781,Life,2025-01-06,2045-01-06,123500.0,6366000.0,Annually,Active,20,Medium,A0025,Bancassurance
POL003124,C00654,Travel,2024-02-23,2024-04-04,5870.0,575600.0,Annually,Expired,1,Low,A0100,Agent
POL003125,C01174,Motor,2024-11-11,2025-11-11,37100.0,1060100.0,Monthly,Expired,1,Medium,A0059,Online
POL003126,C03953,Health,2023-07-10,2024-07-10,12650.0,300000.0,Monthly,Expired,1,Low,A0027,Corporate
POL003127,C03768,Life,2024-08-26,2049-08-26,71630.0,3636000.0,Quarterly,Active,25,Medium,A0074,Corporate
POL003128,C00373,Life,2025-07-24,2045-07-24,28270.0,1824000.0,Annually,Active,20,Medium,A0078,Agent
POL003129,C04692,Life,2023-05-10,2048-05-10,61480.0,3318000.0,Quarterly,Active,25,Low,A0080,Online
POL003130,C00172,Motor,2024-12-22,2025-12-22,37860.0,1081700.0,Annually,Expired,1,Medium,A0068,Agent
POL003131,C02819,Health,2023-09-11,2024-09-11,11420.0,300000.0,Annually,Expired,1,Low,A0042,Agent
POL003132,C00511,Motor,2024-09-29,2025-09-29,38770.0,1107700.0,Monthly,Expired,1,Medium,A0005,Agent
POL003133,C03976,Life,2025-04-20,2050-04-20,50060.0,3526600.0,Monthly,Active,25,Low,A0020,Online
POL003134,C00049,Life,2023-08-30,2048-08-28,70020.0,3666000.0,Annually,Active,25,Medium,A0018,Agent
POL003135,C02892,Motor,2023-08-31,2024-08-30,24420.0,697700.0,Annually,Expired,1,Medium,A0027,Online
POL003136,C03671,Health,2024-02-08,2025-02-08,26260.0,750000.0,Annually,Expired,1,Low,A0067,Bancassurance
POL003137,C01031,Health,2023-12-19,2024-12-19,29100.0,750000.0,Quarterly,Expired,1,Medium,A0067,Agent
POL003138,C04925,Health,2023-06-28,2024-06-28,31800.0,750000.0,Annually,Lapsed,1,Medium,A0029,Agent
POL003139,C00381,Health,2023-06-30,2026-06-28,13570.0,300000.0,Annually,Active,3,Low,A0044,Agent
POL003140,C01825,Health,2025-09-09,2027-09-09,122460.0,1500000.0,Monthly,Active,2,High,A0052,Bancassurance
POL003141,C02799,Motor,2023-09-24,2024-09-23,35310.0,1008900.0,Annually,Expired,1,Medium,A0021,Agent
POL003142,C00857,Health,2023-10-09,2025-10-09,21800.0,500000.0,Annually,Expired,2,Medium,A0064,Online
POL003143,C02691,Home,2025-04-25,2030-04-25,6530.0,3492200.0,Annually,Active,5,Low,A0079,Referral
POL003144,C00145,Home,2024-01-30,2025-01-28,15900.0,7228700.0,Annually,Expired,1,Medium,A0016,Referral
POL003145,C04808,Home,2023-09-15,2038-09-15,6170.0,2803100.0,Annually,Active,15,Medium,A0099,Bancassurance
POL003146,C04878,Life,2024-09-11,2044-09-11,64480.0,3342000.0,Quarterly,Active,20,Low,A0032,Online
POL003147,C01589,Motor,2024-09-25,2025-09-25,32380.0,925200.0,Monthly,Lapsed,1,Medium,A0074,Online
POL003148,C00167,Life,2024-11-15,2034-11-15,30340.0,1920000.0,Annually,Active,10,Medium,A0047,Online
POL003149,C03038,Health,2025-08-27,2026-08-27,23120.0,500000.0,Annually,Lapsed,1,Low,A0079,Online
POL003150,C01083,Health,2024-11-08,2026-11-08,45400.0,1000000.0,Annually,Active,2,Medium,A0094,Online
POL003151,C04307,Home,2025-08-17,2035-08-17,11820.0,5370500.0,Annually,Active,10,Medium,A0056,Bancassurance
POL003152,C04500,Home,2024-01-26,2025-01-26,13340.0,7134800.0,Annually,Expired,1,Low,A0024,Agent
POL003153,C02201,Travel,2024-02-01,2024-02-13,3100.0,304400.0,Monthly,Expired,1,Low,A0009,Online
POL003154,C01747,Home,2024-05-31,2029-05-28,5210.0,2786600.0,Annually,Active,5,Low,A0078,Corporate
POL003155,C04836,Motor,2023-07-16,2024-07-15,11500.0,328500.0,Annually,Lapsed,1,Medium,A0044,Agent
POL003156,C01702,Life,2024-06-21,2044-06-21,162610.0,5913000.0,Annually,Active,20,Medium,A0066,Bancassurance
POL003157,C01047,Motor,2023-10-18,2024-10-17,7680.0,219500.0,Annually,Expired,1,Medium,A0004,Agent
POL003158,C02471,Travel,2024-04-08,2024-06-02,11240.0,936700.0,Annually,Expired,1,Medium,A0009,Bancassurance
POL003159,C03369,Health,2023-09-30,2024-09-28,21200.0,500000.0,Annually,Expired,1,Medium,A0078,Corporate
POL003160,C03611,Life,2023-07-12,2043-07-12,53230.0,3749700.0,Quarterly,Active,20,Low,A0090,Agent
POL003161,C01612,Health,2025-04-23,2026-04-23,17940.0,300000.0,Annually,Active,1,Medium,A0067,Agent
POL003162,C02072,Motor,2025-02-19,2026-02-19,37680.0,1076700.0,Monthly,Active,1,Medium,A0004,Online
POL003163,C00699,Health,2025-04-17,2026-04-17,42160.0,1000000.0,Annually,Lapsed,1,Low,A0004,Online
POL003164,C03776,Home,2023-07-19,2033-07-19,13770.0,7363000.0,Annually,Lapsed,10,Low,A0084,Online
POL003165,C04485,Health,2023-04-01,2024-04-01,12180.0,300000.0,Monthly,Expired,1,Medium,A0066,Agent
POL003166,C03232,Health,2024-04-22,2027-04-22,34680.0,750000.0,Annually,Active,3,Low,A0013,Online
POL003167,C02280,Home,2024-08-07,2034-08-07,10080.0,5391700.0,Annually,Active,10,Low,A0010,Online
POL003168,C04715,Life,2023-07-31,2043-07-28,61970.0,3645100.0,Annually,Active,20,Low,A0026,Online
POL003169,C01999,Travel,2025-04-09,2025-05-31,7530.0,738700.0,Annually,Expired,1,Low,A0094,Corporate
POL003170,C04490,Health,2023-07-23,2026-07-23,80080.0,1000000.0,Annually,Active,3,High,A0094,Corporate
POL003171,C04131,Home,2025-03-30,2040-03-28,11780.0,5356700.0,Annually,Active,15,Medium,A0007,Agent
POL003172,C00662,Motor,2023-07-13,2024-07-12,62130.0,1775100.0,Annually,Expired,1,Medium,A0039,Agent
POL003173,C02890,Life,2024-01-17,2034-01-17,234430.0,13320000.0,Annually,Lapsed,10,Medium,A0072,Online
POL003174,C00025,Health,2025-09-27,2026-09-27,67200.0,1500000.0,Annually,Active,1,Medium,A0076,Bancassurance
POL003175,C02861,Health,2025-07-19,2026-07-19,23300.0,500000.0,Monthly,Active,1,Medium,A0069,Online
POL003176,C03285,Health,2025-01-04,2026-01-04,46600.0,1000000.0,Monthly,Active,1,Medium,A0002,Agent
POL003177,C03969,Life,2024-10-08,2039-10-08,61280.0,4112900.0,Monthly,Active,15,Medium,A0099,Online
POL003178,C00734,Home,2023-10-30,2028-10-28,13920.0,6329200.0,Monthly,Lapsed,5,Medium,A0079,Bancassurance
POL003179,C04691,Health,2025-08-20,2028-08-20,26650.0,750000.0,Monthly,Active,3,Low,A0017,Corporate
POL003180,C03618,Health,2024-04-05,2026-04-05,13570.0,300000.0,Annually,Active,2,Low,A0006,Online
POL003181,C03047,Health,2023-06-06,2026-06-06,43690.0,1000000.0,Quarterly,Active,3,Low,A0081,Corporate
POL003182,C04529,Travel,2025-07-05,2025-08-20,8570.0,714000.0,Annually,Expired,1,Medium,A0064,Online
POL003183,C00236,Life,2024-01-30,2044-01-28,84450.0,4495500.0,Monthly,Active,20,Low,A0092,Agent
POL003184,C04181,Life,2025-05-26,2040-05-26,67370.0,4284000.0,Annually,Active,15,Low,A0017,Agent
POL003185,C04001,Life,2025-08-30,2050-08-28,48020.0,2703000.0,Annually,Active,25,Low,A0055,Online
POL003186,C02835,Home,2023-03-10,2024-03-10,13230.0,6013500.0,Annually,Expired,1,Medium,A0069,Referral
POL003187,C04038,Motor,2024-05-23,2025-05-23,31800.0,908600.0,Annually,Expired,1,Medium,A0002,Bancassurance
POL003188,C00637,Travel,2024-08-18,2024-08-23,1500.0,76200.0,Monthly,Lapsed,1,Medium,A0021,Bancassurance
POL003189,C04117,Motor,2024-05-16,2025-05-16,59860.0,1710400.0,Monthly,Expired,1,Medium,A0088,Agent
POL003190,C02076,Home,2024-03-22,2034-03-22,2650.0,1418600.0,Monthly,Active,10,Low,A0092,Agent
POL003191,C04386,Life,2024-12-29,2044-12-28,68330.0,3637300.0,Monthly,Active,20,Low,A0084,Online
POL003192,C01845,Health,2024-10-09,2026-10-09,42160.0,1000000.0,Quarterly,Active,2,Low,A0053,Online
POL003193,C03629,Life,2023-11-24,2043-11-24,22990.0,1608000.0,Annually,Active,20,Medium,A0019,Online
POL003194,C00250,Life,2024-08-18,2034-08-18,56440.0,2850000.0,Annually,Active,10,Low,A0046,Referral
POL003195,C03843,Travel,2024-08-31,2024-09-19,10470.0,872200.0,Annually,Expired,1,Medium,A0077,Bancassurance
POL003196,C00257,Travel,2025-03-18,2025-05-02,4400.0,430900.0,Annually,Expired,1,Low,A0053,Agent
POL003197,C03879,Travel,2023-02-19,2023-03-05,4800.0,470100.0,Annually,Expired,1,Low,A0047,Agent
POL003198,C03514,Life,2025-04-01,2040-04-01,99810.0,4124400.0,Annually,Active,15,Medium,A0006,Agent
POL003199,C02434,Motor,2023-12-28,2024-12-27,57510.0,1643100.0,Monthly,Expired,1,Medium,A0041,Bancassurance
POL003200,C02166,Life,2023-08-01,2043-08-01,44590.0,1887000.0,Quarterly,Active,20,Low,A0073,Online
POL003201,C03835,Motor,2023-07-03,2024-07-02,31340.0,895500.0,Annually,Expired,1,Medium,A0020,Agent
POL003202,C02128,Motor,2025-07-11,2026-07-11,28160.0,619000.0,Annually,Active,1,High,A0037,Corporate
POL003203,C03468,Motor,2023-04-19,2024-04-18,31850.0,910000.0,Annually,Lapsed,1,Medium,A0065,Agent
POL003204,C00085,Life,2024-07-16,2049-07-16,65750.0,3453000.0,Quarterly,Lapsed,25,Low,A0010,Agent
POL003205,C00665,Life,2023-12-06,2043-12-06,27130.0,1946000.0,Annually,Lapsed,20,Low,A0056,Online
POL003206,C02476,Motor,2023-01-31,2024-01-31,33220.0,1116700.0,Annually,Expired,1,Low,A0055,Online
POL003207,C00565,Life,2023-01-15,2038-01-15,56350.0,2450000.0,Monthly,Active,15,Medium,A0036,Corporate
POL003208,C04129,Motor,2024-12-21,2025-12-21,28120.0,803500.0,Annually,Expired,1,Medium,A0007,Online
POL003209,C02860,Health,2024-04-07,2025-04-07,21500.0,500000.0,Monthly,Lapsed,1,Medium,A0011,Online
POL003210,C01761,Home,2024-11-09,2029-11-09,5330.0,2421000.0,Monthly,Active,5,Medium,A0080,Corporate
POL003211,C03914,Motor,2025-05-04,2026-05-04,56980.0,1628000.0,Annually,Cancelled,1,Medium,A0031,Online
POL003212,C01456,Motor,2024-07-29,2025-07-29,54360.0,1194700.0,Annually,Expired,1,High,A0010,Online
POL003213,C00875,Health,2024-03-31,2025-03-28,35400.0,750000.0,Monthly,Lapsed,1,Medium,A0089,Online
POL003214,C02843,Motor,2025-05-08,2026-05-08,17890.0,511000.0,Annually,Active,1,Medium,A0072,Agent
POL003215,C00148,Health,2025-09-26,2027-09-26,12650.0,300000.0,Monthly,Active,2,Low,A0042,Online
POL003216,C03631,Motor,2024-03-11,2025-03-11,20280.0,579500.0,Monthly,Expired,1,Medium,A0015,Agent
POL003217,C04612,Health,2023-03-09,2026-03-09,40120.0,1000000.0,Annually,Active,3,Low,A0076,Agent
POL003218,C01711,Health,2023-04-03,2025-04-03,22350.0,500000.0,Annually,Expired,2,Low,A0075,Agent
POL003219,C04752,Travel,2024-05-26,2024-07-20,2850.0,237300.0,Annually,Expired,1,Medium,A0043,Online
POL003220,C03560,Home,2024-12-09,2034-12-09,15920.0,7236000.0,Annually,Active,10,Medium,A0083,Online
POL003221,C04074,Health,2025-02-05,2026-02-05,74620.0,1000000.0,Annually,Active,1,High,A0052,Agent
POL003222,C00907,Home,2023-08-30,2038-08-28,14570.0,6623700.0,Monthly,Active,15,Medium,A0055,Online
POL003223,C02812,Travel,2023-03-31,2023-04-26,2110.0,175700.0,Annually,Expired,1,Medium,A0089,Bancassurance
POL003224,C01641,Travel,2023-05-31,2023-06-10,10060.0,838700.0,Annually,Expired,1,Medium,A0028,Online
POL003225,C04528,Health,2025-09-02,2028-09-02,39610.0,1000000.0,Annually,Lapsed,3,Low,A0061,Online
POL003226,C00581,Travel,2024-08-16,2024-10-10,6890.0,675600.0,Annually,Expired,1,Low,A0007,Online
POL003227,C00261,Home,2025-08-05,2035-08-05,12230.0,6539900.0,Annually,Active,10,Low,A0091,Online
POL003228,C02485,Health,2024-04-27,2026-04-27,31100.0,500000.0,Annually,Active,2,Medium,A0081,Agent
POL003229,C03760,Health,2025-04-26,2026-04-26,42150.0,750000.0,Annually,Active,1,Medium,A0070,Bancassurance
POL003230,C04765,Health,2023-05-22,2025-05-22,32000.0,750000.0,Quarterly,Lapsed,2,Low,A0011,Online
POL003231,C04089,Health,2023-06-19,2026-06-19,19800.0,500000.0,Annually,Active,3,Low,A0071,Online
POL003232,C01645,Motor,2023-06-14,2024-06-13,39560.0,1130300.0,Annually,Lapsed,1,Medium,A0042,Corporate
POL003233,C02511,Travel,2024-12-15,2025-01-08,2470.0,242500.0,Annually,Expired,1,Low,A0040,Agent
POL003234,C01535,Health,2023-11-12,2025-11-12,60940.0,1500000.0,Monthly,Expired,2,Low,A0053,Agent
POL003235,C04963,Life,2023-10-09,2043-10-09,77050.0,3852600.0,Monthly,Active,20,Medium,A0002,Referral
POL003236,C03182,Health,2025-06-09,2026-06-09,33150.0,750000.0,Annually,Active,1,Low,A0071,Agent
POL003237,C01452,Health,2025-08-03,2027-08-03,77600.0,2000000.0,Monthly,Active,2,Medium,A0026,Referral
POL003238,C03316,Travel,2024-12-29,2025-01-15,8060.0,790100.0,Annually,Expired,1,Low,A0040,Agent
POL003239,C04732,Motor,2024-04-30,2025-04-30,60580.0,1730800.0,Annually,Expired,1,Medium,A0004,Agent
POL003240,C01610,Life,2025-08-31,2040-08-28,302910.0,13170000.0,Quarterly,Active,15,Medium,A0087,Agent
POL003241,C03024,Motor,2024-10-12,2025-10-12,30780.0,879400.0,Annually,Expired,1,Medium,A0056,Referral
POL003242,C00909,Travel,2024-12-18,2025-01-17,1500.0,139600.0,Monthly,Expired,1,Low,A0096,Referral
POL003243,C03880,Motor,2025-04-14,2026-04-14,22810.0,651800.0,Annually,Active,1,Medium,A0086,Online
POL003244,C02132,Motor,2023-10-25,2024-10-24,36050.0,792400.0,Annually,Expired,1,High,A0085,Agent
POL003245,C03395,Life,2024-12-17,2044-12-17,117330.0,5382000.0,Annually,Active,20,Medium,A0082,Online
POL003246,C02649,Health,2023-06-11,2024-06-11,47770.0,1000000.0,Annually,Expired,1,Low,A0016,Agent
POL003247,C02489,Motor,2024-11-16,2025-11-16,36680.0,806100.0,Monthly,Expired,1,High,A0073,Agent
POL003248,C00845,Motor,2025-05-26,2026-05-26,60460.0,1727400.0,Annually,Active,1,Medium,A0033,Online
POL003249,C02694,Home,2024-07-21,2025-07-21,5010.0,2279500.0,Annually,Lapsed,1,Medium,A0020,Bancassurance
POL003250,C03237,Life,2023-10-26,2048-10-26,49440.0,3546500.0,Monthly,Active,25,Low,A0065,Bancassurance
POL003251,C00779,Motor,2025-09-12,2026-09-12,26130.0,746700.0,Annually,Active,1,Medium,A0066,Agent
POL003252,C02964,Life,2023-08-14,2038-08-14,108130.0,6144000.0,Monthly,Cancelled,15,Medium,A0031,Bancassurance
POL003253,C00053,Travel,2025-07-22,2025-09-16,1810.0,177800.0,Annually,Expired,1,Low,A0079,Online
POL003254,C02069,Motor,2024-07-11,2025-07-11,8280.0,236500.0,Annually,Expired,1,Medium,A0001,Online
POL003255,C02459,Motor,2025-07-20,2026-07-20,17050.0,487200.0,Annually,Active,1,Medium,A0055,Agent
POL003256,C03061,Travel,2024-10-05,2024-11-28,4960.0,413100.0,Annually,Lapsed,1,Medium,A0084,Bancassurance
POL003257,C00026,Health,2025-04-20,2027-04-20,111200.0,2000000.0,Monthly,Active,2,Medium,A0078,Corporate
POL003258,C04811,Life,2023-05-16,2048-05-16,108830.0,6291000.0,Annually,Active,25,Medium,A0005,Bancassurance
POL003259,C00554,Health,2024-06-13,2026-06-13,31240.0,750000.0,Quarterly,Active,2,Low,A0072,Agent
POL003260,C00647,Health,2023-12-24,2024-12-24,91460.0,2000000.0,Annually,Lapsed,1,Low,A0006,Agent
POL003261,C02860,Health,2024-09-01,2027-09-01,43000.0,1000000.0,Annually,Active,3,Medium,A0008,Agent
POL003262,C01170,Health,2025-07-04,2027-07-04,14160.0,300000.0,Monthly,Active,2,Medium,A0100,Agent
POL003263,C03563,Health,2024-09-01,2025-09-01,11640.0,300000.0,Monthly,Expired,1,Medium,A0086,Bancassurance
POL003264,C03357,Life,2024-01-17,2054-01-17,132990.0,4836000.0,Annually,Active,30,Medium,A0072,Agent
POL003265,C00305,Travel,2024-09-20,2024-10-18,4850.0,475000.0,Annually,Expired,1,Low,A0008,Online
POL003266,C01535,Life,2023-11-13,2038-11-13,55360.0,3357000.0,Monthly,Active,15,Low,A0084,Agent
POL003267,C00865,Health,2024-11-18,2026-11-18,97580.0,2000000.0,Quarterly,Active,2,Low,A0014,Agent
POL003268,C02732,Life,2025-09-07,2055-09-07,81670.0,4664100.0,Monthly,Active,30,Low,A0023,Agent
POL003269,C03799,Motor,2025-03-11,2026-03-11,39010.0,1114600.0,Annually,Active,1,Medium,A0037,Agent
POL003270,C00588,Travel,2024-09-02,2024-10-03,2870.0,239100.0,Monthly,Expired,1,Medium,A0053,Agent
POL003271,C03409,Health,2025-03-26,2027-03-26,60640.0,750000.0,Monthly,Active,2,High,A0039,Agent
POL003272,C04746,Health,2023-10-05,2024-10-05,28100.0,500000.0,Monthly,Expired,1,Medium,A0051,Bancassurance
POL003273,C04959,Life,2023-01-26,2033-01-26,53000.0,2860100.0,Annually,Active,10,Low,A0050,Online
POL003274,C00884,Motor,2024-11-01,2025-11-01,53460.0,1527400.0,Annually,Expired,1,Medium,A0041,Agent
POL003275,C00088,Travel,2025-07-14,2025-08-20,2250.0,220600.0,Monthly,Expired,1,Low,A0077,Online
POL003276,C03333,Health,2023-04-25,2026-04-25,49600.0,1000000.0,Annually,Active,3,Medium,A0022,Bancassurance
POL003277,C03627,Motor,2023-01-15,2024-01-15,11690.0,334000.0,Annually,Expired,1,Medium,A0069,Bancassurance
POL003278,C04181,Travel,2025-02-21,2025-03-24,1930.0,188900.0,Annually,Expired,1,Low,A0020,Online
POL003279,C01527,Travel,2024-08-08,2024-09-19,10120.0,992200.0,Annually,Expired,1,Low,A0008,Corporate
POL003280,C00158,Motor,2024-09-05,2025-09-05,16330.0,466700.0,Annually,Expired,1,Medium,A0039,Online
POL003281,C04462,Travel,2025-03-02,2025-04-05,6750.0,662100.0,Annually,Expired,1,Low,A0025,Online
POL003282,C03336,Motor,2025-06-24,2026-06-24,23210.0,663100.0,Annually,Active,1,Medium,A0019,Online
POL003283,C00709,Motor,2025-07-16,2026-07-16,13310.0,447400.0,Annually,Active,1,Low,A0077,Bancassurance
POL003284,C04555,Life,2023-05-10,2038-05-10,37180.0,1902000.0,Monthly,Active,15,Low,A0008,Online
POL003285,C02405,Motor,2025-07-31,2026-07-31,15790.0,451000.0,Monthly,Active,1,Medium,A0081,Agent
POL003286,C03747,Health,2024-04-22,2025-04-22,41800.0,1000000.0,Annually,Expired,1,Medium,A0025,Bancassurance
POL003287,C00854,Life,2023-03-23,2048-03-23,88090.0,4041000.0,Quarterly,Active,25,Medium,A0053,Bancassurance
POL003288,C00794,Life,2023-12-24,2043-12-24,59160.0,3237000.0,Monthly,Active,20,Low,A0053,Online
POL003289,C03657,Motor,2024-11-11,2025-11-11,28110.0,803100.0,Annually,Expired,1,Medium,A0038,Referral
POL003290,C02459,Motor,2024-12-28,2025-12-28,51600.0,1474200.0,Annually,Expired,1,Medium,A0066,Referral
POL003291,C00880,Home,2023-02-28,2038-02-28,6560.0,2982900.0,Annually,Active,15,Medium,A0019,Online
POL003292,C00115,Motor,2025-03-11,2026-03-11,42330.0,1209300.0,Annually,Active,1,Medium,A0057,Agent
POL003293,C01629,Life,2024-03-02,2049-03-02,67380.0,4086100.0,Quarterly,Active,25,Low,A0046,Agent
POL003294,C03100,Motor,2024-02-23,2025-02-22,10780.0,308100.0,Annually,Expired,1,Medium,A0065,Agent
POL003295,C03296,Health,2024-03-05,2025-03-05,30000.0,750000.0,Annually,Expired,1,Medium,A0078,Online
POL003296,C03021,Travel,2023-02-26,2023-04-25,8940.0,876800.0,Annually,Lapsed,1,Low,A0021,Agent
POL003297,C01627,Motor,2024-07-24,2025-07-24,50890.0,1118500.0,Annually,Lapsed,1,High,A0018,Online
POL003298,C01361,Health,2023-07-05,2024-07-05,22400.0,500000.0,Annually,Expired,1,Medium,A0018,Online
POL003299,C02186,Health,2024-11-10,2026-11-10,10810.0,300000.0,Monthly,Active,2,Low,A0074,Online
POL003300,C00504,Motor,2024-06-22,2025-06-22,10040.0,286900.0,Annually,Expired,1,Medium,A0052,Agent
POL003301,C01201,Health,2023-06-13,2024-06-13,58600.0,1000000.0,Annually,Lapsed,1,Medium,A0080,Corporate
POL003302,C02190,Home,2024-08-12,2039-08-12,14930.0,6788600.0,Annually,Active,15,Medium,A0008,Online
POL003303,C00241,Motor,2024-07-20,2025-07-20,50760.0,1450200.0,Monthly,Expired,1,Medium,A0074,Agent
POL003304,C01134,Motor,2024-04-10,2025-04-10,38000.0,1085800.0,Annually,Expired,1,Medium,A0015,Agent
POL003305,C01036,Health,2023-04-27,2024-04-27,27800.0,500000.0,Annually,Expired,1,Medium,A0015,Corporate
POL003306,C04279,Home,2024-11-19,2039-11-19,12780.0,6832200.0,Annually,Active,15,Low,A0031,Referral
POL003307,C00023,Health,2024-04-04,2026-04-04,64740.0,750000.0,Monthly,Active,2,High,A0085,Agent
POL003308,C00246,Home,2024-09-09,2034-09-09,9020.0,4824300.0,Annually,Active,10,Low,A0016,Agent
POL003309,C01810,Motor,2024-02-26,2025-02-25,33470.0,735700.0,Annually,Lapsed,1,High,A0020,Agent
POL003310,C03161,Motor,2025-07-24,2026-07-24,31740.0,697600.0,Annually,Active,1,High,A0014,Online
POL003311,C04122,Life,2023-02-28,2048-02-28,109010.0,4618900.0,Annually,Active,25,Medium,A0041,Agent
POL003312,C04286,Life,2024-01-04,2039-01-04,116590.0,4239600.0,Monthly,Active,15,Medium,A0021,Online
POL003313,C01284,Motor,2024-08-12,2025-08-12,42660.0,1219000.0,Annually,Expired,1,Medium,A0092,Agent
POL003314,C02215,Health,2023-11-11,2024-11-11,35060.0,750000.0,Annually,Expired,1,Low,A0004,Bancassurance
POL003315,C03852,Health,2024-08-25,2025-08-25,42600.0,750000.0,Annually,Lapsed,1,Medium,A0006,Bancassurance
POL003316,C03327,Home,2024-10-11,2025-10-11,8160.0,4365900.0,Monthly,Expired,1,Low,A0024,Corporate
POL003317,C00900,Health,2024-08-16,2026-08-16,18800.0,500000.0,Monthly,Active,2,Medium,A0056,Corporate
POL003318,C01026,Motor,2023-12-01,2024-11-30,30010.0,857500.0,Annually,Expired,1,Medium,A0008,Corporate
POL003319,C02220,Life,2023-09-17,2043-09-17,134320.0,6696000.0,Annually,Active,20,Low,A0004,Online
POL003320,C02155,Health,2024-08-28,2026-08-28,40000.0,1000000.0,Annually,Active,2,Medium,A0050,Online
POL003321,C03488,Life,2023-02-01,2033-02-01,97980.0,4899000.0,Quarterly,Active,10,Medium,A0053,Agent
POL003322,C01475,Life,2024-07-30,2039-07-28,151190.0,7260000.0,Annually,Lapsed,15,Low,A0004,Online
POL003323,C03710,Health,2023-10-29,2025-10-28,41140.0,1000000.0,Quarterly,Expired,2,Low,A0041,Referral
POL003324,C03361,Motor,2024-02-02,2025-02-01,31450.0,898600.0,Annually,Expired,1,Medium,A0064,Online
POL003325,C03725,Travel,2025-05-14,2025-05-26,1500.0,106500.0,Annually,Expired,1,Medium,A0087,Online
POL003326,C01541,Home,2023-09-16,2028-09-16,4880.0,2218700.0,Annually,Active,5,Medium,A0040,Agent
POL003327,C01472,Home,2023-03-20,2028-03-20,8470.0,4530300.0,Annually,Active,5,Low,A0030,Referral
POL003328,C01667,Motor,2025-03-25,2026-03-25,20320.0,580700.0,Annually,Active,1,Medium,A0096,Corporate
POL003329,C01076,Health,2023-05-24,2025-05-24,69000.0,1500000.0,Annually,Lapsed,2,Medium,A0006,Agent
POL003330,C04702,Motor,2024-07-26,2025-07-26,30970.0,884700.0,Monthly,Expired,1,Medium,A0081,Bancassurance
POL003331,C01504,Motor,2024-06-17,2025-06-17,32550.0,930100.0,Annually,Expired,1,Medium,A0047,Agent
POL003332,C01145,Health,2024-06-07,2025-06-07,112400.0,2000000.0,Monthly,Expired,1,Medium,A0051,Corporate
POL003333,C02217,Motor,2023-06-15,2024-06-14,19350.0,552800.0,Monthly,Expired,1,Medium,A0037,Corporate
POL003334,C04866,Travel,2023-07-20,2023-08-06,5170.0,430600.0,Annually,Expired,1,Medium,A0021,Bancassurance
POL003335,C00062,Health,2024-07-23,2026-07-23,19700.0,500000.0,Annually,Active,2,Medium,A0016,Agent
POL003336,C03047,Home,2024-05-24,2034-05-24,9760.0,4437700.0,Annually,Active,10,Medium,A0024,Bancassurance
POL003337,C02839,Home,2025-01-30,2030-01-28,8670.0,3942700.0,Annually,Active,5,Medium,A0064,Referral
POL003338,C00155,Motor,2023-07-31,2024-07-30,5470.0,156400.0,Monthly,Lapsed,1,Medium,A0099,Online
POL003339,C02657,Health,2024-04-27,2025-04-27,32770.0,750000.0,Monthly,Expired,1,Low,A0085,Corporate
POL003340,C00345,Health,2023-03-03,2026-03-03,19800.0,500000.0,Monthly,Active,3,Low,A0077,Bancassurance
POL003341,C02666,Health,2023-06-17,2025-06-17,22610.0,500000.0,Quarterly,Lapsed,2,Low,A0035,Agent
POL003342,C03470,Travel,2024-12-01,2025-01-25,1510.0,147900.0,Annually,Expired,1,Low,A0045,Online
POL003343,C02255,Health,2025-01-15,2027-01-15,18780.0,500000.0,Monthly,Lapsed,2,Low,A0075,Online
POL003344,C01175,Motor,2023-11-23,2024-11-22,25090.0,717000.0,Annually,Lapsed,1,Medium,A0074,Corporate
POL003345,C00640,Home,2024-07-04,2029-07-04,9310.0,4233700.0,Annually,Active,5,Medium,A0035,Online
POL003346,C04930,Motor,2023-08-07,2024-08-06,20930.0,598100.0,Annually,Expired,1,Medium,A0065,Bancassurance
POL003347,C01502,Travel,2024-09-11,2024-10-25,8860.0,868300.0,Annually,Expired,1,Low,A0017,Bancassurance
POL003348,C04696,Motor,2023-11-30,2024-11-29,17020.0,486200.0,Annually,Expired,1,Medium,A0075,Agent
POL003349,C01436,Life,2024-07-27,2039-07-27,65080.0,3828000.0,Monthly,Active,15,Low,A0090,Agent
POL003350,C02352,Motor,2024-07-05,2025-07-05,38590.0,1102500.0,Annually,Expired,1,Medium,A0067,Bancassurance
POL003351,C02999,Home,2023-07-19,2038-07-19,6880.0,3679100.0,Annually,Active,15,Low,A0077,Agent
POL003352,C04516,Life,2024-08-12,2049-08-12,143770.0,5868000.0,Annually,Active,25,Medium,A0064,Agent
POL003353,C04743,Life,2023-09-25,2043-09-25,88720.0,3666100.0,Annually,Active,20,Medium,A0065,Agent
POL003354,C01003,Health,2025-06-04,2027-06-04,67830.0,1500000.0,Quarterly,Active,2,Low,A0041,Referral
POL003355,C03459,Motor,2025-01-11,2026-01-11,34380.0,982200.0,Annually,Active,1,Medium,A0065,Agent
POL003356,C03175,Health,2023-12-26,2024-12-26,18120.0,300000.0,Quarterly,Expired,1,Medium,A0075,Agent
POL003357,C01867,Health,2025-01-25,2026-01-25,75300.0,1500000.0,Quarterly,Active,1,Medium,A0020,Online
POL003358,C04490,Life,2025-03-24,2040-03-24,36680.0,1394500.0,Annually,Active,15,Medium,A0089,Agent
POL003359,C02177,Health,2024-02-19,2025-02-19,40800.0,750000.0,Annually,Expired,1,Medium,A0056,Online
POL003360,C01103,Health,2024-01-24,2027-01-24,49000.0,1000000.0,Monthly,Active,3,Medium,A0002,Corporate
POL003361,C04530,Motor,2025-09-22,2026-09-22,38950.0,856100.0,Annually,Active,1,High,A0014,Agent
POL003362,C02052,Life,2023-06-02,2043-06-02,33630.0,2352000.0,Annually,Active,20,Medium,A0019,Online
POL003363,C01554,Life,2024-08-15,2039-08-15,63020.0,2541000.0,Annually,Active,15,Medium,A0024,Online
POL003364,C04754,Health,2023-11-02,2025-11-02,61000.0,1000000.0,Monthly,Expired,2,Medium,A0070,Online
POL003365,C00503,Motor,2024-12-29,2025-12-29,79240.0,1741500.0,Annually,Expired,1,High,A0011,Agent
POL003366,C02431,Life,2024-03-04,2049-03-04,68340.0,3495700.0,Annually,Active,25,Low,A0031,Referral
POL003367,C00626,Life,2024-05-30,2039-05-28,82570.0,3213000.0,Monthly,Active,15,Medium,A0074,Agent
POL003368,C01443,Health,2025-05-27,2028-05-27,12720.0,300000.0,Quarterly,Active,3,Medium,A0082,Agent
POL003369,C02564,Home,2023-11-01,2033-11-01,8550.0,4572400.0,Annually,Lapsed,10,Low,A0090,Referral
POL003370,C04361,Life,2023-02-03,2043-02-03,49310.0,2625000.0,Monthly,Active,20,Low,A0038,Agent
POL003371,C02474,Motor,2025-06-14,2026-06-14,6440.0,184100.0,Annually,Active,1,Medium,A0088,Online
POL003372,C01631,Life,2025-08-15,2035-08-15,44750.0,2892700.0,Monthly,Active,10,Low,A0020,Bancassurance
POL003373,C03811,Home,2024-09-09,2029-09-09,9880.0,4491200.0,Annually,Active,5,Medium,A0039,Agent
POL003374,C02534,Travel,2023-09-17,2023-10-10,4590.0,382800.0,Annually,Expired,1,Medium,A0096,Online
POL003375,C03083,Motor,2024-10-02,2025-10-02,71960.0,1581500.0,Annually,Expired,1,High,A0093,Agent
POL003376,C04868,Life,2024-07-29,2039-07-28,26610.0,1822900.0,Annually,Active,15,Medium,A0065,Agent
POL003377,C04057,Home,2023-03-23,2028-03-23,15940.0,7245000.0,Annually,Active,5,Medium,A0018,Online
POL003378,C01652,Health,2024-02-25,2025-02-25,33600.0,750000.0,Annually,Lapsed,1,Medium,A0094,Corporate
POL003379,C01975,Travel,2025-06-13,2025-07-06,8220.0,684700.0,Monthly,Expired,1,Medium,A0031,Agent
POL003380,C02469,Motor,2024-07-19,2025-07-19,6370.0,181900.0,Monthly,Lapsed,1,Medium,A0084,Online
POL003381,C02038,Home,2024-05-06,2039-05-06,6750.0,3611700.0,Annually,Active,15,Low,A0021,Agent
POL003382,C01852,Travel,2023-04-15,2023-05-25,11960.0,996700.0,Annually,Expired,1,Medium,A0004,Agent
POL003383,C04947,Motor,2024-03-24,2025-03-24,31560.0,901800.0,Annually,Expired,1,Medium,A0022,Bancassurance
POL003384,C01273,Motor,2025-03-21,2026-03-21,48280.0,1623000.0,Annually,Active,1,Low,A0013,Agent
POL003385,C04428,Motor,2023-02-13,2024-02-13,35790.0,1022700.0,Annually,Expired,1,Medium,A0002,Agent
POL003386,C02859,Health,2023-05-21,2025-05-21,40040.0,500000.0,Annually,Expired,2,High,A0007,Agent
POL003387,C02878,Motor,2023-06-28,2024-06-27,7800.0,222800.0,Annually,Expired,1,Medium,A0066,Agent
POL003388,C00599,Motor,2023-07-03,2024-07-02,45540.0,1301200.0,Annually,Expired,1,Medium,A0098,Agent
POL003389,C02085,Life,2023-12-11,2043-12-11,78530.0,4462000.0,Monthly,Lapsed,20,Medium,A0036,Bancassurance
POL003390,C02222,Home,2024-10-26,2025-10-26,4320.0,2308600.0,Annually,Expired,1,Low,A0079,Agent
POL003391,C04082,Motor,2024-07-05,2025-07-05,58440.0,1669600.0,Annually,Lapsed,1,Medium,A0022,Corporate
POL003392,C01133,Life,2024-05-28,2039-05-28,87690.0,4899000.0,Annually,Active,15,Medium,A0061,Agent
POL003393,C00752,Health,2023-07-11,2024-07-11,21080.0,500000.0,Annually,Expired,1,Low,A0036,Online
POL003394,C04875,Travel,2025-05-01,2025-05-21,8070.0,790700.0,Annually,Expired,1,Low,A0035,Online
POL003395,C00383,Life,2024-06-30,2034-06-28,71710.0,3870000.0,Monthly,Active,10,Low,A0001,Agent
POL003396,C00902,Travel,2025-01-14,2025-02-19,7360.0,721200.0,Monthly,Expired,1,Low,A0093,Agent
POL003397,C03777,Home,2024-07-03,2034-07-03,15650.0,7113200.0,Monthly,Active,10,Medium,A0046,Referral
POL003398,C01134,Health,2025-04-13,2026-04-13,45220.0,1000000.0,Monthly,Active,1,Low,A0093,Agent
POL003399,C04882,Motor,2023-12-22,2024-12-21,54660.0,1201300.0,Monthly,Expired,1,High,A0045,Online
POL003400,C02620,Health,2025-08-26,2028-08-26,13110.0,300000.0,Monthly,Active,3,Low,A0039,Agent
POL003401,C01087,Motor,2025-06-30,2026-06-30,15870.0,453600.0,Annually,Cancelled,1,Medium,A0074,Bancassurance
POL003402,C04010,Motor,2025-04-09,2026-04-09,30280.0,865100.0,Annually,Active,1,Medium,A0030,Agent
POL003403,C02194,Health,2023-12-11,2025-12-11,30860.0,750000.0,Annually,Expired,2,Low,A0039,Agent
POL003404,C04674,Health,2025-04-26,2026-04-26,18020.0,500000.0,Monthly,Active,1,Low,A0002,Bancassurance
POL003405,C00756,Life,2025-07-26,2040-07-26,71420.0,3276000.0,Monthly,Active,15,Medium,A0095,Online
POL003406,C01203,Home,2023-11-13,2028-11-13,10900.0,4954000.0,Annually,Active,5,Medium,A0056,Agent
POL003407,C02537,Life,2023-11-08,2038-11-08,70600.0,4719400.0,Annually,Active,15,Low,A0040,Bancassurance
POL003408,C01818,Health,2023-04-13,2025-04-13,28200.0,750000.0,Annually,Lapsed,2,Medium,A0091,Corporate
POL003409,C04263,Health,2024-09-11,2025-09-11,12000.0,300000.0,Monthly,Expired,1,Medium,A0079,Agent
POL003410,C00704,Life,2025-06-23,2045-06-23,56740.0,2902300.0,Monthly,Active,20,Low,A0020,Agent
POL003411,C04724,Motor,2025-05-30,2026-05-30,44370.0,1267600.0,Annually,Active,1,Medium,A0086,Agent
POL003412,C00064,Health,2023-06-19,2025-06-19,22100.0,500000.0,Monthly,Expired,2,Medium,A0009,Agent
POL003413,C04443,Health,2023-09-07,2025-09-07,30900.0,750000.0,Monthly,Expired,2,Medium,A0092,Online
POL003414,C00225,Health,2024-01-20,2025-01-20,43500.0,750000.0,Monthly,Expired,1,Medium,A0005,Agent
POL003415,C01972,Motor,2025-01-31,2026-01-31,37420.0,1069100.0,Annually,Active,1,Medium,A0057,Referral
POL003416,C02587,Health,2024-06-20,2027-06-20,38080.0,1000000.0,Annually,Active,3,Low,A0031,Referral
POL003417,C03180,Motor,2024-06-18,2025-06-18,19760.0,564500.0,Annually,Expired,1,Medium,A0074,Agent
POL003418,C04314,Motor,2023-10-18,2024-10-17,57570.0,1644800.0,Annually,Expired,1,Medium,A0011,Bancassurance
POL003419,C04078,Home,2025-04-15,2035-04-15,16600.0,7547700.0,Annually,Active,10,Medium,A0089,Agent
POL003420,C01550,Life,2024-03-24,2044-03-24,67120.0,3525000.0,Quarterly,Lapsed,20,Low,A0019,Agent
POL003421,C00688,Health,2025-08-28,2026-08-28,13410.0,300000.0,Annually,Active,1,Low,A0084,Online
POL003422,C01274,Travel,2025-07-01,2025-08-02,9140.0,896000.0,Annually,Lapsed,1,Low,A0006,Bancassurance
POL003423,C03009,Health,2023-07-07,2025-07-07,12950.0,300000.0,Monthly,Expired,2,Low,A0014,Agent
POL003424,C04323,Health,2023-08-24,2026-08-24,13260.0,300000.0,Monthly,Lapsed,3,Low,A0040,Online
POL003425,C00893,Life,2025-09-02,2050-09-02,26380.0,1734000.0,Monthly,Active,25,Low,A0079,Corporate
POL003426,C04819,Home,2025-01-28,2035-01-28,9140.0,4152300.0,Annually,Active,10,Medium,A0042,Online
POL003427,C03122,Health,2024-03-25,2025-03-25,18800.0,500000.0,Annually,Expired,1,Medium,A0037,Agent
POL003428,C00333,Health,2024-01-19,2026-01-19,61800.0,1500000.0,Annually,Lapsed,2,Medium,A0090,Bancassurance
POL003429,C03019,Health,2024-08-15,2026-08-15,42150.0,750000.0,Annually,Active,2,Medium,A0023,Online
POL003430,C02131,Home,2024-07-14,2034-07-14,12480.0,6671200.0,Annually,Active,10,Low,A0037,Online
POL003431,C03154,Life,2025-06-30,2035-06-28,60020.0,3594000.0,Annually,Active,10,Medium,A0073,Online
POL003432,C01815,Health,2025-06-14,2027-06-14,20570.0,500000.0,Annually,Active,2,Low,A0086,Online
POL003433,C03897,Home,2025-01-13,2035-01-13,10080.0,5387900.0,Annually,Active,10,Low,A0069,Online
POL003434,C04644,Home,2023-12-17,2028-12-17,16910.0,7688100.0,Annually,Active,5,Medium,A0081,Corporate
POL003435,C04918,Home,2023-08-20,2024-08-20,10230.0,5471400.0,Annually,Expired,1,Low,A0078,Agent
POL003436,C01315,Health,2025-06-12,2027-06-12,117200.0,2000000.0,Quarterly,Active,2,Medium,A0067,Referral
POL003437,C04260,Motor,2024-07-18,2025-07-18,17360.0,495900.0,Annually,Expired,1,Medium,A0004,Bancassurance
POL003438,C00981,Life,2024-06-10,2034-06-10,38020.0,2499000.0,Annually,Active,10,Low,A0088,Agent
POL003439,C00596,Motor,2023-06-22,2024-06-21,28350.0,809900.0,Annually,Expired,1,Medium,A0095,Online
POL003440,C04969,Health,2023-10-18,2024-10-18,11270.0,300000.0,Monthly,Lapsed,1,Low,A0024,Agent
POL003441,C03516,Life,2024-12-11,2039-12-11,59390.0,3078000.0,Monthly,Active,15,Low,A0044,Agent
POL003442,C04114,Health,2025-08-22,2026-08-22,19550.0,500000.0,Annually,Active,1,Low,A0064,Agent
POL003443,C04012,Travel,2024-09-15,2024-09-26,4840.0,474400.0,Annually,Expired,1,Low,A0036,Corporate
POL003444,C00700,Travel,2025-04-26,2025-06-16,2230.0,186200.0,Annually,Expired,1,Medium,A0022,Agent
POL003445,C00846,Motor,2023-09-22,2024-09-21,40630.0,1160800.0,Annually,Expired,1,Medium,A0007,Online
POL003446,C04127,Life,2024-04-20,2034-04-20,54700.0,3594900.0,Annually,Lapsed,10,Low,A0031,Agent
POL003447,C03373,Life,2024-06-26,2034-06-26,41320.0,2261100.0,Annually,Active,10,Low,A0010,Corporate
POL003448,C01052,Motor,2024-09-06,2025-09-06,34510.0,986000.0,Annually,Expired,1,Medium,A0089,Online
POL003449,C00642,Life,2023-05-10,2033-05-10,55840.0,3673900.0,Annually,Active,10,Medium,A0065,Agent
POL003450,C01655,Motor,2023-08-23,2024-08-22,58560.0,1673000.0,Annually,Expired,1,Medium,A0050,Bancassurance
POL003451,C01904,Motor,2023-07-20,2024-07-19,21630.0,618000.0,Annually,Expired,1,Medium,A0055,Bancassurance
POL003452,C04763,Home,2025-02-08,2030-02-08,10300.0,4683300.0,Annually,Active,5,Medium,A0019,Bancassurance
POL003453,C04083,Motor,2025-03-16,2026-03-16,53170.0,1519200.0,Annually,Active,1,Medium,A0093,Bancassurance
POL003454,C01409,Life,2024-11-19,2049-11-19,49020.0,2540800.0,Quarterly,Active,25,Low,A0036,Agent
POL003455,C02952,Motor,2024-02-05,2025-02-04,42350.0,1209900.0,Annually,Expired,1,Medium,A0016,Online
POL003456,C03233,Health,2023-07-14,2025-07-14,36750.0,750000.0,Annually,Expired,2,Medium,A0086,Online
POL003457,C00707,Motor,2024-01-31,2025-01-30,38140.0,1089700.0,Annually,Expired,1,Medium,A0056,Referral
POL003458,C02156,Motor,2023-06-13,2024-06-12,21230.0,606500.0,Annually,Expired,1,Medium,A0046,Online
POL003459,C01531,Life,2025-07-13,2055-07-13,28300.0,1593000.0,Monthly,Active,30,Low,A0083,Agent
POL003460,C00171,Motor,2023-02-21,2024-02-21,39660.0,871700.0,Annually,Expired,1,High,A0005,Agent
POL003461,C04881,Motor,2023-01-28,2024-01-28,35940.0,1027000.0,Annually,Lapsed,1,Medium,A0087,Referral
POL003462,C03735,Health,2023-10-24,2026-10-24,27030.0,750000.0,Annually,Active,3,Low,A0032,Online
POL003463,C00556,Travel,2023-03-25,2023-04-04,7520.0,626700.0,Annually,Expired,1,Medium,A0019,Referral
POL003464,C00589,Motor,2025-07-19,2026-07-19,59540.0,1308500.0,Annually,Active,1,High,A0050,Agent
POL003465,C02990,Health,2023-01-31,2025-01-28,29100.0,750000.0,Annually,Lapsed,2,Medium,A0010,Agent
POL003466,C03833,Home,2025-07-27,2030-07-27,11670.0,5306400.0,Annually,Active,5,Medium,A0087,Agent
POL003467,C03500,Home,2023-03-23,2028-03-23,2800.0,1496900.0,Annually,Active,5,Low,A0100,Agent
POL003468,C02657,Health,2024-04-25,2027-04-25,21840.0,500000.0,Annually,Active,3,Low,A0026,Corporate
POL003469,C03871,Life,2025-04-08,2045-04-08,58670.0,2283000.0,Quarterly,Active,20,Medium,A0076,Online
POL003470,C04020,Motor,2023-01-23,2024-01-23,55340.0,1581100.0,Annually,Expired,1,Medium,A0008,Agent
POL003471,C01717,Motor,2024-09-16,2025-09-16,58990.0,1685500.0,Annually,Expired,1,Medium,A0077,Referral
POL003472,C02314,Home,2023-02-06,2028-02-06,14530.0,7769000.0,Monthly,Lapsed,5,Low,A0093,Corporate
POL003473,C02723,Motor,2023-03-28,2024-03-27,45870.0,1310600.0,Monthly,Expired,1,Medium,A0073,Agent
POL003474,C04674,Life,2025-08-27,2045-08-27,57280.0,4035300.0,Quarterly,Active,20,Low,A0091,Agent
POL003475,C00379,Health,2023-11-26,2024-11-26,12190.0,300000.0,Annually,Lapsed,1,Low,A0057,Online
POL003476,C00480,Life,2025-09-05,2045-09-05,40780.0,2872800.0,Quarterly,Active,20,Low,A0051,Online
POL003477,C01043,Health,2025-09-18,2028-09-18,91460.0,2000000.0,Monthly,Active,3,Low,A0081,Bancassurance
POL003478,C04160,Motor,2025-07-13,2026-07-13,14770.0,421900.0,Annually,Active,1,Medium,A0073,Referral
POL003479,C04866,Life,2025-03-03,2045-03-03,47940.0,2678500.0,Annually,Active,20,Medium,A0004,Agent
POL003480,C04586,Health,2023-07-02,2024-07-02,31620.0,750000.0,Annually,Expired,1,Low,A0045,Bancassurance
POL003481,C04955,Motor,2025-08-29,2026-08-29,40340.0,1152500.0,Annually,Active,1,Medium,A0084,Agent
POL003482,C02175,Travel,2025-01-03,2025-01-28,4240.0,415600.0,Annually,Expired,1,Low,A0042,Bancassurance
POL003483,C03260,Health,2025-03-13,2026-03-13,39610.0,1000000.0,Annually,Active,1,Low,A0075,Online
POL003484,C03148,Life,2025-03-24,2055-03-24,46020.0,3218500.0,Annually,Active,30,Medium,A0016,Agent
POL003485,C01802,Motor,2025-05-31,2026-05-31,47930.0,1369300.0,Monthly,Lapsed,1,Medium,A0002,Online
POL003486,C04365,Motor,2025-05-17,2026-05-17,68200.0,1498800.0,Monthly,Active,1,High,A0043,Agent
POL003487,C00767,Life,2025-04-17,2040-04-17,45730.0,2862000.0,Monthly,Active,15,Low,A0056,Agent
POL003488,C00419,Health,2023-05-15,2024-05-15,24650.0,500000.0,Monthly,Expired,1,Low,A0082,Bancassurance
POL003489,C02838,Home,2023-03-26,2038-03-26,1850.0,989700.0,Annually,Active,15,Low,A0014,Online
POL003490,C03875,Health,2023-09-12,2025-09-12,22700.0,500000.0,Monthly,Expired,2,Medium,A0002,Online
POL003491,C02678,Motor,2023-06-30,2024-06-29,20100.0,574300.0,Annually,Expired,1,Medium,A0088,Bancassurance
POL003492,C04501,Health,2025-07-01,2027-07-01,10960.0,300000.0,Annually,Active,2,Low,A0040,Agent
POL003493,C02795,Motor,2024-03-15,2025-03-15,19380.0,553600.0,Annually,Lapsed,1,Medium,A0024,Online
POL003494,C00085,Motor,2023-10-16,2024-10-15,38510.0,1100200.0,Annually,Expired,1,Medium,A0051,Agent
POL003495,C00927,Health,2023-11-07,2024-11-07,14660.0,300000.0,Monthly,Lapsed,1,High,A0024,Online
POL003496,C00689,Home,2023-02-11,2028-02-11,12630.0,6755800.0,Annually,Active,5,Low,A0092,Referral
POL003497,C00668,Health,2023-06-11,2024-06-11,23900.0,500000.0,Annually,Expired,1,Medium,A0026,Online
POL003498,C04433,Motor,2024-04-16,2025-04-16,57870.0,1653400.0,Monthly,Expired,1,Medium,A0037,Agent
POL003499,C03512,Motor,2024-12-01,2025-12-01,26500.0,757200.0,Annually,Expired,1,Medium,A0026,Online
POL003500,C03644,Motor,2023-10-22,2024-10-21,24330.0,695100.0,Annually,Expired,1,Medium,A0047,Online
POL003501,C02311,Motor,2025-06-27,2026-06-27,30360.0,867500.0,Annually,Active,1,Medium,A0077,Agent
POL003502,C04343,Health,2023-11-15,2024-11-15,19040.0,500000.0,Annually,Expired,1,Low,A0056,Agent
POL003503,C01654,Motor,2025-03-30,2026-03-30,71220.0,1565300.0,Annually,Active,1,High,A0072,Online
POL003504,C03173,Home,2024-09-14,2025-09-14,11720.0,6265200.0,Annually,Expired,1,Low,A0066,Bancassurance
POL003505,C02933,Travel,2025-03-11,2025-04-12,4170.0,347300.0,Annually,Lapsed,1,Medium,A0037,Online
POL003506,C00606,Motor,2023-02-19,2024-02-19,30280.0,865100.0,Annually,Expired,1,Medium,A0098,Agent
POL003507,C02712,Health,2023-12-24,2024-12-24,60180.0,1500000.0,Monthly,Expired,1,Low,A0052,Online
POL003508,C02116,Life,2023-08-14,2043-08-14,84780.0,4239000.0,Monthly,Active,20,Medium,A0064,Agent
POL003509,C00517,Motor,2024-02-26,2025-02-25,48170.0,1376400.0,Monthly,Expired,1,Medium,A0080,Online
POL003510,C04335,Health,2024-04-27,2026-04-27,13260.0,300000.0,Quarterly,Lapsed,2,Low,A0053,Online
POL003511,C02881,Home,2024-01-08,2029-01-08,11970.0,6401300.0,Annually,Active,5,Low,A0031,Bancassurance
POL003512,C03803,Motor,2023-07-26,2024-07-25,12350.0,352700.0,Annually,Expired,1,Medium,A0017,Online
POL003513,C04067,Health,2023-08-16,2024-08-16,63240.0,1500000.0,Annually,Lapsed,1,Low,A0011,Agent
POL003514,C04506,Life,2024-03-17,2034-03-17,90320.0,4620000.0,Quarterly,Active,10,Low,A0098,Online
POL003515,C03615,Motor,2024-12-10,2025-12-10,13010.0,371800.0,Annually,Expired,1,Medium,A0067,Agent
POL003516,C00278,Health,2023-04-20,2025-04-20,20000.0,500000.0,Quarterly,Expired,2,Medium,A0006,Agent
POL003517,C02326,Life,2024-04-26,2049-04-26,66330.0,3681000.0,Monthly,Active,25,Low,A0082,Agent
POL003518,C01751,Health,2023-04-16,2026-04-16,62480.0,1500000.0,Annually,Lapsed,3,Low,A0038,Bancassurance
POL003519,C03772,Home,2023-01-16,2028-01-16,2050.0,933100.0,Annually,Active,5,Medium,A0027,Agent
POL003520,C04877,Home,2024-08-21,2034-08-21,3470.0,1575900.0,Annually,Active,10,Medium,A0084,Agent
POL003521,C04043,Travel,2023-06-26,2023-07-08,1500.0,91000.0,Monthly,Expired,1,Medium,A0072,Agent
POL003522,C01898,Health,2024-10-25,2027-10-25,50200.0,1000000.0,Annually,Active,3,Medium,A0046,Online
POL003523,C04968,Motor,2023-04-14,2024-04-13,56820.0,1623300.0,Annually,Expired,1,Medium,A0092,Bancassurance
POL003524,C00338,Health,2023-12-27,2024-12-27,34300.0,750000.0,Monthly,Lapsed,1,Low,A0056,Online
POL003525,C00259,Life,2024-03-28,2044-03-28,104840.0,4618600.0,Annually,Active,20,Medium,A0053,Agent
POL003526,C03459,Home,2023-04-18,2024-04-18,3460.0,1852800.0,Annually,Expired,1,Low,A0040,Online
POL003527,C02446,Travel,2023-07-21,2023-08-10,3170.0,263800.0,Annually,Expired,1,Medium,A0090,Bancassurance
POL003528,C03354,Life,2025-01-11,2050-01-11,340260.0,11733000.0,Annually,Active,25,Medium,A0005,Online
POL003529,C01364,Life,2023-01-08,2053-01-08,262340.0,9975000.0,Monthly,Active,30,Medium,A0039,Agent
POL003530,C03896,Motor,2023-05-29,2024-05-28,38160.0,1090200.0,Annually,Expired,1,Medium,A0072,Bancassurance
POL003531,C04735,Health,2023-11-15,2024-11-15,58600.0,1000000.0,Quarterly,Expired,1,Medium,A0069,Agent
POL003532,C03657,Health,2025-07-15,2026-07-15,43500.0,750000.0,Annually,Lapsed,1,Medium,A0099,Online
POL003533,C00502,Health,2023-10-19,2024-10-19,13110.0,300000.0,Quarterly,Expired,1,Low,A0085,Agent
POL003534,C00395,Home,2025-09-23,2026-09-23,8150.0,3702300.0,Monthly,Active,1,Medium,A0026,Online
POL003535,C04519,Health,2024-10-23,2025-10-23,20600.0,500000.0,Monthly,Expired,1,Medium,A0001,Referral
POL003536,C03411,Health,2024-02-25,2026-02-25,50800.0,1000000.0,Annually,Active,2,Medium,A0010,Agent
POL003537,C04698,Home,2025-04-29,2030-04-28,8940.0,4062400.0,Annually,Active,5,Medium,A0095,Bancassurance
POL003538,C03237,Health,2024-03-10,2027-03-10,26650.0,750000.0,Annually,Active,3,Low,A0026,Corporate
POL003539,C00254,Motor,2024-05-08,2025-05-08,8590.0,188900.0,Annually,Expired,1,High,A0090,Agent
POL003540,C02600,Travel,2024-09-27,2024-10-22,7680.0,752700.0,Annually,Expired,1,Low,A0076,Agent
POL003541,C03847,Life,2025-01-31,2055-01-28,193070.0,7785000.0,Quarterly,Active,30,Medium,A0043,Online
POL003542,C02514,Home,2025-03-01,2030-03-01,6230.0,3331800.0,Annually,Active,5,Low,A0045,Online
POL003543,C00666,Health,2024-03-13,2025-03-13,39260.0,500000.0,Annually,Lapsed,1,High,A0066,Online
POL003544,C00469,Motor,2024-07-31,2025-07-31,10120.0,289200.0,Annually,Expired,1,Medium,A0007,Agent
POL003545,C00057,Home,2024-12-12,2034-12-12,7900.0,4222900.0,Annually,Active,10,Low,A0052,Bancassurance
POL003546,C02111,Health,2024-10-15,2025-10-15,32380.0,750000.0,Monthly,Lapsed,1,Low,A0014,Online
POL003547,C02451,Motor,2025-01-11,2026-01-11,39180.0,1119300.0,Annually,Active,1,Medium,A0015,Online
POL003548,C01621,Motor,2024-02-10,2025-02-09,28190.0,805400.0,Annually,Lapsed,1,Medium,A0080,Agent
POL003549,C01811,Home,2023-09-01,2028-09-01,7020.0,3191400.0,Annually,Cancelled,5,Medium,A0004,Online
POL003550,C00180,Health,2023-03-28,2024-03-28,30090.0,750000.0,Quarterly,Expired,1,Low,A0014,Corporate
POL003551,C03319,Motor,2024-10-24,2025-10-24,17910.0,511700.0,Annually,Lapsed,1,Medium,A0031,Referral
POL003552,C04801,Motor,2024-02-02,2025-02-01,59400.0,1697100.0,Annually,Expired,1,Medium,A0014,Agent
POL003553,C02922,Life,2025-09-22,2040-09-22,56320.0,2619500.0,Quarterly,Cancelled,15,Medium,A0068,Agent
POL003554,C03399,Health,2023-08-26,2026-08-26,14340.0,300000.0,Monthly,Active,3,Medium,A0077,Agent
POL003555,C03500,Motor,2023-01-19,2024-01-19,56900.0,1625800.0,Annually,Expired,1,Medium,A0018,Online
POL003556,C04741,Life,2024-03-16,2044-03-16,86050.0,4581000.0,Monthly,Active,20,Low,A0020,Bancassurance
POL003557,C00442,Motor,2024-01-28,2025-01-27,6770.0,193500.0,Annually,Expired,1,Medium,A0091,Online
POL003558,C02054,Life,2024-09-10,2039-09-10,44700.0,2776600.0,Monthly,Active,15,Medium,A0085,Agent
POL003559,C02302,Health,2024-09-01,2025-09-01,16860.0,300000.0,Annually,Lapsed,1,Medium,A0098,Agent
POL003560,C00964,Health,2025-07-29,2026-07-28,82280.0,2000000.0,Quarterly,Lapsed,1,Low,A0050,Agent
POL003561,C02791,Motor,2023-07-28,2024-07-27,11400.0,325600.0,Annually,Expired,1,Medium,A0005,Agent
POL003562,C00134,Health,2025-07-26,2028-07-26,26650.0,750000.0,Monthly,Active,3,Low,A0097,Referral
POL003563,C02765,Life,2024-12-11,2039-12-11,44460.0,3109300.0,Monthly,Active,15,Medium,A0065,Bancassurance
POL003564,C04759,Travel,2024-04-07,2024-04-28,11310.0,942400.0,Annually,Expired,1,Medium,A0092,Online
POL003565,C03194,Health,2025-07-18,2028-07-18,13410.0,300000.0,Quarterly,Active,3,Low,A0039,Online
POL003566,C01639,Travel,2023-01-19,2023-01-28,7660.0,638700.0,Annually,Expired,1,Medium,A0031,Online
POL003567,C01637,Home,2025-07-04,2035-07-04,13320.0,7122500.0,Annually,Active,10,Low,A0097,Bancassurance
POL003568,C03955,Health,2023-10-26,2024-10-26,17580.0,300000.0,Quarterly,Expired,1,Medium,A0089,Corporate
POL003569,C01365,Health,2023-10-07,2025-10-07,11280.0,300000.0,Monthly,Expired,2,Medium,A0076,Referral
POL003570,C03279,Motor,2024-01-28,2025-01-27,61920.0,1769000.0,Annually,Expired,1,Medium,A0051,Referral
POL003571,C02952,Home,2025-02-05,2030-02-05,12890.0,5858900.0,Annually,Active,5,Medium,A0095,Corporate
POL003572,C03376,Health,2025-05-16,2026-05-16,57120.0,1500000.0,Annually,Active,1,Low,A0095,Bancassurance
POL003573,C02371,Motor,2025-01-12,2026-01-12,54930.0,1569400.0,Annually,Active,1,Medium,A0047,Bancassurance
POL003574,C01235,Travel,2025-02-01,2025-03-12,6980.0,581600.0,Annually,Expired,1,Medium,A0004,Agent
POL003575,C02098,Motor,2023-01-31,2024-01-31,31140.0,889800.0,Annually,Lapsed,1,Medium,A0040,Agent
POL003576,C00268,Home,2024-11-16,2029-11-16,12980.0,5900400.0,Annually,Active,5,Medium,A0099,Bancassurance
POL003577,C02380,Health,2024-09-12,2026-09-12,36550.0,1000000.0,Quarterly,Active,2,Low,A0067,Online
POL003578,C01187,Health,2023-02-24,2025-02-24,60060.0,750000.0,Quarterly,Expired,2,High,A0033,Online
POL003579,C02197,Motor,2023-03-02,2024-03-01,30330.0,866500.0,Annually,Lapsed,1,Medium,A0040,Agent
POL003580,C01050,Motor,2025-03-27,2026-03-27,13890.0,305300.0,Annually,Active,1,High,A0051,Online
POL003581,C04022,Home,2024-06-08,2025-06-08,10140.0,4608900.0,Annually,Expired,1,Medium,A0065,Agent
POL003582,C01723,Motor,2024-04-08,2025-04-08,30580.0,873600.0,Monthly,Expired,1,Medium,A0086,Agent
POL003583,C01562,Health,2025-01-26,2028-01-26,14880.0,300000.0,Annually,Active,3,Medium,A0022,Online
POL003584,C03054,Motor,2023-12-07,2024-12-06,55140.0,1575300.0,Annually,Expired,1,Medium,A0070,Agent
POL003585,C02237,Health,2025-08-16,2027-08-16,48880.0,1000000.0,Monthly,Active,2,High,A0054,Bancassurance
POL003586,C00235,Health,2024-05-11,2025-05-11,13440.0,300000.0,Annually,Expired,1,Medium,A0017,Online
POL003587,C03063,Health,2024-03-17,2025-03-17,21080.0,500000.0,Monthly,Lapsed,1,Low,A0010,Agent
POL003588,C02682,Health,2024-12-03,2026-12-03,20600.0,500000.0,Annually,Active,2,Medium,A0089,Agent
POL003589,C00509,Health,2024-11-22,2026-11-22,11730.0,300000.0,Quarterly,Active,2,Low,A0070,Agent
POL003590,C01108,Health,2025-06-06,2026-06-06,43690.0,1000000.0,Monthly,Active,1,Low,A0021,Online
POL003591,C00115,Health,2025-09-02,2028-09-02,60940.0,1500000.0,Annually,Active,3,Low,A0084,Agent
POL003592,C04007,Health,2025-04-26,2026-04-26,28700.0,500000.0,Annually,Lapsed,1,Medium,A0006,Online
POL003593,C01632,Home,2023-02-16,2024-02-16,5450.0,2916400.0,Annually,Expired,1,Low,A0100,Bancassurance
POL003594,C03239,Motor,2024-07-25,2025-07-25,22650.0,647200.0,Annually,Expired,1,Medium,A0053,Referral
POL003595,C02481,Home,2023-11-25,2038-11-25,8430.0,3831200.0,Annually,Active,15,Medium,A0061,Agent
POL003596,C00348,Motor,2024-01-23,2025-01-22,45880.0,1310900.0,Annually,Expired,1,Medium,A0043,Referral
POL003597,C03341,Health,2025-06-01,2028-06-01,20310.0,500000.0,Monthly,Active,3,Low,A0025,Corporate
POL003598,C01522,Travel,2023-05-02,2023-05-21,3890.0,381300.0,Monthly,Expired,1,Low,A0036,Agent
POL003599,C02100,Home,2025-02-02,2026-02-02,13080.0,5944400.0,Annually,Active,1,Medium,A0005,Online
POL003600,C04688,Health,2025-04-01,2027-04-01,20820.0,500000.0,Monthly,Active,2,Low,A0010,Agent
POL003601,C03224,Health,2023-09-30,2025-09-28,13870.0,300000.0,Monthly,Expired,2,Low,A0052,Bancassurance
POL003602,C01605,Life,2024-11-14,2054-11-14,73320.0,3903000.0,Annually,Active,30,Low,A0044,Agent
POL003603,C02755,Health,2023-05-13,2025-05-13,32470.0,1000000.0,Annually,Expired,2,Low,A0031,Corporate
POL003604,C00903,Home,2024-06-21,2029-06-21,3940.0,2104400.0,Annually,Active,5,Low,A0044,Agent
POL003605,C04697,Travel,2023-09-07,2023-10-22,9630.0,943900.0,Annually,Expired,1,Low,A0090,Bancassurance
POL003606,C03320,Travel,2023-09-04,2023-10-11,3540.0,347000.0,Annually,Expired,1,Low,A0046,Bancassurance
POL003607,C03627,Home,2024-11-17,2034-11-17,17260.0,7844400.0,Annually,Active,10,Medium,A0067,Agent
POL003608,C04358,Motor,2025-07-08,2026-07-08,5890.0,168100.0,Annually,Lapsed,1,Medium,A0054,Online
POL003609,C00259,Motor,2024-09-01,2025-09-01,38730.0,1106600.0,Annually,Expired,1,Medium,A0073,Agent
POL003610,C04063,Health,2023-06-21,2024-06-21,15060.0,300000.0,Quarterly,Expired,1,Medium,A0056,Corporate
POL003611,C01362,Motor,2023-04-13,2024-04-12,22420.0,640600.0,Monthly,Expired,1,Medium,A0030,Online
POL003612,C00100,Motor,2024-06-07,2025-06-07,18960.0,541800.0,Annually,Expired,1,Medium,A0024,Online
POL003613,C03893,Travel,2025-06-20,2025-08-19,9080.0,890600.0,Annually,Expired,1,Low,A0074,Agent
POL003614,C04355,Motor,2023-08-09,2024-08-08,19200.0,422000.0,Annually,Expired,1,High,A0010,Agent
POL003615,C03364,Home,2025-07-02,2030-07-02,10160.0,5434700.0,Annually,Active,5,Low,A0074,Bancassurance
POL003616,C04739,Life,2024-01-06,2039-01-06,66490.0,4444200.0,Annually,Active,15,Low,A0046,Online
POL003617,C00731,Home,2025-02-07,2035-02-07,16740.0,7610000.0,Annually,Active,10,Medium,A0089,Agent
POL003618,C04632,Motor,2023-11-13,2024-11-12,44870.0,986200.0,Annually,Expired,1,High,A0038,Bancassurance
POL003619,C02199,Life,2025-04-23,2040-04-23,84380.0,4491800.0,Monthly,Active,15,Low,A0076,Online
POL003620,C01030,Motor,2025-09-23,2026-09-23,30230.0,664300.0,Annually,Active,1,High,A0035,Corporate
POL003621,C00843,Health,2023-03-08,2024-03-08,12650.0,300000.0,Monthly,Expired,1,Low,A0013,Online
POL003622,C02470,Motor,2023-04-24,2024-04-23,6550.0,187100.0,Annually,Expired,1,Medium,A0039,Bancassurance
POL003623,C02140,Health,2024-12-12,2026-12-12,80000.0,2000000.0,Monthly,Active,2,Medium,A0082,Referral
POL003624,C02594,Health,2024-08-22,2025-08-22,67000.0,1000000.0,Annually,Expired,1,Medium,A0013,Bancassurance
POL003625,C01357,Home,2025-03-19,2026-03-19,3550.0,1896100.0,Annually,Active,1,Low,A0089,Online
POL003626,C04628,Health,2023-11-21,2024-11-21,53200.0,1000000.0,Monthly,Expired,1,Medium,A0078,Agent
POL003627,C02701,Health,2024-07-24,2026-07-24,20900.0,500000.0,Annually,Lapsed,2,Medium,A0067,Agent
POL003628,C01165,Motor,2025-03-25,2026-03-25,47270.0,1350600.0,Annually,Active,1,Medium,A0030,Corporate
POL003629,C00006,Motor,2024-08-06,2025-08-06,8310.0,182700.0,Annually,Expired,1,High,A0055,Corporate
POL003630,C00099,Life,2024-10-24,2054-10-24,56640.0,2788200.0,Monthly,Lapsed,30,Low,A0086,Online
POL003631,C04426,Health,2024-03-18,2027-03-18,59420.0,1500000.0,Annually,Active,3,Low,A0014,Agent
POL003632,C00762,Life,2023-04-08,2048-04-08,215340.0,12030000.0,Quarterly,Active,25,Medium,A0028,Online
POL003633,C00672,Travel,2025-07-27,2025-08-09,1620.0,158500.0,Annually,Expired,1,Low,A0018,Online
POL003634,C00233,Life,2023-03-16,2043-03-16,239080.0,8988000.0,Quarterly,Active,20,Medium,A0067,Bancassurance
POL003635,C01051,Motor,2023-10-14,2024-10-13,37390.0,1068200.0,Annually,Expired,1,Medium,A0073,Agent
POL003636,C03084,Home,2024-04-28,2034-04-28,7040.0,3198700.0,Annually,Active,10,Medium,A0033,Online
POL003637,C00546,Travel,2025-04-04,2025-05-31,6870.0,572200.0,Annually,Expired,1,Medium,A0024,Agent
POL003638,C02300,Life,2023-12-20,2033-12-20,202370.0,7440000.0,Monthly,Active,10,Medium,A0009,Agent
POL003639,C01517,Health,2024-07-28,2026-07-28,12950.0,300000.0,Quarterly,Active,2,Low,A0082,Bancassurance
POL003640,C04128,Motor,2025-03-18,2026-03-18,51220.0,1125700.0,Annually,Active,1,High,A0039,Bancassurance
POL003641,C04762,Motor,2023-10-20,2024-10-19,35970.0,1027800.0,Annually,Expired,1,Medium,A0073,Agent
POL003642,C01860,Home,2023-11-27,2028-11-27,2990.0,1357600.0,Annually,Active,5,Medium,A0040,Online
POL003643,C03719,Health,2025-05-13,2026-05-13,52600.0,1000000.0,Monthly,Active,1,Medium,A0046,Referral
POL003644,C01848,Travel,2025-01-21,2025-02-10,4880.0,406800.0,Annually,Expired,1,Medium,A0085,Agent
POL003645,C01080,Health,2024-04-01,2027-04-01,20100.0,300000.0,Annually,Cancelled,3,Medium,A0078,Corporate
POL003646,C02039,Health,2024-02-09,2025-02-09,41140.0,1000000.0,Annually,Expired,1,Low,A0050,Agent
POL003647,C04725,Motor,2023-06-23,2024-06-22,11120.0,317600.0,Annually,Expired,1,Medium,A0039,Online
POL003648,C03753,Motor,2023-08-25,2024-08-24,9180.0,262200.0,Annually,Expired,1,Medium,A0024,Referral
POL003649,C03599,Life,2023-08-22,2043-08-22,81040.0,4314000.0,Monthly,Active,20,Low,A0039,Agent
POL003650,C04404,Travel,2024-07-18,2024-08-11,7830.0,767700.0,Annually,Lapsed,1,Low,A0056,Agent
POL003651,C00691,Life,2025-06-16,2045-06-16,228260.0,11766000.0,Quarterly,Active,20,Medium,A0091,Agent
POL003652,C03620,Health,2025-03-08,2028-03-08,17220.0,300000.0,Monthly,Active,3,Medium,A0096,Referral
POL003653,C04183,Motor,2023-06-13,2024-06-12,62320.0,1780400.0,Annually,Lapsed,1,Medium,A0024,Online
POL003654,C01929,Health,2023-12-17,2024-12-17,20570.0,500000.0,Annually,Expired,1,Low,A0081,Online
POL003655,C04862,Travel,2024-12-01,2024-12-27,8340.0,817500.0,Annually,Expired,1,Low,A0086,Bancassurance
POL003656,C02535,Home,2025-08-11,2040-08-11,13990.0,7479900.0,Annually,Active,15,Low,A0050,Agent
POL003657,C00165,Home,2025-03-19,2040-03-19,14680.0,6671600.0,Annually,Active,15,Medium,A0100,Online
POL003658,C04598,Health,2024-11-04,2027-11-04,38550.0,750000.0,Annually,Active,3,Medium,A0081,Online
POL003659,C03683,Life,2025-05-27,2035-05-27,87040.0,4971000.0,Quarterly,Active,10,Low,A0030,Online
POL003660,C03847,Motor,2025-04-02,2026-04-02,76050.0,1671400.0,Monthly,Active,1,High,A0008,Online
POL003661,C00404,Health,2025-05-29,2026-05-28,18530.0,500000.0,Quarterly,Active,1,Low,A0081,Online
POL003662,C02706,Health,2023-02-24,2026-02-24,34950.0,750000.0,Monthly,Active,3,Medium,A0053,Bancassurance
POL003663,C02208,Travel,2025-04-01,2025-05-24,3760.0,313500.0,Annually,Expired,1,Medium,A0027,Online
POL003664,C00467,Health,2025-06-01,2028-06-01,17400.0,300000.0,Monthly,Active,3,Medium,A0089,Agent
POL003665,C03864,Life,2023-04-11,2048-04-11,78910.0,3884300.0,Monthly,Active,25,Low,A0084,Bancassurance
POL003666,C03678,Travel,2025-03-14,2025-05-03,8550.0,548300.0,Annually,Expired,1,High,A0019,Agent
POL003667,C01927,Health,2025-02-28,2027-02-28,46240.0,1000000.0,Quarterly,Active,2,Low,A0057,Referral
POL003668,C04622,Motor,2025-03-25,2026-03-25,11660.0,333100.0,Annually,Active,1,Medium,A0013,Online
POL003669,C00823,Motor,2023-01-18,2024-01-18,32840.0,938300.0,Annually,Expired,1,Medium,A0044,Bancassurance
POL003670,C02090,Health,2025-07-10,2028-07-10,48880.0,1000000.0,Annually,Active,3,High,A0080,Online
POL003671,C04032,Home,2023-06-18,2024-06-18,10610.0,4824600.0,Annually,Expired,1,Medium,A0089,Corporate
POL003672,C03104,Health,2024-09-19,2026-09-19,91500.0,1500000.0,Monthly,Active,2,Medium,A0024,Bancassurance
POL003673,C02249,Health,2025-01-14,2027-01-14,21080.0,500000.0,Monthly,Active,2,Low,A0073,Bancassurance
POL003674,C04708,Life,2024-10-31,2044-10-28,52320.0,3497300.0,Quarterly,Active,20,Low,A0054,Online
POL003675,C02232,Health,2023-09-27,2024-09-27,25100.0,500000.0,Monthly,Expired,1,Medium,A0091,Corporate
POL003676,C02938,Motor,2024-12-22,2025-12-22,27840.0,795300.0,Annually,Expired,1,Medium,A0096,Agent
POL003677,C02444,Home,2025-02-04,2035-02-04,9400.0,4270900.0,Annually,Active,10,Medium,A0092,Agent
POL003678,C02761,Health,2024-04-15,2025-04-15,60180.0,1500000.0,Quarterly,Expired,1,Low,A0051,Agent
POL003679,C00983,Life,2023-04-09,2033-04-09,142080.0,7998000.0,Quarterly,Cancelled,10,Low,A0099,Referral
POL003680,C02519,Health,2023-10-28,2024-10-28,43050.0,750000.0,Monthly,Expired,1,Medium,A0081,Online
POL003681,C00895,Home,2025-03-08,2026-03-08,17360.0,7891200.0,Annually,Active,1,Medium,A0089,Agent
POL003682,C02529,Life,2025-07-01,2045-07-01,85360.0,3400900.0,Quarterly,Active,20,Medium,A0100,Corporate
POL003683,C03698,Health,2025-04-08,2026-04-08,46200.0,750000.0,Monthly,Active,1,Medium,A0013,Corporate
POL003684,C04231,Health,2023-12-07,2024-12-07,27030.0,750000.0,Monthly,Expired,1,Low,A0071,Online
POL003685,C03877,Travel,2024-07-18,2024-07-23,5710.0,559400.0,Annually,Expired,1,Low,A0002,Agent
POL003686,C01064,Home,2023-05-21,2033-05-21,11740.0,6278700.0,Monthly,Active,10,Low,A0007,Online
POL003687,C04430,Motor,2023-02-27,2024-02-27,28480.0,813700.0,Annually,Expired,1,Medium,A0033,Agent
POL003688,C04158,Travel,2023-02-24,2023-03-11,9790.0,960200.0,Monthly,Expired,1,Low,A0047,Corporate
POL003689,C01271,Travel,2023-05-15,2023-06-21,3540.0,347000.0,Annually,Expired,1,Low,A0079,Online
POL003690,C04456,Motor,2024-05-01,2025-05-01,14820.0,423300.0,Annually,Expired,1,Medium,A0028,Agent
POL003691,C01512,Life,2024-10-21,2049-10-21,51020.0,2898800.0,Annually,Active,25,Medium,A0030,Online
POL003692,C01863,Health,2024-12-09,2027-12-09,10960.0,300000.0,Annually,Active,3,Low,A0021,Agent
POL003693,C04611,Motor,2024-07-28,2025-07-28,57040.0,1253700.0,Annually,Expired,1,High,A0098,Corporate
POL003694,C02301,Motor,2025-08-21,2026-08-21,43820.0,1251900.0,Monthly,Active,1,Medium,A0027,Referral
POL003695,C01960,Motor,2024-06-22,2025-06-22,7680.0,168900.0,Monthly,Expired,1,High,A0087,Agent
POL003696,C04697,Travel,2025-03-04,2025-04-16,7690.0,754400.0,Annually,Expired,1,Low,A0055,Agent
POL003697,C00393,Motor,2025-07-24,2026-07-24,18640.0,532500.0,Annually,Active,1,Medium,A0092,Online
POL003698,C00450,Life,2023-08-08,2038-08-08,42330.0,2960000.0,Annually,Active,15,Medium,A0069,Corporate
POL003699,C01394,Health,2023-09-14,2024-09-14,32250.0,750000.0,Annually,Lapsed,1,Medium,A0018,Agent
POL003700,C03258,Home,2025-04-25,2035-04-25,9110.0,4871500.0,Annually,Active,10,Low,A0026,Bancassurance
POL003701,C01650,Life,2024-01-04,2049-01-04,39520.0,2325000.0,Annually,Active,25,Low,A0046,Online
POL003702,C03228,Home,2024-06-18,2025-06-18,4020.0,2149100.0,Annually,Expired,1,Low,A0010,Agent
POL003703,C02258,Health,2024-02-18,2025-02-18,52600.0,1000000.0,Annually,Lapsed,1,Medium,A0083,Referral
POL003704,C01453,Health,2023-08-20,2024-08-20,42770.0,500000.0,Monthly,Expired,1,High,A0036,Agent
POL003705,C02918,Health,2024-07-11,2025-07-11,48880.0,1000000.0,Quarterly,Expired,1,High,A0096,Agent
POL003706,C03050,Motor,2023-06-19,2024-06-18,27190.0,776800.0,Annually,Expired,1,Medium,A0076,Agent
POL003707,C04142,Health,2025-01-23,2026-01-23,15420.0,300000.0,Annually,Active,1,Medium,A0053,Online
POL003708,C04165,Home,2024-02-14,2034-02-14,4850.0,2594100.0,Annually,Active,10,Low,A0086,Agent
POL003709,C00072,Home,2024-09-29,2034-09-28,16580.0,7535200.0,Annually,Active,10,Medium,A0064,Bancassurance
POL003710,C02393,Health,2024-01-15,2025-01-15,28200.0,750000.0,Annually,Lapsed,1,Medium,A0066,Corporate
POL003711,C01013,Motor,2023-03-07,2024-03-06,39070.0,858600.0,Annually,Lapsed,1,High,A0004,Agent
POL003712,C01719,Home,2025-09-27,2035-09-27,11400.0,6097400.0,Monthly,Active,10,Low,A0008,Corporate
POL003713,C03737,Home,2024-04-19,2029-04-19,1740.0,928000.0,Monthly,Active,5,Low,A0079,Corporate
POL003714,C03285,Motor,2024-01-21,2025-01-20,39630.0,1132200.0,Annually,Lapsed,1,Medium,A0013,Agent
POL003715,C04153,Health,2024-11-03,2026-11-03,66300.0,1500000.0,Monthly,Active,2,Low,A0076,Bancassurance
POL003716,C04655,Health,2023-10-19,2024-10-19,48400.0,1000000.0,Quarterly,Expired,1,Medium,A0072,Referral
POL003717,C03578,Life,2023-06-11,2048-06-11,428500.0,19656000.0,Annually,Active,25,Medium,A0050,Bancassurance
POL003718,C02847,Health,2025-09-11,2026-09-11,59420.0,1500000.0,Monthly,Active,1,Low,A0072,Corporate
POL003719,C01102,Travel,2024-06-26,2024-07-31,9890.0,969600.0,Annually,Expired,1,Low,A0037,Agent
POL003720,C02946,Health,2023-12-13,2024-12-13,19290.0,500000.0,Monthly,Expired,1,Low,A0025,Online
POL003721,C02037,Health,2025-07-29,2027-07-28,43690.0,1000000.0,Monthly,Active,2,Low,A0082,Referral
POL003722,C02000,Home,2023-10-08,2033-10-08,8950.0,4786900.0,Annually,Active,10,Low,A0033,Agent
POL003723,C03430,Life,2024-05-28,2044-05-28,69990.0,4894300.0,Monthly,Active,20,Medium,A0007,Online
POL003724,C04665,Motor,2025-08-22,2026-08-22,41630.0,1189300.0,Annually,Active,1,Medium,A0026,Bancassurance
POL003725,C00650,Home,2025-04-14,2030-04-14,13800.0,7378700.0,Annually,Active,5,Low,A0093,Agent
POL003726,C03660,Motor,2023-09-17,2024-09-16,13220.0,444400.0,Annually,Expired,1,Low,A0008,Online
POL003727,C00375,Life,2023-11-26,2053-11-26,125010.0,7245000.0,Monthly,Active,30,Low,A0032,Online
POL003728,C03385,Home,2023-12-27,2033-12-27,5580.0,2536400.0,Annually,Active,10,Medium,A0098,Agent
POL003729,C00675,Life,2023-03-10,2053-03-10,173740.0,6183000.0,Monthly,Active,30,Medium,A0097,Agent
POL003730,C01245,Motor,2025-06-16,2026-06-16,24870.0,710500.0,Annually,Active,1,Medium,A0031,Agent
POL003731,C00206,Home,2024-04-03,2034-04-03,12090.0,5493700.0,Annually,Active,10,Medium,A0082,Online
POL003732,C04388,Life,2023-12-10,2038-12-10,42240.0,2643000.0,Monthly,Active,15,Low,A0093,Referral
POL003733,C04730,Life,2024-05-29,2044-05-28,76280.0,3191700.0,Annually,Active,20,Medium,A0075,Online
POL003734,C01929,Travel,2023-12-21,2024-01-13,3150.0,308400.0,Annually,Expired,1,Low,A0010,Agent
POL003735,C01588,Motor,2025-03-30,2026-03-30,18600.0,531400.0,Annually,Active,1,Medium,A0072,Agent
POL003736,C03107,Life,2024-05-23,2054-05-23,129870.0,4995000.0,Annually,Active,30,Medium,A0065,Agent
POL003737,C04878,Life,2024-03-06,2044-03-06,69410.0,3597400.0,Annually,Active,20,Low,A0023,Online
POL003738,C01833,Home,2025-09-23,2030-09-23,14940.0,7987600.0,Annually,Cancelled,5,Low,A0070,Online
POL003739,C01495,Health,2023-10-22,2024-10-22,19040.0,500000.0,Annually,Expired,1,Low,A0089,Online
POL003740,C00481,Health,2025-01-11,2028-01-11,36040.0,1000000.0,Monthly,Active,3,Low,A0039,Agent
POL003741,C00320,Motor,2024-08-05,2025-08-05,32280.0,1085100.0,Annually,Expired,1,Low,A0009,Agent
POL003742,C01230,Life,2024-02-08,2049-02-08,60240.0,2400000.0,Annually,Active,25,Medium,A0026,Online
POL003743,C01925,Home,2023-01-15,2038-01-15,9410.0,4276400.0,Annually,Active,15,Medium,A0013,Referral
POL003744,C04474,Health,2024-09-10,2025-09-10,55000.0,1000000.0,Monthly,Expired,1,Medium,A0079,Online
POL003745,C01720,Home,2025-09-06,2035-09-06,16270.0,7396700.0,Annually,Active,10,Medium,A0066,Agent
POL003746,C03071,Life,2025-05-08,2045-05-08,96410.0,4745500.0,Annually,Active,20,Low,A0078,Agent
POL003747,C02355,Home,2024-11-26,2025-11-26,10400.0,5560100.0,Annually,Expired,1,Low,A0041,Agent
POL003748,C03695,Motor,2023-02-24,2024-02-24,62790.0,1794000.0,Annually,Expired,1,Medium,A0096,Online
POL003749,C04060,Health,2024-10-31,2025-10-28,41650.0,1000000.0,Monthly,Expired,1,Low,A0087,Agent
POL003750,C01878,Life,2025-05-12,2035-05-12,115950.0,6090000.0,Monthly,Cancelled,10,Low,A0031,Corporate
POL003751,C02462,Home,2024-09-16,2029-09-16,5310.0,2412000.0,Monthly,Active,5,Medium,A0013,Agent
POL003752,C00096,Home,2024-03-26,2039-03-26,7290.0,3897600.0,Annually,Active,15,Low,A0083,Agent
POL003753,C04069,Motor,2024-10-13,2025-10-13,64670.0,1421400.0,Monthly,Lapsed,1,High,A0057,Online
POL003754,C02579,Home,2023-01-07,2033-01-07,7310.0,3910900.0,Annually,Active,10,Low,A0008,Bancassurance
POL003755,C01418,Motor,2023-12-19,2024-12-18,34760.0,993100.0,Annually,Expired,1,Medium,A0016,Agent
POL003756,C00543,Home,2023-09-27,2028-09-27,10180.0,4626500.0,Annually,Active,5,Medium,A0043,Corporate
POL003757,C00140,Home,2024-06-21,2029-06-21,8000.0,3636200.0,Monthly,Active,5,Medium,A0040,Agent
POL003758,C03650,Life,2024-04-11,2054-04-11,58540.0,3605500.0,Quarterly,Active,30,Low,A0033,Referral
POL003759,C03392,Life,2023-04-28,2043-04-28,101560.0,4358700.0,Annually,Active,20,Medium,A0020,Online
POL003760,C02923,Life,2024-03-05,2039-03-05,43520.0,2243200.0,Monthly,Active,15,Medium,A0038,Agent
POL003761,C03211,Health,2025-06-08,2026-06-08,46000.0,1000000.0,Monthly,Active,1,Medium,A0014,Online
POL003762,C04883,Home,2024-10-18,2034-10-18,13680.0,6220200.0,Annually,Lapsed,10,Medium,A0044,Online
POL003763,C01249,Motor,2024-09-27,2025-09-27,54650.0,1561400.0,Annually,Expired,1,Medium,A0050,Agent
POL003764,C04701,Travel,2024-11-02,2024-12-01,2450.0,240400.0,Monthly,Expired,1,Low,A0011,Bancassurance
POL003765,C02853,Motor,2025-05-04,2026-05-04,46100.0,1317200.0,Annually,Active,1,Medium,A0098,Agent
POL003766,C04070,Health,2024-08-14,2027-08-14,81640.0,1000000.0,Monthly,Active,3,High,A0044,Online
POL003767,C01133,Home,2023-08-03,2033-08-03,7240.0,3289700.0,Annually,Active,10,Medium,A0052,Bancassurance
POL003768,C01790,Life,2024-09-29,2049-09-28,58030.0,3519200.0,Monthly,Active,25,Low,A0036,Corporate
POL003769,C00825,Motor,2023-08-26,2024-08-25,38550.0,1295600.0,Monthly,Expired,1,Low,A0054,Agent
POL003770,C03217,Health,2024-08-15,2026-08-15,11880.0,300000.0,Annually,Active,2,Low,A0006,Agent
POL003771,C02109,Health,2023-12-28,2025-12-28,13800.0,300000.0,Annually,Expired,2,Medium,A0005,Online
POL003772,C00332,Home,2024-12-19,2025-12-19,6390.0,2906100.0,Annually,Expired,1,Medium,A0064,Agent
POL003773,C03038,Motor,2024-05-04,2025-05-04,50690.0,1703800.0,Annually,Lapsed,1,Low,A0065,Corporate
POL003774,C03142,Motor,2025-09-01,2026-09-01,30740.0,878400.0,Annually,Active,1,Medium,A0005,Referral
POL003775,C02216,Motor,2024-01-06,2025-01-05,7080.0,202200.0,Annually,Expired,1,Medium,A0099,Agent
POL003776,C03989,Motor,2025-08-14,2026-08-14,19750.0,564300.0,Annually,Active,1,Medium,A0033,Corporate
POL003777,C04147,Home,2025-07-20,2035-07-20,6140.0,3281000.0,Annually,Active,10,Low,A0001,Online
POL003778,C00095,Health,2025-09-02,2027-09-02,42400.0,1000000.0,Annually,Active,2,Medium,A0032,Online
POL003779,C00616,Health,2023-05-30,2024-05-28,18780.0,500000.0,Monthly,Expired,1,Low,A0069,Bancassurance
POL003780,C04244,Health,2025-01-24,2028-01-24,9590.0,300000.0,Quarterly,Active,3,Low,A0071,Agent
POL003781,C04524,Health,2025-01-08,2026-01-08,66300.0,1500000.0,Monthly,Active,1,Low,A0027,Referral
POL003782,C03596,Home,2024-07-06,2025-07-06,12330.0,6595000.0,Annually,Expired,1,Low,A0008,Bancassurance
POL003783,C03878,Travel,2025-05-04,2025-06-27,1760.0,172300.0,Monthly,Expired,1,Low,A0096,Agent
POL003784,C04714,Home,2024-09-28,2029-09-28,7500.0,3407100.0,Annually,Active,5,Medium,A0077,Agent
POL003785,C03866,Home,2025-01-29,2030-01-28,4940.0,2643400.0,Annually,Active,5,Low,A0014,Bancassurance
POL003786,C03637,Life,2025-05-23,2040-05-23,57720.0,3224700.0,Monthly,Active,15,Medium,A0054,Agent
POL003787,C02305,Motor,2024-05-23,2025-05-23,19380.0,651400.0,Annually,Expired,1,Low,A0011,Online
POL003788,C01123,Health,2023-05-28,2024-05-28,49000.0,1000000.0,Monthly,Expired,1,Medium,A0086,Agent
POL003789,C04744,Travel,2024-10-09,2024-11-02,1500.0,79800.0,Annually,Expired,1,Medium,A0095,Corporate
POL003790,C03089,Health,2023-11-14,2024-11-14,14020.0,300000.0,Monthly,Lapsed,1,Low,A0013,Online
POL003791,C02953,Health,2023-08-21,2024-08-21,90600.0,1500000.0,Monthly,Expired,1,Medium,A0040,Online
POL003792,C00077,Home,2023-05-26,2028-05-26,15810.0,7186000.0,Annually,Active,5,Medium,A0091,Referral
POL003793,C01431,Home,2025-01-16,2030-01-16,17400.0,7910700.0,Annually,Active,5,Medium,A0018,Online
POL003794,C04128,Motor,2024-06-29,2025-06-29,75810.0,1666100.0,Annually,Expired,1,High,A0071,Bancassurance
POL003795,C00821,Life,2023-12-05,2043-12-05,33550.0,2322000.0,Annually,Active,20,Low,A0041,Agent
POL003796,C02010,Life,2024-12-30,2039-12-28,64320.0,2796300.0,Annually,Active,15,Medium,A0095,Online
POL003797,C02475,Motor,2024-04-18,2025-04-18,13550.0,297900.0,Annually,Expired,1,High,A0028,Corporate
POL003798,C03640,Health,2024-12-17,2027-12-17,36750.0,750000.0,Annually,Active,3,Medium,A0043,Bancassurance
POL003799,C01016,Motor,2025-01-11,2026-01-11,37840.0,1081300.0,Annually,Active,1,Medium,A0078,Agent
POL003800,C03180,Life,2023-02-27,2038-02-27,58480.0,3322900.0,Monthly,Cancelled,15,Medium,A0041,Bancassurance
POL003801,C03412,Motor,2024-12-09,2025-12-09,49880.0,1096200.0,Annually,Expired,1,High,A0026,Online
POL003802,C03945,Home,2024-03-21,2025-03-21,8850.0,4024300.0,Annually,Expired,1,Medium,A0018,Agent
POL003803,C04905,Health,2024-03-02,2025-03-02,39400.0,1000000.0,Annually,Expired,1,Medium,A0090,Bancassurance
POL003804,C01416,Motor,2024-10-25,2025-10-25,25190.0,719700.0,Annually,Expired,1,Medium,A0042,Agent
POL003805,C04511,Motor,2025-01-28,2026-01-28,8880.0,298400.0,Annually,Active,1,Low,A0065,Referral
POL003806,C00292,Motor,2023-03-09,2024-03-08,25330.0,723700.0,Annually,Expired,1,Medium,A0039,Agent
POL003807,C01823,Motor,2025-09-22,2026-09-22,14230.0,406600.0,Annually,Active,1,Medium,A0076,Agent
POL003808,C03234,Life,2024-08-07,2049-08-07,62310.0,4639400.0,Monthly,Active,25,Low,A0036,Online
POL003809,C01185,Home,2024-08-20,2034-08-20,17580.0,7989700.0,Annually,Active,10,Medium,A0080,Agent
POL003810,C02192,Motor,2025-06-16,2026-06-16,32560.0,930200.0,Annually,Active,1,Medium,A0081,Agent
POL003811,C00436,Motor,2023-10-02,2024-10-01,27050.0,773000.0,Monthly,Expired,1,Medium,A0046,Online
POL003812,C04735,Health,2023-03-20,2024-03-20,43950.0,750000.0,Monthly,Expired,1,Medium,A0084,Agent
POL003813,C01556,Health,2025-08-04,2026-08-04,47200.0,1000000.0,Annually,Active,1,Medium,A0028,Agent
POL003814,C02342,Motor,2025-05-14,2026-05-14,37300.0,1065600.0,Annually,Active,1,Medium,A0070,Agent
POL003815,C02131,Home,2025-05-25,2026-05-25,13510.0,6140000.0,Annually,Active,1,Medium,A0100,Agent
POL003816,C03299,Health,2024-06-30,2025-06-28,13410.0,300000.0,Annually,Expired,1,Low,A0098,Bancassurance
POL003817,C03932,Travel,2023-03-07,2023-05-03,10360.0,863000.0,Annually,Lapsed,1,Medium,A0086,Agent
POL003818,C04282,Life,2023-04-28,2048-04-28,69300.0,3792000.0,Monthly,Active,25,Low,A0047,Agent
POL003819,C01186,Travel,2023-06-27,2023-08-24,8970.0,747400.0,Annually,Expired,1,Medium,A0095,Agent
POL003820,C00239,Home,2024-07-08,2039-07-08,12470.0,6667400.0,Annually,Active,15,Low,A0083,Online
POL003821,C03087,Life,2023-08-28,2053-08-28,52350.0,3224800.0,Monthly,Active,30,Low,A0078,Online
POL003822,C01328,Health,2025-09-18,2028-09-18,24500.0,500000.0,Annually,Active,3,Medium,A0054,Bancassurance
POL003823,C04087,Health,2023-06-26,2024-06-26,50800.0,1000000.0,Monthly,Lapsed,1,Medium,A0056,Corporate
POL003824,C04958,Motor,2023-05-02,2024-05-01,33090.0,945400.0,Annually,Lapsed,1,Medium,A0091,Agent
POL003825,C00834,Health,2023-02-27,2024-02-27,41140.0,1000000.0,Annually,Expired,1,Low,A0014,Online
POL003826,C03141,Home,2025-08-03,2035-08-03,4300.0,2297400.0,Annually,Active,10,Low,A0084,Agent
POL003827,C03330,Health,2024-11-12,2025-11-12,23120.0,500000.0,Annually,Expired,1,Low,A0072,Online
POL003828,C01103,Motor,2023-12-23,2024-12-22,51210.0,1463300.0,Annually,Expired,1,Medium,A0061,Agent
POL003829,C00037,Home,2025-06-21,2030-06-21,16880.0,7674200.0,Annually,Active,5,Medium,A0095,Corporate
POL003830,C04150,Home,2025-09-25,2040-09-25,16710.0,7597100.0,Annually,Active,15,Medium,A0072,Referral
POL003831,C02601,Health,2023-02-06,2024-02-06,40120.0,1000000.0,Monthly,Lapsed,1,Low,A0095,Agent
POL003832,C04534,Health,2023-01-01,2024-01-01,78200.0,2000000.0,Annually,Expired,1,Low,A0032,Bancassurance
POL003833,C01289,Motor,2024-01-17,2025-01-16,11490.0,328200.0,Annually,Expired,1,Medium,A0100,Referral
POL003834,C02710,Health,2024-11-09,2027-11-09,11460.0,300000.0,Quarterly,Lapsed,3,Medium,A0080,Referral
POL003835,C02549,Health,2025-03-14,2028-03-14,47200.0,1000000.0,Annually,Active,3,Medium,A0021,Online
POL003836,C02973,Motor,2025-03-09,2026-03-09,25710.0,734500.0,Annually,Active,1,Medium,A0023,Bancassurance
POL003837,C00555,Motor,2025-02-26,2026-02-26,18860.0,538900.0,Annually,Active,1,Medium,A0002,Corporate
POL003838,C01472,Life,2024-03-17,2044-03-17,49780.0,3066000.0,Annually,Active,20,Low,A0027,Online
POL003839,C03724,Life,2024-02-03,2039-02-03,63140.0,3504000.0,Monthly,Active,15,Low,A0028,Referral
POL003840,C04535,Health,2024-01-18,2026-01-18,68100.0,1500000.0,Quarterly,Active,2,Medium,A0077,Online
POL003841,C01387,Health,2025-09-02,2026-09-02,44200.0,1000000.0,Annually,Active,1,Low,A0065,Agent
POL003842,C02967,Life,2024-04-23,2034-04-23,44750.0,2380500.0,Annually,Active,10,Medium,A0081,Agent
POL003843,C03121,Health,2024-01-30,2027-01-28,43180.0,1000000.0,Annually,Active,3,Low,A0019,Agent
POL003844,C02272,Motor,2023-02-12,2024-02-12,30700.0,877000.0,Annually,Expired,1,Medium,A0013,Corporate
POL003845,C02245,Health,2024-09-15,2025-09-15,43550.0,500000.0,Quarterly,Expired,1,High,A0025,Corporate
POL003846,C01997,Travel,2025-03-05,2025-04-14,11610.0,967500.0,Monthly,Lapsed,1,Medium,A0085,Bancassurance
POL003847,C03271,Health,2024-08-07,2026-08-07,79800.0,1500000.0,Monthly,Active,2,Medium,A0037,Corporate
POL003848,C04202,Life,2024-12-13,2039-12-13,72600.0,3529400.0,Annually,Lapsed,15,Low,A0089,Bancassurance
POL003849,C04424,Health,2023-02-26,2024-02-26,36550.0,1000000.0,Annually,Expired,1,Low,A0032,Corporate
POL003850,C03356,Health,2023-05-30,2025-05-28,45730.0,1000000.0,Monthly,Expired,2,Low,A0020,Bancassurance
POL003851,C02628,Motor,2025-04-05,2026-04-05,34460.0,984600.0,Annually,Active,1,Medium,A0005,Corporate
POL003852,C01899,Motor,2023-06-30,2024-06-29,61790.0,1765400.0,Annually,Expired,1,Medium,A0053,Agent
POL003853,C02780,Travel,2023-09-09,2023-09-21,1500.0,100500.0,Annually,Expired,1,Medium,A0083,Agent
POL003854,C04378,Travel,2023-07-03,2023-08-15,4740.0,464500.0,Annually,Expired,1,Low,A0025,Bancassurance
POL003855,C00973,Motor,2025-05-12,2026-05-12,36520.0,1227500.0,Annually,Active,1,Low,A0051,Referral
POL003856,C02417,Health,2025-05-12,2027-05-12,16140.0,300000.0,Annually,Active,2,Medium,A0043,Agent
POL003857,C03278,Health,2024-01-08,2025-01-08,31620.0,750000.0,Monthly,Expired,1,Low,A0078,Agent
POL003858,C03304,Motor,2025-04-15,2026-04-15,49600.0,1417200.0,Annually,Active,1,Medium,A0088,Referral
POL003859,C01448,Motor,2023-06-09,2024-06-08,17150.0,489900.0,Annually,Lapsed,1,Medium,A0027,Online
POL003860,C02787,Motor,2024-11-05,2025-11-05,53330.0,1523600.0,Annually,Expired,1,Medium,A0018,Corporate
POL003861,C04034,Health,2024-07-20,2025-07-20,43690.0,1000000.0,Monthly,Lapsed,1,Low,A0028,Agent
POL003862,C04581,Life,2023-03-02,2033-03-02,73160.0,4720000.0,Quarterly,Active,10,Medium,A0040,Agent
POL003863,C02553,Motor,2023-10-10,2024-10-09,20570.0,587800.0,Annually,Expired,1,Medium,A0035,Agent
POL003864,C01513,Motor,2024-10-08,2025-10-08,14310.0,409000.0,Annually,Expired,1,Medium,A0061,Agent
POL003865,C02914,Home,2023-05-15,2024-05-15,5480.0,2931100.0,Annually,Expired,1,Low,A0073,Agent
POL003866,C04937,Motor,2024-10-26,2025-10-26,37800.0,830700.0,Monthly,Expired,1,High,A0001,Bancassurance
POL003867,C01946,Life,2024-06-21,2039-06-21,62130.0,4224800.0,Quarterly,Lapsed,15,Low,A0056,Online
POL003868,C00501,Health,2023-05-26,2025-05-26,12340.0,300000.0,Monthly,Expired,2,Low,A0042,Online
POL003869,C01131,Life,2024-05-26,2054-05-26,53150.0,3614500.0,Annually,Active,30,Low,A0015,Agent
POL003870,C00934,Life,2025-08-19,2050-08-19,27990.0,1809200.0,Annually,Active,25,Low,A0027,Corporate
POL003871,C03789,Health,2023-07-17,2024-07-17,15600.0,300000.0,Quarterly,Expired,1,Medium,A0073,Agent
POL003872,C02653,Home,2025-06-09,2035-06-09,4930.0,2638100.0,Annually,Active,10,Low,A0043,Online
POL003873,C02165,Motor,2023-08-21,2024-08-20,38590.0,1102600.0,Annually,Expired,1,Medium,A0011,Referral
POL003874,C04473,Life,2025-01-01,2035-01-01,37190.0,2310000.0,Annually,Active,10,Medium,A0074,Agent
POL003875,C01450,Health,2024-03-10,2027-03-10,17260.0,500000.0,Annually,Active,3,Low,A0071,Agent
POL003876,C01346,Home,2024-03-24,2029-03-24,2060.0,1101800.0,Annually,Active,5,Low,A0065,Online
POL003877,C04533,Home,2023-05-20,2038-05-20,11610.0,5276100.0,Annually,Active,15,Medium,A0066,Bancassurance
POL003878,C00686,Life,2025-08-01,2050-08-01,68170.0,4669000.0,Monthly,Active,25,Medium,A0010,Agent
POL003879,C03174,Life,2024-11-09,2039-11-09,53500.0,2968900.0,Annually,Active,15,Low,A0008,Online
POL003880,C04428,Life,2023-04-14,2033-04-14,69120.0,3836000.0,Quarterly,Active,10,Low,A0081,Online
POL003881,C02591,Health,2024-05-18,2026-05-18,62480.0,1500000.0,Annually,Active,2,Low,A0089,Agent
POL003882,C04634,Motor,2025-02-08,2026-02-08,32410.0,926100.0,Annually,Active,1,Medium,A0018,Online
POL003883,C03661,Motor,2024-11-14,2025-11-14,37410.0,1069000.0,Annually,Expired,1,Medium,A0045,Bancassurance
POL003884,C03023,Health,2024-06-04,2025-06-04,17400.0,300000.0,Quarterly,Expired,1,Medium,A0010,Online
POL003885,C04503,Travel,2023-07-01,2023-07-18,2480.0,207000.0,Annually,Expired,1,Medium,A0016,Online
POL003886,C04493,Life,2024-06-14,2044-06-14,60550.0,3789000.0,Monthly,Lapsed,20,Low,A0036,Online
POL003887,C00370,Health,2023-05-10,2025-05-10,30200.0,500000.0,Monthly,Expired,2,Medium,A0094,Agent
POL003888,C04078,Health,2024-01-04,2025-01-04,15370.0,300000.0,Monthly,Expired,1,High,A0072,Corporate
POL003889,C00090,Health,2024-05-15,2027-05-15,12340.0,300000.0,Quarterly,Active,3,Low,A0040,Agent
POL003890,C03032,Health,2023-03-23,2024-03-23,20310.0,500000.0,Annually,Lapsed,1,Low,A0073,Agent
POL003891,C04980,Health,2024-03-16,2027-03-16,13570.0,300000.0,Quarterly,Active,3,Low,A0044,Agent
POL003892,C00190,Motor,2023-02-23,2024-02-23,6390.0,182500.0,Annually,Expired,1,Medium,A0089,Online
POL003893,C02374,Life,2023-06-12,2043-06-12,115060.0,4530000.0,Monthly,Active,20,Medium,A0074,Online
POL003894,C02621,Health,2025-01-17,2028-01-17,11120.0,300000.0,Annually,Lapsed,3,Low,A0074,Corporate
POL003895,C03806,Health,2024-02-28,2025-02-28,28200.0,750000.0,Monthly,Expired,1,Medium,A0093,Agent
POL003896,C01501,Travel,2024-12-31,2025-02-19,3230.0,268800.0,Monthly,Expired,1,Medium,A0065,Agent
POL003897,C03360,Home,2025-09-09,2035-09-09,11600.0,6204100.0,Annually,Active,10,Low,A0072,Referral
POL003898,C04196,Health,2025-07-27,2026-07-27,14020.0,300000.0,Monthly,Active,1,Low,A0038,Bancassurance
POL003899,C01884,Motor,2023-06-05,2024-06-04,36150.0,1033000.0,Monthly,Expired,1,Medium,A0071,Agent
POL003900,C01685,Health,2023-06-03,2024-06-03,30900.0,750000.0,Annually,Expired,1,Medium,A0026,Bancassurance
POL003901,C00279,Motor,2025-04-24,2026-04-24,11640.0,332600.0,Annually,Active,1,Medium,A0044,Agent
POL003902,C01282,Health,2024-12-20,2025-12-20,35530.0,1000000.0,Monthly,Expired,1,Low,A0021,Corporate
POL003903,C03760,Health,2025-08-04,2026-08-04,28100.0,500000.0,Annually,Active,1,Medium,A0015,Online
POL003904,C00492,Health,2024-08-31,2025-08-28,26650.0,750000.0,Quarterly,Expired,1,Low,A0021,Online
POL003905,C04343,Home,2024-09-17,2034-09-17,9340.0,4995000.0,Annually,Active,10,Low,A0057,Bancassurance
POL003906,C01373,Life,2024-08-02,2049-08-02,66030.0,3771000.0,Annually,Active,25,Low,A0096,Corporate
POL003907,C01916,Travel,2023-10-19,2023-11-23,9990.0,979500.0,Annually,Lapsed,1,Low,A0053,Agent
POL003908,C00548,Life,2024-08-22,2039-08-22,14290.0,999000.0,Quarterly,Cancelled,15,Medium,A0056,Referral
POL003909,C04413,Motor,2024-04-25,2025-04-25,49580.0,1089600.0,Annually,Expired,1,High,A0099,Agent
POL003910,C03360,Home,2024-07-04,2029-07-04,1820.0,971900.0,Monthly,Active,5,Low,A0015,Agent
POL003911,C00857,Motor,2023-10-29,2024-10-28,17420.0,382800.0,Annually,Lapsed,1,High,A0046,Bancassurance
POL003912,C04102,Health,2023-01-01,2026-01-01,75400.0,1000000.0,Quarterly,Lapsed,3,High,A0014,Corporate
POL003913,C04522,Life,2025-06-13,2035-06-13,220170.0,11901000.0,Annually,Active,10,Medium,A0081,Agent
POL003914,C02550,Motor,2024-07-06,2025-07-06,47540.0,1358400.0,Annually,Expired,1,Medium,A0014,Agent
POL003915,C04664,Life,2025-03-02,2040-03-02,75270.0,4362000.0,Quarterly,Active,15,Low,A0014,Bancassurance
POL003916,C01239,Health,2023-10-13,2024-10-13,44800.0,1000000.0,Quarterly,Expired,1,Medium,A0014,Agent
POL003917,C04367,Motor,2024-08-18,2025-08-18,57740.0,1649700.0,Annually,Expired,1,Medium,A0002,Online
POL003918,C04533,Motor,2023-11-07,2024-11-06,49580.0,1416600.0,Monthly,Expired,1,Medium,A0100,Referral
POL003919,C04690,Life,2023-07-04,2033-07-04,40630.0,2763000.0,Annually,Active,10,Low,A0051,Agent
POL003920,C03302,Home,2025-09-12,2030-09-12,2300.0,1230600.0,Annually,Active,5,Low,A0090,Corporate
POL003921,C00265,Health,2024-03-05,2026-03-05,43600.0,1000000.0,Annually,Active,2,Medium,A0094,Corporate
POL003922,C03902,Home,2023-10-20,2038-10-20,14170.0,7575000.0,Annually,Lapsed,15,Low,A0071,Agent
POL003923,C03952,Health,2023-09-24,2025-09-24,32250.0,750000.0,Annually,Expired,2,Medium,A0069,Corporate
POL003924,C00493,Life,2023-02-27,2053-02-27,39150.0,2526000.0,Monthly,Active,30,Medium,A0071,Online
POL003925,C01663,Life,2025-06-05,2045-06-05,100920.0,4967600.0,Quarterly,Active,20,Low,A0054,Corporate
POL003926,C01541,Motor,2023-12-05,2024-12-04,55550.0,1587000.0,Annually,Expired,1,Medium,A0055,Agent
POL003927,C01926,Life,2024-07-11,2044-07-11,267490.0,14697000.0,Annually,Lapsed,20,Medium,A0004,Agent
POL003928,C01351,Home,2025-05-22,2030-05-22,17450.0,7933300.0,Annually,Active,5,Medium,A0033,Online
POL003929,C04275,Life,2024-06-04,2034-06-04,45880.0,2826200.0,Monthly,Lapsed,10,Low,A0033,Agent
POL003930,C04869,Health,2025-10-01,2026-10-01,13800.0,300000.0,Annually,Active,1,Medium,A0016,Online
POL003931,C04746,Life,2023-03-15,2038-03-15,438610.0,18585000.0,Annually,Active,15,Medium,A0077,Online
POL003932,C00763,Health,2025-03-17,2026-03-17,42160.0,1000000.0,Monthly,Active,1,Low,A0028,Online
POL003933,C04909,Health,2025-08-31,2026-08-28,70120.0,1500000.0,Annually,Active,1,Low,A0032,Agent
POL003934,C04596,Health,2023-02-07,2024-02-07,43050.0,750000.0,Monthly,Expired,1,Medium,A0069,Bancassurance
POL003935,C01405,Health,2025-03-13,2026-03-13,38800.0,1000000.0,Annually,Active,1,Medium,A0037,Agent
POL003936,C00617,Health,2023-12-19,2026-12-19,24800.0,500000.0,Quarterly,Active,3,Medium,A0071,Online
POL003937,C03112,Motor,2024-09-25,2025-09-25,15760.0,450300.0,Annually,Expired,1,Medium,A0054,Online
POL003938,C00932,Health,2024-10-12,2025-10-12,42160.0,1000000.0,Quarterly,Expired,1,Low,A0100,Bancassurance
POL003939,C03544,Motor,2023-10-11,2024-10-10,19790.0,665300.0,Annually,Lapsed,1,Low,A0038,Online
POL003940,C04438,Health,2024-12-05,2026-12-05,45400.0,1000000.0,Quarterly,Active,2,Medium,A0041,Online
POL003941,C00119,Motor,2023-09-02,2024-09-01,19290.0,551100.0,Annually,Expired,1,Medium,A0039,Agent
POL003942,C03770,Life,2024-01-09,2049-01-09,68480.0,3549000.0,Annually,Active,25,Low,A0009,Online
POL003943,C00521,Health,2025-04-18,2026-04-18,39900.0,750000.0,Annually,Active,1,Medium,A0096,Corporate
POL003944,C03916,Travel,2024-11-27,2025-01-03,3400.0,283400.0,Annually,Expired,1,Medium,A0035,Agent
POL003945,C03566,Health,2023-11-18,2024-11-18,53200.0,1000000.0,Quarterly,Expired,1,Medium,A0026,Online
POL003946,C03598,Health,2024-10-19,2025-10-19,44200.0,1000000.0,Annually,Expired,1,Low,A0040,Agent
POL003947,C00341,Travel,2025-07-14,2025-07-30,1540.0,151100.0,Annually,Expired,1,Low,A0100,Agent
POL003948,C00910,Motor,2023-02-17,2024-02-17,26680.0,762300.0,Annually,Expired,1,Medium,A0081,Agent
POL003949,C01275,Home,2023-03-21,2024-03-21,2870.0,1302400.0,Annually,Expired,1,Medium,A0074,Online
POL003950,C04999,Motor,2024-08-31,2025-08-31,39810.0,1137500.0,Annually,Expired,1,Medium,A0093,Agent
POL003951,C03973,Life,2024-12-26,2039-12-26,49120.0,2580000.0,Monthly,Active,15,Low,A0039,Online
POL003952,C00802,Motor,2025-09-14,2026-09-14,53890.0,1184500.0,Annually,Active,1,High,A0037,Online
POL003953,C02127,Home,2023-02-15,2033-02-15,10420.0,5574600.0,Monthly,Active,10,Low,A0085,Agent
POL003954,C04475,Motor,2023-07-29,2024-07-28,53840.0,1538200.0,Monthly,Expired,1,Medium,A0093,Agent
POL003955,C01251,Health,2024-10-29,2025-10-28,77740.0,1000000.0,Quarterly,Lapsed,1,High,A0015,Agent
POL003956,C01489,Health,2025-09-09,2026-09-09,12040.0,300000.0,Monthly,Active,1,Low,A0055,Online
POL003957,C01389,Home,2024-08-30,2025-08-28,11420.0,5190400.0,Annually,Expired,1,Medium,A0014,Online
POL003958,C02514,Travel,2023-06-15,2023-07-24,8220.0,684800.0,Monthly,Expired,1,Medium,A0061,Online
POL003959,C04229,Health,2023-10-12,2025-10-12,64600.0,1000000.0,Quarterly,Expired,2,Medium,A0016,Online
POL003960,C00015,Motor,2024-09-04,2025-09-04,56790.0,1622500.0,Monthly,Expired,1,Medium,A0052,Bancassurance
POL003961,C03815,Home,2023-01-07,2033-01-07,2390.0,1276100.0,Annually,Active,10,Low,A0090,Agent
POL003962,C04407,Health,2025-05-23,2027-05-23,59420.0,1500000.0,Annually,Active,2,Low,A0022,Online
POL003963,C00189,Motor,2023-11-25,2024-11-24,13940.0,398200.0,Annually,Expired,1,Medium,A0041,Online
POL003964,C02189,Motor,2023-03-21,2024-03-20,52620.0,1503300.0,Annually,Expired,1,Medium,A0085,Agent
POL003965,C00464,Motor,2024-10-26,2025-10-26,33470.0,956200.0,Monthly,Expired,1,Medium,A0026,Corporate
POL003966,C00112,Home,2025-03-13,2040-03-13,7920.0,4236600.0,Annually,Active,15,Low,A0035,Agent
POL003967,C04620,Motor,2024-03-05,2025-03-05,45370.0,997100.0,Annually,Expired,1,High,A0071,Referral
POL003968,C03065,Health,2024-05-19,2025-05-19,37600.0,1000000.0,Monthly,Lapsed,1,Medium,A0006,Agent
POL003969,C04549,Health,2025-06-12,2028-06-12,57120.0,1500000.0,Quarterly,Active,3,Low,A0024,Agent
POL003970,C04298,Home,2024-12-13,2034-12-13,1940.0,1039200.0,Monthly,Active,10,Low,A0025,Referral
POL003971,C03368,Motor,2023-08-08,2024-08-07,15630.0,525500.0,Monthly,Expired,1,Low,A0047,Agent
POL003972,C02200,Health,2023-01-12,2026-01-12,30090.0,750000.0,Monthly,Active,3,Low,A0002,Online
POL003973,C04098,Life,2025-08-31,2035-08-28,43830.0,2578100.0,Quarterly,Active,10,Low,A0091,Online
POL003974,C02563,Life,2024-10-01,2049-10-01,30660.0,1605000.0,Monthly,Active,25,Medium,A0079,Agent
POL003975,C00863,Health,2025-04-25,2027-04-25,31400.0,500000.0,Annually,Active,2,Medium,A0019,Agent
POL003976,C01965,Home,2025-04-26,2030-04-26,13610.0,7278000.0,Annually,Active,5,Low,A0085,Online
POL003977,C04337,Home,2025-05-30,2030-05-28,4590.0,2087700.0,Annually,Active,5,Medium,A0091,Corporate
POL003978,C01898,Health,2024-11-05,2025-11-05,12800.0,300000.0,Quarterly,Expired,1,Low,A0002,Online
POL003979,C04260,Home,2024-05-12,2029-05-12,7060.0,3777400.0,Monthly,Active,5,Low,A0043,Online
POL003980,C03849,Motor,2024-04-09,2025-04-09,40070.0,1145000.0,Annually,Expired,1,Medium,A0001,Bancassurance
POL003981,C02176,Health,2024-09-14,2026-09-14,37310.0,500000.0,Quarterly,Lapsed,2,High,A0073,Online
POL003982,C01781,Motor,2023-08-03,2024-08-02,16350.0,467200.0,Annually,Expired,1,Medium,A0011,Referral
POL003983,C03366,Motor,2025-08-27,2026-08-27,17020.0,486200.0,Annually,Active,1,Medium,A0046,Agent
POL003984,C03708,Life,2025-06-13,2045-06-13,90150.0,5211000.0,Monthly,Lapsed,20,Medium,A0075,Corporate
POL003985,C02811,Health,2024-08-21,2025-08-21,24500.0,500000.0,Monthly,Expired,1,Medium,A0028,Online
POL003986,C01865,Life,2023-09-12,2048-09-12,36970.0,2385000.0,Monthly,Active,25,Medium,A0064,Agent
POL003987,C02763,Motor,2025-04-21,2026-04-21,55370.0,1581900.0,Annually,Active,1,Medium,A0026,Agent
POL003988,C01416,Home,2023-05-22,2033-05-22,15080.0,6854200.0,Annually,Active,10,Medium,A0092,Online
POL003989,C00117,Motor,2025-09-13,2026-09-13,45800.0,1308600.0,Annually,Cancelled,1,Medium,A0100,Online
POL003990,C04749,Motor,2024-03-15,2025-03-15,59090.0,1688400.0,Annually,Expired,1,Medium,A0095,Agent
POL003991,C03965,Health,2023-06-30,2024-06-28,13870.0,300000.0,Annually,Expired,1,Low,A0077,Corporate
POL003992,C04522,Health,2023-08-28,2026-08-28,46000.0,1000000.0,Annually,Active,3,Medium,A0077,Agent
POL003993,C01211,Health,2025-08-02,2027-08-02,14160.0,300000.0,Quarterly,Active,2,Medium,A0064,Agent
POL003994,C01696,Home,2025-05-31,2030-05-28,15510.0,7048300.0,Annually,Active,5,Medium,A0061,Referral
POL003995,C03252,Life,2025-06-13,2050-06-13,38060.0,2607000.0,Monthly,Active,25,Medium,A0065,Agent
POL003996,C03963,Health,2024-04-03,2025-04-03,21080.0,500000.0,Annually,Lapsed,1,Low,A0046,Online
POL003997,C03896,Life,2024-10-07,2039-10-07,66740.0,3459100.0,Annually,Active,15,Low,A0053,Agent
POL003998,C00100,Life,2024-07-25,2039-07-25,100460.0,5655000.0,Monthly,Active,15,Low,A0081,Agent
POL003999,C01300,Health,2023-05-20,2024-05-20,20300.0,500000.0,Annually,Expired,1,Medium,A0027,Agent
POL004000,C03638,Life,2023-10-07,2043-10-07,172160.0,9618000.0,Quarterly,Active,20,Medium,A0093,Online
POL004001,C00441,Travel,2023-04-11,2023-05-04,8870.0,869300.0,Annually,Expired,1,Low,A0076,Bancassurance
POL004002,C01736,Motor,2024-01-30,2025-01-29,61640.0,1761200.0,Annually,Expired,1,Medium,A0070,Referral
POL004003,C02195,Health,2025-05-11,2026-05-11,23630.0,500000.0,Annually,Active,1,Low,A0084,Agent
POL004004,C00366,Health,2023-07-24,2024-07-24,29710.0,750000.0,Annually,Expired,1,Low,A0016,Corporate
POL004005,C00946,Life,2024-12-22,2034-12-22,56920.0,3408200.0,Monthly,Active,10,Medium,A0061,Bancassurance
POL004006,C00293,Health,2025-04-01,2026-04-01,57880.0,1500000.0,Monthly,Active,1,Low,A0053,Agent
POL004007,C04508,Life,2024-10-01,2044-10-01,70030.0,3886400.0,Annually,Cancelled,20,Low,A0007,Bancassurance
POL004008,C01190,Motor,2024-05-08,2025-05-08,28160.0,804600.0,Annually,Expired,1,Medium,A0072,Agent
POL004009,C04502,Life,2023-01-06,2043-01-06,31530.0,2034000.0,Quarterly,Active,20,Medium,A0033,Agent
POL004010,C04537,Travel,2025-02-03,2025-03-18,7140.0,595000.0,Annually,Expired,1,Medium,A0007,Agent
POL004011,C01670,Home,2025-03-12,2040-03-12,2440.0,1303400.0,Annually,Active,15,Low,A0021,Agent
POL004012,C03096,Health,2024-11-09,2025-11-09,11280.0,300000.0,Monthly,Expired,1,Medium,A0039,Corporate
POL004013,C00727,Life,2024-11-12,2044-11-12,34010.0,1971000.0,Monthly,Active,20,Low,A0017,Agent
POL004014,C00591,Motor,2023-08-25,2024-08-24,36420.0,1224300.0,Annually,Expired,1,Low,A0039,Online
POL004015,C03699,Travel,2024-03-07,2024-04-25,1890.0,185200.0,Monthly,Expired,1,Low,A0052,Bancassurance
POL004016,C02358,Life,2025-09-17,2035-09-17,34830.0,2328000.0,Annually,Active,10,Low,A0040,Bancassurance
POL004017,C03191,Life,2023-08-16,2038-08-16,88890.0,4268400.0,Annually,Active,15,Low,A0022,Agent
POL004018,C02059,Home,2023-05-24,2033-05-24,7200.0,3851100.0,Monthly,Active,10,Low,A0074,Agent
POL004019,C00418,Health,2023-03-30,2025-03-28,11120.0,300000.0,Monthly,Expired,2,Low,A0096,Agent
POL004020,C03752,Home,2025-01-06,2030-01-06,5000.0,2274500.0,Annually,Active,5,Medium,A0017,Agent
POL004021,C02859,Motor,2024-10-08,2025-10-08,50120.0,1101600.0,Annually,Lapsed,1,High,A0022,Online
POL004022,C01349,Health,2024-07-20,2026-07-20,70120.0,1500000.0,Monthly,Lapsed,2,Low,A0025,Agent
POL004023,C02185,Home,2024-10-07,2034-10-07,12520.0,6695900.0,Annually,Lapsed,10,Low,A0088,Corporate
POL004024,C03288,Motor,2025-02-17,2026-02-17,46880.0,1339300.0,Annually,Lapsed,1,Medium,A0088,Online
POL004025,C03775,Motor,2024-07-12,2025-07-12,35370.0,1010600.0,Annually,Expired,1,Medium,A0004,Agent
POL004026,C00456,Health,2023-04-04,2024-04-04,51400.0,1000000.0,Monthly,Expired,1,Medium,A0024,Corporate
POL004027,C00284,Motor,2025-08-20,2026-08-20,38140.0,1089800.0,Annually,Cancelled,1,Medium,A0054,Online
POL004028,C00127,Life,2023-05-20,2048-05-20,49320.0,2901100.0,Monthly,Active,25,Low,A0069,Online
POL004029,C02525,Life,2025-07-18,2040-07-18,116770.0,4200300.0,Monthly,Active,15,Medium,A0043,Referral
POL004030,C04919,Home,2023-12-25,2038-12-25,13480.0,7210000.0,Annually,Active,15,Low,A0067,Corporate
POL004031,C03210,Motor,2025-04-10,2026-04-10,40690.0,1162500.0,Annually,Active,1,Medium,A0094,Online
POL004032,C03567,Health,2023-04-08,2024-04-08,28200.0,750000.0,Quarterly,Expired,1,Medium,A0080,Agent
POL004033,C00941,Home,2024-06-01,2034-06-01,15470.0,7030200.0,Annually,Active,10,Medium,A0010,Referral
POL004034,C00846,Life,2024-05-30,2039-05-28,80060.0,4205000.0,Annually,Active,15,Low,A0004,Referral
POL004035,C02554,Motor,2024-07-02,2025-07-02,45020.0,1286300.0,Monthly,Lapsed,1,Medium,A0068,Agent
POL004036,C00103,Motor,2023-02-17,2024-02-17,31890.0,1072000.0,Monthly,Expired,1,Low,A0056,Referral
POL004037,C00228,Health,2024-06-04,2027-06-04,32380.0,750000.0,Quarterly,Active,3,Low,A0028,Bancassurance
POL004038,C03795,Motor,2024-05-02,2025-05-02,35880.0,788600.0,Annually,Expired,1,High,A0064,Corporate
POL004039,C00673,Life,2024-11-11,2049-11-11,41210.0,2124000.0,Quarterly,Active,25,Medium,A0035,Online
POL004040,C00043,Health,2023-05-27,2024-05-27,26900.0,500000.0,Annually,Expired,1,Medium,A0090,Online
POL004041,C00736,Life,2023-11-29,2033-11-28,74110.0,4055000.0,Annually,Active,10,Low,A0100,Agent
POL004042,C01239,Health,2023-08-02,2024-08-02,33600.0,750000.0,Monthly,Expired,1,Medium,A0056,Agent
POL004043,C02414,Health,2025-05-10,2026-05-10,18780.0,500000.0,Monthly,Active,1,Low,A0037,Online
POL004044,C01636,Home,2023-01-31,2028-01-28,11930.0,5422800.0,Annually,Active,5,Medium,A0072,Online
POL004045,C03531,Motor,2023-10-31,2024-10-30,40290.0,1151000.0,Monthly,Expired,1,Medium,A0080,Agent
POL004046,C03637,Motor,2023-06-18,2024-06-17,17270.0,493500.0,Annually,Expired,1,Medium,A0045,Online
POL004047,C03344,Health,2023-05-11,2025-05-11,34680.0,750000.0,Annually,Expired,2,Low,A0070,Bancassurance
POL004048,C00767,Home,2024-01-22,2039-01-22,14340.0,7667800.0,Monthly,Active,15,Low,A0067,Agent
POL004049,C04693,Travel,2025-02-21,2025-04-10,9100.0,892500.0,Annually,Expired,1,Low,A0078,Agent
POL004050,C00462,Motor,2024-03-02,2025-03-02,34790.0,994100.0,Annually,Expired,1,Medium,A0088,Agent
POL004051,C01261,Home,2024-06-02,2039-06-02,16680.0,7582300.0,Annually,Active,15,Medium,A0086,Agent
POL004052,C02676,Home,2024-12-07,2034-12-07,10400.0,4726600.0,Annually,Active,10,Medium,A0033,Agent
POL004053,C03063,Home,2024-05-17,2029-05-17,8090.0,4327100.0,Annually,Active,5,Low,A0045,Agent
POL004054,C01439,Health,2025-04-27,2026-04-27,12000.0,300000.0,Quarterly,Active,1,Medium,A0075,Referral
POL004055,C00608,Motor,2023-02-01,2024-02-01,10500.0,300100.0,Monthly,Expired,1,Medium,A0050,Online
POL004056,C01995,Life,2024-02-22,2039-02-22,79050.0,4266000.0,Quarterly,Lapsed,15,Low,A0038,Agent
POL004057,C02290,Life,2023-04-04,2048-04-04,54920.0,2019000.0,Annually,Active,25,Medium,A0027,Agent
POL004058,C03191,Motor,2023-06-04,2024-06-03,50780.0,1450800.0,Annually,Expired,1,Medium,A0004,Online
POL004059,C00131,Motor,2025-04-05,2026-04-05,44370.0,1267700.0,Monthly,Active,1,Medium,A0053,Agent
POL004060,C02935,Life,2025-08-31,2035-08-28,116640.0,7299000.0,Monthly,Active,10,Low,A0065,Online
POL004061,C03385,Health,2024-06-23,2025-06-23,124400.0,2000000.0,Monthly,Expired,1,Medium,A0038,Corporate
POL004062,C01488,Health,2023-07-05,2026-07-05,14160.0,300000.0,Annually,Active,3,Medium,A0020,Bancassurance
POL004063,C03611,Home,2024-04-21,2039-04-21,11920.0,6375900.0,Annually,Lapsed,15,Low,A0004,Agent
POL004064,C04392,Life,2023-01-20,2048-01-20,94750.0,4910800.0,Monthly,Active,25,Low,A0033,Agent
POL004065,C04429,Motor,2023-05-08,2024-05-07,29320.0,837800.0,Annually,Expired,1,Medium,A0026,Agent
POL004066,C01267,Life,2024-01-02,2049-01-02,77680.0,4178600.0,Annually,Active,25,High,A0088,Bancassurance
POL004067,C03902,Health,2023-11-20,2025-11-20,22610.0,500000.0,Annually,Expired,2,Low,A0028,Bancassurance
POL004068,C02880,Home,2023-01-21,2028-01-21,1620.0,867000.0,Annually,Active,5,Low,A0050,Online
POL004069,C02606,Motor,2023-07-26,2024-07-25,59020.0,1686200.0,Annually,Expired,1,Medium,A0070,Corporate
POL004070,C03622,Life,2024-08-18,2049-08-18,183590.0,8925000.0,Annually,Active,25,Low,A0083,Agent
POL004071,C04387,Home,2024-08-29,2034-08-28,13940.0,6334400.0,Annually,Lapsed,10,Medium,A0042,Corporate
POL004072,C04929,Motor,2023-04-08,2024-04-07,43510.0,1462400.0,Annually,Expired,1,Low,A0053,Online
POL004073,C00236,Health,2025-06-02,2026-06-02,33920.0,750000.0,Monthly,Active,1,Low,A0086,Agent
POL004074,C00429,Life,2023-05-16,2048-05-16,79660.0,3825000.0,Quarterly,Active,25,Low,A0046,Referral
POL004075,C03672,Life,2024-10-10,2054-10-10,66250.0,3839600.0,Monthly,Active,30,Low,A0092,Agent
POL004076,C00275,Life,2024-04-20,2044-04-20,97540.0,4801200.0,Monthly,Active,20,Low,A0014,Corporate
POL004077,C02136,Home,2023-08-31,2038-08-28,11150.0,5069600.0,Annually,Active,15,Medium,A0032,Online
POL004078,C00374,Life,2023-11-16,2043-11-16,75010.0,4658800.0,Monthly,Active,20,Medium,A0046,Agent
POL004079,C00909,Health,2023-11-25,2024-11-25,42160.0,1000000.0,Quarterly,Expired,1,Low,A0016,Corporate
POL004080,C03123,Motor,2024-04-12,2025-04-12,46380.0,1325000.0,Monthly,Expired,1,Medium,A0033,Agent
POL004081,C01399,Life,2023-09-03,2043-09-03,45900.0,2700000.0,Annually,Active,20,Medium,A0074,Corporate
POL004082,C00460,Home,2024-09-26,2029-09-26,9140.0,4887300.0,Annually,Active,5,Low,A0083,Online
POL004083,C01018,Home,2025-06-25,2040-06-25,12210.0,6529000.0,Monthly,Active,15,Low,A0098,Online
POL004084,C01152,Motor,2024-05-02,2025-05-02,10130.0,289500.0,Annually,Expired,1,Medium,A0050,Online
POL004085,C01092,Motor,2023-05-09,2024-05-08,51030.0,1457900.0,Annually,Expired,1,Medium,A0004,Online
POL004086,C00015,Health,2025-05-27,2027-05-27,21590.0,500000.0,Monthly,Active,2,Low,A0078,Referral
POL004087,C00973,Travel,2025-01-17,2025-03-06,8340.0,817700.0,Annually,Expired,1,Low,A0070,Corporate
POL004088,C02882,Home,2023-08-04,2024-08-04,9360.0,4253300.0,Annually,Expired,1,Medium,A0080,Agent
POL004089,C01352,Home,2024-07-08,2039-07-08,7740.0,3516500.0,Annually,Lapsed,15,Medium,A0006,Agent
POL004090,C02728,Home,2023-04-28,2038-04-28,16130.0,7332900.0,Annually,Active,15,Medium,A0089,Agent
POL004091,C01222,Health,2025-09-03,2026-09-03,23600.0,500000.0,Monthly,Active,1,Medium,A0075,Online
POL004092,C02981,Motor,2024-10-04,2025-10-04,76480.0,1681000.0,Annually,Expired,1,High,A0044,Online
POL004093,C04661,Motor,2023-05-05,2024-05-04,75110.0,1650700.0,Annually,Expired,1,High,A0025,Agent
POL004094,C01896,Home,2023-08-07,2024-08-07,9330.0,4991900.0,Annually,Expired,1,Low,A0009,Online
POL004095,C04729,Health,2023-09-24,2024-09-24,11280.0,300000.0,Annually,Expired,1,Medium,A0091,Referral
POL004096,C00790,Motor,2024-10-30,2025-10-30,57180.0,1633700.0,Annually,Expired,1,Medium,A0017,Bancassurance
POL004097,C02956,Motor,2024-02-17,2025-02-16,61350.0,1752900.0,Annually,Expired,1,Medium,A0086,Agent
POL004098,C01285,Life,2025-04-22,2050-04-22,303760.0,11550000.0,Quarterly,Active,25,Medium,A0092,Bancassurance
POL004099,C02679,Motor,2024-10-22,2025-10-22,38440.0,1292100.0,Annually,Expired,1,Low,A0005,Agent
POL004100,C00051,Health,2025-05-29,2027-05-28,47770.0,1000000.0,Annually,Active,2,Low,A0072,Agent
POL004101,C00425,Life,2023-07-17,2038-07-17,49520.0,3200900.0,Monthly,Active,15,Low,A0036,Agent
POL004102,C01709,Health,2024-11-27,2025-11-27,37600.0,1000000.0,Annually,Lapsed,1,Medium,A0022,Referral
POL004103,C01586,Motor,2025-04-17,2026-04-17,11600.0,331400.0,Annually,Active,1,Medium,A0071,Agent
POL004104,C00111,Health,2023-08-18,2026-08-18,40120.0,1000000.0,Monthly,Active,3,Low,A0089,Online
POL004105,C01680,Motor,2023-03-02,2024-03-01,37620.0,1075000.0,Annually,Expired,1,Medium,A0016,Agent
POL004106,C03236,Motor,2025-01-22,2026-01-22,62320.0,1780500.0,Annually,Active,1,Medium,A0004,Agent
POL004107,C00676,Health,2023-12-25,2025-12-25,37600.0,1000000.0,Annually,Lapsed,2,Medium,A0030,Online
POL004108,C00081,Life,2025-06-24,2035-06-24,50550.0,2655000.0,Monthly,Active,10,Low,A0055,Online
POL004109,C04966,Home,2024-02-19,2034-02-19,3730.0,1992600.0,Annually,Active,10,Low,A0023,Agent
POL004110,C03511,Motor,2025-01-26,2026-01-26,56580.0,1616600.0,Annually,Active,1,Medium,A0073,Agent
POL004111,C04363,Travel,2024-08-16,2024-10-01,10020.0,982600.0,Annually,Expired,1,Low,A0084,Online
POL004112,C03075,Health,2024-09-26,2027-09-26,55600.0,1000000.0,Annually,Active,3,Medium,A0021,Online
POL004113,C01546,Life,2023-10-03,2043-10-03,197580.0,10518000.0,Annually,Active,20,Low,A0002,Bancassurance
POL004114,C02418,Health,2023-08-23,2024-08-23,21590.0,500000.0,Annually,Expired,1,Low,A0098,Online
POL004115,C02542,Life,2023-01-20,2038-01-20,295700.0,11373000.0,Annually,Active,15,Medium,A0082,Bancassurance
POL004116,C04076,Home,2024-12-06,2029-12-06,4910.0,2233400.0,Annually,Active,5,Medium,A0083,Referral
POL004117,C03093,Home,2023-09-07,2033-09-07,6950.0,3718700.0,Annually,Active,10,Low,A0089,Bancassurance
POL004118,C03081,Motor,2025-01-01,2026-01-01,48120.0,1374700.0,Annually,Active,1,Medium,A0086,Agent
POL004119,C01901,Motor,2023-01-15,2024-01-15,36140.0,1032500.0,Annually,Expired,1,Medium,A0011,Online
POL004120,C04229,Motor,2024-03-03,2025-03-03,31240.0,892600.0,Annually,Lapsed,1,Medium,A0015,Agent
POL004121,C00745,Health,2024-04-09,2027-04-09,29550.0,750000.0,Monthly,Lapsed,3,Medium,A0065,Referral
POL004122,C02575,Motor,2025-05-31,2026-05-31,57770.0,1269600.0,Annually,Active,1,High,A0021,Online
POL004123,C02992,Home,2023-01-31,2033-01-28,1840.0,836700.0,Annually,Active,10,Medium,A0035,Online
POL004124,C03575,Motor,2025-01-24,2026-01-24,42430.0,1212300.0,Annually,Active,1,Medium,A0075,Bancassurance
POL004125,C03780,Motor,2023-10-14,2024-10-13,46890.0,1030600.0,Annually,Lapsed,1,High,A0082,Agent
POL004126,C04340,Health,2023-01-29,2025-01-28,58300.0,750000.0,Quarterly,Expired,2,High,A0047,Agent
POL004127,C01388,Health,2023-04-30,2026-04-28,60640.0,750000.0,Annually,Cancelled,3,High,A0038,Online
POL004128,C02562,Home,2023-05-21,2038-05-21,3960.0,1802000.0,Annually,Active,15,Medium,A0055,Agent
POL004129,C02674,Health,2024-02-18,2026-02-18,36040.0,1000000.0,Annually,Active,2,Low,A0076,Agent
POL004130,C00784,Home,2023-11-20,2033-11-20,7060.0,3208000.0,Annually,Active,10,Medium,A0019,Agent
POL004131,C01247,Health,2024-10-22,2025-10-22,40120.0,1000000.0,Monthly,Expired,1,Low,A0045,Referral
POL004132,C04203,Motor,2023-12-18,2024-12-17,24590.0,702600.0,Annually,Expired,1,Medium,A0054,Online
POL004133,C04420,Motor,2023-12-14,2024-12-13,24330.0,695000.0,Annually,Expired,1,Medium,A0090,Referral
POL004134,C03930,Health,2023-06-01,2026-06-01,34680.0,750000.0,Monthly,Lapsed,3,Low,A0077,Online
POL004135,C04401,Travel,2024-11-11,2024-12-14,7160.0,596300.0,Annually,Expired,1,Medium,A0053,Bancassurance
POL004136,C04081,Home,2023-06-02,2028-06-02,11250.0,6015700.0,Monthly,Active,5,Low,A0071,Online
POL004137,C03933,Health,2024-12-18,2026-12-18,38550.0,750000.0,Monthly,Active,2,Medium,A0047,Agent
POL004138,C02318,Health,2023-08-27,2024-08-27,28700.0,500000.0,Monthly,Expired,1,Medium,A0098,Online
POL004139,C02419,Home,2024-09-08,2029-09-08,1940.0,1038400.0,Annually,Active,5,Low,A0038,Bancassurance
POL004140,C02228,Motor,2025-03-25,2026-03-25,22890.0,653900.0,Annually,Active,1,Medium,A0028,Online
POL004141,C02135,Home,2023-09-06,2033-09-06,13840.0,7403100.0,Annually,Active,10,Low,A0051,Online
POL004142,C02761,Life,2025-09-20,2055-09-20,77370.0,4765600.0,Quarterly,Active,30,Low,A0047,Agent
POL004143,C01474,Travel,2023-03-05,2023-03-11,1500.0,51800.0,Annually,Expired,1,Medium,A0072,Online
POL004144,C04766,Life,2023-07-27,2038-07-27,40760.0,1981700.0,Annually,Active,15,Low,A0096,Agent
POL004145,C00443,Health,2023-07-18,2025-07-18,157040.0,2000000.0,Annually,Expired,2,High,A0042,Agent
POL004146,C00111,Motor,2025-07-01,2026-07-01,59220.0,1691900.0,Annually,Active,1,Medium,A0050,Agent
POL004147,C02702,Travel,2024-01-19,2024-03-01,7000.0,686600.0,Annually,Expired,1,Low,A0100,Agent
POL004148,C01808,Health,2023-02-23,2024-02-23,62400.0,750000.0,Quarterly,Expired,1,High,A0052,Online
POL004149,C04760,Home,2024-02-03,2025-02-03,2190.0,994200.0,Annually,Expired,1,Medium,A0031,Agent
POL004150,C02614,Travel,2025-09-20,2025-11-13,10100.0,990000.0,Annually,Expired,1,Low,A0033,Agent
POL004151,C02612,Health,2025-07-29,2026-07-28,90800.0,2000000.0,Annually,Active,1,Medium,A0078,Corporate
POL004152,C03391,Motor,2023-04-15,2024-04-14,28400.0,624200.0,Annually,Expired,1,High,A0091,Agent
POL004153,C04031,Motor,2023-10-21,2024-10-20,58410.0,1668700.0,Monthly,Expired,1,Medium,A0056,Online
POL004154,C01170,Home,2023-06-26,2028-06-26,17220.0,7828000.0,Annually,Lapsed,5,Medium,A0022,Agent
POL004155,C04243,Travel,2023-07-13,2023-08-10,1500.0,119800.0,Annually,Expired,1,Medium,A0086,Agent
POL004156,C00805,Motor,2025-02-01,2026-02-01,9280.0,311800.0,Annually,Active,1,Low,A0027,Agent
POL004157,C01166,Health,2025-07-24,2027-07-24,43690.0,1000000.0,Annually,Active,2,Low,A0027,Agent
POL004158,C04430,Health,2024-01-13,2025-01-13,29000.0,500000.0,Quarterly,Expired,1,Medium,A0054,Online
POL004159,C04027,Health,2024-04-16,2025-04-16,41200.0,1000000.0,Monthly,Lapsed,1,Medium,A0054,Agent
POL004160,C00621,Travel,2023-04-28,2023-06-25,1500.0,112500.0,Annually,Expired,1,Medium,A0037,Referral
POL004161,C04658,Health,2023-03-12,2025-03-12,39900.0,750000.0,Quarterly,Expired,2,Medium,A0081,Bancassurance
POL004162,C03081,Travel,2025-05-19,2025-06-13,9580.0,939100.0,Annually,Expired,1,Low,A0037,Agent
POL004163,C00694,Life,2024-10-14,2049-10-14,31840.0,1767000.0,Monthly,Active,25,Low,A0072,Agent
POL004164,C02801,Travel,2024-08-23,2024-09-30,8450.0,704500.0,Annually,Lapsed,1,Medium,A0091,Agent
POL004165,C03962,Home,2023-06-17,2038-06-17,14350.0,7674300.0,Annually,Active,15,Low,A0078,Corporate
POL004166,C04190,Motor,2025-04-12,2026-04-12,31970.0,913300.0,Annually,Active,1,Medium,A0071,Bancassurance
POL004167,C00226,Motor,2024-12-26,2025-12-26,33540.0,958400.0,Annually,Expired,1,Medium,A0085,Agent
POL004168,C04232,Health,2024-04-27,2025-04-27,46600.0,1000000.0,Annually,Expired,1,Medium,A0096,Agent
POL004169,C01181,Health,2024-04-23,2025-04-23,32900.0,500000.0,Annually,Expired,1,Medium,A0018,Online
POL004170,C03841,Life,2024-04-18,2039-04-18,55410.0,2871900.0,Monthly,Active,15,Low,A0035,Agent
POL004171,C00101,Life,2023-02-28,2048-02-28,107740.0,4875000.0,Annually,Active,25,Medium,A0070,Bancassurance
POL004172,C02390,Health,2024-11-27,2025-11-27,64500.0,1500000.0,Monthly,Expired,1,Medium,A0027,Corporate
POL004173,C04892,Home,2024-05-18,2034-05-18,12090.0,6465800.0,Monthly,Lapsed,10,Low,A0095,Online
POL004174,C02288,Home,2024-10-18,2029-10-18,2110.0,961200.0,Annually,Active,5,Medium,A0042,Agent
POL004175,C03466,Home,2023-06-07,2028-06-07,11760.0,6289100.0,Annually,Active,5,Low,A0021,Online
POL004176,C03022,Life,2024-08-30,2039-08-28,56550.0,2827500.0,Annually,Active,15,Medium,A0070,Referral
POL004177,C00587,Life,2023-03-19,2043-03-19,104420.0,4481400.0,Quarterly,Active,20,Medium,A0075,Online
POL004178,C03419,Home,2023-12-27,2038-12-27,5810.0,2640500.0,Annually,Lapsed,15,Medium,A0071,Referral
POL004179,C03796,Motor,2024-11-26,2025-11-26,50520.0,1443300.0,Annually,Expired,1,Medium,A0026,Bancassurance
POL004180,C00044,Life,2025-03-05,2035-03-05,64280.0,2216500.0,Quarterly,Active,10,Medium,A0045,Online
POL004181,C01796,Health,2023-05-20,2024-05-20,10960.0,300000.0,Annually,Expired,1,Low,A0089,Agent
POL004182,C03129,Health,2023-12-10,2024-12-10,22860.0,500000.0,Monthly,Expired,1,Low,A0065,Agent
POL004183,C01372,Life,2023-08-23,2048-08-23,69540.0,3753000.0,Annually,Active,25,Low,A0035,Bancassurance
POL004184,C03947,Motor,2023-09-26,2024-09-25,50710.0,1448900.0,Annually,Lapsed,1,Medium,A0017,Bancassurance
POL004185,C01135,Motor,2025-02-28,2026-02-28,30580.0,873600.0,Monthly,Active,1,Medium,A0055,Agent
POL004186,C04037,Health,2025-02-28,2027-02-28,23000.0,500000.0,Monthly,Active,2,Medium,A0061,Bancassurance
POL004187,C01768,Life,2025-03-27,2040-03-27,72120.0,3717500.0,Quarterly,Active,15,Medium,A0020,Bancassurance
POL004188,C03543,Motor,2023-05-21,2024-05-20,43150.0,1232700.0,Annually,Expired,1,Medium,A0001,Agent
POL004189,C02648,Motor,2024-01-17,2025-01-16,48530.0,1386700.0,Annually,Expired,1,Medium,A0039,Agent
POL004190,C00183,Health,2023-08-01,2024-08-01,31800.0,750000.0,Annually,Expired,1,Medium,A0043,Online
POL004191,C04572,Health,2025-08-20,2027-08-20,11420.0,300000.0,Monthly,Active,2,Low,A0015,Bancassurance
POL004192,C00540,Life,2024-04-21,2034-04-21,77420.0,3813900.0,Quarterly,Active,10,Medium,A0030,Bancassurance
POL004193,C00986,Life,2023-07-06,2043-07-06,75560.0,3766700.0,Annually,Active,20,Low,A0090,Online
POL004194,C01208,Health,2023-06-27,2024-06-27,21330.0,500000.0,Annually,Expired,1,Low,A0011,Agent
POL004195,C01729,Motor,2023-11-03,2024-11-02,51890.0,1482500.0,Monthly,Expired,1,Medium,A0081,Online
POL004196,C01476,Health,2025-07-13,2027-07-13,11460.0,300000.0,Annually,Lapsed,2,Medium,A0081,Bancassurance
POL004197,C02149,Motor,2023-05-05,2024-05-04,29480.0,842200.0,Annually,Expired,1,Medium,A0036,Bancassurance
POL004198,C02589,Life,2023-10-27,2038-10-27,103640.0,5991000.0,Annually,Active,15,Medium,A0053,Agent
POL004199,C04879,Motor,2023-04-10,2024-04-09,7280.0,208000.0,Annually,Expired,1,Medium,A0035,Agent
POL004200,C00512,Home,2025-05-18,2026-05-18,5450.0,2912800.0,Annually,Active,1,Low,A0094,Referral
POL004201,C00451,Life,2024-04-27,2044-04-27,69200.0,3952300.0,Annually,Active,20,Low,A0040,Agent
POL004202,C03198,Health,2025-09-09,2026-09-09,28400.0,500000.0,Annually,Active,1,Medium,A0073,Online
POL004203,C01074,Motor,2024-01-22,2025-01-21,22900.0,503300.0,Annually,Expired,1,High,A0033,Agent
POL004204,C03131,Life,2023-09-19,2033-09-19,50710.0,3390000.0,Quarterly,Cancelled,10,Low,A0035,Corporate
POL004205,C03217,Life,2023-05-08,2048-05-08,50620.0,3168000.0,Monthly,Active,25,Low,A0014,Online
POL004206,C02596,Home,2024-04-12,2029-04-12,7110.0,3803300.0,Annually,Active,5,Low,A0074,Agent
POL004207,C04353,Travel,2025-05-28,2025-06-03,9290.0,774500.0,Annually,Expired,1,Medium,A0018,Agent
POL004208,C00108,Health,2024-02-16,2026-02-16,11280.0,300000.0,Quarterly,Lapsed,2,Medium,A0031,Agent
POL004209,C02281,Health,2024-04-26,2025-04-26,80700.0,1500000.0,Monthly,Lapsed,1,Medium,A0077,Online
POL004210,C04206,Health,2023-07-09,2025-07-09,16320.0,300000.0,Annually,Expired,2,Medium,A0099,Bancassurance
POL004211,C02630,Home,2024-04-24,2034-04-24,4110.0,2196600.0,Annually,Active,10,Low,A0082,Bancassurance
POL004212,C02205,Motor,2025-01-30,2026-01-30,21490.0,472200.0,Annually,Active,1,High,A0020,Agent
POL004213,C01329,Health,2025-03-07,2027-03-07,30470.0,750000.0,Annually,Active,2,Low,A0072,Online
POL004214,C01966,Health,2025-04-20,2026-04-20,26900.0,500000.0,Monthly,Active,1,Medium,A0044,Online
POL004215,C03017,Health,2025-04-25,2026-04-25,50800.0,1000000.0,Annually,Lapsed,1,Medium,A0080,Online
POL004216,C01703,Motor,2024-05-10,2025-05-10,25320.0,723300.0,Annually,Expired,1,Medium,A0056,Agent
POL004217,C04793,Health,2024-02-26,2027-02-26,34500.0,750000.0,Monthly,Active,3,Medium,A0089,Agent
POL004218,C04507,Health,2024-08-09,2026-08-09,76200.0,1500000.0,Monthly,Active,2,Medium,A0090,Agent
POL004219,C04988,Travel,2023-11-22,2023-12-09,8710.0,726000.0,Annually,Expired,1,Medium,A0045,Agent
POL004220,C03160,Health,2023-08-16,2024-08-16,32380.0,750000.0,Annually,Expired,1,Low,A0008,Referral
POL004221,C03006,Life,2025-05-19,2040-05-19,35280.0,2467300.0,Monthly,Active,15,Medium,A0045,Agent
POL004222,C00071,Life,2023-08-25,2038-08-25,56910.0,2803200.0,Annually,Lapsed,15,Medium,A0078,Agent
POL004223,C01324,Health,2023-04-14,2026-04-14,92480.0,2000000.0,Annually,Active,3,Low,A0028,Online
POL004224,C04513,Motor,2024-02-10,2025-02-09,15840.0,452700.0,Annually,Lapsed,1,Medium,A0084,Agent
POL004225,C03686,Health,2024-03-05,2025-03-05,53200.0,1000000.0,Annually,Expired,1,Medium,A0071,Online
POL004226,C00180,Motor,2023-12-06,2024-12-05,38930.0,1112400.0,Annually,Expired,1,Medium,A0092,Online
POL004227,C00599,Health,2025-01-01,2026-01-01,42400.0,1000000.0,Quarterly,Active,1,Medium,A0092,Corporate
POL004228,C04527,Life,2023-09-16,2033-09-16,73920.0,4161000.0,Monthly,Active,10,Low,A0021,Agent
POL004229,C03338,Motor,2023-08-31,2024-08-30,5760.0,164700.0,Annually,Lapsed,1,Medium,A0089,Agent
POL004230,C04989,Life,2025-05-06,2040-05-06,26080.0,1715600.0,Annually,Active,15,Medium,A0051,Bancassurance
POL004231,C02959,Health,2025-04-27,2027-04-27,19380.0,300000.0,Monthly,Active,2,Medium,A0037,Online
POL004232,C01933,Home,2023-08-27,2038-08-27,13130.0,7021100.0,Annually,Active,15,Low,A0037,Online
POL004233,C00527,Health,2024-01-13,2025-01-13,27410.0,750000.0,Annually,Expired,1,Low,A0026,Agent
POL004234,C02916,Life,2023-03-30,2038-03-28,72230.0,2778000.0,Monthly,Active,15,Medium,A0066,Bancassurance
POL004235,C00252,Health,2023-04-08,2026-04-08,43500.0,750000.0,Annually,Active,3,Medium,A0057,Online
POL004236,C04046,Motor,2024-12-26,2025-12-26,68000.0,1494600.0,Annually,Expired,1,High,A0083,Bancassurance
POL004237,C02872,Home,2025-07-08,2030-07-08,4210.0,1914700.0,Annually,Active,5,Medium,A0069,Corporate
POL004238,C02469,Life,2023-02-16,2038-02-16,35760.0,2238000.0,Annually,Active,15,Low,A0071,Corporate
POL004239,C02448,Home,2025-05-24,2035-05-24,7960.0,3618500.0,Annually,Active,10,Medium,A0080,Online
POL004240,C02370,Health,2023-08-04,2024-08-04,11730.0,300000.0,Annually,Expired,1,Low,A0055,Online
POL004241,C01994,Motor,2025-06-08,2026-06-08,7130.0,203600.0,Monthly,Active,1,Medium,A0090,Online
POL004242,C03305,Home,2025-03-20,2040-03-20,14360.0,6527000.0,Monthly,Active,15,Medium,A0009,Agent
POL004243,C02496,Life,2025-01-13,2035-01-13,202950.0,12375000.0,Annually,Active,10,Medium,A0081,Online
POL004244,C04554,Health,2024-12-15,2026-12-15,108800.0,2000000.0,Annually,Active,2,Medium,A0055,Agent
POL004245,C04871,Home,2025-03-02,2026-03-02,12030.0,5466400.0,Monthly,Lapsed,1,Medium,A0024,Online
POL004246,C04638,Health,2023-03-29,2025-03-28,40350.0,750000.0,Annually,Expired,2,Medium,A0074,Agent
POL004247,C01952,Life,2025-09-14,2050-09-14,28060.0,1977000.0,Monthly,Active,25,Low,A0053,Referral
POL004248,C01308,Life,2024-10-17,2049-10-17,50230.0,3512800.0,Quarterly,Active,25,Medium,A0009,Bancassurance
POL004249,C04423,Health,2025-03-06,2028-03-06,48400.0,1000000.0,Quarterly,Active,3,Medium,A0088,Agent
POL004250,C00856,Health,2024-01-22,2025-01-22,22850.0,300000.0,Annually,Expired,1,High,A0017,Agent
POL004251,C03971,Life,2024-09-28,2044-09-28,35590.0,2378700.0,Quarterly,Active,20,Low,A0006,Bancassurance
POL004252,C00627,Health,2024-11-30,2025-11-28,80000.0,2000000.0,Monthly,Expired,1,Medium,A0098,Online
POL004253,C03176,Life,2023-12-19,2053-12-19,56550.0,3655500.0,Annually,Active,30,Low,A0030,Online
POL004254,C04588,Home,2024-03-24,2039-03-24,17580.0,7990700.0,Annually,Active,15,Medium,A0036,Corporate
POL004255,C04306,Health,2025-09-18,2027-09-18,20900.0,500000.0,Annually,Active,2,Medium,A0040,Referral
POL004256,C01710,Life,2023-06-11,2033-06-11,40860.0,2517000.0,Monthly,Active,10,Low,A0040,Corporate
POL004257,C04935,Motor,2024-04-02,2025-04-02,81690.0,1795300.0,Annually,Expired,1,High,A0051,Online
POL004258,C03911,Life,2024-07-10,2039-07-10,62820.0,3379200.0,Monthly,Active,15,High,A0033,Corporate
POL004259,C03589,Motor,2023-12-27,2024-12-26,39350.0,1124200.0,Annually,Lapsed,1,Medium,A0016,Referral
POL004260,C03885,Travel,2025-08-15,2025-10-10,9020.0,751700.0,Annually,Expired,1,Medium,A0013,Online
POL004261,C03413,Home,2025-02-12,2040-02-12,2220.0,1188600.0,Annually,Active,15,Low,A0005,Agent
POL004262,C04617,Home,2023-03-18,2033-03-18,13590.0,7269600.0,Annually,Active,10,Low,A0002,Agent
POL004263,C04428,Motor,2025-04-27,2026-04-27,57040.0,1629700.0,Annually,Active,1,Medium,A0014,Bancassurance
POL004264,C02942,Travel,2023-08-13,2023-08-24,10710.0,892800.0,Monthly,Expired,1,Medium,A0086,Corporate
POL004265,C02174,Motor,2025-04-11,2026-04-11,37200.0,1062900.0,Annually,Lapsed,1,Medium,A0090,Agent
POL004266,C04185,Travel,2025-05-17,2025-06-28,1500.0,80200.0,Annually,Expired,1,Low,A0015,Referral
POL004267,C04509,Health,2025-08-05,2028-08-05,37570.0,1000000.0,Annually,Active,3,Low,A0001,Agent
POL004268,C02397,Motor,2025-09-18,2026-09-18,23950.0,684400.0,Annually,Active,1,Medium,A0097,Referral
POL004269,C03995,Home,2025-09-18,2035-09-18,11370.0,6078300.0,Monthly,Active,10,Low,A0053,Bancassurance
POL004270,C04227,Motor,2023-05-31,2024-05-30,30920.0,883400.0,Annually,Expired,1,Medium,A0051,Online
POL004271,C00187,Home,2025-03-07,2026-03-07,14200.0,4963600.0,Annually,Active,1,High,A0008,Agent
POL004272,C02690,Home,2025-05-15,2030-05-15,2530.0,1150200.0,Annually,Active,5,Medium,A0082,Agent
POL004273,C02230,Life,2024-04-28,2034-04-28,22330.0,1227100.0,Monthly,Active,10,Medium,A0024,Referral
POL004274,C01515,Motor,2025-09-21,2026-09-21,58030.0,1657900.0,Annually,Active,1,Medium,A0039,Online
POL004275,C00157,Motor,2024-04-06,2025-04-06,21780.0,622400.0,Annually,Expired,1,Medium,A0077,Online
POL004276,C03490,Health,2023-11-01,2026-11-01,17220.0,300000.0,Annually,Active,3,Medium,A0079,Agent
POL004277,C01901,Home,2024-03-13,2025-03-13,14700.0,7862600.0,Annually,Expired,1,Low,A0002,Online
POL004278,C01376,Travel,2024-09-13,2024-09-25,6240.0,611400.0,Annually,Expired,1,Low,A0038,Agent
POL004279,C02166,Health,2024-08-27,2025-08-27,48450.0,750000.0,Annually,Expired,1,Medium,A0096,Online
POL004280,C00786,Health,2023-12-12,2024-12-12,32700.0,750000.0,Annually,Expired,1,Medium,A0078,Online
POL004281,C02624,Motor,2024-04-11,2025-04-11,29490.0,842400.0,Annually,Expired,1,Medium,A0078,Referral
POL004282,C03705,Health,2024-12-10,2026-12-10,41650.0,1000000.0,Monthly,Active,2,Low,A0069,Agent
POL004283,C00932,Motor,2024-03-12,2025-03-12,7030.0,200700.0,Monthly,Lapsed,1,Medium,A0085,Agent
POL004284,C02619,Health,2023-01-27,2024-01-27,28940.0,750000.0,Monthly,Lapsed,1,Low,A0045,Online
POL004285,C02406,Travel,2023-04-03,2023-04-30,4390.0,366200.0,Annually,Expired,1,Medium,A0057,Referral
POL004286,C01877,Health,2024-06-24,2025-06-24,43950.0,750000.0,Monthly,Expired,1,Medium,A0042,Agent
POL004287,C00677,Health,2025-08-09,2027-08-09,33150.0,750000.0,Quarterly,Active,2,Low,A0089,Online
POL004288,C03044,Motor,2024-07-31,2025-07-31,37750.0,1078500.0,Annually,Expired,1,Medium,A0073,Agent
POL004289,C00461,Health,2025-01-09,2026-01-09,38800.0,1000000.0,Annually,Active,1,Medium,A0027,Referral
POL004290,C01638,Health,2023-01-13,2024-01-13,36980.0,750000.0,Quarterly,Expired,1,Low,A0100,Online
POL004291,C00865,Motor,2023-10-03,2024-10-02,26000.0,873900.0,Annually,Expired,1,Low,A0043,Online
POL004292,C04504,Health,2024-08-30,2025-08-28,72600.0,1500000.0,Annually,Expired,1,Medium,A0019,Agent
POL004293,C01516,Health,2023-09-02,2026-09-02,46600.0,1000000.0,Annually,Active,3,Medium,A0097,Referral
POL004294,C04162,Health,2023-11-16,2025-11-16,43600.0,1000000.0,Monthly,Expired,2,Medium,A0005,Online
POL004295,C04251,Motor,2023-10-21,2024-10-20,33330.0,952400.0,Annually,Expired,1,Medium,A0009,Online
POL004296,C00496,Life,2025-06-19,2040-06-19,26710.0,1620000.0,Annually,Active,15,Low,A0035,Bancassurance
POL004297,C03276,Home,2024-05-21,2029-05-21,14110.0,7545200.0,Annually,Active,5,Low,A0092,Agent
POL004298,C01227,Motor,2023-07-02,2024-07-01,7780.0,261600.0,Annually,Expired,1,Low,A0050,Online
POL004299,C02329,Health,2023-08-08,2024-08-08,64770.0,1500000.0,Quarterly,Expired,1,Low,A0021,Agent
POL004300,C00170,Home,2025-08-04,2030-08-04,5710.0,3053800.0,Annually,Active,5,Low,A0047,Corporate
POL004301,C00079,Home,2023-08-15,2033-08-15,3940.0,2107800.0,Annually,Active,10,Low,A0067,Agent
POL004302,C03062,Motor,2023-11-17,2024-11-16,56440.0,1612400.0,Monthly,Expired,1,Medium,A0005,Bancassurance
POL004303,C03045,Health,2024-08-14,2025-08-14,45220.0,1000000.0,Monthly,Lapsed,1,Low,A0019,Corporate
POL004304,C04874,Motor,2024-08-18,2025-08-18,60450.0,1727200.0,Annually,Expired,1,Medium,A0022,Agent
POL004305,C04669,Life,2023-12-01,2043-12-01,106340.0,5301000.0,Quarterly,Active,20,Low,A0011,Online
POL004306,C00293,Health,2024-07-21,2025-07-21,11580.0,300000.0,Quarterly,Expired,1,Low,A0095,Online
POL004307,C02487,Home,2025-05-08,2035-05-08,14330.0,6512700.0,Annually,Active,10,Medium,A0018,Agent
POL004308,C01168,Motor,2024-07-26,2025-07-26,49590.0,1416700.0,Annually,Expired,1,Medium,A0056,Agent
POL004309,C01679,Motor,2024-03-04,2025-03-04,65470.0,1438900.0,Annually,Expired,1,High,A0007,Bancassurance
POL004310,C02629,Health,2024-12-03,2025-12-03,41650.0,1000000.0,Annually,Expired,1,Low,A0057,Bancassurance
POL004311,C02411,Life,2023-10-24,2033-10-24,120020.0,4839600.0,Annually,Active,10,Medium,A0069,Agent
POL004312,C00947,Motor,2025-01-23,2026-01-23,50540.0,1443900.0,Monthly,Active,1,Medium,A0051,Referral
POL004313,C02065,Motor,2024-03-30,2025-03-30,25500.0,728500.0,Annually,Lapsed,1,Medium,A0055,Online
POL004314,C02466,Health,2024-04-27,2025-04-27,50800.0,1000000.0,Monthly,Expired,1,Medium,A0041,Agent
POL004315,C04133,Life,2025-04-06,2040-04-06,68370.0,2893300.0,Annually,Active,15,Low,A0061,Online
POL004316,C04196,Home,2023-11-09,2028-11-09,6420.0,3435400.0,Annually,Active,5,Low,A0045,Bancassurance
POL004317,C02536,Health,2023-11-20,2025-11-20,20600.0,500000.0,Annually,Expired,2,Medium,A0061,Agent
POL004318,C02989,Travel,2023-09-18,2023-10-01,7650.0,490300.0,Annually,Expired,1,High,A0087,Online
POL004319,C01969,Motor,2024-09-29,2025-09-29,26720.0,763500.0,Annually,Lapsed,1,Medium,A0039,Online
POL004320,C01155,Health,2025-04-05,2028-04-05,28180.0,750000.0,Annually,Active,3,Low,A0011,Online
POL004321,C00847,Home,2025-06-23,2030-06-23,6210.0,3320200.0,Annually,Active,5,Low,A0019,Agent
POL004322,C00020,Life,2025-02-11,2040-02-11,119460.0,6447000.0,Annually,Active,15,Low,A0077,Agent
POL004323,C03864,Home,2023-01-10,2033-01-10,14000.0,7489200.0,Annually,Active,10,Low,A0011,Online
POL004324,C01313,Travel,2023-07-25,2023-09-15,9740.0,954900.0,Annually,Expired,1,Low,A0001,Bancassurance
POL004325,C00225,Health,2025-07-15,2026-07-15,29000.0,500000.0,Monthly,Active,1,Medium,A0008,Online
POL004326,C04475,Motor,2024-04-19,2025-04-19,32460.0,927300.0,Annually,Expired,1,Medium,A0053,Online
POL004327,C00908,Home,2024-08-24,2029-08-24,6210.0,3322800.0,Annually,Lapsed,5,Low,A0088,Bancassurance
POL004328,C03576,Motor,2024-06-20,2025-06-20,7240.0,206900.0,Monthly,Expired,1,Medium,A0015,Referral
POL004329,C04952,Health,2023-03-13,2025-03-13,84300.0,1500000.0,Monthly,Expired,2,Medium,A0045,Agent
POL004330,C01272,Motor,2023-04-06,2024-04-05,54260.0,1550400.0,Annually,Expired,1,Medium,A0023,Online
POL004331,C01089,Motor,2025-03-06,2026-03-06,47190.0,1037100.0,Annually,Active,1,High,A0084,Agent
POL004332,C04227,Health,2024-07-17,2025-07-17,32000.0,750000.0,Monthly,Expired,1,Low,A0030,Online
POL004333,C01705,Motor,2025-07-06,2026-07-06,33690.0,962600.0,Annually,Active,1,Medium,A0033,Bancassurance
POL004334,C01035,Motor,2023-08-18,2024-08-17,54150.0,1547100.0,Annually,Expired,1,Medium,A0086,Online
POL004335,C02777,Health,2023-12-20,2025-12-20,24500.0,500000.0,Monthly,Expired,2,Medium,A0007,Online
POL004336,C02688,Home,2024-03-11,2029-03-11,2260.0,1206100.0,Monthly,Active,5,Low,A0008,Agent
POL004337,C02395,Health,2023-06-25,2024-06-25,52600.0,1000000.0,Annually,Expired,1,Medium,A0064,Bancassurance
POL004338,C01096,Motor,2023-11-09,2024-11-08,28540.0,815400.0,Annually,Expired,1,Medium,A0004,Online
POL004339,C03048,Home,2023-08-27,2028-08-27,7620.0,4076700.0,Annually,Active,5,Low,A0047,Online
POL004340,C03764,Home,2023-06-23,2038-06-23,12210.0,5548000.0,Annually,Active,15,Medium,A0092,Referral
POL004341,C04166,Health,2025-03-30,2026-03-28,40120.0,1000000.0,Quarterly,Lapsed,1,Low,A0007,Online
POL004342,C01613,Motor,2023-09-06,2024-09-05,27900.0,937700.0,Monthly,Lapsed,1,Low,A0020,Online
POL004343,C02817,Motor,2025-05-10,2026-05-10,54360.0,1553200.0,Annually,Active,1,Medium,A0071,Agent
POL004344,C03632,Life,2023-03-14,2048-03-14,50090.0,3660000.0,Annually,Active,25,Low,A0047,Agent
POL004345,C03569,Life,2023-03-07,2053-03-07,63900.0,3448400.0,Quarterly,Active,30,Low,A0076,Online
POL004346,C02943,Health,2024-02-03,2025-02-03,25700.0,500000.0,Quarterly,Expired,1,Medium,A0040,Agent
POL004347,C00393,Life,2023-04-06,2048-04-06,35170.0,2166000.0,Quarterly,Active,25,Low,A0094,Bancassurance
POL004348,C02917,Health,2024-02-02,2026-02-02,42770.0,500000.0,Annually,Active,2,High,A0082,Online
POL004349,C01451,Life,2023-10-16,2043-10-16,55510.0,3474000.0,Monthly,Active,20,Low,A0023,Agent
POL004350,C04705,Life,2025-05-14,2035-05-14,74610.0,4549600.0,Quarterly,Active,10,Medium,A0094,Referral
POL004351,C01998,Life,2024-11-19,2039-11-19,91600.0,6453000.0,Annually,Active,15,Low,A0076,Agent
POL004352,C03211,Health,2025-07-29,2028-07-28,19550.0,500000.0,Monthly,Active,3,Low,A0023,Referral
POL004353,C01169,Health,2024-11-20,2025-11-20,15600.0,300000.0,Annually,Expired,1,Medium,A0064,Agent
POL004354,C02747,Motor,2025-06-21,2026-06-21,28110.0,945000.0,Annually,Active,1,Low,A0092,Agent
POL004355,C04730,Travel,2024-09-24,2024-10-14,1500.0,143200.0,Annually,Expired,1,Low,A0047,Online
POL004356,C04526,Life,2025-07-11,2050-07-11,58480.0,3266800.0,Annually,Active,25,Medium,A0088,Bancassurance
POL004357,C02957,Life,2024-03-02,2039-03-02,121210.0,4608800.0,Quarterly,Active,15,Medium,A0066,Online
POL004358,C00310,Health,2025-04-30,2026-04-28,18800.0,500000.0,Quarterly,Lapsed,1,Medium,A0071,Online
POL004359,C04531,Motor,2024-09-16,2025-09-16,52620.0,1503500.0,Annually,Expired,1,Medium,A0026,Agent
POL004360,C02370,Home,2025-02-15,2030-02-15,10760.0,4889600.0,Annually,Active,5,Medium,A0081,Agent
POL004361,C03645,Motor,2023-04-09,2024-04-08,61840.0,1766900.0,Annually,Expired,1,Medium,A0046,Agent
POL004362,C04722,Health,2023-04-21,2024-04-21,78900.0,1500000.0,Annually,Expired,1,Medium,A0043,Agent
POL004363,C01801,Life,2024-12-29,2044-12-28,69310.0,4796700.0,Monthly,Lapsed,20,Low,A0001,Agent
POL004364,C04349,Travel,2024-04-02,2024-05-05,2080.0,204000.0,Annually,Expired,1,Low,A0030,Online
POL004365,C02271,Health,2024-09-18,2026-09-18,41140.0,1000000.0,Annually,Active,2,Low,A0025,Agent
POL004366,C00261,Health,2024-11-13,2025-11-13,25100.0,500000.0,Monthly,Expired,1,Medium,A0016,Agent
POL004367,C01167,Motor,2024-06-17,2025-06-17,21260.0,607300.0,Annually,Expired,1,Medium,A0096,Online
POL004368,C01277,Motor,2023-12-29,2024-12-28,28680.0,819400.0,Annually,Expired,1,Medium,A0072,Agent
POL004369,C03670,Health,2025-08-28,2028-08-28,76160.0,2000000.0,Quarterly,Active,3,Low,A0024,Agent
POL004370,C04533,Home,2023-07-28,2033-07-28,14980.0,6807600.0,Annually,Active,10,Medium,A0008,Online
POL004371,C01948,Health,2024-05-14,2027-05-14,11420.0,300000.0,Monthly,Active,3,Low,A0079,Referral
POL004372,C02058,Life,2023-03-15,2038-03-15,81940.0,4422000.0,Annually,Active,15,Low,A0032,Bancassurance
POL004373,C01325,Home,2025-02-16,2035-02-16,7940.0,4246500.0,Monthly,Lapsed,10,Low,A0008,Bancassurance
POL004374,C03291,Health,2023-10-15,2024-10-15,30200.0,500000.0,Annually,Expired,1,Medium,A0025,Online
POL004375,C02269,Home,2025-01-12,2030-01-12,8580.0,4586800.0,Monthly,Lapsed,5,Low,A0093,Referral
POL004376,C00663,Health,2023-07-18,2024-07-18,56800.0,1000000.0,Annually,Expired,1,Medium,A0069,Referral
POL004377,C03286,Motor,2024-03-05,2025-03-05,37070.0,1059200.0,Annually,Expired,1,Medium,A0091,Online
POL004378,C04247,Home,2024-09-04,2029-09-04,10910.0,4959000.0,Annually,Active,5,Medium,A0046,Online
POL004379,C03600,Home,2024-04-15,2025-04-15,2390.0,1280300.0,Annually,Expired,1,Low,A0061,Agent
POL004380,C03643,Home,2023-09-01,2033-09-01,6320.0,3378200.0,Annually,Active,10,Low,A0028,Agent
POL004381,C02762,Health,2023-09-16,2026-09-16,12800.0,300000.0,Quarterly,Cancelled,3,Low,A0073,Online
POL004382,C02858,Home,2023-02-17,2038-02-17,7500.0,4009500.0,Annually,Active,15,Low,A0025,Corporate
POL004383,C02063,Life,2024-03-29,2054-03-28,99890.0,3798000.0,Annually,Active,30,Medium,A0088,Agent
POL004384,C02735,Life,2025-01-01,2040-01-01,33120.0,2268700.0,Quarterly,Active,15,Medium,A0036,Agent
POL004385,C02456,Motor,2023-02-19,2024-02-19,6700.0,191600.0,Annually,Expired,1,Medium,A0004,Agent
POL004386,C03348,Motor,2025-09-24,2026-09-24,42650.0,1218500.0,Annually,Active,1,Medium,A0005,Agent
POL004387,C01155,Motor,2025-09-10,2026-09-10,7160.0,204600.0,Annually,Active,1,Medium,A0018,Bancassurance
POL004388,C01377,Motor,2023-05-11,2024-05-10,41980.0,1199400.0,Annually,Lapsed,1,Medium,A0025,Agent
POL004389,C04320,Home,2024-01-13,2034-01-13,12070.0,5486300.0,Monthly,Active,10,Medium,A0070,Referral
POL004390,C01111,Health,2024-08-27,2025-08-27,37600.0,1000000.0,Annually,Expired,1,Medium,A0046,Agent
POL004391,C03982,Life,2024-01-13,2039-01-13,54950.0,2965400.0,Quarterly,Active,15,Low,A0064,Online
POL004392,C02265,Life,2025-08-28,2040-08-28,167600.0,8148000.0,Annually,Active,15,Low,A0087,Online
POL004393,C01483,Motor,2025-09-05,2026-09-05,49480.0,1413800.0,Monthly,Active,1,Medium,A0007,Agent
POL004394,C03570,Motor,2024-12-19,2025-12-19,25750.0,735800.0,Annually,Expired,1,Medium,A0095,Agent
POL004395,C00931,Life,2024-12-15,2039-12-15,72920.0,4713400.0,Annually,Active,15,Low,A0061,Bancassurance
POL004396,C03415,Motor,2024-10-01,2025-10-01,31200.0,685700.0,Annually,Expired,1,High,A0046,Online
POL004397,C04221,Home,2023-03-09,2028-03-09,6320.0,2874300.0,Annually,Active,5,Medium,A0037,Corporate
POL004398,C04526,Motor,2025-08-24,2026-08-24,43840.0,1252600.0,Annually,Active,1,Medium,A0092,Bancassurance
POL004399,C02652,Home,2024-07-13,2039-07-13,12620.0,5735700.0,Annually,Active,15,Medium,A0015,Agent
POL004400,C04132,Motor,2024-06-06,2025-06-06,29980.0,856600.0,Annually,Expired,1,Medium,A0014,Online
POL004401,C03222,Health,2023-08-25,2024-08-25,39400.0,1000000.0,Monthly,Expired,1,Medium,A0030,Online
POL004402,C02059,Home,2025-07-21,2030-07-21,12210.0,5548600.0,Annually,Active,5,Medium,A0040,Agent
POL004403,C01941,Health,2025-01-17,2028-01-17,20600.0,500000.0,Annually,Active,3,Medium,A0070,Online
POL004404,C01944,Health,2024-05-06,2025-05-06,53300.0,1500000.0,Monthly,Expired,1,Low,A0076,Agent
POL004405,C03563,Motor,2025-07-17,2026-07-17,58300.0,1665800.0,Annually,Lapsed,1,Medium,A0087,Corporate
POL004406,C00267,Home,2025-02-10,2026-02-10,6670.0,3032600.0,Annually,Active,1,Medium,A0052,Agent
POL004407,C02603,Health,2023-08-23,2025-08-23,49000.0,1000000.0,Annually,Expired,2,Medium,A0038,Agent
POL004408,C01573,Motor,2023-05-20,2024-05-19,18780.0,536700.0,Annually,Expired,1,Medium,A0009,Referral
POL004409,C01642,Health,2023-09-08,2025-09-08,42670.0,1000000.0,Annually,Expired,2,Low,A0002,Agent
POL004410,C00703,Motor,2025-05-08,2026-05-08,52570.0,1501900.0,Annually,Active,1,Medium,A0013,Agent
POL004411,C01752,Health,2025-08-16,2027-08-16,31700.0,500000.0,Monthly,Lapsed,2,Medium,A0014,Agent
POL004412,C04905,Home,2023-03-15,2033-03-15,12240.0,5564500.0,Annually,Active,10,Medium,A0051,Online
POL004413,C01074,Travel,2025-08-27,2025-09-13,11630.0,969300.0,Monthly,Expired,1,Medium,A0092,Referral
POL004414,C04095,Home,2023-07-26,2033-07-26,14210.0,7600700.0,Annually,Active,10,Low,A0088,Bancassurance
POL004415,C01149,Health,2024-03-09,2026-03-09,11280.0,300000.0,Annually,Active,2,Medium,A0094,Referral
POL004416,C01912,Life,2024-09-18,2044-09-18,44910.0,2391000.0,Annually,Active,20,Low,A0085,Corporate
POL004417,C00292,Health,2024-08-03,2027-08-03,21330.0,500000.0,Monthly,Cancelled,3,Low,A0027,Bancassurance
POL004418,C02593,Home,2023-01-15,2028-01-15,4070.0,1851100.0,Annually,Active,5,Medium,A0036,Agent
POL004419,C03193,Home,2025-05-12,2035-05-12,11700.0,6256900.0,Annually,Active,10,Low,A0046,Online
POL004420,C04403,Life,2023-09-07,2038-09-07,74990.0,3938400.0,Annually,Active,15,Low,A0099,Referral
POL004421,C02950,Life,2023-07-25,2048-07-25,88630.0,6198000.0,Annually,Active,25,Medium,A0055,Online
POL004422,C00744,Motor,2024-06-29,2025-06-29,20120.0,676400.0,Annually,Lapsed,1,Low,A0080,Online
POL004423,C03774,Health,2023-03-23,2024-03-23,66300.0,1500000.0,Quarterly,Expired,1,Low,A0080,Online
POL004424,C01141,Health,2024-01-08,2025-01-08,20600.0,500000.0,Quarterly,Expired,1,Medium,A0009,Agent
POL004425,C04268,Motor,2025-07-19,2026-07-19,7810.0,223100.0,Annually,Active,1,Medium,A0087,Online
POL004426,C04886,Motor,2025-06-11,2026-06-11,15190.0,434000.0,Annually,Active,1,Medium,A0085,Online
POL004427,C01333,Health,2024-11-30,2026-11-28,12180.0,300000.0,Quarterly,Cancelled,2,Medium,A0036,Agent
POL004428,C03158,Life,2025-04-11,2040-04-11,35100.0,2034000.0,Monthly,Active,15,Low,A0002,Corporate
POL004429,C01042,Life,2024-06-24,2044-06-24,52550.0,3675000.0,Annually,Active,20,Medium,A0094,Corporate
POL004430,C04709,Health,2023-11-16,2025-11-16,19040.0,500000.0,Quarterly,Expired,2,Low,A0036,Corporate
POL004431,C01039,Health,2024-02-26,2025-02-26,32000.0,750000.0,Annually,Expired,1,Low,A0028,Online
POL004432,C01088,Motor,2025-06-12,2026-06-12,44520.0,1271900.0,Annually,Active,1,Medium,A0097,Online
POL004433,C00841,Home,2023-05-27,2038-05-27,4730.0,2149800.0,Annually,Lapsed,15,Medium,A0096,Bancassurance
POL004434,C02055,Health,2023-04-30,2025-04-28,14520.0,300000.0,Monthly,Expired,2,Medium,A0027,Online
POL004435,C03612,Health,2024-10-29,2025-10-28,22850.0,300000.0,Quarterly,Expired,1,High,A0023,Agent
POL004436,C02077,Health,2023-03-08,2024-03-08,27500.0,500000.0,Annually,Lapsed,1,Medium,A0081,Agent
POL004437,C00991,Health,2025-08-15,2028-08-15,27800.0,500000.0,Monthly,Active,3,Medium,A0042,Bancassurance
POL004438,C03449,Health,2024-06-08,2026-06-08,22700.0,500000.0,Monthly,Active,2,Medium,A0084,Agent
POL004439,C02888,Motor,2024-01-10,2025-01-09,54850.0,1567100.0,Annually,Lapsed,1,Medium,A0085,Online
POL004440,C00424,Travel,2023-01-14,2023-01-31,2990.0,293100.0,Annually,Expired,1,Low,A0032,Online
POL004441,C03318,Health,2024-08-17,2025-08-17,32380.0,750000.0,Monthly,Expired,1,Low,A0096,Bancassurance
POL004442,C01675,Life,2024-06-29,2044-06-28,47520.0,2463000.0,Annually,Active,20,Low,A0077,Online
POL004443,C03897,Motor,2025-08-21,2026-08-21,60120.0,1717700.0,Annually,Active,1,Medium,A0037,Corporate
POL004444,C04717,Travel,2024-12-23,2025-02-09,1500.0,62500.0,Monthly,Expired,1,Low,A0018,Bancassurance
POL004445,C02806,Health,2023-04-16,2026-04-16,127140.0,1500000.0,Annually,Lapsed,3,High,A0080,Agent
POL004446,C00669,Health,2025-03-22,2026-03-22,54400.0,1000000.0,Annually,Active,1,Medium,A0037,Online
POL004447,C04147,Travel,2024-01-01,2024-01-06,9400.0,921700.0,Annually,Expired,1,Low,A0073,Agent
POL004448,C04330,Health,2024-02-02,2025-02-02,10810.0,300000.0,Monthly,Expired,1,Low,A0082,Agent
POL004449,C01701,Travel,2023-02-17,2023-03-10,5920.0,493000.0,Annually,Lapsed,1,Medium,A0099,Agent
POL004450,C04603,Health,2024-10-09,2026-10-09,32250.0,750000.0,Monthly,Active,2,Medium,A0050,Online
POL004451,C00762,Motor,2023-11-21,2024-11-20,43990.0,1256800.0,Annually,Expired,1,Medium,A0098,Referral
POL004452,C00608,Home,2024-09-30,2029-09-28,5660.0,3024800.0,Annually,Active,5,Low,A0084,Referral
POL004453,C00309,Life,2025-04-06,2050-04-06,69670.0,3828000.0,Annually,Lapsed,25,Medium,A0033,Referral
POL004454,C00657,Home,2024-10-28,2029-10-28,2480.0,1128900.0,Annually,Active,5,Medium,A0084,Agent
POL004455,C03429,Home,2025-06-10,2030-06-10,12010.0,6424600.0,Annually,Active,5,Low,A0039,Agent
POL004456,C03934,Life,2024-06-07,2054-06-07,81270.0,4853300.0,Annually,Active,30,Low,A0009,Online
POL004457,C04324,Life,2025-01-10,2035-01-10,93300.0,4401000.0,Quarterly,Active,10,Medium,A0077,Agent
POL004458,C00584,Life,2024-11-04,2039-11-04,53770.0,3163100.0,Annually,Lapsed,15,Medium,A0082,Agent
POL004459,C00295,Motor,2023-05-15,2024-05-14,59580.0,1702300.0,Annually,Expired,1,Medium,A0073,Online
POL004460,C02640,Motor,2023-01-24,2024-01-24,27960.0,799000.0,Annually,Expired,1,Medium,A0080,Agent
POL004461,C02628,Health,2025-03-11,2026-03-11,43500.0,750000.0,Monthly,Active,1,Medium,A0055,Online
POL004462,C04491,Life,2025-07-06,2050-07-06,109100.0,7686000.0,Annually,Active,25,Low,A0078,Agent
POL004463,C00405,Home,2025-09-06,2035-09-06,13040.0,6971600.0,Annually,Active,10,Low,A0072,Referral
POL004464,C00926,Travel,2023-04-12,2023-06-06,10190.0,998900.0,Annually,Expired,1,Low,A0050,Online
POL004465,C03940,Life,2024-01-15,2049-01-15,36290.0,2271000.0,Annually,Active,25,Low,A0004,Online
POL004466,C04356,Health,2023-06-02,2025-06-02,60400.0,1000000.0,Annually,Expired,2,Medium,A0010,Agent
POL004467,C00710,Health,2025-06-20,2027-06-20,75200.0,2000000.0,Quarterly,Active,2,Medium,A0013,Referral
POL004468,C03814,Travel,2024-08-19,2024-09-05,8420.0,825300.0,Annually,Lapsed,1,Low,A0013,Online
POL004469,C04519,Health,2024-04-21,2026-04-21,12360.0,300000.0,Annually,Active,2,Medium,A0006,Corporate
POL004470,C00609,Motor,2024-12-17,2025-12-17,34360.0,981700.0,Annually,Expired,1,Medium,A0096,Online
POL004471,C03964,Life,2025-05-19,2045-05-19,18220.0,1248000.0,Monthly,Active,20,Medium,A0090,Agent
POL004472,C01599,Life,2024-02-24,2039-02-24,44220.0,2906700.0,Annually,Active,15,Low,A0079,Referral
POL004473,C01561,Travel,2025-07-30,2025-08-27,6570.0,643900.0,Annually,Expired,1,Low,A0052,Agent
POL004474,C02097,Motor,2024-04-03,2025-04-03,81540.0,1792000.0,Annually,Expired,1,High,A0067,Agent
POL004475,C00329,Life,2025-05-05,2040-05-05,91870.0,3660000.0,Annually,Active,15,Medium,A0036,Online
POL004476,C00399,Life,2025-06-16,2045-06-16,57360.0,3589500.0,Annually,Cancelled,20,Low,A0009,Agent
POL004477,C03848,Health,2024-03-15,2026-03-15,38870.0,500000.0,Annually,Active,2,High,A0083,Online
POL004478,C03754,Life,2024-02-13,2044-02-13,79010.0,4944000.0,Monthly,Active,20,Low,A0047,Agent
POL004479,C00240,Life,2025-05-11,2050-05-11,147260.0,7839000.0,Annually,Active,25,Low,A0072,Agent
POL004480,C02454,Home,2024-04-01,2025-04-01,10700.0,4863700.0,Annually,Expired,1,Medium,A0069,Agent
POL004481,C04313,Motor,2024-03-16,2025-03-16,22770.0,650600.0,Annually,Lapsed,1,Medium,A0083,Agent
POL004482,C02186,Home,2024-08-21,2025-08-21,7930.0,3604300.0,Monthly,Lapsed,1,Medium,A0012,Agent
POL004483,C04384,Health,2023-03-01,2024-03-01,24800.0,500000.0,Quarterly,Expired,1,Medium,A0069,Agent
POL004484,C00407,Motor,2023-05-15,2024-05-14,15720.0,528500.0,Annually,Expired,1,Low,A0093,Agent
POL004485,C04741,Motor,2023-08-10,2024-08-09,29250.0,835700.0,Annually,Expired,1,Medium,A0014,Agent
POL004486,C04953,Home,2025-05-03,2030-05-03,10260.0,5487000.0,Annually,Active,5,Low,A0100,Corporate
POL004487,C02079,Motor,2025-07-13,2026-07-13,16280.0,465200.0,Monthly,Active,1,Medium,A0092,Agent
POL004488,C02189,Health,2024-01-21,2026-01-21,14020.0,300000.0,Annually,Active,2,Low,A0038,Online
POL004489,C00378,Health,2023-06-14,2024-06-14,20820.0,500000.0,Annually,Expired,1,Low,A0021,Online
POL004490,C02345,Health,2024-09-11,2025-09-11,43180.0,1000000.0,Annually,Expired,1,Low,A0092,Online
POL004491,C00013,Motor,2023-06-01,2024-05-31,29280.0,836600.0,Annually,Expired,1,Medium,A0016,Online
POL004492,C02240,Health,2024-07-19,2027-07-19,11280.0,300000.0,Monthly,Active,3,Medium,A0055,Online
POL004493,C03827,Life,2024-08-14,2044-08-14,64090.0,4056400.0,Annually,Active,20,Medium,A0079,Online
POL004494,C03781,Health,2024-10-22,2027-10-22,32380.0,750000.0,Annually,Active,3,Low,A0095,Agent
POL004495,C03763,Health,2025-09-11,2026-09-11,14520.0,300000.0,Annually,Active,1,Medium,A0004,Online
POL004496,C02434,Life,2023-07-07,2033-07-07,42980.0,2352000.0,Annually,Active,10,Low,A0082,Bancassurance
POL004497,C03991,Health,2024-11-10,2025-11-10,39000.0,750000.0,Monthly,Expired,1,Medium,A0089,Agent
POL004498,C00664,Motor,2024-03-25,2025-03-25,21300.0,608700.0,Annually,Expired,1,Medium,A0075,Bancassurance
POL004499,C04857,Motor,2024-01-01,2024-12-31,61460.0,1756100.0,Annually,Expired,1,Medium,A0015,Bancassurance
POL004500,C00138,Home,2023-09-13,2024-09-13,11750.0,6284100.0,Annually,Expired,1,Low,A0100,Online
POL004501,C00904,Life,2024-12-21,2044-12-21,31660.0,1782000.0,Monthly,Active,20,Low,A0068,Online
POL004502,C03036,Health,2024-04-19,2025-04-19,42600.0,750000.0,Quarterly,Expired,1,Medium,A0011,Agent
POL004503,C02886,Home,2025-06-30,2030-06-28,3500.0,1590800.0,Annually,Active,5,Medium,A0044,Referral
POL004504,C03869,Health,2025-01-20,2027-01-20,25400.0,500000.0,Annually,Active,2,Medium,A0078,Agent
POL004505,C00028,Health,2024-04-04,2025-04-04,11420.0,300000.0,Quarterly,Expired,1,Low,A0025,Agent
POL004506,C04916,Health,2023-01-09,2026-01-09,23090.0,300000.0,Quarterly,Active,3,High,A0053,Online
POL004507,C01797,Health,2023-07-01,2024-07-01,42400.0,1000000.0,Monthly,Expired,1,Medium,A0099,Corporate
POL004508,C00955,Travel,2023-10-04,2023-10-17,4460.0,371800.0,Annually,Expired,1,Medium,A0016,Bancassurance
POL004509,C00418,Health,2025-03-05,2026-03-05,11120.0,300000.0,Quarterly,Active,1,Low,A0054,Agent
POL004510,C01894,Motor,2023-06-12,2024-06-11,42590.0,1431500.0,Annually,Expired,1,Low,A0051,Corporate
POL004511,C03923,Health,2024-03-21,2027-03-21,13720.0,300000.0,Monthly,Cancelled,3,Low,A0091,Agent
POL004512,C03830,Home,2024-07-27,2034-07-27,14060.0,7521400.0,Monthly,Active,10,Low,A0015,Corporate
POL004513,C02439,Motor,2023-10-03,2024-10-02,62510.0,1786100.0,Annually,Expired,1,Medium,A0019,Online
POL004514,C00043,Home,2023-11-12,2038-11-12,15420.0,7009800.0,Monthly,Active,15,Medium,A0068,Agent
POL004515,C00513,Health,2024-02-04,2025-02-04,39900.0,750000.0,Annually,Expired,1,Medium,A0038,Agent
POL004516,C03892,Motor,2023-06-28,2024-06-27,47570.0,1598900.0,Annually,Expired,1,Low,A0057,Online
POL004517,C01623,Health,2025-07-24,2027-07-24,41140.0,1000000.0,Annually,Cancelled,2,Low,A0090,Agent
POL004518,C03070,Travel,2023-10-26,2023-11-13,4090.0,340800.0,Annually,Expired,1,Medium,A0040,Agent
POL004519,C01200,Motor,2023-05-16,2024-05-15,37690.0,1076700.0,Annually,Expired,1,Medium,A0055,Agent
POL004520,C04757,Travel,2023-01-21,2023-02-09,1500.0,139600.0,Annually,Expired,1,Low,A0098,Agent
POL004521,C04484,Health,2025-08-27,2026-08-27,28700.0,500000.0,Quarterly,Active,1,Medium,A0085,Agent
POL004522,C04160,Life,2025-07-25,2045-07-25,243280.0,9930000.0,Annually,Active,20,Medium,A0076,Agent
POL004523,C00916,Travel,2023-03-27,2023-04-08,6980.0,684400.0,Annually,Expired,1,Low,A0046,Bancassurance
POL004524,C03552,Travel,2025-02-14,2025-03-06,5160.0,505700.0,Monthly,Expired,1,Low,A0041,Online
POL004525,C03200,Home,2024-10-07,2029-10-07,8510.0,3866100.0,Annually,Active,5,Medium,A0085,Agent
POL004526,C01586,Health,2024-04-29,2025-04-28,37600.0,1000000.0,Annually,Lapsed,1,Medium,A0009,Bancassurance
POL004527,C02129,Home,2024-05-01,2034-05-01,15340.0,6970800.0,Annually,Active,10,Medium,A0025,Bancassurance
POL004528,C03790,Life,2023-09-05,2048-09-05,40860.0,2478000.0,Annually,Active,25,Low,A0097,Agent
POL004529,C01779,Health,2024-09-08,2025-09-08,60640.0,750000.0,Monthly,Expired,1,High,A0017,Agent
POL004530,C02430,Motor,2023-04-05,2024-04-04,58310.0,1666000.0,Annually,Expired,1,Medium,A0037,Agent
POL004531,C00059,Health,2024-12-16,2026-12-16,13260.0,300000.0,Monthly,Active,2,Low,A0053,Online
POL004532,C03564,Health,2023-07-12,2024-07-12,21500.0,500000.0,Monthly,Expired,1,Medium,A0010,Agent
POL004533,C01382,Health,2023-12-19,2024-12-19,40630.0,1000000.0,Annually,Expired,1,Low,A0008,Bancassurance
POL004534,C03807,Health,2025-09-07,2026-09-07,57400.0,1000000.0,Quarterly,Active,1,Medium,A0067,Referral
POL004535,C03505,Home,2024-07-26,2034-07-26,4290.0,2295100.0,Monthly,Active,10,Low,A0017,Agent
POL004536,C03425,Home,2023-06-10,2033-06-10,6920.0,3147600.0,Annually,Cancelled,10,Medium,A0007,Agent
POL004537,C02608,Motor,2024-08-07,2025-08-07,7930.0,226500.0,Annually,Expired,1,Medium,A0075,Agent
POL004538,C02595,Health,2025-03-24,2026-03-24,30860.0,750000.0,Annually,Active,1,Low,A0100,Referral
POL004539,C02261,Health,2025-02-22,2028-02-22,58650.0,1500000.0,Annually,Lapsed,3,Low,A0007,Bancassurance
POL004540,C01741,Home,2023-08-31,2028-08-28,4090.0,1859300.0,Annually,Lapsed,5,Medium,A0004,Agent
POL004541,C01012,Motor,2024-07-16,2025-07-16,35450.0,1013000.0,Annually,Expired,1,Medium,A0082,Corporate
POL004542,C01605,Health,2023-01-03,2024-01-03,22610.0,500000.0,Annually,Expired,1,Low,A0057,Agent
POL004543,C02005,Health,2025-05-22,2026-05-22,42600.0,750000.0,Annually,Active,1,Medium,A0097,Online
POL004544,C00324,Health,2023-09-11,2024-09-11,12500.0,300000.0,Quarterly,Expired,1,Low,A0056,Agent
POL004545,C00792,Health,2023-07-15,2024-07-15,28200.0,750000.0,Quarterly,Expired,1,Medium,A0068,Referral
POL004546,C00832,Motor,2024-09-24,2025-09-24,39670.0,872000.0,Annually,Expired,1,High,A0071,Online
POL004547,C04976,Health,2023-03-05,2026-03-05,20060.0,500000.0,Annually,Active,3,Low,A0017,Online
POL004548,C03009,Life,2024-04-07,2044-04-07,62760.0,3532600.0,Monthly,Active,20,Low,A0050,Agent
POL004549,C01970,Health,2024-01-16,2025-01-16,19700.0,500000.0,Quarterly,Lapsed,1,Medium,A0052,Online
POL004550,C00840,Life,2024-02-28,2044-02-28,27260.0,1762400.0,Monthly,Active,20,Low,A0017,Online
POL004551,C02197,Life,2023-04-14,2038-04-14,83120.0,4365500.0,Quarterly,Active,15,Low,A0036,Agent
POL004552,C02514,Health,2025-01-15,2026-01-15,11640.0,300000.0,Annually,Lapsed,1,Medium,A0056,Referral
POL004553,C03263,Motor,2023-02-10,2024-02-10,9120.0,260600.0,Annually,Expired,1,Medium,A0092,Agent
POL004554,C02450,Motor,2024-03-29,2025-03-29,12260.0,350200.0,Annually,Expired,1,Medium,A0069,Online
POL004555,C02892,Home,2025-07-30,2040-07-28,8830.0,4719700.0,Annually,Active,15,Low,A0035,Agent
POL004556,C02630,Travel,2024-06-06,2024-06-13,2580.0,253100.0,Annually,Lapsed,1,Low,A0057,Online
POL004557,C02353,Motor,2023-11-04,2024-11-03,33450.0,955800.0,Annually,Expired,1,Medium,A0097,Online
POL004558,C02222,Home,2024-05-11,2025-05-11,5750.0,3077100.0,Monthly,Lapsed,1,Low,A0053,Agent
POL004559,C01893,Travel,2023-08-08,2023-10-03,7450.0,729900.0,Annually,Expired,1,Low,A0086,Online
POL004560,C03059,Travel,2025-08-25,2025-10-05,2050.0,201000.0,Annually,Expired,1,Low,A0055,Agent
POL004561,C03787,Travel,2023-03-23,2023-05-03,6520.0,639000.0,Annually,Expired,1,Low,A0026,Agent
POL004562,C01819,Health,2024-06-19,2025-06-19,21840.0,500000.0,Monthly,Expired,1,Low,A0039,Corporate
POL004563,C00290,Motor,2024-08-12,2025-08-12,53780.0,1536600.0,Annually,Expired,1,Medium,A0010,Bancassurance
POL004564,C00426,Health,2023-03-05,2024-03-05,57400.0,1000000.0,Annually,Expired,1,Medium,A0097,Referral
POL004565,C00040,Travel,2024-01-27,2024-03-02,8280.0,690200.0,Annually,Expired,1,Medium,A0038,Referral
POL004566,C00551,Travel,2024-04-06,2024-05-17,1500.0,91400.0,Annually,Expired,1,Medium,A0098,Agent
POL004567,C04209,Health,2024-06-05,2025-06-05,24960.0,300000.0,Annually,Lapsed,1,High,A0088,Referral
POL004568,C00035,Home,2025-04-04,2035-04-04,3380.0,1809500.0,Annually,Active,10,Low,A0046,Bancassurance
POL004569,C03966,Life,2025-07-21,2040-07-21,37040.0,2085000.0,Monthly,Active,15,Low,A0095,Corporate
POL004570,C01450,Life,2025-02-26,2035-02-26,45500.0,2880000.0,Quarterly,Active,10,Medium,A0014,Online
POL004571,C04496,Health,2023-03-30,2024-03-28,37650.0,750000.0,Monthly,Expired,1,Medium,A0074,Online
POL004572,C01823,Health,2024-08-26,2027-08-26,63240.0,1500000.0,Monthly,Active,3,Low,A0051,Agent
POL004573,C03578,Health,2024-09-14,2027-09-14,15780.0,300000.0,Annually,Active,3,Medium,A0070,Corporate
POL004574,C03014,Home,2023-06-14,2038-06-14,9310.0,4979300.0,Annually,Active,15,Low,A0008,Agent
POL004575,C04841,Motor,2023-10-17,2024-10-16,22890.0,653900.0,Annually,Expired,1,Medium,A0043,Corporate
POL004576,C01104,Health,2024-05-23,2025-05-23,10960.0,300000.0,Monthly,Expired,1,Low,A0084,Agent
POL004577,C00899,Health,2024-07-28,2027-07-28,37600.0,1000000.0,Annually,Active,3,Medium,A0008,Corporate
POL004578,C02561,Health,2024-01-10,2027-01-10,24440.0,500000.0,Monthly,Active,3,High,A0030,Corporate
POL004579,C04332,Life,2025-08-06,2050-08-06,41540.0,2188400.0,Monthly,Lapsed,25,High,A0031,Referral
POL004580,C02850,Life,2023-03-31,2038-03-28,40850.0,2985200.0,Monthly,Active,15,Low,A0094,Agent
POL004581,C00150,Life,2023-10-18,2038-10-18,44610.0,3119400.0,Monthly,Active,15,Medium,A0023,Agent
POL004582,C02025,Motor,2025-07-14,2026-07-14,41460.0,1184600.0,Annually,Lapsed,1,Medium,A0071,Online
POL004583,C00474,Health,2025-06-16,2026-06-16,42150.0,750000.0,Monthly,Active,1,Medium,A0098,Bancassurance
POL004584,C03142,Health,2024-03-25,2026-03-25,20100.0,300000.0,Monthly,Active,2,Medium,A0006,Agent
POL004585,C00730,Health,2025-01-26,2026-01-26,41650.0,1000000.0,Quarterly,Lapsed,1,Low,A0090,Bancassurance
POL004586,C01666,Motor,2024-03-03,2025-03-03,9270.0,264900.0,Annually,Expired,1,Medium,A0054,Agent
POL004587,C00852,Motor,2024-07-23,2025-07-23,40340.0,1152700.0,Annually,Lapsed,1,Medium,A0057,Online
POL004588,C03778,Life,2025-07-01,2045-07-01,31560.0,1890000.0,Monthly,Active,20,Medium,A0065,Agent
POL004589,C02121,Health,2023-06-20,2025-06-20,47100.0,750000.0,Quarterly,Expired,2,Medium,A0079,Online
POL004590,C03886,Health,2024-07-18,2025-07-18,12650.0,300000.0,Annually,Expired,1,Low,A0061,Bancassurance
POL004591,C03236,Health,2024-06-24,2027-06-24,10960.0,300000.0,Monthly,Active,3,Low,A0006,Online
POL004592,C04476,Life,2025-09-02,2035-09-02,63290.0,3039000.0,Annually,Active,10,Low,A0037,Corporate
POL004593,C01767,Home,2025-05-27,2030-05-27,8520.0,3872000.0,Annually,Lapsed,5,Medium,A0014,Agent
POL004594,C03149,Health,2025-07-14,2028-07-14,68100.0,1500000.0,Quarterly,Lapsed,3,Medium,A0040,Agent
POL004595,C04245,Life,2024-04-18,2044-04-18,30100.0,1980000.0,Annually,Active,20,Medium,A0082,Agent
POL004596,C04328,Motor,2023-12-21,2024-12-20,18370.0,524700.0,Annually,Expired,1,Medium,A0074,Online
POL004597,C03221,Health,2025-01-03,2026-01-03,21500.0,500000.0,Monthly,Active,1,Medium,A0031,Online
POL004598,C00434,Life,2023-04-02,2033-04-02,36210.0,1957400.0,Quarterly,Active,10,Medium,A0089,Online
POL004599,C00282,Motor,2023-07-27,2024-07-26,20350.0,684200.0,Annually,Expired,1,Low,A0023,Bancassurance
POL004600,C02162,Life,2025-04-25,2040-04-25,73440.0,4102700.0,Monthly,Active,15,Medium,A0078,Agent
POL004601,C00042,Home,2024-07-16,2039-07-16,10680.0,4856400.0,Annually,Active,15,Medium,A0100,Online
POL004602,C02170,Health,2024-10-16,2025-10-16,45730.0,1000000.0,Monthly,Lapsed,1,Low,A0011,Referral
POL004603,C00307,Home,2024-02-06,2039-02-06,4490.0,2400700.0,Annually,Active,15,Low,A0028,Agent
POL004604,C03056,Travel,2025-07-26,2025-08-13,6370.0,624400.0,Annually,Expired,1,Low,A0091,Online
POL004605,C04104,Life,2024-09-02,2044-09-02,63170.0,2820000.0,Monthly,Active,20,Medium,A0079,Agent
POL004606,C02717,Motor,2024-03-14,2025-03-14,33170.0,729000.0,Annually,Expired,1,High,A0011,Agent
POL004607,C02438,Motor,2023-01-22,2024-01-22,42250.0,1207200.0,Annually,Expired,1,Medium,A0087,Online
POL004608,C00164,Health,2024-12-14,2025-12-14,28560.0,750000.0,Quarterly,Expired,1,Low,A0032,Corporate
POL004609,C04342,Motor,2023-10-22,2024-10-21,61020.0,1743400.0,Annually,Lapsed,1,Medium,A0011,Agent
POL004610,C02284,Motor,2025-02-21,2026-02-21,62260.0,1778900.0,Annually,Active,1,Medium,A0083,Agent
POL004611,C03123,Health,2025-08-28,2026-08-28,98000.0,2000000.0,Monthly,Active,1,Medium,A0014,Online
POL004612,C04950,Health,2023-09-22,2024-09-22,45400.0,1000000.0,Monthly,Expired,1,Medium,A0074,Referral
POL004613,C04409,Motor,2025-07-26,2026-07-26,56040.0,1601200.0,Annually,Active,1,Medium,A0044,Agent
POL004614,C01553,Life,2023-04-22,2033-04-22,43550.0,2451600.0,Annually,Active,10,Low,A0008,Agent
POL004615,C01170,Motor,2024-02-10,2025-02-09,44100.0,1259900.0,Annually,Lapsed,1,Medium,A0042,Agent
POL004616,C00303,Life,2024-08-02,2049-08-02,63610.0,4104000.0,Annually,Active,25,Medium,A0032,Bancassurance
POL004617,C02677,Health,2024-07-13,2026-07-13,17760.0,300000.0,Quarterly,Active,2,Medium,A0013,Online
POL004618,C03264,Travel,2024-06-10,2024-07-22,2420.0,155400.0,Annually,Expired,1,High,A0006,Agent
POL004619,C01814,Health,2025-01-04,2026-01-04,39450.0,750000.0,Monthly,Active,1,Medium,A0086,Online
POL004620,C03209,Motor,2024-02-27,2025-02-26,34290.0,979700.0,Annually,Expired,1,Medium,A0068,Corporate
POL004621,C04457,Motor,2023-08-26,2024-08-25,58810.0,1680300.0,Annually,Expired,1,Medium,A0100,Online
POL004622,C01940,Travel,2024-01-09,2024-02-24,10290.0,857400.0,Annually,Lapsed,1,Medium,A0016,Agent
POL004623,C00045,Motor,2023-07-14,2024-07-13,43880.0,964400.0,Annually,Expired,1,High,A0030,Corporate
POL004624,C01147,Health,2023-03-01,2026-03-01,26130.0,300000.0,Monthly,Active,3,High,A0020,Online
POL004625,C01876,Travel,2025-01-21,2025-02-24,5910.0,492900.0,Annually,Expired,1,Medium,A0071,Corporate
POL004626,C03788,Health,2024-05-12,2026-05-12,20570.0,500000.0,Monthly,Active,2,Low,A0024,Bancassurance
POL004627,C00266,Motor,2024-07-02,2025-07-02,9500.0,271400.0,Annually,Expired,1,Medium,A0070,Online
POL004628,C03781,Health,2024-07-23,2025-07-23,43180.0,1000000.0,Monthly,Expired,1,Low,A0091,Agent
POL004629,C02267,Motor,2025-08-27,2026-08-27,17550.0,501600.0,Annually,Active,1,Medium,A0035,Agent
POL004630,C02117,Life,2024-07-01,2034-07-01,58780.0,3087000.0,Annually,Active,10,Low,A0009,Online
POL004631,C03544,Motor,2025-03-25,2026-03-25,62170.0,1776300.0,Monthly,Active,1,Medium,A0089,Online
POL004632,C01492,Health,2024-11-02,2025-11-02,42400.0,1000000.0,Annually,Expired,1,Medium,A0037,Agent
POL004633,C03329,Life,2024-05-15,2054-05-15,60880.0,2955400.0,Monthly,Active,30,Medium,A0074,Online
POL004634,C02323,Health,2025-08-13,2027-08-13,30470.0,750000.0,Annually,Active,2,Low,A0027,Online
POL004635,C03098,Travel,2023-08-04,2023-09-18,8510.0,709500.0,Annually,Expired,1,Medium,A0041,Corporate
POL004636,C04518,Home,2023-10-26,2028-10-26,5140.0,2336400.0,Annually,Active,5,Medium,A0066,Agent
POL004637,C03836,Motor,2025-08-30,2026-08-30,16430.0,469500.0,Annually,Lapsed,1,Medium,A0090,Online
POL004638,C03620,Life,2023-09-29,2043-09-28,72750.0,3536900.0,Monthly,Active,20,Low,A0071,Agent
POL004639,C04931,Health,2024-03-04,2026-03-04,15420.0,300000.0,Annually,Lapsed,2,Medium,A0006,Online
POL004640,C04315,Travel,2025-06-12,2025-08-10,8630.0,846200.0,Monthly,Expired,1,Low,A0013,Bancassurance
POL004641,C04611,Motor,2024-11-07,2025-11-07,72560.0,1594800.0,Annually,Expired,1,High,A0099,Online
POL004642,C00533,Health,2025-07-26,2026-07-26,38100.0,750000.0,Annually,Active,1,Medium,A0040,Agent
POL004643,C04761,Health,2024-07-16,2025-07-16,20310.0,500000.0,Quarterly,Expired,1,Low,A0035,Referral
POL004644,C03203,Health,2024-04-30,2026-04-28,34950.0,750000.0,Annually,Active,2,Medium,A0077,Online
POL004645,C03889,Motor,2025-03-05,2026-03-05,42510.0,1214600.0,Annually,Active,1,Medium,A0030,Online
POL004646,C00471,Life,2023-10-09,2053-10-09,125060.0,6156000.0,Annually,Active,30,Low,A0088,Agent
POL004647,C02520,Life,2024-12-07,2044-12-07,439280.0,12423000.0,Annually,Active,20,High,A0083,Agent
POL004648,C00676,Motor,2024-11-23,2025-11-23,16250.0,464400.0,Annually,Lapsed,1,Medium,A0092,Online
POL004649,C04156,Health,2025-04-07,2026-04-07,48900.0,750000.0,Monthly,Active,1,Medium,A0087,Online
POL004650,C01616,Life,2023-03-23,2048-03-23,35040.0,2061000.0,Monthly,Active,25,Medium,A0090,Agent
POL004651,C03974,Travel,2023-04-23,2023-06-15,11010.0,917700.0,Annually,Expired,1,Medium,A0032,Agent
POL004652,C03924,Health,2025-07-29,2027-07-28,30900.0,750000.0,Annually,Active,2,Medium,A0051,Corporate
POL004653,C03895,Life,2024-01-03,2034-01-03,82560.0,4441200.0,Annually,Active,10,High,A0072,Agent
POL004654,C00607,Travel,2024-02-15,2024-02-23,9180.0,900300.0,Annually,Expired,1,Low,A0082,Agent
POL004655,C02679,Life,2025-03-19,2040-03-19,58220.0,3424600.0,Quarterly,Active,15,Low,A0072,Corporate
POL004656,C03030,Health,2023-04-24,2024-04-24,34050.0,750000.0,Monthly,Expired,1,Medium,A0064,Agent
POL004657,C02250,Travel,2023-05-31,2023-06-13,7300.0,715600.0,Annually,Expired,1,Low,A0007,Agent
POL004658,C03809,Motor,2025-03-31,2026-03-31,41850.0,1195700.0,Annually,Active,1,Medium,A0068,Agent
POL004659,C04787,Motor,2024-06-26,2025-06-26,28100.0,802700.0,Annually,Lapsed,1,Medium,A0096,Agent
POL004660,C02698,Motor,2025-01-23,2026-01-23,46090.0,1316700.0,Annually,Active,1,Medium,A0056,Agent
POL004661,C00574,Motor,2023-09-07,2024-09-06,9810.0,280300.0,Annually,Expired,1,Medium,A0088,Agent
POL004662,C02485,Life,2023-09-02,2053-09-02,128570.0,4833500.0,Quarterly,Active,30,Medium,A0006,Agent
POL004663,C00085,Health,2023-10-31,2025-10-28,22860.0,500000.0,Monthly,Expired,2,Low,A0047,Agent
POL004664,C00179,Life,2025-06-19,2040-06-19,52840.0,3415400.0,Monthly,Active,15,Low,A0095,Agent
POL004665,C04672,Motor,2025-05-14,2026-05-14,54490.0,1556900.0,Monthly,Active,1,Medium,A0074,Agent
POL004666,C02152,Home,2023-03-11,2028-03-11,5230.0,2798400.0,Annually,Active,5,Low,A0070,Referral
POL004667,C04960,Life,2024-04-08,2054-04-08,76090.0,3443000.0,Annually,Active,30,Medium,A0055,Bancassurance
POL004668,C04828,Life,2025-05-30,2045-05-28,102370.0,4078700.0,Annually,Active,20,Medium,A0079,Referral
POL004669,C04680,Life,2024-02-10,2039-02-10,85060.0,4788100.0,Monthly,Active,15,Low,A0072,Referral
POL004670,C00858,Motor,2024-07-13,2025-07-13,54410.0,1195800.0,Annually,Expired,1,High,A0038,Corporate
POL004671,C03469,Motor,2023-06-20,2024-06-19,52270.0,1756800.0,Annually,Expired,1,Low,A0083,Referral
POL004672,C00436,Life,2024-04-15,2044-04-15,63380.0,2867700.0,Annually,Active,20,Medium,A0011,Corporate
POL004673,C04111,Life,2025-03-17,2050-03-17,56310.0,2737700.0,Monthly,Cancelled,25,Low,A0047,Online
POL004674,C01439,Health,2024-09-09,2025-09-09,40000.0,1000000.0,Annually,Expired,1,Medium,A0023,Bancassurance
POL004675,C02767,Health,2024-11-07,2026-11-07,14880.0,300000.0,Annually,Active,2,Medium,A0022,Online
POL004676,C02905,Motor,2023-09-14,2024-09-13,20560.0,587400.0,Annually,Lapsed,1,Medium,A0025,Online
POL004677,C02138,Health,2024-10-13,2025-10-13,72080.0,2000000.0,Annually,Expired,1,Low,A0072,Bancassurance
POL004678,C01870,Motor,2023-01-18,2024-01-18,31270.0,893400.0,Annually,Expired,1,Medium,A0044,Corporate
POL004679,C02354,Health,2023-03-16,2024-03-16,23120.0,500000.0,Annually,Expired,1,Low,A0080,Corporate
POL004680,C00356,Life,2025-01-10,2050-01-10,37630.0,1950000.0,Annually,Active,25,Low,A0074,Online
POL004681,C00238,Home,2024-04-23,2025-04-23,7240.0,3873900.0,Annually,Expired,1,Low,A0054,Bancassurance
POL004682,C02080,Health,2023-08-07,2024-08-07,34300.0,750000.0,Monthly,Expired,1,Low,A0095,Referral
POL004683,C02337,Home,2024-04-04,2034-04-04,9240.0,4199600.0,Annually,Active,10,Medium,A0086,Corporate
POL004684,C02983,Travel,2024-05-18,2024-06-08,7470.0,622300.0,Monthly,Expired,1,Medium,A0043,Online
POL004685,C04499,Life,2023-01-29,2038-01-28,29960.0,2319000.0,Annually,Active,15,Low,A0070,Agent
POL004686,C01229,Health,2023-12-06,2024-12-06,33150.0,750000.0,Annually,Expired,1,Low,A0094,Agent
POL004687,C00035,Motor,2024-10-01,2025-10-01,50710.0,1448900.0,Annually,Expired,1,Medium,A0015,Agent
POL004688,C00880,Motor,2023-03-14,2024-03-13,29540.0,844100.0,Annually,Expired,1,Medium,A0061,Online
POL004689,C01592,Life,2023-09-23,2033-09-23,50970.0,2755000.0,Monthly,Active,10,Medium,A0051,Agent
POL004690,C04948,Home,2024-02-14,2039-02-14,3700.0,1978800.0,Annually,Active,15,Low,A0098,Agent
POL004691,C00628,Home,2023-04-14,2038-04-14,1820.0,974000.0,Annually,Active,15,Low,A0031,Agent
POL004692,C00639,Home,2023-12-16,2024-12-16,8650.0,3931200.0,Annually,Lapsed,1,Medium,A0079,Bancassurance
POL004693,C02100,Home,2023-02-26,2024-02-26,14750.0,6703800.0,Annually,Expired,1,Medium,A0097,Agent
POL004694,C01034,Travel,2023-11-01,2023-11-06,1500.0,145500.0,Annually,Expired,1,Low,A0010,Bancassurance
POL004695,C02326,Motor,2025-06-26,2026-06-26,49570.0,1416200.0,Annually,Lapsed,1,Medium,A0020,Agent
POL004696,C01921,Health,2025-01-17,2026-01-17,31100.0,500000.0,Annually,Lapsed,1,Medium,A0083,Online
POL004697,C03605,Travel,2024-04-13,2024-04-25,1630.0,135500.0,Annually,Lapsed,1,Medium,A0027,Online
POL004698,C00345,Motor,2024-06-24,2025-06-24,61620.0,1760400.0,Annually,Lapsed,1,Medium,A0083,Bancassurance
POL004699,C04034,Home,2025-08-12,2035-08-12,9680.0,5178600.0,Annually,Lapsed,10,Low,A0097,Online
POL004700,C01413,Health,2025-08-11,2026-08-11,24140.0,500000.0,Annually,Active,1,Low,A0026,Online
POL004701,C00066,Motor,2024-01-18,2025-01-17,51880.0,1482200.0,Annually,Expired,1,Medium,A0064,Bancassurance
POL004702,C02865,Motor,2025-01-22,2026-01-22,33540.0,1127400.0,Annually,Active,1,Low,A0097,Agent
POL004703,C00611,Travel,2024-06-18,2024-07-04,6610.0,648400.0,Annually,Expired,1,Low,A0080,Bancassurance
POL004704,C03278,Health,2025-01-27,2027-01-27,49600.0,1000000.0,Monthly,Active,2,Medium,A0073,Agent
POL004705,C04314,Health,2023-02-11,2024-02-11,11730.0,300000.0,Monthly,Expired,1,Low,A0082,Agent
POL004706,C02029,Life,2025-03-15,2045-03-15,28420.0,1623000.0,Annually,Active,20,Low,A0044,Agent
POL004707,C00486,Life,2024-11-05,2049-11-05,32030.0,1884000.0,Annually,Active,25,Low,A0084,Online
POL004708,C04320,Health,2025-08-17,2027-08-17,18800.0,500000.0,Quarterly,Active,2,Medium,A0098,Bancassurance
POL004709,C00081,Health,2025-06-30,2028-06-28,22860.0,500000.0,Annually,Active,3,Low,A0087,Referral
POL004710,C03028,Health,2025-08-27,2026-08-27,36550.0,1000000.0,Monthly,Active,1,Low,A0027,Bancassurance
POL004711,C02242,Health,2025-09-02,2027-09-02,61710.0,1500000.0,Monthly,Active,2,Low,A0082,Agent
POL004712,C01910,Life,2024-07-31,2039-07-28,45550.0,3057000.0,Annually,Active,15,Medium,A0088,Corporate
POL004713,C02590,Motor,2024-07-29,2025-07-29,37020.0,1057800.0,Annually,Expired,1,Medium,A0005,Online
POL004714,C00270,Motor,2023-01-13,2024-01-13,43920.0,1476200.0,Annually,Lapsed,1,Low,A0020,Bancassurance
POL004715,C02028,Life,2024-07-21,2049-07-21,39900.0,2457600.0,Monthly,Active,25,Low,A0047,Bancassurance
POL004716,C03021,Health,2025-08-03,2026-08-03,66300.0,1500000.0,Annually,Lapsed,1,Low,A0089,Online
POL004717,C04368,Motor,2023-12-25,2024-12-24,47980.0,1371000.0,Annually,Expired,1,Medium,A0006,Referral
POL004718,C03919,Travel,2024-12-31,2025-01-06,2970.0,291000.0,Annually,Expired,1,Low,A0007,Online
POL004719,C00252,Health,2024-06-26,2027-06-26,58000.0,1000000.0,Monthly,Active,3,Medium,A0019,Referral
POL004720,C00787,Home,2023-03-17,2028-03-17,14000.0,6361500.0,Annually,Active,5,Medium,A0027,Bancassurance
POL004721,C03442,Health,2025-02-14,2027-02-14,58000.0,1000000.0,Monthly,Active,2,Medium,A0016,Online
POL004722,C02245,Health,2025-01-15,2026-01-15,134000.0,2000000.0,Annually,Lapsed,1,Medium,A0017,Online
POL004723,C03386,Health,2023-09-04,2024-09-04,53300.0,1500000.0,Annually,Expired,1,Low,A0002,Agent
POL004724,C02656,Home,2024-11-28,2025-11-28,14450.0,6569600.0,Annually,Expired,1,Medium,A0037,Corporate
POL004725,C02809,Health,2025-09-09,2028-09-09,19550.0,500000.0,Quarterly,Active,3,Low,A0074,Referral
POL004726,C00841,Travel,2024-10-17,2024-10-29,6310.0,525400.0,Annually,Expired,1,Medium,A0074,Agent
POL004727,C02041,Life,2024-08-17,2039-08-17,141580.0,7242000.0,Annually,Active,15,Low,A0007,Corporate
POL004728,C03015,Life,2024-08-13,2034-08-13,75800.0,3640000.0,Annually,Active,10,Low,A0026,Agent
POL004729,C04318,Health,2024-09-03,2026-09-03,28700.0,500000.0,Annually,Active,2,Medium,A0074,Online
POL004730,C02638,Life,2023-12-14,2048-12-14,35460.0,1333100.0,Quarterly,Active,25,Medium,A0069,Online
POL004731,C02228,Travel,2025-05-30,2025-06-24,8920.0,874200.0,Monthly,Expired,1,Low,A0091,Online
POL004732,C04530,Health,2024-05-02,2026-05-02,20570.0,500000.0,Monthly,Lapsed,2,Low,A0001,Agent
POL004733,C04590,Travel,2024-11-14,2024-12-24,2230.0,218600.0,Annually,Expired,1,Low,A0033,Referral
POL004734,C00331,Home,2024-05-24,2029-05-24,6810.0,3640200.0,Annually,Active,5,Low,A0045,Agent
POL004735,C01469,Life,2024-07-01,2049-07-01,66960.0,3381000.0,Quarterly,Active,25,Low,A0092,Agent
POL004736,C01785,Home,2024-04-23,2029-04-23,11970.0,6399500.0,Annually,Active,5,Low,A0079,Online
POL004737,C00342,Travel,2023-05-31,2023-07-06,3370.0,280500.0,Annually,Expired,1,Medium,A0023,Agent
POL004738,C03646,Health,2024-11-19,2025-11-19,45730.0,1000000.0,Monthly,Expired,1,Low,A0002,Agent
POL004739,C01922,Motor,2024-05-01,2025-05-01,21550.0,615600.0,Annually,Lapsed,1,Medium,A0087,Online
POL004740,C04794,Life,2024-07-01,2049-07-01,26980.0,1662000.0,Monthly,Active,25,Low,A0002,Agent
POL004741,C00556,Life,2023-10-26,2038-10-26,25600.0,1590000.0,Annually,Active,15,Medium,A0079,Online
POL004742,C02658,Life,2025-06-15,2045-06-15,95030.0,4620000.0,Annually,Active,20,Low,A0038,Bancassurance
POL004743,C01099,Home,2024-11-03,2034-11-03,4520.0,2052300.0,Annually,Active,10,Medium,A0066,Bancassurance
POL004744,C04809,Home,2023-06-17,2033-06-17,3650.0,1657400.0,Annually,Active,10,Medium,A0038,Agent
POL004745,C00453,Motor,2023-11-16,2024-11-15,47310.0,1351800.0,Monthly,Expired,1,Medium,A0028,Corporate
POL004746,C02053,Home,2024-12-17,2029-12-17,11390.0,6093000.0,Annually,Active,5,Low,A0061,Bancassurance
POL004747,C00776,Health,2023-08-28,2024-08-28,44200.0,1000000.0,Annually,Expired,1,Low,A0021,Online
POL004748,C04254,Health,2024-02-06,2026-02-06,23120.0,500000.0,Annually,Active,2,Low,A0042,Agent
POL004749,C04873,Motor,2024-04-30,2025-04-30,60670.0,1733300.0,Annually,Lapsed,1,Medium,A0076,Agent
POL004750,C04972,Health,2023-07-25,2024-07-25,60900.0,1500000.0,Quarterly,Lapsed,1,Medium,A0006,Agent
POL004751,C02515,Health,2024-03-24,2027-03-24,34680.0,750000.0,Quarterly,Lapsed,3,Low,A0019,Corporate
POL004752,C01648,Motor,2023-05-25,2024-05-24,62650.0,1790000.0,Annually,Expired,1,Medium,A0038,Agent
POL004753,C04737,Life,2024-09-24,2044-09-24,100580.0,6294000.0,Annually,Lapsed,20,Low,A0042,Agent
POL004754,C04476,Motor,2024-05-09,2025-05-09,19980.0,571000.0,Annually,Expired,1,Medium,A0077,Online
POL004755,C00434,Motor,2024-01-20,2025-01-19,33700.0,962800.0,Annually,Expired,1,Medium,A0056,Agent
POL004756,C03928,Travel,2024-02-14,2024-03-03,2550.0,212500.0,Annually,Expired,1,Medium,A0090,Online
POL004757,C02842,Life,2025-03-17,2045-03-17,159920.0,8373000.0,Annually,Active,20,Medium,A0033,Agent
POL004758,C00728,Home,2023-04-14,2028-04-14,5510.0,2505400.0,Annually,Active,5,Medium,A0076,Agent
POL004759,C03438,Health,2024-06-29,2026-06-28,74400.0,1500000.0,Quarterly,Lapsed,2,Medium,A0050,Online
POL004760,C03297,Health,2023-09-11,2025-09-11,65540.0,1500000.0,Annually,Expired,2,Low,A0025,Online
POL004761,C04703,Health,2023-02-01,2025-02-01,77740.0,1000000.0,Annually,Expired,2,High,A0015,Online
POL004762,C01638,Home,2024-09-20,2039-09-20,4130.0,2210800.0,Annually,Active,15,Low,A0031,Corporate
POL004763,C03168,Home,2024-10-10,2029-10-10,4110.0,2196200.0,Annually,Active,5,Low,A0093,Online
POL004764,C02249,Life,2024-06-06,2039-06-06,110210.0,6387000.0,Annually,Active,15,Low,A0052,Agent
POL004765,C00273,Health,2023-03-24,2024-03-24,13110.0,300000.0,Monthly,Expired,1,Low,A0036,Online
POL004766,C03272,Health,2024-12-31,2026-12-28,55600.0,1000000.0,Monthly,Active,2,Medium,A0086,Agent
POL004767,C02314,Motor,2025-07-15,2026-07-15,11700.0,334200.0,Annually,Active,1,Medium,A0100,Online
POL004768,C03764,Health,2025-01-03,2027-01-03,28200.0,750000.0,Monthly,Active,2,Medium,A0061,Corporate
POL004769,C01561,Health,2025-03-14,2028-03-14,26000.0,500000.0,Annually,Cancelled,3,Medium,A0020,Online
POL004770,C03920,Health,2023-10-09,2026-10-09,68600.0,1500000.0,Annually,Active,3,Low,A0070,Online
POL004771,C02055,Motor,2023-03-21,2024-03-20,14790.0,422600.0,Annually,Expired,1,Medium,A0004,Bancassurance
POL004772,C01328,Health,2023-02-16,2024-02-16,14700.0,300000.0,Monthly,Expired,1,Medium,A0038,Agent
POL004773,C00561,Health,2025-02-07,2026-02-07,14900.0,300000.0,Annually,Active,1,High,A0047,Online
POL004774,C00510,Home,2024-07-15,2034-07-15,5300.0,2833400.0,Annually,Active,10,Low,A0040,Agent
POL004775,C00443,Life,2023-08-15,2043-08-15,152430.0,5931000.0,Annually,Active,20,Medium,A0089,Bancassurance
POL004776,C03195,Travel,2024-04-26,2024-06-12,4770.0,467600.0,Monthly,Lapsed,1,Low,A0006,Online
POL004777,C00356,Life,2023-06-23,2043-06-23,69260.0,3589600.0,Annually,Active,20,Low,A0020,Online
POL004778,C00396,Health,2023-10-12,2026-10-12,46000.0,1000000.0,Annually,Lapsed,3,Medium,A0015,Bancassurance
POL004779,C02424,Travel,2023-08-20,2023-09-29,6020.0,501800.0,Annually,Expired,1,Medium,A0079,Online
POL004780,C04644,Health,2024-06-30,2026-06-28,16500.0,300000.0,Quarterly,Active,2,Medium,A0084,Online
POL004781,C03908,Health,2023-12-18,2024-12-18,17000.0,500000.0,Annually,Expired,1,Low,A0015,Agent
POL004782,C03532,Life,2024-10-31,2044-10-28,79870.0,4370200.0,Quarterly,Active,20,Low,A0002,Online
POL004783,C03308,Travel,2025-03-20,2025-04-28,3520.0,293200.0,Annually,Lapsed,1,Medium,A0080,Agent
POL004784,C03559,Home,2024-10-22,2029-10-22,5950.0,3182900.0,Annually,Active,5,Low,A0078,Online
POL004785,C03077,Life,2024-01-10,2034-01-10,120120.0,6600000.0,Annually,Active,10,Medium,A0014,Bancassurance
POL004786,C00799,Motor,2023-08-12,2024-08-11,14200.0,405700.0,Annually,Expired,1,Medium,A0081,Corporate
POL004787,C04659,Motor,2024-10-08,2025-10-08,38250.0,1285700.0,Annually,Expired,1,Low,A0014,Corporate
POL004788,C01785,Home,2025-04-04,2040-04-04,16970.0,7715600.0,Annually,Lapsed,15,Medium,A0051,Online
POL004789,C03541,Health,2024-01-31,2025-01-28,12360.0,300000.0,Annually,Expired,1,Medium,A0051,Agent
POL004790,C01556,Motor,2023-03-02,2024-03-01,32920.0,723500.0,Annually,Expired,1,High,A0069,Online
POL004791,C03914,Health,2023-10-30,2025-10-28,15420.0,300000.0,Monthly,Expired,2,Medium,A0024,Agent
POL004792,C02213,Life,2024-03-24,2054-03-24,134260.0,8142000.0,Monthly,Active,30,Low,A0011,Corporate
POL004793,C04960,Life,2023-03-22,2038-03-22,90700.0,4103900.0,Monthly,Active,15,Medium,A0097,Agent
POL004794,C03027,Motor,2024-09-25,2025-09-25,21350.0,610000.0,Annually,Lapsed,1,Medium,A0095,Bancassurance
POL004795,C02002,Motor,2023-03-14,2024-03-13,40660.0,1161700.0,Monthly,Expired,1,Medium,A0053,Bancassurance
POL004796,C01045,Motor,2025-07-29,2026-07-29,52880.0,1511000.0,Monthly,Active,1,Medium,A0010,Referral
POL004797,C04129,Motor,2023-09-23,2024-09-22,49900.0,1425700.0,Annually,Expired,1,Medium,A0001,Online
POL004798,C01967,Health,2024-05-25,2025-05-25,27800.0,500000.0,Annually,Expired,1,Medium,A0054,Online
POL004799,C02844,Health,2023-04-21,2025-04-21,16860.0,300000.0,Annually,Expired,2,Medium,A0036,Agent
POL004800,C01046,Motor,2025-09-29,2026-09-29,46650.0,1332900.0,Annually,Active,1,Medium,A0037,Bancassurance
POL004801,C00690,Motor,2023-04-19,2024-04-18,13110.0,374500.0,Annually,Expired,1,Medium,A0093,Online
POL004802,C01006,Motor,2024-04-27,2025-04-27,13420.0,383400.0,Annually,Expired,1,Medium,A0070,Corporate
POL004803,C00743,Health,2023-10-09,2025-10-09,16680.0,300000.0,Annually,Expired,2,Medium,A0028,Agent
POL004804,C03273,Motor,2024-09-11,2025-09-11,14730.0,421000.0,Annually,Expired,1,Medium,A0095,Bancassurance
POL004805,C04280,Life,2023-05-07,2038-05-07,61360.0,2415900.0,Monthly,Active,15,Medium,A0001,Online
POL004806,C04048,Health,2025-07-28,2027-07-28,21200.0,500000.0,Annually,Active,2,Medium,A0071,Online
POL004807,C03303,Home,2024-01-09,2034-01-09,8240.0,4407300.0,Annually,Active,10,Low,A0046,Online
POL004808,C02072,Home,2025-02-26,2040-02-26,5070.0,2711200.0,Annually,Cancelled,15,Low,A0002,Referral
POL004809,C01696,Motor,2024-07-01,2025-07-01,12940.0,369800.0,Annually,Expired,1,Medium,A0032,Agent
POL004810,C03277,Home,2023-08-15,2033-08-15,3780.0,2020700.0,Monthly,Active,10,Low,A0026,Agent
POL004811,C04056,Health,2024-02-17,2025-02-17,43600.0,1000000.0,Annually,Expired,1,Medium,A0098,Agent
POL004812,C04852,Home,2024-08-29,2025-08-28,14630.0,7821900.0,Annually,Lapsed,1,Low,A0074,Agent
POL004813,C02536,Life,2025-08-26,2045-08-26,41620.0,3041400.0,Annually,Lapsed,20,Low,A0070,Bancassurance
POL004814,C01578,Motor,2024-05-05,2025-05-05,11030.0,315100.0,Monthly,Expired,1,Medium,A0087,Agent
POL004815,C03111,Home,2025-06-21,2035-06-21,17170.0,7806200.0,Annually,Active,10,Medium,A0078,Agent
POL004816,C04776,Motor,2023-02-22,2024-02-22,38500.0,1100000.0,Annually,Expired,1,Medium,A0067,Online
POL004817,C02540,Motor,2024-01-22,2025-01-21,7420.0,212000.0,Annually,Expired,1,Medium,A0070,Online
POL004818,C03584,Travel,2024-03-05,2024-03-28,7440.0,620400.0,Annually,Expired,1,Medium,A0055,Bancassurance
POL004819,C01977,Health,2023-11-21,2025-11-21,28180.0,750000.0,Quarterly,Lapsed,2,Low,A0087,Agent
POL004820,C02384,Health,2025-07-31,2028-07-28,36040.0,1000000.0,Quarterly,Active,3,Low,A0097,Bancassurance
POL004821,C00871,Motor,2023-08-18,2024-08-17,61780.0,1765100.0,Annually,Lapsed,1,Medium,A0069,Online
POL004822,C03726,Health,2024-03-29,2026-03-28,68600.0,1500000.0,Monthly,Active,2,Low,A0013,Corporate
POL004823,C00392,Life,2023-10-14,2033-10-14,266900.0,13974000.0,Monthly,Active,10,Medium,A0016,Agent
POL004824,C04747,Health,2023-09-09,2024-09-09,14340.0,300000.0,Annually,Expired,1,Medium,A0006,Online
POL004825,C00643,Health,2024-04-19,2025-04-19,26900.0,500000.0,Quarterly,Expired,1,Medium,A0007,Bancassurance
POL004826,C04562,Health,2023-09-11,2025-09-11,13800.0,300000.0,Annually,Expired,2,Medium,A0061,Online
POL004827,C04009,Motor,2023-05-28,2024-05-27,53150.0,1786700.0,Annually,Expired,1,Low,A0075,Agent
POL004828,C03449,Life,2025-03-16,2045-03-16,88240.0,4848400.0,Monthly,Cancelled,20,Medium,A0082,Online
POL004829,C01478,Motor,2023-01-29,2024-01-29,53880.0,1539500.0,Annually,Expired,1,Medium,A0086,Referral
POL004830,C03701,Life,2025-06-25,2035-06-25,86030.0,4575900.0,Monthly,Active,10,Medium,A0092,Agent
POL004831,C01129,Motor,2025-02-19,2026-02-19,15550.0,444300.0,Annually,Active,1,Medium,A0026,Online
POL004832,C02239,Health,2024-09-24,2026-09-24,17260.0,500000.0,Monthly,Active,2,Low,A0068,Bancassurance
POL004833,C03440,Health,2023-09-11,2026-09-11,19800.0,500000.0,Annually,Active,3,Low,A0079,Online
POL004834,C02109,Health,2024-10-11,2025-10-11,46000.0,1000000.0,Monthly,Expired,1,Medium,A0046,Corporate
POL004835,C03349,Motor,2023-08-05,2024-08-04,44980.0,1285200.0,Annually,Lapsed,1,Medium,A0073,Agent
POL004836,C02466,Motor,2025-02-18,2026-02-18,18330.0,523700.0,Monthly,Active,1,Medium,A0025,Online
POL004837,C00877,Motor,2024-06-26,2025-06-26,39280.0,1122300.0,Monthly,Expired,1,Medium,A0071,Bancassurance
POL004838,C02994,Home,2024-03-29,2029-03-28,12520.0,5691900.0,Monthly,Active,5,Medium,A0097,Agent
POL004839,C03096,Health,2025-02-26,2026-02-26,18800.0,500000.0,Monthly,Active,1,Medium,A0080,Referral
POL004840,C02443,Motor,2024-02-18,2025-02-17,53890.0,1539800.0,Monthly,Expired,1,Medium,A0074,Online
POL004841,C02523,Travel,2023-11-01,2023-12-09,5100.0,425100.0,Annually,Expired,1,Medium,A0045,Corporate
POL004842,C03416,Life,2025-08-18,2040-08-18,49710.0,2646000.0,Quarterly,Active,15,Low,A0088,Agent
POL004843,C02257,Travel,2025-05-04,2025-05-20,4990.0,489400.0,Annually,Expired,1,Low,A0094,Agent
POL004844,C00782,Motor,2025-09-27,2026-09-27,37930.0,1083700.0,Annually,Active,1,Medium,A0037,Bancassurance
POL004845,C03710,Motor,2025-08-14,2026-08-14,42530.0,1429500.0,Annually,Active,1,Low,A0010,Bancassurance
POL004846,C02432,Health,2023-12-22,2024-12-22,41700.0,750000.0,Quarterly,Lapsed,1,Medium,A0013,Online
POL004847,C02044,Health,2025-06-02,2027-06-02,12720.0,300000.0,Monthly,Lapsed,2,Medium,A0017,Bancassurance
POL004848,C01151,Travel,2024-02-25,2024-04-11,2130.0,208500.0,Annually,Lapsed,1,Low,A0006,Agent
POL004849,C00593,Motor,2024-06-25,2025-06-25,25720.0,734800.0,Annually,Expired,1,Medium,A0010,Online
POL004850,C02572,Motor,2025-03-11,2026-03-11,34290.0,979800.0,Annually,Active,1,Medium,A0100,Bancassurance
POL004851,C03153,Health,2025-05-08,2028-05-08,39610.0,1000000.0,Monthly,Active,3,Low,A0005,Agent
POL004852,C02693,Health,2024-10-08,2026-10-08,22860.0,500000.0,Annually,Active,2,Low,A0009,Agent
POL004853,C01380,Life,2024-09-23,2034-09-23,49060.0,3360000.0,Annually,Cancelled,10,Medium,A0015,Online
POL004854,C02792,Home,2024-11-30,2039-11-28,13620.0,6192900.0,Annually,Lapsed,15,Medium,A0033,Agent
POL004855,C00203,Life,2023-01-20,2053-01-20,83790.0,4929000.0,Annually,Active,30,Low,A0051,Agent
POL004856,C01794,Motor,2023-06-12,2024-06-11,22870.0,653400.0,Annually,Lapsed,1,Medium,A0067,Bancassurance
POL004857,C01823,Travel,2024-09-03,2024-10-13,9440.0,925400.0,Monthly,Expired,1,Low,A0080,Bancassurance
POL004858,C00197,Motor,2023-08-11,2024-08-10,37520.0,1072000.0,Annually,Expired,1,Medium,A0013,Agent
POL004859,C02727,Life,2024-06-28,2049-06-28,55230.0,3630000.0,Annually,Active,25,Low,A0027,Bancassurance
POL004860,C04788,Home,2023-01-27,2028-01-27,15580.0,7082000.0,Annually,Active,5,Medium,A0030,Online
POL004861,C00413,Travel,2024-03-11,2024-04-07,11260.0,938100.0,Annually,Lapsed,1,Medium,A0004,Agent
POL004862,C01267,Health,2023-04-05,2025-04-05,18800.0,500000.0,Annually,Lapsed,2,Medium,A0081,Bancassurance
POL004863,C04306,Health,2023-02-14,2026-02-14,20900.0,500000.0,Quarterly,Lapsed,3,Medium,A0078,Agent
POL004864,C04607,Motor,2024-10-10,2025-10-10,50340.0,1438100.0,Annually,Expired,1,Medium,A0022,Agent
POL004865,C01038,Health,2025-09-24,2026-09-24,21200.0,500000.0,Annually,Active,1,Medium,A0008,Agent
POL004866,C00001,Health,2024-01-18,2027-01-18,34300.0,750000.0,Quarterly,Active,3,Low,A0032,Agent
POL004867,C02961,Health,2023-11-23,2026-11-23,27800.0,500000.0,Monthly,Active,3,Medium,A0056,Bancassurance
POL004868,C04287,Home,2025-09-05,2026-09-05,12580.0,6728900.0,Annually,Lapsed,1,Low,A0091,Bancassurance
POL004869,C02847,Motor,2025-08-16,2026-08-16,11470.0,327800.0,Annually,Active,1,Medium,A0067,Online
POL004870,C03727,Motor,2025-04-10,2026-04-10,13230.0,378100.0,Annually,Active,1,Medium,A0052,Online
POL004871,C03741,Travel,2023-11-19,2023-12-05,1500.0,90700.0,Annually,Expired,1,Low,A0038,Online
POL004872,C01116,Home,2025-08-15,2035-08-15,8310.0,4442200.0,Annually,Active,10,Low,A0055,Corporate
POL004873,C01969,Motor,2023-09-20,2024-09-19,50310.0,1437400.0,Monthly,Expired,1,Medium,A0021,Bancassurance
POL004874,C01424,Health,2023-09-16,2024-09-16,38200.0,1000000.0,Annually,Expired,1,Medium,A0093,Online
POL004875,C00552,Home,2024-09-06,2029-09-06,5670.0,2579000.0,Annually,Active,5,Medium,A0031,Referral
POL004876,C01873,Home,2023-04-21,2033-04-21,8390.0,4488600.0,Annually,Lapsed,10,Low,A0044,Agent
POL004877,C03868,Life,2023-08-09,2033-08-09,202980.0,11733000.0,Quarterly,Active,10,Medium,A0061,Online
POL004878,C03127,Life,2024-06-09,2049-06-09,94060.0,4940000.0,Annually,Active,25,Low,A0064,Agent
POL004879,C04902,Health,2024-08-14,2026-08-14,36040.0,1000000.0,Monthly,Active,2,Low,A0072,Online
POL004880,C04642,Life,2025-03-27,2055-03-27,50780.0,3032400.0,Annually,Active,30,Low,A0010,Bancassurance
POL004881,C03039,Health,2023-10-15,2025-10-15,16490.0,500000.0,Monthly,Expired,2,Low,A0042,Corporate
POL004882,C01251,Travel,2023-08-24,2023-09-05,10690.0,890800.0,Annually,Expired,1,Medium,A0045,Online
POL004883,C00431,Life,2023-05-25,2043-05-25,172770.0,7713000.0,Quarterly,Active,20,Medium,A0047,Referral
POL004884,C01291,Life,2025-05-17,2050-05-17,100670.0,6201000.0,Monthly,Active,25,Low,A0010,Agent
POL004885,C04199,Motor,2023-04-30,2024-04-29,56400.0,1611500.0,Monthly,Expired,1,Medium,A0056,Agent
POL004886,C04005,Health,2024-07-21,2025-07-21,18800.0,500000.0,Monthly,Expired,1,Medium,A0041,Agent
POL004887,C04579,Life,2024-12-09,2039-12-09,13880.0,978000.0,Monthly,Active,15,Low,A0013,Corporate
POL004888,C01049,Home,2023-03-23,2024-03-23,21510.0,7519800.0,Annually,Expired,1,High,A0027,Agent
POL004889,C04215,Health,2024-05-24,2025-05-24,19100.0,500000.0,Annually,Lapsed,1,Medium,A0011,Bancassurance
POL004890,C01813,Life,2024-07-08,2044-07-08,49300.0,2736000.0,Annually,Active,20,Low,A0051,Online
POL004891,C03112,Home,2023-08-19,2024-08-19,16460.0,7484100.0,Annually,Lapsed,1,Medium,A0020,Online
POL004892,C00452,Home,2023-03-11,2033-03-11,13720.0,6235100.0,Monthly,Active,10,Medium,A0022,Corporate
POL004893,C01611,Home,2024-10-19,2039-10-19,2900.0,1552800.0,Annually,Active,15,Low,A0022,Online
POL004894,C00919,Life,2024-04-13,2054-04-13,42740.0,2988500.0,Annually,Active,30,Medium,A0019,Bancassurance
POL004895,C00384,Life,2025-04-30,2040-04-28,72270.0,3315000.0,Monthly,Active,15,Medium,A0082,Corporate
POL004896,C04295,Health,2024-05-09,2027-05-09,38200.0,1000000.0,Quarterly,Active,3,Medium,A0044,Corporate
POL004897,C03077,Health,2024-06-25,2025-06-25,22700.0,500000.0,Monthly,Expired,1,Medium,A0035,Online
POL004898,C04943,Health,2025-08-12,2027-08-12,43600.0,1000000.0,Annually,Active,2,Medium,A0027,Online
POL004899,C02310,Health,2023-03-27,2024-03-27,37600.0,1000000.0,Annually,Expired,1,Medium,A0001,Agent
POL004900,C04208,Home,2024-02-18,2039-02-18,9490.0,4314000.0,Annually,Active,15,Medium,A0067,Online
POL004901,C03887,Motor,2024-02-01,2025-01-31,13190.0,376700.0,Annually,Expired,1,Medium,A0015,Online
POL004902,C00317,Life,2023-08-30,2033-08-28,24110.0,1369600.0,Annually,Active,10,Medium,A0077,Corporate
POL004903,C04910,Health,2024-09-16,2025-09-16,11730.0,300000.0,Quarterly,Lapsed,1,Low,A0051,Corporate
POL004904,C00277,Health,2023-04-16,2024-04-16,11460.0,300000.0,Annually,Expired,1,Medium,A0027,Online
POL004905,C04670,Motor,2023-01-25,2024-01-25,58480.0,1671000.0,Monthly,Expired,1,Medium,A0054,Bancassurance
POL004906,C02381,Health,2023-09-18,2024-09-18,113600.0,2000000.0,Annually,Expired,1,Medium,A0016,Online
POL004907,C01208,Motor,2024-06-20,2025-06-20,57080.0,1630900.0,Annually,Expired,1,Medium,A0099,Online
POL004908,C04205,Health,2025-04-17,2026-04-17,39260.0,500000.0,Quarterly,Lapsed,1,High,A0078,Agent
POL004909,C00031,Health,2025-08-24,2026-08-24,37600.0,1000000.0,Annually,Active,1,Medium,A0009,Referral
POL004910,C01459,Health,2023-02-11,2024-02-11,28180.0,750000.0,Monthly,Lapsed,1,Low,A0032,Referral
POL004911,C02356,Life,2023-09-04,2038-09-04,86710.0,4880900.0,Quarterly,Cancelled,15,Low,A0092,Online
POL004912,C03169,Home,2024-11-09,2039-11-09,12110.0,6475100.0,Annually,Active,15,Low,A0043,Agent
POL004913,C02631,Health,2024-07-29,2027-07-28,84300.0,1500000.0,Annually,Active,3,Medium,A0050,Online
POL004914,C04457,Health,2025-01-20,2028-01-20,46240.0,1000000.0,Monthly,Active,3,Low,A0017,Agent
POL004915,C04352,Motor,2025-05-05,2026-05-05,49140.0,1404100.0,Monthly,Active,1,Medium,A0040,Agent
POL004916,C02454,Health,2023-06-18,2026-06-18,33150.0,750000.0,Quarterly,Active,3,Low,A0032,Online
POL004917,C02260,Health,2023-02-20,2024-02-20,18530.0,500000.0,Annually,Expired,1,Low,A0080,Agent
POL004918,C04163,Home,2024-09-05,2034-09-05,8030.0,4293800.0,Annually,Active,10,Low,A0043,Agent
POL004919,C00134,Home,2024-12-30,2034-12-28,16490.0,7493200.0,Annually,Active,10,Medium,A0024,Bancassurance
POL004920,C03034,Life,2024-01-05,2049-01-05,50860.0,3483700.0,Quarterly,Active,25,Medium,A0054,Online
POL004921,C01917,Motor,2023-06-16,2024-06-15,23490.0,789400.0,Annually,Expired,1,Low,A0025,Corporate
POL004922,C00469,Motor,2025-05-30,2026-05-30,45720.0,1306300.0,Annually,Active,1,Medium,A0021,Agent
POL004923,C04983,Health,2024-02-08,2025-02-08,9740.0,300000.0,Annually,Expired,1,Low,A0032,Agent
POL004924,C04294,Home,2023-03-01,2028-03-01,14050.0,6387900.0,Annually,Active,5,Medium,A0097,Referral
POL004925,C00021,Life,2025-06-14,2045-06-14,29370.0,1971300.0,Annually,Active,20,Medium,A0015,Online
POL004926,C00586,Motor,2024-09-22,2025-09-22,38030.0,1086600.0,Annually,Expired,1,Medium,A0090,Agent
POL004927,C04642,Health,2024-05-05,2025-05-05,30860.0,750000.0,Monthly,Expired,1,Low,A0088,Online
POL004928,C03509,Life,2023-06-07,2048-06-07,75590.0,2874200.0,Quarterly,Active,25,Medium,A0061,Online
POL004929,C00154,Life,2024-07-25,2034-07-25,174490.0,9432000.0,Annually,Active,10,Medium,A0037,Online
POL004930,C01914,Health,2024-05-02,2027-05-02,23600.0,500000.0,Annually,Active,3,Medium,A0098,Corporate
POL004931,C01368,Life,2023-03-12,2043-03-12,146750.0,5517000.0,Monthly,Cancelled,20,Medium,A0071,Corporate
POL004932,C02558,Motor,2023-06-24,2024-06-23,41950.0,1198600.0,Annually,Expired,1,Medium,A0052,Agent
POL004933,C01210,Life,2023-03-28,2048-03-28,73730.0,3632300.0,Annually,Active,25,Medium,A0044,Online
POL004934,C02582,Health,2024-10-17,2025-10-17,27500.0,500000.0,Annually,Expired,1,Medium,A0013,Agent
POL004935,C03987,Motor,2025-04-17,2026-04-17,47330.0,1352200.0,Annually,Cancelled,1,Medium,A0051,Agent
POL004936,C04500,Health,2023-04-17,2025-04-17,59420.0,1500000.0,Monthly,Expired,2,Low,A0084,Online
POL004937,C02031,Health,2024-11-16,2027-11-16,61710.0,1500000.0,Monthly,Active,3,Low,A0082,Online
POL004938,C00656,Home,2023-06-27,2038-06-27,15530.0,7059000.0,Annually,Active,15,Medium,A0044,Online
POL004939,C01197,Health,2023-02-19,2026-02-19,11880.0,300000.0,Quarterly,Active,3,Low,A0057,Referral
POL004940,C01600,Travel,2024-12-08,2025-01-27,1850.0,181500.0,Annually,Expired,1,Low,A0054,Online
POL004941,C04801,Motor,2025-03-30,2026-03-30,6920.0,197600.0,Annually,Active,1,Medium,A0009,Online
POL004942,C04197,Health,2024-04-11,2027-04-11,38080.0,1000000.0,Monthly,Active,3,Low,A0011,Bancassurance
POL004943,C00294,Motor,2023-05-16,2024-05-15,11570.0,330600.0,Annually,Expired,1,Medium,A0009,Online
POL004944,C01238,Life,2024-11-10,2044-11-10,139530.0,7743000.0,Annually,Active,20,Low,A0015,Bancassurance
POL004945,C04236,Motor,2023-05-01,2024-04-30,30430.0,869300.0,Annually,Expired,1,Medium,A0016,Agent
POL004946,C04445,Life,2023-08-18,2048-08-18,127860.0,7302000.0,Quarterly,Active,25,Low,A0073,Agent
POL004947,C00375,Life,2025-04-07,2045-04-07,125010.0,7245000.0,Annually,Lapsed,20,Low,A0065,Referral
POL004948,C02142,Travel,2024-09-26,2024-10-26,10420.0,868200.0,Annually,Expired,1,Medium,A0098,Referral
POL004949,C04745,Home,2024-08-13,2029-08-13,2500.0,1336400.0,Annually,Active,5,Low,A0072,Bancassurance
POL004950,C01869,Motor,2023-02-08,2024-02-08,5560.0,159000.0,Annually,Expired,1,Medium,A0077,Online
POL004951,C02531,Life,2024-09-14,2049-09-14,176390.0,8793000.0,Annually,Active,25,Low,A0086,Agent
POL004952,C02828,Health,2025-07-19,2026-07-19,55600.0,1000000.0,Monthly,Active,1,Medium,A0030,Online
POL004953,C03926,Travel,2024-02-11,2024-03-28,10910.0,909500.0,Annually,Expired,1,Medium,A0068,Referral
POL004954,C04945,Health,2023-05-12,2024-05-12,12500.0,300000.0,Annually,Expired,1,Low,A0094,Bancassurance
POL004955,C01184,Health,2024-09-22,2026-09-22,9590.0,300000.0,Annually,Cancelled,2,Low,A0060,Corporate
POL004956,C04732,Motor,2024-12-20,2025-12-20,16380.0,468100.0,Annually,Expired,1,Medium,A0039,Online
POL004957,C02132,Life,2024-01-27,2034-01-27,63670.0,2506800.0,Quarterly,Active,10,Medium,A0039,Online
POL004958,C03952,Health,2024-03-10,2025-03-10,21500.0,500000.0,Annually,Lapsed,1,Medium,A0069,Corporate
POL004959,C04240,Life,2023-01-17,2048-01-17,145330.0,5790000.0,Annually,Active,25,Medium,A0024,Agent
POL004960,C01260,Health,2023-03-22,2026-03-22,35530.0,1000000.0,Monthly,Active,3,Low,A0082,Corporate
POL004961,C01763,Motor,2025-02-17,2026-02-17,38650.0,1104300.0,Annually,Active,1,Medium,A0098,Online
POL004962,C00901,Health,2025-06-25,2027-06-25,39610.0,1000000.0,Monthly,Active,2,Low,A0020,Agent
POL004963,C00730,Motor,2025-03-16,2026-03-16,38490.0,1099800.0,Monthly,Active,1,Medium,A0091,Online
POL004964,C03369,Home,2024-05-30,2029-05-28,5880.0,3143000.0,Annually,Active,5,Low,A0042,Bancassurance
POL004965,C02700,Health,2023-12-23,2026-12-23,28560.0,750000.0,Monthly,Active,3,Low,A0002,Agent
POL004966,C04593,Health,2025-01-17,2028-01-17,30470.0,750000.0,Monthly,Active,3,Low,A0022,Online
POL004967,C00381,Health,2024-04-22,2025-04-22,33920.0,750000.0,Annually,Expired,1,Low,A0010,Corporate
POL004968,C03863,Health,2025-04-03,2027-04-03,56200.0,1000000.0,Monthly,Active,2,Medium,A0038,Agent
POL004969,C04407,Life,2023-01-16,2053-01-16,26130.0,1635000.0,Monthly,Active,30,Low,A0097,Agent
POL004970,C03130,Travel,2024-11-15,2024-11-30,5420.0,451700.0,Annually,Expired,1,Medium,A0038,Online
POL004971,C01217,Health,2023-04-01,2024-04-01,38800.0,1000000.0,Quarterly,Lapsed,1,Medium,A0091,Agent
POL004972,C02322,Home,2025-06-22,2035-06-22,13470.0,7205600.0,Monthly,Lapsed,10,Low,A0095,Online
POL004973,C00319,Health,2025-01-24,2027-01-24,43000.0,1000000.0,Annually,Active,2,Medium,A0089,Agent
POL004974,C03094,Home,2023-01-09,2033-01-09,8910.0,4763000.0,Annually,Active,10,Low,A0093,Online
POL004975,C02713,Life,2025-09-03,2040-09-03,54060.0,3071700.0,Monthly,Cancelled,15,Medium,A0009,Agent
POL004976,C00105,Motor,2025-02-13,2026-02-13,41030.0,1379100.0,Annually,Active,1,Low,A0089,Corporate
POL004977,C00227,Life,2025-09-23,2040-09-23,40480.0,2214800.0,Quarterly,Active,15,Low,A0069,Referral
POL004978,C04848,Motor,2024-02-07,2025-02-06,15430.0,441000.0,Annually,Expired,1,Medium,A0081,Bancassurance
POL004979,C03006,Health,2024-08-28,2026-08-28,37600.0,1000000.0,Monthly,Active,2,Medium,A0043,Bancassurance
POL004980,C03681,Travel,2023-10-20,2023-10-31,3800.0,316900.0,Annually,Expired,1,Medium,A0056,Agent
POL004981,C01554,Health,2024-10-01,2027-10-01,117200.0,2000000.0,Monthly,Active,3,Medium,A0050,Bancassurance
POL004982,C00771,Motor,2023-12-15,2024-12-14,8810.0,251700.0,Annually,Expired,1,Medium,A0086,Agent
POL004983,C00649,Life,2024-09-21,2034-09-21,30770.0,1989000.0,Annually,Lapsed,10,Low,A0014,Agent
POL004984,C00786,Health,2024-02-21,2025-02-21,21800.0,500000.0,Quarterly,Expired,1,Medium,A0032,Bancassurance
POL004985,C04636,Home,2024-11-03,2034-11-03,2430.0,1300000.0,Annually,Active,10,Low,A0068,Bancassurance
POL004986,C02954,Life,2025-02-14,2055-02-14,85710.0,3726700.0,Annually,Active,30,Medium,A0011,Online
POL004987,C03799,Health,2023-04-06,2025-04-06,15420.0,300000.0,Monthly,Expired,2,Medium,A0038,Agent
POL004988,C03476,Health,2024-06-12,2025-06-12,9740.0,300000.0,Monthly,Expired,1,Low,A0095,Online
POL004989,C02817,Life,2024-07-17,2039-07-17,126460.0,4701000.0,Annually,Lapsed,15,Medium,A0097,Corporate
POL004990,C04780,Home,2024-02-19,2034-02-19,12090.0,6464400.0,Annually,Active,10,Low,A0022,Agent
POL004991,C01857,Home,2025-04-04,2040-04-04,2500.0,1335800.0,Annually,Lapsed,15,Low,A0024,Bancassurance
POL004992,C04923,Life,2023-05-21,2033-05-21,96790.0,4989000.0,Monthly,Lapsed,10,Medium,A0047,Bancassurance
POL004993,C01868,Motor,2023-01-20,2024-01-20,59450.0,1698700.0,Annually,Expired,1,Medium,A0047,Online
POL004994,C01457,Health,2024-01-19,2025-01-19,82280.0,2000000.0,Annually,Expired,1,Low,A0093,Agent
POL004995,C04330,Motor,2023-08-12,2024-08-11,26670.0,762000.0,Annually,Expired,1,Medium,A0086,Online
POL004996,C02876,Motor,2024-03-01,2025-03-01,12370.0,415800.0,Annually,Expired,1,Low,A0055,Agent
POL004997,C02009,Home,2023-08-10,2038-08-10,2650.0,1418600.0,Annually,Active,15,Low,A0084,Referral
POL004998,C00547,Home,2025-03-10,2030-03-10,9360.0,5007000.0,Annually,Active,5,Low,A0011,Online
POL004999,C02171,Motor,2025-02-23,2026-02-23,55000.0,1571300.0,Annually,Cancelled,1,Medium,A0052,Corporate
POL005000,C04977,Life,2024-11-18,2049-11-18,68370.0,3011900.0,Annually,Lapsed,25,Medium,A0066,Agent
POL005001,C00044,Health,2025-08-30,2026-08-28,50250.0,750000.0,Monthly,Active,1,Medium,A0007,Online
POL005002,C03818,Health,2023-07-19,2025-07-19,32700.0,750000.0,Annually,Expired,2,Medium,A0065,Referral
POL005003,C02088,Health,2023-02-07,2024-02-07,47800.0,1000000.0,Monthly,Expired,1,Medium,A0011,Corporate
POL005004,C02784,Health,2025-05-07,2027-05-07,86100.0,1500000.0,Quarterly,Cancelled,2,Medium,A0060,Agent
POL005005,C00195,Motor,2024-10-24,2025-10-24,8850.0,297600.0,Annually,Expired,1,Low,A0036,Corporate
POL005006,C01988,Travel,2025-09-07,2025-10-06,10920.0,909800.0,Annually,Lapsed,1,Medium,A0015,Online
POL005007,C00410,Home,2023-06-30,2028-06-28,14450.0,6566500.0,Annually,Active,5,Medium,A0037,Agent
POL005008,C02347,Health,2023-05-08,2024-05-08,14880.0,300000.0,Annually,Expired,1,Medium,A0080,Corporate
POL005009,C04302,Motor,2025-03-02,2026-03-02,11030.0,315000.0,Annually,Active,1,Medium,A0020,Agent
POL005010,C04956,Home,2025-09-14,2035-09-14,14440.0,6561500.0,Annually,Active,10,Medium,A0081,Online
POL005011,C00740,Motor,2023-12-25,2024-12-24,61630.0,1760900.0,Annually,Expired,1,Medium,A0014,Bancassurance
POL005012,C03794,Life,2023-10-25,2043-10-25,92260.0,4658700.0,Annually,Active,20,Low,A0005,Agent
POL005013,C02210,Health,2023-01-14,2024-01-14,53200.0,1000000.0,Quarterly,Expired,1,Medium,A0010,Agent
POL005014,C04047,Health,2024-09-01,2027-09-01,29710.0,750000.0,Annually,Active,3,Low,A0066,Agent
POL005015,C01801,Motor,2024-07-05,2025-07-05,14250.0,478900.0,Monthly,Expired,1,Low,A0036,Online
POL005016,C00822,Life,2023-03-25,2033-03-25,47260.0,3237000.0,Monthly,Active,10,Medium,A0011,Agent
POL005017,C01396,Motor,2024-04-30,2025-04-30,57020.0,1629200.0,Annually,Expired,1,Medium,A0056,Agent
POL005018,C01597,Travel,2025-02-16,2025-04-03,3410.0,334500.0,Annually,Expired,1,Low,A0060,Referral
POL005019,C03700,Motor,2024-04-09,2025-04-09,62970.0,1799100.0,Annually,Expired,1,Medium,A0073,Online
POL005020,C01992,Travel,2023-06-10,2023-07-03,1750.0,171100.0,Annually,Expired,1,Low,A0094,Referral
POL005021,C03319,Health,2023-05-22,2025-05-22,57120.0,1500000.0,Annually,Expired,2,Low,A0084,Agent
POL005022,C02531,Health,2023-05-09,2025-05-09,28100.0,500000.0,Monthly,Lapsed,2,Medium,A0093,Bancassurance
POL005023,C02665,Travel,2024-02-20,2024-04-06,3810.0,373900.0,Annually,Expired,1,Low,A0038,Agent
POL005024,C04217,Home,2023-01-26,2024-01-26,14100.0,6409000.0,Annually,Expired,1,Medium,A0046,Agent
POL005025,C04345,Health,2024-06-02,2027-06-02,86320.0,1000000.0,Monthly,Lapsed,3,High,A0007,Bancassurance
POL005026,C00444,Health,2023-01-13,2024-01-13,57400.0,1000000.0,Monthly,Lapsed,1,Medium,A0033,Agent
POL005027,C02650,Home,2024-02-18,2029-02-18,8660.0,4630000.0,Annually,Active,5,Low,A0073,Agent
POL005028,C01643,Health,2023-09-17,2024-09-17,89420.0,2000000.0,Quarterly,Expired,1,Low,A0038,Online
POL005029,C03526,Motor,2023-08-28,2024-08-27,30010.0,857500.0,Annually,Expired,1,Medium,A0009,Online
POL005030,C04546,Motor,2023-03-24,2024-03-23,58740.0,1678200.0,Annually,Expired,1,Medium,A0067,Online
POL005031,C02092,Motor,2025-01-07,2026-01-07,55210.0,1577500.0,Monthly,Active,1,Medium,A0021,Corporate
POL005032,C04293,Motor,2024-06-27,2025-06-27,55630.0,1589500.0,Annually,Expired,1,Medium,A0030,Online
POL005033,C00400,Health,2025-07-14,2026-07-14,12340.0,300000.0,Annually,Active,1,Low,A0096,Agent
POL005034,C04262,Health,2025-04-28,2027-04-28,13110.0,300000.0,Quarterly,Lapsed,2,Low,A0073,Referral
POL005035,C00201,Life,2023-05-09,2048-05-09,35040.0,2260800.0,Annually,Active,25,Medium,A0084,Bancassurance
POL005036,C01483,Home,2023-05-12,2024-05-12,14260.0,7624400.0,Annually,Expired,1,Low,A0097,Bancassurance
POL005037,C02321,Health,2024-02-26,2025-02-26,49000.0,1000000.0,Annually,Expired,1,Medium,A0031,Online
POL005038,C00320,Home,2025-06-06,2040-06-06,9360.0,5007100.0,Annually,Active,15,Low,A0027,Agent
POL005039,C01097,Health,2025-07-21,2026-07-21,34300.0,750000.0,Monthly,Active,1,Low,A0023,Online
POL005040,C01716,Home,2024-10-11,2039-10-11,11520.0,5236900.0,Monthly,Active,15,Medium,A0023,Agent
POL005041,C01018,Life,2023-08-19,2043-08-19,38540.0,2621000.0,Monthly,Active,20,Low,A0095,Online
POL005042,C02056,Home,2023-04-09,2033-04-09,12210.0,5548000.0,Annually,Active,10,Medium,A0019,Referral
POL005043,C02337,Health,2023-10-22,2026-10-22,43000.0,1000000.0,Monthly,Cancelled,3,Medium,A0009,Corporate
POL005044,C00476,Home,2025-02-10,2030-02-10,4250.0,2271600.0,Annually,Active,5,Low,A0073,Agent
POL005045,C04189,Health,2023-11-10,2024-11-10,13260.0,300000.0,Annually,Expired,1,Low,A0046,Agent
POL005046,C02431,Home,2023-08-16,2024-08-16,2280.0,1217900.0,Annually,Expired,1,Low,A0079,Agent
POL005047,C03656,Health,2025-05-21,2026-05-21,37650.0,750000.0,Quarterly,Active,1,Medium,A0026,Bancassurance
POL005048,C04052,Health,2025-05-19,2027-05-19,36040.0,1000000.0,Annually,Active,2,Low,A0014,Online
POL005049,C01215,Health,2024-07-20,2026-07-20,72080.0,2000000.0,Annually,Active,2,Low,A0015,Bancassurance
POL005050,C03355,Travel,2024-04-21,2024-05-10,1780.0,174400.0,Annually,Expired,1,Low,A0098,Online
POL005051,C02829,Health,2024-09-20,2026-09-20,39450.0,750000.0,Annually,Active,2,Medium,A0031,Corporate
POL005052,C01800,Life,2024-02-07,2039-02-07,74480.0,3621000.0,Annually,Lapsed,15,Low,A0037,Bancassurance
POL005053,C02328,Motor,2023-06-06,2024-06-05,58190.0,1662600.0,Annually,Lapsed,1,Medium,A0026,Agent
POL005054,C00105,Life,2024-11-15,2039-11-15,64540.0,3389500.0,Annually,Active,15,Low,A0002,Corporate
POL005055,C00696,Home,2025-09-27,2026-09-27,14590.0,6630400.0,Annually,Active,1,Medium,A0078,Corporate
POL005056,C02534,Home,2025-04-27,2030-04-27,10570.0,5650900.0,Annually,Lapsed,5,Low,A0091,Online
POL005057,C01225,Health,2023-09-22,2024-09-22,11420.0,300000.0,Monthly,Expired,1,Low,A0043,Bancassurance
POL005058,C01827,Life,2023-04-19,2038-04-19,114800.0,7674000.0,Monthly,Active,15,Low,A0024,Agent
POL005059,C03372,Motor,2024-11-02,2025-11-02,25150.0,718700.0,Monthly,Expired,1,Medium,A0073,Agent
POL005060,C00629,Motor,2024-07-06,2025-07-06,35330.0,1187500.0,Annually,Expired,1,Low,A0076,Agent
POL005061,C00506,Motor,2024-11-08,2025-11-08,52800.0,1508500.0,Monthly,Expired,1,Medium,A0043,Referral
POL005062,C03304,Home,2024-07-27,2029-07-27,2350.0,1069600.0,Annually,Active,5,Medium,A0070,Agent
POL005063,C02375,Home,2025-06-23,2030-06-23,3360.0,1526300.0,Annually,Active,5,Medium,A0045,Agent
POL005064,C01207,Home,2025-02-06,2035-02-06,9850.0,5267500.0,Annually,Active,10,Low,A0094,Corporate
POL005065,C03999,Home,2024-04-30,2034-04-28,14590.0,7801700.0,Annually,Active,10,Low,A0007,Agent
POL005066,C01098,Health,2025-07-14,2026-07-14,21080.0,500000.0,Annually,Active,1,Low,A0010,Bancassurance
POL005067,C04893,Motor,2025-06-11,2026-06-11,11190.0,319700.0,Annually,Active,1,Medium,A0026,Online
POL005068,C03873,Home,2025-08-26,2030-08-26,9830.0,5254800.0,Monthly,Active,5,Low,A0070,Online
POL005069,C04382,Motor,2025-03-09,2026-03-09,45920.0,1543700.0,Annually,Active,1,Low,A0037,Referral
POL005070,C00726,Home,2023-01-11,2028-01-11,13420.0,6098100.0,Annually,Lapsed,5,Medium,A0047,Corporate
POL005071,C01139,Health,2025-01-25,2027-01-25,39100.0,1000000.0,Monthly,Active,2,Low,A0016,Online
POL005072,C00528,Home,2023-02-21,2033-02-21,3790.0,2028000.0,Monthly,Active,10,Low,A0032,Online
POL005073,C03208,Motor,2023-07-06,2024-07-05,62150.0,1775700.0,Annually,Expired,1,Medium,A0070,Online
POL005074,C00489,Home,2025-08-15,2040-08-15,13740.0,7347300.0,Annually,Active,15,Low,A0084,Agent
POL005075,C03519,Life,2025-02-10,2045-02-10,65580.0,4039400.0,Annually,Active,20,Low,A0077,Corporate
POL005076,C03341,Health,2023-06-28,2024-06-28,12190.0,300000.0,Annually,Expired,1,Low,A0074,Agent
POL005077,C04686,Life,2024-02-20,2049-02-20,32820.0,2193700.0,Annually,Active,25,Low,A0095,Agent
POL005078,C04118,Life,2024-01-09,2039-01-09,42840.0,2769400.0,Annually,Active,15,Low,A0093,Corporate
POL005079,C03628,Motor,2024-02-26,2025-02-25,44060.0,1258700.0,Annually,Expired,1,Medium,A0054,Agent
POL005080,C04847,Life,2024-06-12,2049-06-12,45080.0,2467000.0,Annually,Lapsed,25,Low,A0013,Agent
POL005081,C02189,Life,2023-12-06,2038-12-06,75480.0,3861000.0,Quarterly,Active,15,Low,A0080,Agent
POL005082,C04201,Health,2025-08-03,2028-08-03,21500.0,500000.0,Monthly,Active,3,Medium,A0076,Agent
POL005083,C03984,Health,2024-02-21,2025-02-21,23300.0,500000.0,Monthly,Expired,1,Medium,A0005,Online
POL005084,C02301,Motor,2025-06-04,2026-06-04,48940.0,1398200.0,Monthly,Active,1,Medium,A0040,Online
POL005085,C00846,Motor,2023-08-07,2024-08-06,34470.0,984800.0,Annually,Expired,1,Medium,A0044,Bancassurance
POL005086,C02221,Motor,2024-06-08,2025-06-08,51120.0,1460600.0,Annually,Expired,1,Medium,A0006,Agent
POL005087,C00862,Motor,2024-06-23,2025-06-23,8270.0,236200.0,Annually,Expired,1,Medium,A0055,Agent
POL005088,C00390,Health,2024-12-20,2026-12-20,11280.0,300000.0,Annually,Active,2,Medium,A0065,Agent
POL005089,C04898,Health,2023-10-24,2024-10-24,48400.0,1000000.0,Annually,Expired,1,Medium,A0006,Agent
POL005090,C04266,Motor,2025-03-20,2026-03-20,25370.0,725000.0,Annually,Active,1,Medium,A0053,Bancassurance
POL005091,C01485,Travel,2025-02-07,2025-04-03,2960.0,246600.0,Annually,Lapsed,1,Medium,A0093,Online
POL005092,C04498,Motor,2023-07-20,2024-07-19,14340.0,409800.0,Monthly,Expired,1,Medium,A0076,Bancassurance
POL005093,C00189,Travel,2023-02-04,2023-02-14,7780.0,762800.0,Annually,Lapsed,1,Low,A0053,Agent
POL005094,C03643,Motor,2024-08-22,2025-08-22,22350.0,638500.0,Annually,Lapsed,1,Medium,A0013,Agent
POL005095,C01265,Health,2024-11-23,2025-11-23,40000.0,1000000.0,Monthly,Expired,1,Medium,A0020,Agent
POL005096,C02140,Health,2023-03-05,2026-03-05,12000.0,300000.0,Annually,Active,3,Medium,A0052,Agent
POL005097,C00211,Travel,2025-06-29,2025-08-10,4390.0,365900.0,Annually,Expired,1,Medium,A0026,Agent
POL005098,C01443,Home,2025-08-01,2026-08-01,16210.0,7370400.0,Monthly,Active,1,Medium,A0074,Bancassurance
POL005099,C03398,Life,2025-09-28,2045-09-28,375950.0,15930000.0,Monthly,Active,20,Medium,A0019,Agent
POL005100,C03450,Motor,2024-11-13,2025-11-13,19370.0,425700.0,Annually,Expired,1,High,A0027,Agent
POL005101,C03841,Motor,2025-07-04,2026-07-04,58130.0,1661000.0,Annually,Active,1,Medium,A0086,Agent
POL005102,C03885,Life,2023-08-10,2038-08-10,27120.0,1716500.0,Monthly,Cancelled,15,Medium,A0037,Agent
POL005103,C00932,Health,2024-04-02,2026-04-02,42160.0,1000000.0,Annually,Lapsed,2,Low,A0069,Referral
POL005104,C01209,Life,2025-07-05,2050-07-05,65220.0,4560500.0,Monthly,Lapsed,25,Medium,A0043,Agent
POL005105,C00618,Life,2023-06-19,2038-06-19,60750.0,3131500.0,Quarterly,Cancelled,15,Medium,A0004,Agent
POL005106,C03834,Motor,2025-09-23,2026-09-23,37200.0,1062800.0,Annually,Active,1,Medium,A0015,Online
POL005107,C00757,Motor,2025-09-17,2026-09-17,32830.0,938000.0,Annually,Active,1,Medium,A0037,Agent
POL005108,C00027,Motor,2025-07-07,2026-07-07,32930.0,941000.0,Annually,Active,1,Medium,A0077,Agent
POL005109,C01905,Health,2024-11-01,2026-11-01,38550.0,750000.0,Monthly,Active,2,Medium,A0032,Online
POL005110,C01974,Travel,2023-11-25,2024-01-19,6860.0,571800.0,Annually,Expired,1,Medium,A0044,Online
POL005111,C00099,Life,2024-12-17,2039-12-17,73400.0,3612800.0,Annually,Active,15,Low,A0069,Agent
POL005112,C00281,Health,2025-09-20,2026-09-20,23120.0,500000.0,Quarterly,Active,1,Low,A0042,Online
POL005113,C04379,Health,2023-10-19,2025-10-19,89420.0,2000000.0,Annually,Expired,2,Low,A0079,Bancassurance
POL005114,C03486,Life,2024-04-29,2044-04-28,119020.0,7218000.0,Annually,Active,20,Low,A0069,Agent
POL005115,C00983,Health,2025-05-15,2026-05-15,12950.0,300000.0,Annually,Active,1,Low,A0080,Online
POL005116,C03755,Motor,2024-09-21,2025-09-21,59010.0,1685900.0,Annually,Expired,1,Medium,A0076,Referral
POL005117,C04345,Home,2024-05-22,2029-05-22,12450.0,4352300.0,Annually,Active,5,High,A0077,Agent
POL005118,C04395,Travel,2024-06-11,2024-07-28,5380.0,527000.0,Annually,Expired,1,Low,A0007,Agent
POL005119,C04035,Home,2023-11-17,2028-11-17,9190.0,4911800.0,Annually,Active,5,Low,A0017,Online
POL005120,C02391,Health,2023-07-21,2024-07-21,21840.0,500000.0,Quarterly,Expired,1,Low,A0045,Corporate
POL005121,C03233,Life,2025-10-01,2050-10-01,93480.0,4674000.0,Annually,Active,25,Medium,A0082,Corporate
POL005122,C01289,Life,2024-10-08,2039-10-08,37080.0,2397000.0,Monthly,Active,15,Low,A0056,Online
POL005123,C02199,Motor,2025-03-22,2026-03-22,38160.0,1090300.0,Annually,Active,1,Medium,A0086,Online
POL005124,C03493,Health,2024-01-02,2025-01-02,22610.0,500000.0,Annually,Expired,1,Low,A0004,Bancassurance
POL005125,C02475,Motor,2025-07-05,2026-07-05,18670.0,410200.0,Monthly,Active,1,High,A0010,Agent
POL005126,C03596,Health,2023-10-16,2026-10-16,19290.0,500000.0,Monthly,Active,3,Low,A0096,Online
POL005127,C00571,Health,2024-09-12,2026-09-12,27800.0,750000.0,Annually,Active,2,Low,A0039,Referral
POL005128,C02984,Home,2025-02-19,2035-02-19,12610.0,5730300.0,Annually,Active,10,Medium,A0098,Corporate
POL005129,C04690,Life,2025-09-10,2050-09-10,56980.0,3875100.0,Monthly,Active,25,Low,A0083,Bancassurance
POL005130,C03497,Motor,2024-02-11,2025-02-10,25810.0,737500.0,Annually,Expired,1,Medium,A0019,Agent
POL005131,C04742,Health,2024-06-01,2027-06-01,23900.0,500000.0,Monthly,Active,3,Medium,A0084,Online
POL005132,C04497,Travel,2024-10-11,2024-12-10,2600.0,216300.0,Annually,Expired,1,Medium,A0093,Bancassurance
POL005133,C04036,Motor,2025-07-11,2026-07-11,34060.0,973100.0,Annually,Active,1,Medium,A0046,Referral
POL005134,C04297,Life,2023-05-25,2038-05-25,53980.0,3872600.0,Annually,Active,15,Low,A0092,Agent
POL005135,C00026,Health,2025-08-30,2028-08-28,16680.0,300000.0,Monthly,Active,3,Medium,A0073,Corporate
POL005136,C04915,Motor,2025-05-21,2026-05-21,47940.0,1369800.0,Annually,Active,1,Medium,A0028,Referral
POL005137,C02422,Health,2023-06-18,2025-06-18,38870.0,500000.0,Quarterly,Expired,2,High,A0051,Online
POL005138,C02563,Life,2023-02-06,2038-02-06,80980.0,4239600.0,Monthly,Active,15,Medium,A0083,Agent
POL005139,C00137,Travel,2023-03-07,2023-04-16,1500.0,98200.0,Annually,Expired,1,Low,A0040,Agent
POL005140,C04631,Health,2024-09-07,2027-09-07,19700.0,500000.0,Annually,Active,3,Medium,A0008,Online
POL005141,C02182,Health,2025-04-11,2027-04-11,23300.0,500000.0,Monthly,Cancelled,2,Medium,A0073,Agent
POL005142,C02429,Motor,2025-04-09,2026-04-09,37120.0,1060400.0,Annually,Lapsed,1,Medium,A0052,Online
POL005143,C04446,Travel,2024-12-16,2025-02-07,4220.0,351800.0,Annually,Lapsed,1,Medium,A0044,Bancassurance
POL005144,C04317,Motor,2024-12-02,2025-12-02,45930.0,1312400.0,Annually,Expired,1,Medium,A0004,Agent
POL005145,C01036,Life,2025-02-04,2045-02-04,88590.0,4473000.0,Quarterly,Active,20,Low,A0088,Agent
POL005146,C02579,Life,2023-07-05,2038-07-05,75470.0,3462000.0,Quarterly,Active,15,Medium,A0054,Bancassurance
POL005147,C04933,Home,2023-10-13,2028-10-13,3310.0,1769600.0,Annually,Active,5,Low,A0017,Bancassurance
POL005148,C04705,Motor,2023-11-17,2024-11-16,58250.0,1664400.0,Annually,Expired,1,Medium,A0080,Corporate
POL005149,C03487,Health,2024-01-17,2027-01-17,62480.0,1500000.0,Annually,Active,3,Low,A0071,Online
POL005150,C00953,Travel,2023-02-01,2023-02-17,1500.0,79400.0,Annually,Expired,1,Low,A0046,Bancassurance
POL005151,C02385,Motor,2023-10-10,2024-10-09,7990.0,228200.0,Annually,Expired,1,Medium,A0072,Agent
POL005152,C04556,Health,2024-06-17,2027-06-17,21080.0,500000.0,Quarterly,Active,3,Low,A0035,Bancassurance
POL005153,C02325,Motor,2023-11-04,2024-11-03,23350.0,667100.0,Annually,Expired,1,Medium,A0030,Bancassurance
POL005154,C01836,Health,2025-01-18,2027-01-18,30200.0,500000.0,Quarterly,Active,2,Medium,A0053,Bancassurance
POL005155,C01750,Motor,2024-09-02,2025-09-02,57620.0,1646400.0,Annually,Lapsed,1,Medium,A0081,Agent
POL005156,C01440,Health,2023-01-15,2024-01-15,18780.0,500000.0,Annually,Expired,1,Low,A0014,Agent
POL005157,C04040,Health,2024-09-08,2025-09-08,48000.0,750000.0,Annually,Expired,1,Medium,A0017,Bancassurance
POL005158,C00297,Home,2024-10-10,2029-10-10,12130.0,5512100.0,Monthly,Active,5,Medium,A0073,Bancassurance
POL005159,C00607,Health,2025-04-09,2028-04-09,22860.0,500000.0,Annually,Active,3,Low,A0040,Agent
POL005160,C04724,Motor,2025-02-08,2026-02-08,56540.0,1615300.0,Annually,Active,1,Medium,A0081,Agent
POL005161,C01919,Home,2025-02-02,2035-02-02,9290.0,4970500.0,Annually,Cancelled,10,Low,A0021,Online
POL005162,C04241,Health,2023-04-01,2024-04-01,19700.0,500000.0,Monthly,Expired,1,Medium,A0030,Agent
POL005163,C00920,Health,2024-09-21,2026-09-21,38550.0,750000.0,Annually,Active,2,Medium,A0079,Bancassurance
POL005164,C04630,Health,2023-03-02,2025-03-02,22100.0,500000.0,Monthly,Expired,2,Low,A0001,Corporate
POL005165,C01791,Home,2025-01-11,2040-01-11,4220.0,1916500.0,Annually,Active,15,Medium,A0069,Referral
POL005166,C04347,Motor,2024-06-06,2025-06-06,32080.0,916700.0,Annually,Expired,1,Medium,A0090,Referral
POL005167,C00682,Health,2024-08-24,2025-08-24,64160.0,750000.0,Quarterly,Expired,1,High,A0017,Corporate
POL005168,C01805,Travel,2023-08-29,2023-09-22,7300.0,716100.0,Annually,Expired,1,Low,A0009,Agent
POL005169,C03021,Health,2025-04-09,2028-04-09,44200.0,1000000.0,Annually,Active,3,Low,A0031,Agent
POL005170,C00998,Home,2023-06-12,2028-06-12,14800.0,7915800.0,Monthly,Lapsed,5,Low,A0027,Agent
POL005171,C00769,Motor,2025-08-02,2026-08-02,36680.0,1048000.0,Monthly,Active,1,Medium,A0089,Referral
POL005172,C00553,Motor,2023-05-24,2024-05-23,19020.0,543300.0,Annually,Expired,1,Medium,A0085,Online
POL005173,C03012,Motor,2024-09-17,2025-09-17,15080.0,430800.0,Annually,Lapsed,1,Medium,A0069,Bancassurance
POL005174,C03193,Health,2023-02-21,2025-02-21,22350.0,500000.0,Quarterly,Expired,2,Low,A0019,Agent
POL005175,C03109,Life,2025-03-13,2045-03-13,54390.0,3458800.0,Monthly,Active,20,Low,A0023,Agent
POL005176,C02421,Health,2024-10-17,2025-10-17,23560.0,300000.0,Annually,Expired,1,High,A0052,Agent
POL005177,C00878,Health,2023-07-09,2025-07-09,20060.0,500000.0,Annually,Lapsed,2,Low,A0064,Bancassurance
POL005178,C03279,Health,2024-05-25,2025-05-25,32000.0,750000.0,Quarterly,Expired,1,Low,A0055,Bancassurance
POL005179,C00470,Health,2023-10-03,2024-10-03,13570.0,300000.0,Annually,Expired,1,Low,A0031,Bancassurance
POL005180,C04912,Health,2025-01-12,2027-01-12,12950.0,300000.0,Monthly,Active,2,Low,A0044,Online
POL005181,C02287,Travel,2024-10-15,2024-11-08,3320.0,325400.0,Annually,Lapsed,1,Low,A0045,Online
POL005182,C04350,Life,2023-05-25,2043-05-25,61440.0,3726200.0,Monthly,Active,20,Low,A0019,Agent
POL005183,C04660,Health,2025-03-20,2026-03-20,28650.0,750000.0,Annually,Active,1,Medium,A0004,Online
POL005184,C02664,Motor,2024-08-30,2025-08-30,27480.0,785200.0,Annually,Expired,1,Medium,A0056,Online
POL005185,C00485,Life,2024-10-22,2034-10-22,50810.0,2702800.0,Quarterly,Active,10,Medium,A0028,Agent
POL005186,C03109,Life,2025-01-03,2040-01-03,62560.0,3978300.0,Monthly,Active,15,Low,A0018,Online
POL005187,C01368,Health,2023-02-25,2025-02-25,62200.0,1000000.0,Annually,Expired,2,Medium,A0065,Agent
POL005188,C02771,Life,2025-06-30,2035-06-28,74880.0,4926600.0,Monthly,Active,10,Medium,A0089,Online
POL005189,C01304,Motor,2025-08-31,2026-08-31,38710.0,1105900.0,Annually,Active,1,Medium,A0093,Agent
POL005190,C02328,Home,2024-11-23,2034-11-23,6420.0,2917400.0,Annually,Active,10,Medium,A0055,Corporate
POL005191,C03253,Health,2024-11-18,2025-11-18,10510.0,300000.0,Annually,Expired,1,Low,A0041,Corporate
POL005192,C03256,Home,2023-10-19,2028-10-19,6490.0,3470900.0,Annually,Active,5,Low,A0093,Agent
POL005193,C02525,Home,2024-04-06,2039-04-06,14320.0,6507200.0,Annually,Active,15,Medium,A0009,Online
POL005194,C02473,Health,2025-09-15,2028-09-15,49000.0,1000000.0,Annually,Active,3,Medium,A0083,Agent
POL005195,C01707,Health,2025-08-30,2026-08-28,55000.0,1000000.0,Quarterly,Lapsed,1,Medium,A0026,Agent
POL005196,C03723,Life,2025-08-16,2050-08-16,53260.0,2874500.0,Monthly,Active,25,Low,A0064,Corporate
POL005197,C02685,Life,2024-10-17,2039-10-17,108530.0,4911000.0,Annually,Active,15,Medium,A0053,Agent
POL005198,C04836,Health,2025-07-12,2026-07-12,46650.0,750000.0,Annually,Active,1,Medium,A0095,Agent
POL005199,C04868,Life,2023-06-02,2038-06-02,20240.0,1386600.0,Monthly,Active,15,Medium,A0071,Agent
POL005200,C01916,Life,2024-03-12,2044-03-12,51250.0,3015000.0,Quarterly,Active,20,Low,A0032,Agent
POL005201,C00829,Life,2025-09-10,2045-09-10,234180.0,11205000.0,Annually,Active,20,Medium,A0020,Agent
POL005202,C02567,Health,2023-07-10,2024-07-10,21590.0,500000.0,Quarterly,Lapsed,1,Low,A0020,Online
POL005203,C01881,Health,2023-02-07,2024-02-07,42600.0,750000.0,Annually,Expired,1,Medium,A0032,Agent
POL005204,C02800,Home,2024-06-01,2034-06-01,13150.0,7031400.0,Annually,Lapsed,10,Low,A0055,Corporate
POL005205,C02068,Health,2024-03-06,2025-03-06,112400.0,2000000.0,Monthly,Expired,1,Medium,A0076,Agent
POL005206,C00572,Health,2025-01-03,2027-01-03,81260.0,2000000.0,Annually,Active,2,Low,A0009,Corporate
POL005207,C01926,Home,2024-10-25,2029-10-25,16960.0,7710300.0,Annually,Active,5,Medium,A0028,Bancassurance
POL005208,C03263,Health,2025-06-23,2026-06-23,25700.0,500000.0,Annually,Active,1,Medium,A0081,Agent
POL005209,C00560,Motor,2025-01-31,2026-01-31,4820.0,161900.0,Monthly,Active,1,Low,A0078,Bancassurance
POL005210,C02878,Health,2024-03-13,2025-03-13,47940.0,1500000.0,Quarterly,Lapsed,1,Low,A0046,Agent
POL005211,C01580,Health,2023-06-30,2024-06-28,42160.0,1000000.0,Monthly,Expired,1,Low,A0069,Agent
POL005212,C04471,Motor,2025-02-07,2026-02-07,62230.0,1778100.0,Monthly,Active,1,Medium,A0025,Agent
POL005213,C01582,Life,2024-03-09,2049-03-09,36650.0,2082400.0,Annually,Active,25,Medium,A0041,Bancassurance
POL005214,C00112,Motor,2025-01-03,2026-01-03,58460.0,1670200.0,Annually,Cancelled,1,Medium,A0064,Corporate
POL005215,C01036,Motor,2023-04-22,2024-04-21,4850.0,163200.0,Annually,Lapsed,1,Low,A0004,Bancassurance
POL005216,C00018,Home,2023-08-18,2038-08-18,10490.0,4766800.0,Annually,Active,15,Medium,A0096,Agent
POL005217,C04695,Life,2024-06-04,2034-06-04,294850.0,13908000.0,Monthly,Lapsed,10,Medium,A0090,Agent
POL005218,C00953,Travel,2023-07-14,2023-09-11,2870.0,281800.0,Annually,Expired,1,Low,A0002,Agent
POL005219,C03346,Health,2024-03-07,2027-03-07,21840.0,500000.0,Quarterly,Lapsed,3,Low,A0010,Bancassurance
POL005220,C01524,Health,2024-05-05,2026-05-05,32250.0,750000.0,Annually,Active,2,Medium,A0053,Agent
POL005221,C01414,Motor,2024-04-20,2025-04-20,42250.0,1207100.0,Annually,Expired,1,Medium,A0042,Corporate
POL005222,C04008,Travel,2023-12-23,2024-02-01,11860.0,988000.0,Annually,Expired,1,Medium,A0045,Online
POL005223,C04961,Health,2025-03-04,2026-03-04,31240.0,750000.0,Quarterly,Lapsed,1,Low,A0071,Referral
POL005224,C00847,Health,2025-07-05,2027-07-05,19800.0,500000.0,Monthly,Active,2,Low,A0078,Agent
POL005225,C03624,Life,2024-10-20,2039-10-20,22310.0,1386000.0,Annually,Active,15,Medium,A0070,Online
POL005226,C04159,Health,2025-09-16,2026-09-16,35530.0,1000000.0,Monthly,Active,1,Low,A0053,Bancassurance
POL005227,C03455,Health,2024-01-14,2027-01-14,41140.0,1000000.0,Monthly,Active,3,Low,A0093,Agent
POL005228,C03365,Motor,2024-03-21,2025-03-21,21210.0,712800.0,Annually,Expired,1,Low,A0035,Agent
POL005229,C04276,Motor,2023-03-09,2024-03-08,74140.0,1629500.0,Annually,Lapsed,1,High,A0071,Referral
POL005230,C01757,Life,2023-03-23,2043-03-23,47220.0,2863700.0,Annually,Cancelled,20,Low,A0016,Online
POL005231,C00463,Home,2023-02-21,2038-02-21,16610.0,7550200.0,Annually,Cancelled,15,Medium,A0008,Online
POL005232,C04296,Health,2023-01-30,2026-01-28,74400.0,1500000.0,Quarterly,Active,3,Medium,A0009,Corporate
POL005233,C04751,Motor,2023-09-03,2024-09-02,17410.0,497300.0,Annually,Expired,1,Medium,A0074,Bancassurance
POL005234,C02467,Health,2025-07-30,2028-07-28,86360.0,2000000.0,Monthly,Lapsed,3,Low,A0061,Agent
POL005235,C04769,Motor,2025-08-30,2026-08-30,60890.0,1739600.0,Annually,Active,1,Medium,A0002,Online
POL005236,C04889,Health,2025-03-30,2026-03-28,47260.0,1000000.0,Monthly,Active,1,Low,A0017,Agent
POL005237,C05000,Motor,2023-01-26,2024-01-26,38430.0,1097900.0,Annually,Expired,1,Medium,A0053,Online
POL005238,C03198,Motor,2024-10-02,2025-10-02,51860.0,1481700.0,Annually,Expired,1,Medium,A0094,Referral
POL005239,C02025,Health,2024-05-25,2026-05-25,31240.0,750000.0,Annually,Lapsed,2,Low,A0017,Bancassurance
POL005240,C00533,Health,2024-06-23,2025-06-23,25400.0,500000.0,Annually,Expired,1,Medium,A0032,Online
POL005241,C02086,Life,2023-06-04,2033-06-04,56890.0,3075000.0,Annually,Active,10,Medium,A0097,Bancassurance
POL005242,C01419,Motor,2024-10-23,2025-10-23,40330.0,1152200.0,Annually,Expired,1,Medium,A0097,Agent
POL005243,C00855,Health,2023-04-24,2025-04-24,11880.0,300000.0,Annually,Lapsed,2,Low,A0094,Agent
POL005244,C04887,Health,2024-10-18,2025-10-18,41200.0,1000000.0,Monthly,Expired,1,Medium,A0026,Referral
POL005245,C04939,Health,2023-04-06,2025-04-06,58300.0,750000.0,Monthly,Expired,2,High,A0085,Online
POL005246,C02229,Health,2025-04-08,2026-04-08,54820.0,1500000.0,Annually,Active,1,Low,A0033,Agent
POL005247,C04854,Motor,2025-03-14,2026-03-14,21830.0,623600.0,Annually,Cancelled,1,Medium,A0062,Bancassurance
POL005248,C01487,Motor,2024-06-08,2025-06-08,30480.0,871000.0,Annually,Lapsed,1,Medium,A0007,Corporate
POL005249,C00484,Health,2024-04-19,2025-04-19,15240.0,300000.0,Annually,Expired,1,Medium,A0027,Referral
POL005250,C03033,Life,2025-02-24,2040-02-24,81970.0,5574000.0,Monthly,Active,15,Low,A0038,Corporate
POL005251,C03132,Travel,2024-12-11,2025-02-03,8740.0,857200.0,Annually,Expired,1,Low,A0067,Agent
POL005252,C01990,Life,2023-08-15,2033-08-15,77940.0,4654600.0,Annually,Active,10,Low,A0007,Online
POL005253,C01262,Motor,2023-10-28,2024-10-27,17880.0,510900.0,Annually,Expired,1,Medium,A0056,Online
POL005254,C02065,Health,2025-05-08,2026-05-08,28560.0,750000.0,Annually,Cancelled,1,Low,A0096,Online
POL005255,C04169,Motor,2023-01-12,2024-01-12,52270.0,1493300.0,Annually,Expired,1,Medium,A0082,Online
POL005256,C02986,Life,2024-10-22,2054-10-22,46690.0,2706000.0,Annually,Active,30,Low,A0095,Bancassurance
POL005257,C03022,Health,2025-05-15,2027-05-15,24500.0,500000.0,Annually,Active,2,Medium,A0009,Bancassurance
POL005258,C00944,Home,2024-07-27,2039-07-27,11190.0,5088400.0,Annually,Active,15,Medium,A0087,Online
POL005259,C02578,Home,2023-05-06,2028-05-06,9760.0,4434900.0,Annually,Active,5,Medium,A0065,Agent
POL005260,C02539,Motor,2024-07-21,2025-07-21,38270.0,1093600.0,Annually,Expired,1,Medium,A0016,Bancassurance
POL005261,C04760,Life,2024-03-13,2044-03-13,228310.0,8583000.0,Annually,Active,20,Medium,A0069,Agent
POL005262,C02343,Life,2025-05-09,2040-05-09,68410.0,3642000.0,Quarterly,Active,15,Low,A0052,Online
POL005263,C01260,Life,2025-08-26,2055-08-26,51610.0,3702600.0,Monthly,Active,30,Low,A0082,Online
POL005264,C04791,Home,2025-07-09,2030-07-09,3760.0,2009000.0,Monthly,Active,5,Low,A0083,Agent
POL005265,C01105,Motor,2024-08-19,2025-08-19,12450.0,355800.0,Annually,Expired,1,Medium,A0022,Online
POL005266,C03404,Health,2023-08-23,2024-08-23,39900.0,750000.0,Annually,Expired,1,Medium,A0090,Online
POL005267,C04557,Health,2025-01-31,2027-01-28,69360.0,1500000.0,Annually,Active,2,Low,A0066,Bancassurance
POL005268,C04162,Health,2024-12-15,2026-12-15,43600.0,1000000.0,Monthly,Active,2,Medium,A0086,Corporate
POL005269,C04022,Health,2025-01-13,2026-01-13,30450.0,750000.0,Monthly,Lapsed,1,Medium,A0075,Agent
POL005270,C04062,Life,2023-07-19,2048-07-19,45480.0,2940000.0,Monthly,Active,25,Low,A0014,Agent
POL005271,C01341,Health,2025-04-08,2026-04-08,60900.0,1500000.0,Monthly,Lapsed,1,Medium,A0017,Bancassurance
POL005272,C02684,Motor,2024-04-30,2025-04-30,54030.0,1543800.0,Annually,Lapsed,1,Medium,A0071,Agent
POL005273,C01002,Motor,2024-11-26,2025-11-26,48220.0,1377700.0,Annually,Expired,1,Medium,A0075,Agent
POL005274,C02908,Motor,2023-07-17,2024-07-16,43320.0,1237700.0,Annually,Lapsed,1,Medium,A0031,Bancassurance
POL005275,C03983,Home,2024-12-28,2039-12-28,4660.0,2490000.0,Annually,Active,15,Low,A0046,Corporate
POL005276,C04708,Health,2025-05-24,2027-05-24,28180.0,750000.0,Monthly,Active,2,Low,A0075,Agent
POL005277,C04148,Life,2024-02-22,2039-02-22,109060.0,4621200.0,Annually,Active,15,Medium,A0092,Online
POL005278,C01856,Motor,2024-12-07,2025-12-07,40250.0,1150100.0,Monthly,Expired,1,Medium,A0070,Agent
POL005279,C03717,Health,2024-11-09,2027-11-09,14640.0,300000.0,Annually,Cancelled,3,Low,A0057,Online
POL005280,C03808,Life,2023-01-14,2053-01-14,43260.0,2301000.0,Quarterly,Lapsed,30,Medium,A0045,Referral
POL005281,C00631,Health,2024-05-31,2026-05-28,42160.0,1000000.0,Quarterly,Active,2,Low,A0004,Online
POL005282,C01258,Motor,2023-08-17,2024-08-16,5330.0,152300.0,Annually,Expired,1,Medium,A0098,Agent
POL005283,C00773,Health,2024-07-11,2026-07-11,20060.0,500000.0,Monthly,Active,2,Low,A0077,Bancassurance
POL005284,C04460,Life,2023-02-27,2038-02-27,115410.0,6789000.0,Monthly,Lapsed,15,Medium,A0010,Corporate
POL005285,C02235,Life,2024-05-07,2044-05-07,92750.0,4314000.0,Monthly,Active,20,Medium,A0031,Agent
POL005286,C03345,Health,2024-03-05,2027-03-05,59800.0,1000000.0,Annually,Active,3,Medium,A0061,Agent
POL005287,C00021,Health,2025-08-20,2027-08-20,38800.0,1000000.0,Quarterly,Active,2,Medium,A0005,Agent
POL005288,C01008,Life,2024-07-28,2054-07-28,53150.0,3223000.0,Annually,Active,30,Low,A0051,Bancassurance
POL005289,C03437,Health,2023-12-30,2025-12-28,21080.0,500000.0,Annually,Expired,2,Low,A0010,Agent
POL005290,C02105,Home,2024-12-12,2039-12-12,3850.0,1751900.0,Monthly,Active,15,Medium,A0084,Agent
POL005291,C03224,Life,2025-05-22,2050-05-22,44260.0,2293900.0,Annually,Lapsed,25,Low,A0064,Agent
POL005292,C02879,Motor,2023-03-06,2024-03-05,36670.0,1047700.0,Monthly,Expired,1,Medium,A0009,Online
POL005293,C04683,Home,2025-01-22,2026-01-22,12410.0,6636100.0,Annually,Active,1,Low,A0054,Online
POL005294,C00267,Health,2024-06-04,2027-06-04,21590.0,500000.0,Quarterly,Active,3,Low,A0020,Corporate
POL005295,C01052,Health,2023-03-06,2024-03-06,32000.0,750000.0,Monthly,Expired,1,Low,A0013,Online
POL005296,C00068,Health,2025-02-10,2026-02-10,42600.0,750000.0,Quarterly,Active,1,Medium,A0004,Agent
POL005297,C04071,Motor,2023-08-15,2024-08-14,62870.0,1796400.0,Annually,Expired,1,Medium,A0096,Bancassurance
POL005298,C02519,Travel,2024-04-15,2024-04-23,2350.0,230700.0,Annually,Expired,1,Low,A0001,Online
POL005299,C03975,Health,2024-12-20,2025-12-20,17770.0,500000.0,Monthly,Expired,1,Low,A0031,Agent
POL005300,C02457,Motor,2024-04-04,2025-04-04,56050.0,1601500.0,Annually,Expired,1,Medium,A0014,Agent
POL005301,C04464,Home,2023-06-01,2038-06-01,14830.0,7932200.0,Annually,Active,15,Low,A0044,Online
POL005302,C02339,Motor,2024-05-16,2025-05-16,19590.0,559600.0,Monthly,Expired,1,Medium,A0053,Online
POL005303,C00286,Motor,2024-10-25,2025-10-25,7030.0,200800.0,Annually,Expired,1,Medium,A0051,Agent
POL005304,C00076,Home,2024-12-01,2034-12-01,5880.0,2672200.0,Annually,Lapsed,10,Medium,A0081,Corporate
POL005305,C01381,Motor,2024-12-16,2025-12-16,44320.0,1266300.0,Annually,Expired,1,Medium,A0099,Agent
POL005306,C00838,Home,2024-07-14,2029-07-14,5180.0,2768000.0,Annually,Active,5,Low,A0093,Agent
POL005307,C01765,Health,2023-04-17,2025-04-17,18800.0,500000.0,Annually,Expired,2,Medium,A0018,Corporate
POL005308,C04901,Life,2025-09-13,2040-09-13,79170.0,3897000.0,Monthly,Active,15,Low,A0066,Corporate
POL005309,C00371,Home,2023-09-03,2024-09-03,5880.0,3143000.0,Annually,Expired,1,Low,A0005,Bancassurance
POL005310,C04834,Home,2023-02-28,2033-02-28,9910.0,4503100.0,Monthly,Active,10,Medium,A0047,Bancassurance
POL005311,C04790,Home,2025-05-21,2040-05-21,9070.0,4847700.0,Monthly,Active,15,Low,A0028,Bancassurance
POL005312,C00022,Health,2025-05-04,2026-05-04,31620.0,750000.0,Quarterly,Active,1,Low,A0094,Agent
POL005313,C04958,Life,2023-05-08,2033-05-08,139980.0,6249000.0,Monthly,Lapsed,10,Medium,A0014,Online
POL005314,C01132,Life,2025-09-06,2050-09-06,90900.0,4905600.0,Quarterly,Active,25,Low,A0043,Agent
POL005315,C00484,Health,2024-05-08,2025-05-08,76200.0,1500000.0,Annually,Expired,1,Medium,A0050,Bancassurance
POL005316,C03525,Health,2023-12-02,2025-12-02,32770.0,750000.0,Annually,Lapsed,2,Low,A0033,Referral
POL005317,C04113,Health,2025-07-10,2026-07-10,25700.0,500000.0,Monthly,Active,1,Medium,A0011,Bancassurance
POL005318,C04709,Travel,2024-12-29,2025-02-06,6800.0,666500.0,Annually,Expired,1,Low,A0050,Bancassurance
POL005319,C00044,Home,2025-06-23,2026-06-23,3230.0,1468700.0,Annually,Active,1,Medium,A0007,Agent
POL005320,C01298,Motor,2023-09-29,2024-09-28,29930.0,855000.0,Annually,Expired,1,Medium,A0079,Online
POL005321,C00065,Health,2024-01-28,2025-01-28,22860.0,500000.0,Annually,Expired,1,Low,A0079,Referral
POL005322,C00008,Home,2024-11-12,2029-11-12,13380.0,6079700.0,Annually,Active,5,Medium,A0069,Agent
POL005323,C02696,Health,2023-08-04,2024-08-04,33150.0,750000.0,Quarterly,Lapsed,1,Low,A0071,Referral
POL005324,C00082,Travel,2025-03-14,2025-04-23,5170.0,430800.0,Annually,Expired,1,Medium,A0046,Agent
POL005325,C01559,Health,2025-07-30,2027-07-28,11120.0,300000.0,Monthly,Active,2,Low,A0061,Agent
POL005326,C02409,Motor,2024-04-01,2025-04-01,56400.0,1611500.0,Annually,Expired,1,Medium,A0010,Referral
POL005327,C03714,Life,2025-09-09,2050-09-09,85400.0,5910000.0,Monthly,Active,25,Low,A0014,Agent
POL005328,C03444,Home,2023-01-25,2033-01-25,10240.0,4656200.0,Annually,Active,10,Medium,A0016,Online
POL005329,C04829,Motor,2025-02-10,2026-02-10,26760.0,764600.0,Annually,Active,1,Medium,A0061,Agent
POL005330,C01792,Motor,2024-10-22,2025-10-22,26260.0,750200.0,Annually,Expired,1,Medium,A0028,Online
POL005331,C03182,Travel,2025-08-24,2025-10-08,2990.0,292900.0,Annually,Expired,1,Low,A0052,Bancassurance
POL005332,C03915,Motor,2023-08-09,2024-08-08,44300.0,1265600.0,Annually,Expired,1,Medium,A0066,Online
POL005333,C00196,Health,2025-02-08,2027-02-08,23600.0,500000.0,Monthly,Active,2,Medium,A0046,Bancassurance
POL005334,C01730,Health,2023-06-17,2024-06-17,20310.0,500000.0,Annually,Expired,1,Low,A0019,Agent
POL005335,C02316,Health,2023-02-14,2024-02-14,46000.0,1000000.0,Quarterly,Expired,1,Medium,A0007,Corporate
POL005336,C04937,Motor,2023-06-16,2024-06-15,42120.0,1203500.0,Annually,Expired,1,Medium,A0028,Online
POL005337,C04957,Motor,2025-07-11,2026-07-11,7150.0,204300.0,Annually,Active,1,Medium,A0054,Agent
POL005338,C04776,Travel,2025-08-07,2025-09-24,5660.0,554600.0,Annually,Expired,1,Low,A0066,Agent
POL005339,C00168,Travel,2024-10-19,2024-12-07,9500.0,931600.0,Annually,Expired,1,Low,A0008,Online
POL005340,C00632,Life,2023-12-27,2048-12-27,118760.0,4272000.0,Annually,Active,25,Medium,A0089,Online
POL005341,C02265,Home,2025-05-19,2030-05-19,12820.0,6857800.0,Annually,Active,5,Low,A0023,Agent
POL005342,C04482,Health,2024-11-27,2026-11-27,20310.0,500000.0,Quarterly,Active,2,Low,A0097,Bancassurance
POL005343,C03898,Home,2024-06-21,2034-06-21,9180.0,4910900.0,Annually,Active,10,Low,A0015,Agent
POL005344,C04601,Home,2024-06-22,2039-06-22,14670.0,6670200.0,Annually,Lapsed,15,Medium,A0004,Online
POL005345,C03163,Health,2024-11-14,2027-11-14,80000.0,2000000.0,Annually,Active,3,Medium,A0067,Agent
POL005346,C02956,Motor,2024-08-28,2025-08-28,30080.0,859300.0,Annually,Lapsed,1,Medium,A0007,Agent
POL005347,C04840,Motor,2023-03-13,2024-03-12,61220.0,1749200.0,Annually,Lapsed,1,Medium,A0035,Agent
POL005348,C01953,Motor,2023-07-23,2024-07-22,33710.0,963100.0,Annually,Expired,1,Medium,A0027,Bancassurance
POL005349,C00379,Health,2023-01-16,2024-01-16,20310.0,500000.0,Annually,Lapsed,1,Low,A0001,Corporate
POL005350,C03985,Life,2025-01-18,2035-01-18,56990.0,3303000.0,Quarterly,Active,10,Low,A0051,Online
POL005351,C04451,Health,2023-03-22,2024-03-22,23900.0,500000.0,Monthly,Expired,1,Medium,A0088,Agent
POL005352,C04002,Travel,2025-06-06,2025-07-10,7350.0,612100.0,Annually,Expired,1,Medium,A0056,Bancassurance
POL005353,C02226,Health,2023-12-21,2026-12-21,44800.0,1000000.0,Annually,Active,3,Medium,A0100,Referral
POL005354,C00105,Life,2024-04-27,2039-04-27,31440.0,1651300.0,Annually,Active,15,Low,A0083,Online
POL005355,C02911,Travel,2023-11-10,2023-12-08,4540.0,445200.0,Annually,Expired,1,Low,A0004,Online
POL005356,C02511,Motor,2025-09-11,2026-09-11,18040.0,515500.0,Monthly,Active,1,Medium,A0004,Corporate
POL005357,C04904,Motor,2023-05-08,2024-05-07,36970.0,1056400.0,Monthly,Lapsed,1,Medium,A0009,Agent
POL005358,C03567,Health,2024-08-20,2026-08-20,23970.0,750000.0,Quarterly,Active,2,Low,A0052,Agent
POL005359,C04538,Life,2024-10-28,2034-10-28,58720.0,3507000.0,Monthly,Active,10,Low,A0004,Online
POL005360,C00608,Home,2023-10-09,2038-10-09,11490.0,6145200.0,Annually,Active,15,Low,A0011,Agent
POL005361,C00219,Motor,2024-09-08,2025-09-08,76420.0,1679600.0,Annually,Lapsed,1,High,A0017,Agent
POL005362,C03836,Health,2025-07-05,2027-07-05,28100.0,500000.0,Annually,Active,2,Medium,A0088,Bancassurance
POL005363,C00188,Travel,2025-09-16,2025-10-11,4990.0,415500.0,Annually,Expired,1,Medium,A0013,Agent
POL005364,C03454,Health,2024-05-30,2025-05-28,37060.0,1000000.0,Monthly,Expired,1,Low,A0025,Bancassurance
POL005365,C01743,Motor,2024-10-24,2025-10-24,42480.0,1213800.0,Annually,Expired,1,Medium,A0052,Agent
POL005366,C03870,Motor,2024-02-05,2025-02-04,6430.0,183700.0,Annually,Expired,1,Medium,A0028,Agent
POL005367,C01417,Motor,2025-01-28,2026-01-28,18380.0,525100.0,Annually,Active,1,Medium,A0068,Online
POL005368,C04288,Home,2025-01-28,2035-01-28,13790.0,6269400.0,Annually,Active,10,Medium,A0011,Agent
POL005369,C01657,Travel,2024-09-26,2024-10-23,3730.0,366000.0,Annually,Lapsed,1,Low,A0096,Agent
POL005370,C00200,Life,2023-05-28,2053-05-28,38430.0,2687300.0,Annually,Active,30,Medium,A0090,Bancassurance
POL005371,C04316,Health,2023-03-20,2026-03-20,38200.0,1000000.0,Quarterly,Lapsed,3,Medium,A0070,Agent
POL005372,C04400,Travel,2023-11-09,2023-12-29,5380.0,527300.0,Annually,Expired,1,Low,A0008,Agent
POL005373,C04134,Life,2024-09-16,2039-09-16,125040.0,5232000.0,Annually,Active,15,Medium,A0088,Agent
POL005374,C04359,Travel,2025-08-03,2025-09-01,9120.0,893800.0,Monthly,Expired,1,Low,A0057,Bancassurance
POL005375,C02798,Health,2025-08-09,2027-08-09,18800.0,500000.0,Annually,Cancelled,2,Medium,A0089,Bancassurance
POL005376,C04233,Motor,2025-04-02,2026-04-02,14560.0,416100.0,Annually,Active,1,Medium,A0023,Online
POL005377,C02468,Health,2025-01-11,2026-01-11,50250.0,750000.0,Monthly,Active,1,Medium,A0005,Bancassurance
POL005378,C04464,Motor,2025-06-06,2026-06-06,38670.0,1104800.0,Annually,Active,1,Medium,A0056,Online
POL005379,C02167,Motor,2023-08-02,2024-08-01,49300.0,1083500.0,Annually,Expired,1,High,A0069,Agent
POL005380,C02920,Home,2025-05-18,2040-05-18,2200.0,1177300.0,Annually,Active,15,Low,A0096,Agent
POL005381,C02608,Home,2023-06-09,2038-06-09,10470.0,5599300.0,Annually,Active,15,Low,A0035,Online
POL005382,C01127,Home,2024-02-21,2025-02-21,9160.0,4899300.0,Annually,Lapsed,1,Low,A0014,Online
POL005383,C02999,Health,2025-04-12,2028-04-12,40120.0,1000000.0,Annually,Active,3,Low,A0008,Referral
POL005384,C03917,Motor,2023-10-23,2024-10-22,13520.0,386300.0,Annually,Expired,1,Medium,A0039,Referral
POL005385,C01359,Motor,2023-06-23,2024-06-22,56320.0,1609200.0,Monthly,Expired,1,Medium,A0037,Agent
POL005386,C00916,Health,2024-07-13,2025-07-13,11270.0,300000.0,Annually,Expired,1,Low,A0077,Referral
POL005387,C00144,Home,2023-04-20,2033-04-20,7210.0,3278300.0,Annually,Active,10,Medium,A0011,Agent
POL005388,C00684,Home,2024-07-21,2034-07-21,8280.0,4430100.0,Annually,Active,10,Low,A0061,Corporate
POL005389,C01173,Home,2023-09-14,2038-09-14,17340.0,7880800.0,Annually,Cancelled,15,Medium,A0051,Referral
POL005390,C04798,Motor,2023-07-30,2024-07-29,57360.0,1260600.0,Annually,Expired,1,High,A0011,Agent
POL005391,C00457,Motor,2025-08-09,2026-08-09,13310.0,380300.0,Annually,Active,1,Medium,A0030,Corporate
POL005392,C01219,Home,2023-06-29,2033-06-28,3550.0,1896000.0,Annually,Active,10,Low,A0038,Agent
POL005393,C03357,Motor,2023-06-07,2024-06-06,58110.0,1277100.0,Annually,Expired,1,High,A0005,Online
POL005394,C03259,Home,2024-07-18,2029-07-18,3320.0,1508000.0,Annually,Active,5,Medium,A0035,Agent
POL005395,C05000,Life,2023-04-20,2038-04-20,49490.0,2499000.0,Quarterly,Active,15,Low,A0089,Online
POL005396,C03456,Health,2023-02-13,2026-02-13,22350.0,500000.0,Quarterly,Active,3,Low,A0091,Agent
POL005397,C01275,Health,2024-03-08,2025-03-08,23000.0,500000.0,Quarterly,Expired,1,Medium,A0098,Bancassurance
POL005398,C01432,Home,2023-12-13,2038-12-13,6570.0,3514300.0,Annually,Active,15,Low,A0032,Agent
POL005399,C04176,Life,2025-03-20,2035-03-20,144870.0,5211000.0,Quarterly,Active,10,Medium,A0071,Online
POL005400,C00408,Home,2023-07-18,2024-07-18,12100.0,6471800.0,Annually,Expired,1,Low,A0071,Online
POL005401,C01479,Home,2024-11-02,2039-11-02,5950.0,2704800.0,Monthly,Cancelled,15,Medium,A0090,Agent
POL005402,C00377,Motor,2024-07-28,2025-07-28,34620.0,989100.0,Annually,Expired,1,Medium,A0009,Online
POL005403,C04896,Home,2023-03-26,2033-03-26,13950.0,6342000.0,Annually,Active,10,Medium,A0050,Online
POL005404,C04713,Motor,2025-03-12,2026-03-12,54360.0,1553200.0,Annually,Active,1,Medium,A0013,Agent
POL005405,C00922,Home,2023-08-15,2033-08-15,8610.0,3911500.0,Annually,Active,10,Medium,A0039,Bancassurance
POL005406,C00191,Motor,2024-08-01,2025-08-01,29990.0,856900.0,Annually,Lapsed,1,Medium,A0085,Online
POL005407,C01163,Health,2024-05-11,2026-05-11,19400.0,500000.0,Annually,Active,2,Medium,A0009,Agent
POL005408,C00006,Motor,2023-07-26,2024-07-25,28400.0,624100.0,Annually,Expired,1,High,A0020,Online
POL005409,C04481,Health,2025-05-22,2027-05-22,12800.0,300000.0,Annually,Active,2,Low,A0099,Online
POL005410,C01066,Motor,2023-05-26,2024-05-25,27960.0,798900.0,Monthly,Expired,1,Medium,A0093,Agent
POL005411,C00549,Health,2023-06-11,2024-06-11,26600.0,500000.0,Annually,Expired,1,Medium,A0038,Agent
POL005412,C00625,Health,2023-02-22,2025-02-22,12000.0,300000.0,Monthly,Lapsed,2,Medium,A0097,Agent
POL005413,C04346,Travel,2023-11-15,2023-12-09,5390.0,448900.0,Monthly,Lapsed,1,Medium,A0030,Corporate
POL005414,C02285,Health,2025-05-07,2028-05-07,22100.0,500000.0,Monthly,Active,3,Low,A0061,Online
POL005415,C01292,Health,2024-07-15,2025-07-15,19100.0,500000.0,Quarterly,Expired,1,Medium,A0033,Online
POL005416,C01556,Motor,2024-01-24,2025-01-23,18170.0,519200.0,Annually,Expired,1,Medium,A0022,Agent
POL005417,C04618,Life,2023-08-25,2043-08-25,93410.0,4656500.0,Quarterly,Lapsed,20,Low,A0008,Online
POL005418,C02303,Travel,2025-09-13,2025-11-05,6090.0,596700.0,Annually,Expired,1,Low,A0042,Bancassurance
POL005419,C03666,Life,2023-03-11,2053-03-11,39540.0,2736000.0,Annually,Active,30,Low,A0070,Agent
POL005420,C01606,Health,2024-02-04,2026-02-04,18020.0,500000.0,Quarterly,Active,2,Low,A0016,Agent
POL005421,C02254,Health,2023-11-12,2024-11-12,28650.0,750000.0,Quarterly,Expired,1,Medium,A0051,Referral
POL005422,C01478,Life,2025-08-21,2045-08-21,39990.0,2673000.0,Monthly,Lapsed,20,Low,A0084,Online
POL005423,C00907,Home,2025-09-21,2030-09-21,3840.0,1743500.0,Annually,Lapsed,5,Medium,A0076,Online
POL005424,C02157,Home,2024-12-17,2025-12-17,6680.0,3574200.0,Monthly,Expired,1,Low,A0028,Online
POL005425,C01610,Health,2024-02-18,2027-02-18,41250.0,750000.0,Monthly,Active,3,Medium,A0041,Agent
POL005426,C03758,Motor,2024-10-23,2025-10-23,40740.0,1163900.0,Annually,Expired,1,Medium,A0089,Agent
POL005427,C00766,Health,2024-09-17,2025-09-17,21590.0,500000.0,Monthly,Lapsed,1,Low,A0098,Agent
POL005428,C01757,Travel,2025-08-13,2025-09-24,1500.0,143800.0,Annually,Lapsed,1,Low,A0046,Agent
POL005429,C03681,Health,2024-05-08,2025-05-08,91500.0,1500000.0,Monthly,Expired,1,Medium,A0093,Bancassurance
POL005430,C03468,Health,2025-01-12,2026-01-12,13410.0,300000.0,Quarterly,Active,1,Low,A0061,Online
POL005431,C01587,Life,2024-09-13,2039-09-13,72400.0,4582200.0,Quarterly,Active,15,Medium,A0009,Agent
POL005432,C04835,Motor,2024-06-29,2025-06-29,5540.0,158300.0,Annually,Expired,1,Medium,A0015,Agent
POL005433,C03845,Health,2025-02-12,2028-02-12,22610.0,500000.0,Annually,Active,3,Low,A0050,Agent
POL005434,C01252,Health,2025-03-29,2026-03-28,46750.0,1000000.0,Quarterly,Active,1,Low,A0086,Corporate
POL005435,C02936,Health,2023-12-05,2024-12-05,40820.0,500000.0,Annually,Expired,1,High,A0087,Agent
POL005436,C01623,Health,2025-05-18,2027-05-18,20570.0,500000.0,Annually,Active,2,Low,A0100,Agent
POL005437,C02505,Motor,2025-04-29,2026-04-29,35710.0,1020300.0,Annually,Active,1,Medium,A0015,Bancassurance
POL005438,C03080,Motor,2023-10-31,2024-10-30,51420.0,1469100.0,Annually,Expired,1,Medium,A0053,Online
POL005439,C00961,Life,2023-05-18,2033-05-18,328680.0,12789000.0,Monthly,Lapsed,10,Medium,A0051,Agent
POL005440,C04778,Life,2024-03-11,2039-03-11,181760.0,9987000.0,Monthly,Active,15,Medium,A0085,Online
POL005441,C00079,Health,2023-03-09,2026-03-09,24500.0,500000.0,Quarterly,Active,3,Medium,A0023,Online
POL005442,C04621,Health,2025-07-31,2027-07-28,21200.0,500000.0,Monthly,Active,2,Medium,A0036,Agent
POL005443,C03447,Life,2023-02-02,2048-02-02,78780.0,4401000.0,Annually,Active,25,Medium,A0061,Agent
POL005444,C02613,Motor,2024-05-18,2025-05-18,48890.0,1396900.0,Annually,Expired,1,Medium,A0026,Agent
POL005445,C02602,Home,2025-01-27,2035-01-27,13640.0,7295100.0,Annually,Active,10,Low,A0056,Online
POL005446,C02421,Life,2025-07-05,2035-07-05,123670.0,4812000.0,Monthly,Active,10,Medium,A0035,Agent
POL005447,C03749,Motor,2024-11-08,2025-11-08,22690.0,648400.0,Annually,Expired,1,Medium,A0046,Bancassurance
POL005448,C01548,Health,2023-04-23,2024-04-23,33530.0,750000.0,Annually,Expired,1,Low,A0008,Online
POL005449,C04900,Motor,2024-11-11,2025-11-11,8550.0,188000.0,Annually,Expired,1,High,A0087,Bancassurance
POL005450,C04843,Motor,2023-07-21,2024-07-20,11080.0,316600.0,Annually,Expired,1,Medium,A0047,Referral
POL005451,C01033,Home,2023-11-26,2024-11-26,5940.0,3177600.0,Annually,Expired,1,Low,A0041,Bancassurance
POL005452,C01613,Motor,2024-04-25,2025-04-25,62610.0,1789000.0,Annually,Expired,1,Medium,A0099,Agent
POL005453,C02985,Life,2023-12-15,2053-12-15,91500.0,4620000.0,Annually,Lapsed,30,Low,A0090,Online
POL005454,C02675,Motor,2024-03-07,2025-03-07,60990.0,1742500.0,Annually,Expired,1,Medium,A0075,Agent
POL005455,C01807,Health,2024-05-28,2025-05-28,43160.0,500000.0,Annually,Expired,1,High,A0015,Online
POL005456,C00739,Travel,2024-01-06,2024-01-26,9770.0,958000.0,Monthly,Expired,1,Low,A0098,Online
POL005457,C02106,Health,2024-01-24,2027-01-24,28100.0,500000.0,Quarterly,Active,3,Medium,A0077,Online
POL005458,C01695,Motor,2023-05-19,2024-05-18,33190.0,948300.0,Annually,Lapsed,1,Medium,A0082,Online
POL005459,C03847,Home,2025-02-01,2035-02-01,6100.0,2134500.0,Annually,Active,10,High,A0043,Bancassurance
POL005460,C02995,Health,2025-05-18,2027-05-18,46750.0,1000000.0,Annually,Cancelled,2,Low,A0092,Online
POL005461,C04319,Life,2024-04-07,2049-04-07,55450.0,3877600.0,Annually,Cancelled,25,Medium,A0075,Referral
POL005462,C00150,Motor,2024-01-22,2025-01-21,55590.0,1588200.0,Annually,Expired,1,Medium,A0015,Agent
POL005463,C00217,Life,2024-06-09,2049-06-09,39310.0,2196000.0,Monthly,Active,25,Medium,A0061,Online
POL005464,C03227,Health,2025-08-01,2026-08-01,96560.0,2000000.0,Annually,Active,1,Low,A0032,Referral
POL005465,C00761,Health,2023-07-14,2026-07-14,26650.0,750000.0,Annually,Active,3,Low,A0031,Online
POL005466,C03212,Home,2023-02-15,2033-02-15,10390.0,4723500.0,Annually,Active,10,Medium,A0002,Online
POL005467,C00397,Health,2025-02-28,2026-02-28,11270.0,300000.0,Quarterly,Lapsed,1,Low,A0053,Online
POL005468,C03561,Home,2024-01-20,2039-01-20,4670.0,2120900.0,Annually,Active,15,Medium,A0040,Agent
POL005469,C00716,Health,2025-08-12,2026-08-12,54060.0,1500000.0,Annually,Active,1,Low,A0047,Agent
POL005470,C03921,Health,2023-12-21,2025-12-21,18780.0,500000.0,Quarterly,Expired,2,Low,A0097,Agent
POL005471,C04625,Motor,2024-05-07,2025-05-07,22060.0,484800.0,Annually,Lapsed,1,High,A0022,Agent
POL005472,C00841,Health,2025-02-17,2026-02-17,81640.0,1000000.0,Quarterly,Active,1,High,A0081,Online
POL005473,C00667,Life,2024-09-01,2044-09-01,51810.0,2622100.0,Quarterly,Active,20,High,A0033,Online
POL005474,C02256,Home,2024-02-02,2034-02-02,9740.0,4427900.0,Monthly,Active,10,Medium,A0022,Bancassurance
POL005475,C03865,Life,2023-04-25,2048-04-25,21080.0,1134000.0,Annually,Active,25,High,A0043,Online
POL005476,C02004,Motor,2025-08-27,2026-08-27,33660.0,961700.0,Annually,Lapsed,1,Medium,A0016,Online
POL005477,C00883,Motor,2023-02-03,2024-02-03,55500.0,1585800.0,Annually,Expired,1,Medium,A0032,Agent
POL005478,C02820,Life,2025-08-01,2055-08-01,234140.0,9675000.0,Annually,Active,30,Medium,A0040,Agent
POL005479,C03248,Health,2024-05-04,2026-05-04,25610.0,500000.0,Annually,Active,2,High,A0052,Online
POL005480,C02902,Health,2023-07-13,2026-07-13,19290.0,500000.0,Monthly,Lapsed,3,Low,A0023,Online
POL005481,C03397,Health,2024-10-25,2026-10-25,72600.0,1500000.0,Quarterly,Active,2,Medium,A0037,Online
POL005482,C03261,Health,2023-10-05,2026-10-05,30470.0,750000.0,Annually,Cancelled,3,Low,A0031,Corporate
POL005483,C04816,Travel,2025-08-06,2025-09-12,7590.0,632700.0,Annually,Expired,1,Medium,A0002,Online
POL005484,C02008,Health,2024-06-08,2027-06-08,20570.0,500000.0,Annually,Active,3,Low,A0070,Referral
POL005485,C01009,Motor,2024-04-27,2025-04-27,45220.0,1292000.0,Annually,Expired,1,Medium,A0098,Referral
POL005486,C01144,Health,2024-06-15,2025-06-15,46750.0,1000000.0,Quarterly,Expired,1,Low,A0035,Agent
POL005487,C02164,Health,2023-02-12,2024-02-12,40350.0,750000.0,Monthly,Expired,1,Medium,A0021,Online
POL005488,C01411,Health,2024-07-29,2026-07-28,30860.0,750000.0,Annually,Active,2,Low,A0095,Corporate
POL005489,C00350,Health,2025-09-14,2028-09-14,29320.0,750000.0,Monthly,Active,3,Low,A0005,Online
POL005490,C03205,Health,2024-05-30,2026-05-28,24260.0,300000.0,Annually,Lapsed,2,High,A0014,Online
POL005491,C01437,Life,2024-07-05,2039-07-05,71160.0,3264000.0,Annually,Lapsed,15,Medium,A0080,Agent
POL005492,C02524,Health,2025-01-30,2026-01-28,49600.0,1000000.0,Monthly,Active,1,Medium,A0054,Online
POL005493,C03548,Home,2023-01-24,2028-01-24,14940.0,6791400.0,Annually,Active,5,Medium,A0038,Agent
POL005494,C03573,Motor,2023-01-02,2024-01-02,36660.0,1047400.0,Annually,Expired,1,Medium,A0084,Agent
POL005495,C04806,Travel,2024-04-17,2024-06-01,4830.0,402500.0,Annually,Expired,1,Medium,A0043,Bancassurance
POL005496,C04553,Health,2025-09-03,2027-09-03,12900.0,300000.0,Annually,Active,2,Medium,A0044,Agent
POL005497,C04531,Health,2023-09-07,2024-09-07,48280.0,1000000.0,Annually,Expired,1,Low,A0019,Agent
POL005498,C04500,Health,2023-10-27,2024-10-27,39610.0,1000000.0,Annually,Lapsed,1,Low,A0001,Online
POL005499,C03864,Home,2023-06-21,2028-06-21,10530.0,4787600.0,Annually,Active,5,Medium,A0057,Referral
POL005500,C04145,Life,2024-10-11,2044-10-11,66300.0,3436000.0,Annually,Active,20,Low,A0046,Bancassurance
POL005501,C04435,Life,2023-08-17,2043-08-17,92350.0,3816000.0,Annually,Lapsed,20,Medium,A0009,Online
POL005502,C01931,Life,2024-03-04,2039-03-04,409170.0,17790000.0,Annually,Active,15,Medium,A0007,Bancassurance
POL005503,C02150,Life,2024-10-09,2039-10-09,62700.0,3207000.0,Annually,Active,15,Low,A0032,Agent
POL005504,C00653,Home,2024-04-21,2025-04-21,12390.0,5630400.0,Annually,Expired,1,Medium,A0032,Bancassurance
POL005505,C00855,Motor,2023-06-24,2024-06-23,43690.0,1248400.0,Annually,Expired,1,Medium,A0047,Online
POL005506,C04055,Health,2024-07-02,2025-07-02,56400.0,1500000.0,Annually,Expired,1,Medium,A0001,Corporate
POL005507,C00160,Health,2025-09-15,2026-09-15,22610.0,500000.0,Quarterly,Active,1,Low,A0085,Agent
POL005508,C01756,Home,2023-07-28,2033-07-28,9740.0,5207400.0,Annually,Active,10,Low,A0094,Bancassurance
POL005509,C01691,Motor,2023-02-15,2024-02-15,14550.0,415800.0,Annually,Expired,1,Medium,A0079,Corporate
POL005510,C03810,Health,2023-10-30,2025-10-28,41600.0,500000.0,Quarterly,Expired,2,High,A0030,Corporate
POL005511,C01068,Health,2024-09-29,2025-09-28,13570.0,300000.0,Annually,Expired,1,Low,A0030,Bancassurance
POL005512,C04478,Home,2024-06-05,2039-06-05,8300.0,3774600.0,Annually,Active,15,Medium,A0044,Online
POL005513,C04556,Health,2023-08-01,2024-08-01,12650.0,300000.0,Monthly,Lapsed,1,Low,A0096,Agent
POL005514,C03694,Home,2024-11-30,2039-11-28,1570.0,840500.0,Annually,Active,15,Low,A0039,Agent
POL005515,C04907,Motor,2023-10-09,2024-10-08,34160.0,750800.0,Annually,Expired,1,High,A0081,Agent
POL005516,C03427,Life,2025-08-26,2040-08-26,47730.0,2766000.0,Annually,Active,15,Low,A0037,Agent
POL005517,C02639,Life,2024-07-19,2044-07-19,84460.0,4968000.0,Annually,Active,20,Low,A0026,Agent
POL005518,C01634,Motor,2023-04-11,2024-04-10,58510.0,1671700.0,Annually,Expired,1,Medium,A0093,Bancassurance
POL005519,C00855,Motor,2024-07-09,2025-07-09,47560.0,1358900.0,Annually,Expired,1,Medium,A0068,Agent
POL005520,C03716,Health,2024-05-25,2027-05-25,21840.0,500000.0,Annually,Active,3,Low,A0069,Bancassurance
POL005521,C02437,Home,2025-08-24,2040-08-24,8760.0,3983500.0,Annually,Active,15,Medium,A0028,Agent
POL005522,C01094,Home,2024-01-07,2039-01-07,13190.0,5995900.0,Annually,Active,15,Medium,A0043,Agent
POL005523,C00007,Travel,2023-07-08,2023-07-31,9410.0,922700.0,Annually,Expired,1,Low,A0042,Agent
POL005524,C01257,Life,2024-08-19,2054-08-19,47930.0,2551400.0,Annually,Active,30,Low,A0086,Online
POL005525,C02527,Health,2023-02-20,2026-02-20,60900.0,1500000.0,Quarterly,Active,3,Medium,A0006,Bancassurance
POL005526,C03461,Home,2025-07-20,2035-07-20,4230.0,1921400.0,Monthly,Lapsed,10,Medium,A0038,Agent
POL005527,C02055,Life,2023-06-05,2043-06-05,79640.0,4042600.0,Annually,Cancelled,20,Medium,A0095,Agent
POL005528,C02913,Health,2023-01-20,2026-01-20,41140.0,1000000.0,Monthly,Active,3,Low,A0068,Online
POL005529,C02477,Home,2024-11-26,2039-11-26,7920.0,4233700.0,Annually,Cancelled,15,Low,A0072,Agent
POL005530,C04104,Motor,2023-10-25,2024-10-24,8860.0,253200.0,Annually,Expired,1,Medium,A0040,Agent
POL005531,C02461,Life,2023-08-19,2043-08-19,51500.0,2783800.0,Annually,Active,20,Medium,A0064,Agent
POL005532,C01599,Health,2025-05-26,2026-05-26,11420.0,300000.0,Monthly,Active,1,Low,A0043,Agent
POL005533,C04483,Home,2024-05-26,2029-05-26,1910.0,869400.0,Monthly,Active,5,Medium,A0025,Bancassurance
POL005534,C02224,Home,2025-05-21,2026-05-21,11750.0,6283100.0,Annually,Active,1,Low,A0072,Agent
POL005535,C03092,Home,2025-05-23,2030-05-23,2140.0,1145200.0,Annually,Active,5,Low,A0002,Agent
POL005536,C00580,Life,2023-11-11,2048-11-11,35860.0,2508000.0,Quarterly,Active,25,Medium,A0082,Agent
POL005537,C01540,Life,2025-02-09,2040-02-09,135860.0,5349000.0,Quarterly,Active,15,Medium,A0006,Online
POL005538,C03326,Health,2024-10-21,2027-10-21,38590.0,1000000.0,Quarterly,Active,3,Low,A0006,Agent
POL005539,C04480,Life,2024-08-12,2034-08-12,22170.0,1482000.0,Monthly,Active,10,Low,A0035,Bancassurance
POL005540,C00916,Motor,2024-02-28,2025-02-27,22740.0,764300.0,Annually,Expired,1,Low,A0076,Online
POL005541,C03062,Home,2024-02-01,2034-02-01,8770.0,3986200.0,Annually,Active,10,Medium,A0044,Bancassurance
POL005542,C01212,Home,2024-11-07,2034-11-07,6350.0,2888600.0,Annually,Active,10,Medium,A0042,Corporate
POL005543,C02208,Life,2025-08-09,2050-08-09,85910.0,4573400.0,Monthly,Active,25,Low,A0054,Online
POL005544,C04194,Health,2023-03-15,2025-03-15,69360.0,1500000.0,Annually,Expired,2,Low,A0083,Agent
POL005545,C04030,Home,2023-05-09,2038-05-09,2020.0,1078000.0,Annually,Active,15,Low,A0035,Agent
POL005546,C00754,Life,2025-06-10,2050-06-10,31150.0,2118000.0,Annually,Active,25,Low,A0052,Referral
POL005547,C03477,Life,2023-01-30,2048-01-28,87080.0,4341000.0,Monthly,Active,25,Low,A0075,Online
POL005548,C01910,Home,2023-05-27,2024-05-27,2540.0,1358000.0,Annually,Expired,1,Low,A0087,Agent
POL005549,C02472,Motor,2024-07-21,2025-07-21,39110.0,1117600.0,Annually,Expired,1,Medium,A0061,Referral
POL005550,C03915,Life,2025-09-25,2045-09-25,39920.0,2421000.0,Annually,Active,20,Low,A0024,Agent
POL005551,C03791,Health,2025-03-29,2027-03-28,92400.0,1500000.0,Monthly,Active,2,Medium,A0040,Bancassurance
POL005552,C04133,Motor,2024-11-23,2025-11-23,53540.0,1529800.0,Annually,Expired,1,Medium,A0038,Agent
POL005553,C00808,Health,2025-02-26,2027-02-26,85340.0,2000000.0,Monthly,Active,2,Low,A0098,Online
POL005554,C02983,Life,2024-01-11,2054-01-11,40270.0,3117000.0,Annually,Active,30,Low,A0007,Referral
POL005555,C03414,Health,2024-01-20,2025-01-20,31620.0,750000.0,Quarterly,Expired,1,Low,A0042,Corporate
POL005556,C03245,Health,2025-02-15,2027-02-15,81260.0,2000000.0,Monthly,Active,2,Low,A0071,Corporate
POL005557,C02089,Motor,2024-07-26,2025-07-26,12690.0,362600.0,Annually,Expired,1,Medium,A0100,Online
POL005558,C00591,Travel,2025-01-08,2025-01-18,4070.0,399000.0,Annually,Lapsed,1,Low,A0002,Online
POL005559,C03572,Health,2024-07-05,2027-07-05,93200.0,2000000.0,Monthly,Active,3,Medium,A0088,Corporate
POL005560,C04990,Health,2023-12-01,2024-12-01,10660.0,300000.0,Quarterly,Lapsed,1,Low,A0072,Online
POL005561,C00346,Health,2024-05-20,2025-05-20,55600.0,1000000.0,Annually,Expired,1,Medium,A0047,Agent
POL005562,C04540,Home,2024-03-31,2039-03-28,12780.0,6832400.0,Annually,Lapsed,15,Low,A0090,Online
POL005563,C01828,Motor,2023-12-31,2024-12-30,35960.0,1027400.0,Monthly,Expired,1,Medium,A0066,Online
POL005564,C00519,Health,2024-09-26,2025-09-26,38590.0,1000000.0,Annually,Expired,1,Low,A0011,Referral
POL005565,C01739,Home,2025-03-25,2040-03-25,7300.0,3901400.0,Annually,Lapsed,15,Low,A0052,Agent
POL005566,C00274,Home,2024-08-23,2034-08-23,17240.0,7838400.0,Annually,Active,10,Medium,A0068,Bancassurance
POL005567,C01635,Travel,2023-09-11,2023-09-16,1500.0,107300.0,Annually,Expired,1,Medium,A0091,Online
POL005568,C03272,Life,2023-03-10,2043-03-10,147170.0,7431000.0,Monthly,Active,20,Low,A0078,Online
POL005569,C03202,Motor,2025-08-29,2026-08-29,5840.0,166800.0,Annually,Active,1,Medium,A0064,Agent
POL005570,C02981,Motor,2024-08-22,2025-08-22,16680.0,366600.0,Annually,Expired,1,High,A0053,Online
POL005571,C02172,Health,2024-09-25,2026-09-25,28650.0,750000.0,Annually,Active,2,Medium,A0097,Bancassurance
POL005572,C01121,Health,2024-08-09,2026-08-09,11120.0,300000.0,Monthly,Active,2,Low,A0068,Agent
POL005573,C02486,Home,2023-05-07,2033-05-07,5860.0,2048200.0,Annually,Active,10,High,A0081,Online
POL005574,C03551,Home,2025-02-12,2035-02-12,9870.0,5277700.0,Annually,Active,10,Low,A0092,Online
POL005575,C02842,Motor,2024-09-27,2025-09-27,55210.0,1577500.0,Monthly,Expired,1,Medium,A0011,Online
POL005576,C04408,Motor,2024-02-12,2025-02-11,6570.0,187600.0,Monthly,Expired,1,Medium,A0077,Agent
POL005577,C01141,Travel,2024-01-08,2024-02-14,3550.0,295500.0,Monthly,Expired,1,Medium,A0052,Agent
POL005578,C01754,Motor,2023-05-30,2024-05-29,24150.0,689900.0,Annually,Expired,1,Medium,A0098,Agent
POL005579,C02119,Motor,2025-03-07,2026-03-07,50950.0,1455800.0,Annually,Active,1,Medium,A0075,Agent
POL005580,C01236,Life,2024-08-22,2044-08-22,81670.0,3598000.0,Annually,Active,20,Medium,A0052,Agent
POL005581,C00080,Health,2023-12-09,2024-12-09,38100.0,750000.0,Monthly,Expired,1,Medium,A0057,Online
POL005582,C01183,Health,2024-12-16,2025-12-16,29710.0,750000.0,Monthly,Expired,1,Low,A0078,Agent
POL005583,C01847,Home,2024-03-03,2034-03-03,10880.0,4943800.0,Annually,Active,10,Medium,A0083,Agent
POL005584,C03196,Motor,2025-03-24,2026-03-24,24500.0,699900.0,Annually,Active,1,Medium,A0041,Agent
POL005585,C01238,Home,2025-02-28,2035-02-28,13480.0,7206200.0,Annually,Active,10,Low,A0009,Corporate
POL005586,C04172,Life,2024-06-30,2049-06-28,17210.0,978000.0,Annually,Active,25,Medium,A0071,Online
POL005587,C02046,Life,2024-03-27,2039-03-27,39630.0,2001000.0,Monthly,Active,15,Low,A0045,Bancassurance
POL005588,C03808,Home,2023-04-20,2028-04-20,14930.0,6788600.0,Annually,Active,5,Medium,A0040,Bancassurance
POL005589,C00086,Health,2024-12-18,2025-12-18,12950.0,300000.0,Monthly,Expired,1,Low,A0009,Agent
POL005590,C01428,Health,2025-09-08,2026-09-08,30470.0,750000.0,Quarterly,Active,1,Low,A0088,Agent
POL005591,C01646,Motor,2024-05-21,2025-05-21,23410.0,668800.0,Annually,Expired,1,Medium,A0045,Referral
POL005592,C01993,Health,2024-04-09,2025-04-09,40820.0,500000.0,Monthly,Expired,1,High,A0038,Referral
POL005593,C00472,Life,2023-08-29,2033-08-28,113980.0,4596000.0,Annually,Active,10,Medium,A0072,Online
POL005594,C00290,Life,2024-08-30,2039-08-28,86210.0,4191000.0,Monthly,Cancelled,15,Low,A0013,Corporate
POL005595,C03278,Motor,2023-07-04,2024-07-03,55560.0,1587400.0,Annually,Lapsed,1,Medium,A0010,Online
POL005596,C03794,Motor,2023-05-29,2024-05-28,59160.0,1690300.0,Annually,Expired,1,Medium,A0085,Online
POL005597,C01125,Health,2024-10-23,2026-10-23,47200.0,1000000.0,Annually,Active,2,Medium,A0087,Online
POL005598,C00913,Home,2023-12-02,2024-12-02,5450.0,2479000.0,Annually,Expired,1,Medium,A0011,Referral
POL005599,C01035,Health,2023-02-08,2024-02-08,30090.0,750000.0,Monthly,Expired,1,Low,A0047,Corporate
POL005600,C03574,Life,2025-07-21,2050-07-21,53860.0,3936000.0,Annually,Active,25,Low,A0024,Agent
POL005601,C03624,Health,2024-10-16,2027-10-16,41200.0,1000000.0,Quarterly,Lapsed,3,Medium,A0005,Online
POL005602,C02895,Motor,2024-04-05,2025-04-05,32780.0,936500.0,Annually,Lapsed,1,Medium,A0018,Agent
POL005603,C03779,Home,2024-07-05,2025-07-05,4260.0,1934200.0,Monthly,Expired,1,Medium,A0001,Bancassurance
POL005604,C00386,Health,2023-04-19,2025-04-19,27800.0,750000.0,Annually,Lapsed,2,Low,A0082,Agent
POL005605,C02282,Travel,2023-03-29,2023-05-19,10680.0,889800.0,Annually,Expired,1,Medium,A0053,Agent
POL005606,C03194,Motor,2025-07-24,2026-07-24,50430.0,1440800.0,Annually,Active,1,Medium,A0017,Online
POL005607,C02368,Life,2025-02-01,2040-02-01,91050.0,4482000.0,Quarterly,Active,15,Low,A0097,Corporate
POL005608,C01038,Motor,2025-01-21,2026-01-21,42580.0,1216500.0,Annually,Active,1,Medium,A0008,Agent
POL005609,C04120,Motor,2023-03-17,2024-03-16,50730.0,1449300.0,Annually,Expired,1,Medium,A0045,Agent
POL005610,C00890,Health,2025-05-12,2027-05-12,19700.0,500000.0,Quarterly,Active,2,Medium,A0037,Corporate
POL005611,C02774,Health,2025-01-21,2026-01-21,19550.0,500000.0,Monthly,Active,1,Low,A0074,Agent
POL005612,C01002,Health,2024-07-13,2026-07-13,29320.0,750000.0,Quarterly,Active,2,Low,A0047,Corporate
POL005613,C03787,Health,2024-12-22,2026-12-22,36040.0,1000000.0,Monthly,Lapsed,2,Low,A0024,Agent
POL005614,C00459,Life,2024-10-26,2044-10-26,75120.0,3494100.0,Annually,Active,20,Medium,A0067,Online
POL005615,C04884,Life,2024-05-23,2049-05-23,43920.0,3071400.0,Monthly,Active,25,Medium,A0022,Online
POL005616,C02995,Motor,2023-07-07,2024-07-06,36970.0,1056200.0,Annually,Expired,1,Medium,A0020,Agent
POL005617,C00809,Life,2024-11-17,2044-11-17,54030.0,2800000.0,Annually,Active,20,Low,A0047,Online
POL005618,C03176,Health,2023-02-03,2025-02-03,11580.0,300000.0,Annually,Expired,2,Low,A0091,Corporate
POL005619,C02937,Health,2025-08-17,2026-08-17,17760.0,300000.0,Monthly,Active,1,Medium,A0069,Corporate
POL005620,C01831,Life,2025-03-24,2040-03-24,93010.0,4578400.0,Annually,Active,15,Low,A0057,Agent
POL005621,C00347,Motor,2023-01-16,2024-01-16,20680.0,590700.0,Annually,Expired,1,Medium,A0006,Corporate
POL005622,C01356,Health,2025-06-20,2026-06-20,92000.0,2000000.0,Quarterly,Active,1,Medium,A0016,Agent
POL005623,C03309,Health,2024-06-16,2026-06-16,28180.0,750000.0,Monthly,Active,2,Low,A0009,Bancassurance
POL005624,C02398,Home,2023-09-25,2038-09-25,10810.0,4912400.0,Annually,Active,15,Medium,A0006,Online
POL005625,C01413,Life,2023-02-02,2038-02-02,51710.0,2545600.0,Annually,Active,15,Low,A0051,Bancassurance
POL005626,C00448,Motor,2024-01-31,2025-01-30,51110.0,1460100.0,Annually,Expired,1,Medium,A0013,Corporate
POL005627,C01197,Motor,2023-11-15,2024-11-14,49200.0,1405700.0,Annually,Expired,1,Medium,A0014,Agent
POL005628,C04888,Life,2024-08-06,2044-08-06,60940.0,3462300.0,Monthly,Active,20,Medium,A0025,Agent
POL005629,C03339,Health,2025-07-27,2027-07-27,17040.0,300000.0,Monthly,Active,2,Medium,A0096,Bancassurance
POL005630,C03676,Life,2025-02-19,2045-02-19,71490.0,3519000.0,Annually,Active,20,Low,A0100,Agent
POL005631,C03280,Health,2024-08-13,2025-08-13,64500.0,1500000.0,Monthly,Expired,1,Medium,A0061,Bancassurance
POL005632,C02048,Motor,2023-01-17,2024-01-17,21470.0,613600.0,Annually,Expired,1,Medium,A0100,Bancassurance
POL005633,C03046,Motor,2024-07-30,2025-07-30,33160.0,947600.0,Annually,Expired,1,Medium,A0023,Bancassurance
POL005634,C04795,Home,2023-03-15,2028-03-15,5000.0,2675400.0,Annually,Active,5,Low,A0050,Agent
POL005635,C03372,Health,2025-06-28,2028-06-28,42670.0,1000000.0,Annually,Active,3,Low,A0023,Agent
POL005636,C03715,Life,2023-11-19,2038-11-19,32020.0,2070000.0,Quarterly,Active,15,Low,A0043,Online
POL005637,C03599,Health,2025-08-12,2027-08-12,67830.0,1500000.0,Quarterly,Active,2,Low,A0079,Online
POL005638,C04115,Motor,2025-02-27,2026-02-27,15550.0,444400.0,Annually,Active,1,Medium,A0032,Corporate
POL005639,C00466,Travel,2025-03-30,2025-04-05,1820.0,152100.0,Annually,Expired,1,Medium,A0054,Agent
POL005640,C02348,Home,2025-08-04,2026-08-04,7330.0,3333600.0,Annually,Lapsed,1,Medium,A0047,Referral
POL005641,C02723,Health,2023-03-10,2026-03-10,43050.0,750000.0,Annually,Cancelled,3,Medium,A0077,Corporate
POL005642,C00465,Motor,2023-08-08,2024-08-07,20610.0,453000.0,Annually,Lapsed,1,High,A0043,Agent
POL005643,C02627,Travel,2024-07-24,2024-08-07,7550.0,740400.0,Annually,Expired,1,Low,A0019,Bancassurance
POL005644,C02619,Health,2025-03-23,2027-03-23,28940.0,750000.0,Monthly,Active,2,Low,A0066,Online
POL005645,C00222,Health,2025-09-14,2026-09-14,22610.0,500000.0,Monthly,Active,1,Low,A0028,Online
POL005646,C04745,Home,2023-07-02,2038-07-02,7630.0,4081200.0,Annually,Active,15,Low,A0068,Online
POL005647,C01136,Health,2025-06-11,2026-06-11,16500.0,300000.0,Annually,Active,1,Medium,A0020,Bancassurance
POL005648,C00450,Health,2025-09-10,2026-09-10,11280.0,300000.0,Monthly,Active,1,Medium,A0064,Agent
POL005649,C03708,Life,2024-10-02,2044-10-02,76630.0,5211000.0,Monthly,Active,20,Low,A0042,Agent
POL005650,C01234,Home,2023-06-16,2024-06-16,12390.0,5633000.0,Annually,Expired,1,Medium,A0024,Bancassurance
POL005651,C04750,Life,2024-09-23,2049-09-23,53810.0,3421800.0,Annually,Active,25,Low,A0044,Agent
POL005652,C02772,Life,2023-10-04,2038-10-04,90090.0,4491000.0,Quarterly,Active,15,Low,A0080,Online
POL005653,C02116,Life,2023-01-22,2033-01-22,84780.0,4239000.0,Monthly,Active,10,Medium,A0027,Bancassurance
POL005654,C03279,Health,2025-02-12,2027-02-12,21330.0,500000.0,Monthly,Active,2,Low,A0016,Agent
POL005655,C01023,Motor,2023-11-05,2024-11-04,60810.0,1336500.0,Annually,Expired,1,High,A0084,Agent
POL005656,C01143,Motor,2024-08-28,2025-08-28,7410.0,211700.0,Annually,Expired,1,Medium,A0067,Agent
POL005657,C03390,Motor,2023-01-25,2024-01-25,25690.0,733900.0,Annually,Expired,1,Medium,A0069,Bancassurance
POL005658,C00311,Health,2023-02-27,2024-02-27,14020.0,300000.0,Monthly,Expired,1,Low,A0015,Online
POL005659,C00380,Health,2023-10-30,2024-10-28,20310.0,500000.0,Annually,Expired,1,Low,A0008,Agent
POL005660,C01370,Motor,2025-07-06,2026-07-06,25340.0,724100.0,Annually,Active,1,Medium,A0046,Agent
POL005661,C01430,Home,2024-01-14,2039-01-14,15430.0,7013300.0,Monthly,Active,15,Medium,A0050,Agent
POL005662,C02949,Travel,2025-06-05,2025-06-18,11960.0,996900.0,Monthly,Lapsed,1,Medium,A0011,Corporate
POL005663,C02879,Travel,2023-08-06,2023-09-14,5650.0,554300.0,Annually,Expired,1,Low,A0068,Referral
POL005664,C00918,Life,2024-09-22,2034-09-22,34810.0,2452100.0,Annually,Active,10,Low,A0096,Agent
POL005665,C00703,Home,2024-08-26,2025-08-26,7430.0,3379300.0,Annually,Expired,1,Medium,A0094,Agent
POL005666,C03025,Life,2023-09-01,2038-09-01,357980.0,13458000.0,Monthly,Active,15,Medium,A0081,Agent
POL005667,C04946,Health,2024-06-14,2025-06-14,13870.0,300000.0,Monthly,Expired,1,Low,A0027,Agent
POL005668,C01939,Health,2025-07-10,2026-07-10,32770.0,750000.0,Annually,Cancelled,1,Low,A0089,Agent
POL005669,C01063,Motor,2023-11-09,2024-11-08,58770.0,1679300.0,Monthly,Expired,1,Medium,A0022,Online
POL005670,C04584,Health,2023-07-31,2026-07-28,21330.0,500000.0,Monthly,Active,3,Low,A0009,Online
POL005671,C01191,Life,2025-06-19,2035-06-19,82170.0,3875700.0,Monthly,Lapsed,10,Medium,A0028,Agent
POL005672,C03462,Health,2024-02-12,2025-02-12,76160.0,2000000.0,Annually,Expired,1,Low,A0073,Online
POL005673,C03256,Motor,2023-11-24,2024-11-23,53910.0,1540300.0,Annually,Expired,1,Medium,A0078,Corporate
POL005674,C01497,Health,2023-01-21,2024-01-21,22400.0,500000.0,Monthly,Expired,1,Medium,A0040,Bancassurance
POL005675,C00248,Motor,2025-08-07,2026-08-07,53050.0,1783200.0,Annually,Active,1,Low,A0026,Corporate
POL005676,C01124,Motor,2023-01-11,2024-01-11,60770.0,1736300.0,Annually,Expired,1,Medium,A0072,Online
POL005677,C02732,Home,2024-09-12,2025-09-12,10300.0,5508800.0,Annually,Lapsed,1,Low,A0044,Agent
POL005678,C00830,Travel,2023-01-25,2023-02-28,1930.0,189200.0,Annually,Expired,1,Low,A0067,Online
POL005679,C04545,Motor,2024-08-25,2025-08-25,41580.0,1188000.0,Monthly,Expired,1,Medium,A0028,Agent
POL005680,C02698,Life,2024-09-10,2039-09-10,286440.0,11550000.0,Annually,Lapsed,15,Medium,A0002,Online
POL005681,C03182,Home,2023-07-21,2024-07-21,13200.0,7059600.0,Monthly,Expired,1,Low,A0079,Online
POL005682,C00402,Motor,2024-01-18,2025-01-17,36680.0,1048100.0,Annually,Expired,1,Medium,A0067,Bancassurance
POL005683,C01334,Health,2024-09-22,2025-09-22,11730.0,300000.0,Monthly,Expired,1,Low,A0064,Agent
POL005684,C03831,Home,2023-04-13,2024-04-13,10170.0,4622200.0,Annually,Expired,1,Medium,A0091,Corporate
POL005685,C01639,Motor,2025-03-01,2026-03-01,50490.0,1442600.0,Monthly,Active,1,Medium,A0030,Bancassurance
POL005686,C02365,Motor,2025-06-28,2026-06-28,41860.0,920000.0,Annually,Active,1,High,A0047,Agent
POL005687,C03757,Motor,2025-02-15,2026-02-15,38430.0,1098000.0,Annually,Active,1,Medium,A0068,Agent
POL005688,C01733,Travel,2023-10-05,2023-10-19,2990.0,293400.0,Annually,Expired,1,Low,A0085,Online
POL005689,C02308,Life,2025-03-01,2040-03-01,66420.0,4028000.0,Annually,Active,15,Low,A0046,Corporate
POL005690,C03086,Life,2023-06-13,2033-06-13,68960.0,4537000.0,Monthly,Active,10,Medium,A0093,Agent
POL005691,C03052,Home,2025-01-09,2035-01-09,3670.0,1667400.0,Annually,Active,10,Medium,A0017,Online
POL005692,C04906,Motor,2024-07-10,2025-07-10,26600.0,759900.0,Annually,Lapsed,1,Medium,A0073,Bancassurance
POL005693,C03853,Health,2023-10-20,2026-10-20,68600.0,1500000.0,Monthly,Active,3,Low,A0050,Agent
POL005694,C00296,Home,2024-06-24,2029-06-24,1980.0,1060800.0,Annually,Active,5,Low,A0006,Online
POL005695,C02399,Home,2023-10-29,2033-10-28,4180.0,1898600.0,Annually,Active,10,Medium,A0096,Agent
POL005696,C01321,Life,2023-03-27,2033-03-27,103710.0,4083000.0,Monthly,Active,10,Medium,A0041,Bancassurance
POL005697,C00510,Home,2024-09-19,2025-09-19,6880.0,3681100.0,Annually,Expired,1,Low,A0075,Agent
POL005698,C00861,Travel,2025-09-14,2025-11-13,1720.0,143500.0,Annually,Lapsed,1,Medium,A0097,Agent
POL005699,C03573,Life,2023-07-13,2053-07-13,96940.0,4386300.0,Monthly,Active,30,Medium,A0092,Online
POL005700,C04474,Health,2023-02-19,2024-02-19,55000.0,1000000.0,Monthly,Expired,1,Medium,A0095,Agent
POL005701,C04362,Health,2025-07-10,2026-07-10,11280.0,300000.0,Annually,Lapsed,1,Medium,A0076,Online
POL005702,C02289,Health,2025-05-11,2026-05-11,41990.0,500000.0,Annually,Active,1,High,A0081,Agent
POL005703,C00564,Health,2025-07-10,2026-07-10,12360.0,300000.0,Monthly,Active,1,Medium,A0090,Agent
POL005704,C03534,Home,2024-10-20,2034-10-20,6990.0,3736300.0,Annually,Active,10,Low,A0064,Referral
POL005705,C04804,Health,2024-01-10,2027-01-10,113600.0,2000000.0,Annually,Active,3,Medium,A0035,Online
POL005706,C00129,Health,2025-01-02,2028-01-02,12180.0,300000.0,Annually,Active,3,Medium,A0100,Agent
POL005707,C04839,Life,2024-05-18,2044-05-18,72010.0,3996000.0,Quarterly,Active,20,Low,A0030,Agent
POL005708,C04979,Travel,2024-12-26,2025-01-05,4130.0,405300.0,Annually,Expired,1,Low,A0044,Agent
POL005709,C04692,Health,2025-02-21,2026-02-21,33530.0,750000.0,Quarterly,Active,1,Low,A0038,Agent
POL005710,C03557,Life,2024-11-29,2039-11-28,38980.0,2133000.0,Monthly,Active,15,Low,A0100,Online
POL005711,C00454,Motor,2023-01-03,2024-01-03,56160.0,1604600.0,Monthly,Expired,1,Medium,A0022,Corporate
POL005712,C00661,Health,2025-08-31,2028-08-28,97760.0,2000000.0,Monthly,Lapsed,3,High,A0087,Agent
POL005713,C02178,Home,2025-01-15,2035-01-15,14330.0,6512600.0,Annually,Active,10,Medium,A0091,Online
POL005714,C00711,Health,2025-06-14,2028-06-14,19100.0,500000.0,Monthly,Active,3,Medium,A0084,Agent
POL005715,C00323,Motor,2024-12-07,2025-12-07,29180.0,833700.0,Annually,Expired,1,Medium,A0016,Corporate
POL005716,C01955,Life,2024-06-19,2054-06-19,176730.0,7041000.0,Monthly,Lapsed,30,Medium,A0084,Agent
POL005717,C01814,Health,2023-08-17,2026-08-17,22350.0,500000.0,Quarterly,Active,3,Low,A0035,Online
POL005718,C00613,Travel,2025-04-08,2025-05-26,2950.0,289100.0,Annually,Expired,1,Low,A0054,Bancassurance
POL005719,C01831,Life,2025-02-01,2040-02-01,48160.0,2370700.0,Monthly,Active,15,Low,A0080,Agent
POL005720,C01585,Motor,2024-02-20,2025-02-19,66730.0,1466600.0,Annually,Expired,1,High,A0082,Bancassurance
POL005721,C01168,Motor,2024-08-07,2025-08-07,11580.0,254500.0,Annually,Expired,1,High,A0050,Agent
POL005722,C04967,Life,2024-04-07,2044-04-07,172990.0,8781000.0,Annually,Active,20,Medium,A0021,Corporate
POL005723,C00980,Motor,2025-02-07,2026-02-07,18300.0,522700.0,Annually,Active,1,Medium,A0092,Online
POL005724,C01771,Life,2023-12-28,2038-12-28,159060.0,7503000.0,Monthly,Lapsed,15,Medium,A0014,Online
POL005725,C04371,Travel,2025-05-07,2025-06-14,6710.0,559400.0,Annually,Expired,1,Medium,A0082,Agent
POL005726,C01650,Motor,2025-02-22,2026-02-22,13000.0,371500.0,Annually,Active,1,Medium,A0006,Agent
POL005727,C00420,Home,2023-09-17,2028-09-17,5720.0,2599300.0,Annually,Active,5,Medium,A0066,Agent
POL005728,C02104,Health,2024-08-17,2027-08-17,13110.0,300000.0,Annually,Active,3,Low,A0007,Agent
POL005729,C00556,Life,2023-05-07,2038-05-07,50650.0,3145700.0,Annually,Active,15,Medium,A0041,Agent
POL005730,C02746,Health,2023-05-22,2025-05-22,24800.0,500000.0,Monthly,Expired,2,Medium,A0045,Corporate
POL005731,C03922,Home,2025-01-22,2040-01-22,14610.0,6640500.0,Annually,Active,15,Medium,A0081,Online
POL005732,C04490,Motor,2023-09-14,2024-09-13,77580.0,1705000.0,Monthly,Expired,1,High,A0020,Agent
POL005733,C00718,Motor,2023-11-27,2024-11-26,11850.0,338600.0,Annually,Expired,1,Medium,A0073,Agent
POL005734,C01846,Health,2025-01-30,2026-01-28,29900.0,500000.0,Quarterly,Active,1,Medium,A0037,Agent
POL005735,C00811,Motor,2024-01-06,2025-01-05,6530.0,186600.0,Annually,Expired,1,Medium,A0005,Online
POL005736,C03664,Motor,2024-06-02,2025-06-02,42950.0,1227100.0,Annually,Expired,1,Medium,A0051,Corporate
POL005737,C02064,Health,2025-06-12,2028-06-12,42160.0,1000000.0,Monthly,Active,3,Low,A0018,Agent
POL005738,C03979,Motor,2023-02-24,2024-02-24,56260.0,1607400.0,Annually,Lapsed,1,Medium,A0032,Agent
POL005739,C03573,Home,2023-02-26,2028-02-26,11020.0,5009600.0,Monthly,Active,5,Medium,A0099,Bancassurance
POL005740,C03718,Home,2024-05-22,2039-05-22,11830.0,5379000.0,Annually,Active,15,Medium,A0064,Agent
POL005741,C04447,Motor,2024-10-14,2025-10-14,28680.0,819500.0,Annually,Expired,1,Medium,A0018,Online
POL005742,C04039,Health,2023-06-05,2024-06-05,22100.0,500000.0,Annually,Expired,1,Low,A0075,Online
POL005743,C03091,Life,2024-12-15,2049-12-15,124510.0,6369000.0,Monthly,Active,25,Low,A0030,Referral
POL005744,C03661,Travel,2025-06-01,2025-07-10,2040.0,170400.0,Annually,Expired,1,Medium,A0086,Bancassurance
POL005745,C01826,Health,2023-07-26,2026-07-26,38090.0,500000.0,Monthly,Active,3,High,A0026,Agent
POL005746,C00825,Life,2025-03-11,2050-03-11,39000.0,2699000.0,Annually,Lapsed,25,Low,A0017,Bancassurance
POL005747,C01929,Health,2025-07-14,2027-07-14,82280.0,2000000.0,Annually,Active,2,Low,A0071,Agent
POL005748,C02647,Life,2025-05-08,2040-05-08,83280.0,5373000.0,Quarterly,Active,15,Medium,A0026,Referral
POL005749,C00291,Home,2023-10-21,2038-10-21,2240.0,1199000.0,Annually,Active,15,Low,A0033,Agent
POL005750,C03038,Health,2024-11-05,2027-11-05,46240.0,1000000.0,Quarterly,Active,3,Low,A0014,Agent
POL005751,C04360,Health,2024-09-18,2025-09-18,20310.0,500000.0,Annually,Expired,1,Low,A0013,Agent
POL005752,C02339,Health,2025-09-14,2026-09-14,44200.0,1000000.0,Annually,Active,1,Low,A0029,Online
POL005753,C03837,Life,2024-11-24,2039-11-24,90070.0,4928800.0,Annually,Active,15,Low,A0100,Agent
POL005754,C00247,Health,2023-01-13,2024-01-13,13260.0,300000.0,Annually,Expired,1,Medium,A0069,Bancassurance
POL005755,C02211,Health,2024-03-12,2025-03-12,20820.0,500000.0,Quarterly,Expired,1,Low,A0083,Online
POL005756,C02159,Life,2025-01-14,2045-01-14,276870.0,11301000.0,Monthly,Lapsed,20,Medium,A0038,Agent
POL005757,C02682,Health,2025-04-01,2027-04-01,30900.0,750000.0,Annually,Active,2,Medium,A0064,Agent
POL005758,C04529,Life,2025-09-10,2040-09-10,102200.0,4890000.0,Quarterly,Lapsed,15,Medium,A0036,Bancassurance
POL005759,C02551,Motor,2024-10-06,2025-10-06,55490.0,1585500.0,Annually,Expired,1,Medium,A0093,Bancassurance
POL005760,C00789,Health,2025-08-31,2026-08-28,20570.0,500000.0,Annually,Active,1,Low,A0024,Online
POL005761,C04703,Motor,2025-08-15,2026-08-15,22670.0,498300.0,Annually,Active,1,High,A0071,Online
POL005762,C02010,Health,2023-07-11,2025-07-11,70120.0,1500000.0,Quarterly,Expired,2,Low,A0077,Online
POL005763,C02046,Motor,2023-09-24,2024-09-23,45620.0,1303300.0,Annually,Expired,1,Medium,A0016,Agent
POL005764,C02045,Motor,2023-08-26,2024-08-25,43110.0,1231700.0,Annually,Expired,1,Medium,A0075,Referral
POL005765,C01660,Health,2024-04-19,2026-04-19,55590.0,1500000.0,Annually,Active,2,Low,A0061,Corporate
POL005766,C04211,Life,2023-05-02,2033-05-02,84250.0,4253900.0,Monthly,Active,10,Low,A0014,Agent
POL005767,C04098,Motor,2024-02-28,2025-02-27,24790.0,708200.0,Annually,Expired,1,Medium,A0052,Online
POL005768,C02927,Life,2023-08-06,2033-08-06,40320.0,2237300.0,Annually,Active,10,Low,A0028,Online
POL005769,C02184,Home,2024-06-08,2025-06-08,3390.0,1812300.0,Annually,Expired,1,Low,A0025,Agent
POL005770,C02844,Health,2025-08-14,2028-08-14,23880.0,500000.0,Quarterly,Active,3,Low,A0030,Agent
POL005771,C01062,Motor,2024-02-10,2025-02-09,47590.0,1359600.0,Annually,Expired,1,Medium,A0069,Online
POL005772,C00813,Travel,2024-09-06,2024-09-17,6450.0,632800.0,Annually,Lapsed,1,Low,A0024,Online
POL005773,C04359,Health,2024-09-16,2026-09-16,50200.0,1000000.0,Annually,Active,2,Medium,A0032,Agent
POL005774,C03980,Life,2023-02-12,2038-02-12,36750.0,2129800.0,Annually,Active,15,Low,A0055,Online
POL005775,C02548,Home,2024-09-14,2029-09-14,4300.0,2300400.0,Monthly,Active,5,Low,A0099,Online
POL005776,C03800,Home,2024-11-05,2025-11-05,10240.0,5475300.0,Annually,Expired,1,Low,A0086,Online
POL005777,C03621,Health,2025-03-09,2028-03-09,34050.0,750000.0,Annually,Active,3,Medium,A0027,Corporate
POL005778,C03074,Motor,2023-02-13,2024-02-13,47620.0,1360600.0,Annually,Expired,1,Medium,A0022,Agent
POL005779,C00458,Health,2024-07-17,2025-07-17,12180.0,300000.0,Quarterly,Lapsed,1,Medium,A0068,Agent
POL005780,C00850,Health,2025-01-06,2026-01-06,30090.0,750000.0,Monthly,Active,1,Low,A0096,Agent
POL005781,C03609,Health,2024-11-23,2025-11-23,44710.0,1000000.0,Monthly,Expired,1,Low,A0016,Agent
POL005782,C01159,Life,2023-02-22,2033-02-22,77430.0,4924000.0,Annually,Cancelled,10,Low,A0007,Agent
POL005783,C02585,Motor,2023-05-14,2024-05-13,50690.0,1448300.0,Monthly,Expired,1,Medium,A0051,Online
POL005784,C04207,Travel,2023-11-08,2023-12-25,11690.0,974100.0,Annually,Expired,1,Medium,A0020,Agent
POL005785,C03505,Life,2025-09-11,2050-09-11,39950.0,2217000.0,Monthly,Active,25,Low,A0073,Bancassurance
POL005786,C02171,Travel,2025-08-14,2025-10-08,1500.0,58900.0,Annually,Expired,1,Medium,A0084,Bancassurance
POL005787,C00533,Motor,2023-06-01,2024-05-31,57150.0,1255900.0,Annually,Expired,1,High,A0024,Referral
POL005788,C01268,Life,2024-01-04,2049-01-04,80470.0,4906800.0,Annually,Cancelled,25,Medium,A0099,Online
POL005789,C01420,Life,2025-07-07,2045-07-07,83760.0,3842300.0,Annually,Active,20,Medium,A0073,Bancassurance
POL005790,C01147,Health,2024-02-21,2027-02-21,174200.0,2000000.0,Annually,Active,3,High,A0024,Online
POL005791,C02403,Health,2023-08-25,2024-08-25,91500.0,1500000.0,Annually,Expired,1,Medium,A0035,Online
POL005792,C03064,Motor,2024-05-28,2025-05-28,40520.0,1157700.0,Annually,Expired,1,Medium,A0061,Agent
POL005793,C01470,Motor,2025-09-26,2026-09-26,46650.0,1332800.0,Annually,Active,1,Medium,A0071,Agent
POL005794,C04416,Health,2024-09-14,2026-09-14,28200.0,750000.0,Quarterly,Active,2,Medium,A0100,Agent
POL005795,C04213,Motor,2025-07-07,2026-07-07,34360.0,981600.0,Annually,Active,1,Medium,A0092,Corporate
POL005796,C02744,Health,2023-08-19,2024-08-19,88400.0,2000000.0,Quarterly,Expired,1,Low,A0082,Bancassurance
POL005797,C00478,Health,2023-03-06,2024-03-06,29710.0,750000.0,Annually,Expired,1,Low,A0094,Bancassurance
POL005798,C02233,Motor,2023-03-23,2024-03-22,10190.0,291000.0,Annually,Lapsed,1,Medium,A0096,Agent
POL005799,C01985,Life,2025-09-29,2040-09-28,37580.0,1851000.0,Annually,Active,15,Medium,A0021,Online
POL005800,C02555,Travel,2023-11-09,2023-12-01,1500.0,140900.0,Annually,Expired,1,Low,A0083,Agent
POL005801,C01639,Health,2024-11-01,2027-11-01,52600.0,1000000.0,Monthly,Active,3,Medium,A0019,Online
POL005802,C01081,Home,2025-09-27,2035-09-27,4200.0,2246900.0,Annually,Active,10,Low,A0051,Agent
POL005803,C02883,Home,2023-04-30,2024-04-28,3300.0,1765500.0,Annually,Expired,1,Low,A0096,Bancassurance
POL005804,C02069,Home,2025-03-23,2030-03-23,2200.0,1174200.0,Annually,Cancelled,5,Low,A0086,Online
POL005805,C03393,Motor,2024-12-30,2025-12-30,21960.0,627400.0,Annually,Expired,1,Medium,A0001,Online
POL005806,C03545,Life,2025-09-19,2035-09-19,190610.0,10011000.0,Quarterly,Lapsed,10,Low,A0085,Agent
POL005807,C00706,Home,2023-05-07,2028-05-07,16530.0,7513500.0,Annually,Active,5,Medium,A0025,Corporate
POL005808,C01861,Life,2023-05-24,2048-05-24,57340.0,3899200.0,Quarterly,Active,25,Low,A0094,Bancassurance
POL005809,C04876,Motor,2024-08-15,2025-08-15,59320.0,1694700.0,Monthly,Expired,1,Medium,A0015,Agent
POL005810,C02558,Health,2024-11-12,2025-11-12,42150.0,750000.0,Quarterly,Expired,1,Medium,A0056,Online
POL005811,C00047,Health,2025-09-05,2026-09-05,43050.0,750000.0,Quarterly,Active,1,Medium,A0100,Agent
POL005812,C02317,Motor,2024-08-02,2025-08-02,31820.0,699300.0,Annually,Expired,1,High,A0065,Agent
POL005813,C00797,Motor,2024-01-31,2025-01-30,33420.0,954800.0,Monthly,Expired,1,Medium,A0024,Agent
POL005814,C02248,Life,2024-08-11,2054-08-11,87900.0,4381800.0,Annually,Active,30,Low,A0082,Online
POL005815,C02581,Motor,2024-02-27,2025-02-26,17970.0,513500.0,Annually,Expired,1,Medium,A0056,Online
POL005816,C02829,Motor,2025-06-06,2026-06-06,31520.0,900700.0,Annually,Active,1,Medium,A0097,Agent
POL005817,C03642,Motor,2024-12-22,2025-12-22,50260.0,1435900.0,Annually,Expired,1,Medium,A0039,Corporate
POL005818,C02704,Home,2023-08-14,2028-08-14,5990.0,2722100.0,Annually,Active,5,Medium,A0018,Online
POL005819,C00190,Motor,2025-02-09,2026-02-09,56830.0,1623600.0,Monthly,Active,1,Medium,A0017,Agent
POL005820,C01250,Motor,2023-10-25,2024-10-24,40320.0,1355200.0,Annually,Expired,1,Low,A0082,Online
POL005821,C04163,Health,2024-02-07,2025-02-07,13260.0,300000.0,Monthly,Expired,1,Low,A0001,Agent
POL005822,C00572,Travel,2024-04-26,2024-06-20,2160.0,211600.0,Annually,Lapsed,1,Low,A0013,Corporate
POL005823,C02748,Motor,2024-12-12,2025-12-12,6060.0,173100.0,Annually,Lapsed,1,Medium,A0046,Online
POL005824,C02982,Travel,2024-09-10,2024-09-25,1500.0,106200.0,Annually,Expired,1,Low,A0086,Corporate
POL005825,C01840,Motor,2024-03-14,2025-03-14,15140.0,432500.0,Monthly,Expired,1,Medium,A0061,Online
POL005826,C00722,Life,2023-06-21,2048-06-21,50790.0,2886000.0,Annually,Active,25,Medium,A0073,Agent
POL005827,C01252,Motor,2024-05-12,2025-05-12,58580.0,1673700.0,Annually,Expired,1,Medium,A0046,Online
POL005828,C04403,Motor,2023-05-13,2024-05-12,26930.0,769600.0,Annually,Expired,1,Medium,A0044,Online
POL005829,C00508,Health,2024-09-28,2025-09-28,42600.0,750000.0,Monthly,Expired,1,Medium,A0017,Agent
POL005830,C03839,Motor,2025-03-18,2026-03-18,49460.0,1413100.0,Annually,Active,1,Medium,A0094,Online
POL005831,C02877,Life,2024-11-06,2044-11-06,53750.0,2891100.0,Annually,Active,20,High,A0073,Online
POL005832,C01284,Motor,2024-03-30,2025-03-30,15090.0,431000.0,Annually,Expired,1,Medium,A0086,Agent
POL005833,C04220,Motor,2023-01-13,2024-01-13,56330.0,1609300.0,Annually,Expired,1,Medium,A0038,Referral
POL005834,C01140,Life,2023-10-05,2053-10-05,94890.0,4983900.0,Monthly,Active,30,Low,A0006,Online
POL005835,C04401,Travel,2023-06-04,2023-07-31,8050.0,670500.0,Annually,Expired,1,Medium,A0018,Agent
POL005836,C01559,Life,2023-07-22,2048-07-22,74770.0,5085000.0,Monthly,Active,25,Low,A0053,Referral
POL005837,C01182,Health,2024-01-07,2027-01-07,83400.0,1500000.0,Quarterly,Cancelled,3,Medium,A0019,Referral
POL005838,C02260,Travel,2023-05-08,2023-05-15,2600.0,254500.0,Annually,Lapsed,1,Low,A0008,Bancassurance
POL005839,C04690,Health,2023-02-10,2026-02-10,27800.0,750000.0,Annually,Active,3,Low,A0081,Bancassurance
POL005840,C00715,Health,2024-01-03,2025-01-03,29000.0,500000.0,Monthly,Lapsed,1,Medium,A0100,Corporate
POL005841,C00774,Health,2024-06-27,2025-06-27,46000.0,1000000.0,Annually,Expired,1,Medium,A0006,Bancassurance
POL005842,C03362,Life,2023-12-07,2033-12-07,97210.0,4785300.0,Annually,Active,10,Low,A0093,Online
POL005843,C01446,Health,2025-02-22,2026-02-22,37600.0,1000000.0,Monthly,Cancelled,1,Medium,A0038,Referral
POL005844,C03548,Travel,2023-09-23,2023-10-31,5530.0,460900.0,Annually,Expired,1,Medium,A0045,Online
POL005845,C02968,Health,2023-08-19,2025-08-19,82400.0,2000000.0,Quarterly,Lapsed,2,Medium,A0095,Online
POL005846,C01748,Health,2025-05-21,2026-05-21,56400.0,1500000.0,Monthly,Lapsed,1,Medium,A0013,Agent
POL005847,C03493,Motor,2023-12-20,2024-12-19,37980.0,1085000.0,Annually,Lapsed,1,Medium,A0055,Online
POL005848,C00624,Motor,2025-04-26,2026-04-26,62770.0,1379700.0,Annually,Active,1,High,A0006,Bancassurance
POL005849,C04102,Home,2025-09-14,2026-09-14,12490.0,5675400.0,Annually,Active,1,Medium,A0009,Online
POL005850,C03798,Life,2024-01-12,2044-01-12,158270.0,7260000.0,Annually,Active,20,Medium,A0056,Agent
POL005851,C04053,Life,2023-08-12,2033-08-12,33640.0,2008900.0,Monthly,Cancelled,10,Low,A0042,Corporate
POL005852,C03292,Health,2025-01-17,2027-01-17,45220.0,1000000.0,Monthly,Active,2,Low,A0079,Agent
POL005853,C00390,Health,2025-05-18,2026-05-18,37600.0,1000000.0,Quarterly,Active,1,Medium,A0093,Agent
POL005854,C03858,Health,2025-07-04,2026-07-04,51400.0,1000000.0,Annually,Active,1,Medium,A0088,Online
POL005855,C01570,Life,2025-01-16,2050-01-16,56490.0,2782800.0,Monthly,Lapsed,25,Medium,A0073,Agent
POL005856,C02097,Health,2025-05-09,2026-05-09,37600.0,1000000.0,Quarterly,Active,1,Medium,A0004,Referral
POL005857,C02504,Home,2023-04-07,2028-04-07,15580.0,7084100.0,Annually,Lapsed,5,Medium,A0078,Bancassurance
POL005858,C00139,Health,2025-08-17,2027-08-17,13870.0,300000.0,Quarterly,Active,2,Low,A0074,Online
POL005859,C02437,Life,2024-11-08,2039-11-08,44980.0,2959100.0,Quarterly,Active,15,Medium,A0064,Bancassurance
POL005860,C03249,Motor,2023-07-31,2024-07-30,23450.0,670100.0,Monthly,Expired,1,Medium,A0067,Corporate
POL005861,C01026,Motor,2025-05-26,2026-05-26,21120.0,603400.0,Annually,Active,1,Medium,A0023,Agent
POL005862,C04428,Health,2023-09-22,2024-09-22,65540.0,1500000.0,Annually,Expired,1,Low,A0078,Online
POL005863,C00148,Health,2023-06-06,2025-06-06,24800.0,500000.0,Quarterly,Expired,2,Medium,A0037,Online
POL005864,C04984,Health,2023-04-22,2025-04-22,24020.0,300000.0,Annually,Expired,2,High,A0076,Agent
POL005865,C01700,Travel,2024-11-25,2025-01-20,3670.0,360100.0,Monthly,Expired,1,Low,A0075,Online
POL005866,C03516,Life,2023-09-28,2043-09-28,59390.0,3078000.0,Monthly,Active,20,Low,A0020,Bancassurance
POL005867,C00714,Motor,2025-07-31,2026-07-31,5200.0,174700.0,Annually,Active,1,Low,A0021,Referral
POL005868,C00203,Motor,2023-10-24,2024-10-23,56440.0,1612400.0,Annually,Expired,1,Medium,A0054,Bancassurance
POL005869,C01376,Home,2023-09-17,2024-09-17,12890.0,6891600.0,Annually,Expired,1,Low,A0067,Referral
POL005870,C02931,Travel,2025-04-09,2025-04-21,1940.0,189800.0,Annually,Lapsed,1,Low,A0072,Agent
POL005871,C00110,Life,2025-09-01,2050-09-01,30900.0,1964700.0,Monthly,Active,25,Low,A0076,Agent
POL005872,C04777,Motor,2023-11-21,2024-11-20,7190.0,205500.0,Annually,Expired,1,Medium,A0036,Online
POL005873,C01138,Health,2025-09-10,2026-09-10,19290.0,500000.0,Annually,Active,1,Low,A0020,Agent
POL005874,C02451,Health,2023-08-18,2024-08-18,39450.0,750000.0,Annually,Expired,1,Medium,A0014,Corporate
POL005875,C01518,Travel,2024-06-17,2024-07-27,1990.0,165500.0,Annually,Expired,1,Medium,A0089,Online
POL005876,C00418,Life,2023-07-26,2053-07-26,55220.0,3755000.0,Annually,Active,30,Low,A0007,Online
POL005877,C01202,Health,2025-04-02,2027-04-02,45730.0,1000000.0,Monthly,Active,2,Low,A0050,Referral
POL005878,C04574,Life,2023-09-06,2033-09-06,153760.0,8781000.0,Quarterly,Active,10,Low,A0001,Online
POL005879,C01675,Home,2025-05-18,2035-05-18,11890.0,6360400.0,Annually,Active,10,Low,A0028,Referral
POL005880,C00298,Motor,2023-10-14,2024-10-13,15780.0,530500.0,Monthly,Expired,1,Low,A0018,Referral
POL005881,C04331,Home,2025-04-20,2040-04-20,10920.0,4963300.0,Annually,Active,15,Medium,A0093,Corporate
POL005882,C03835,Motor,2024-10-22,2025-10-22,19070.0,641100.0,Annually,Expired,1,Low,A0040,Agent
POL005883,C00318,Home,2025-09-03,2035-09-03,12000.0,6416500.0,Annually,Active,10,Low,A0035,Online
POL005884,C04140,Life,2023-12-05,2043-12-05,189430.0,10512000.0,Monthly,Active,20,Low,A0094,Online
POL005885,C01044,Motor,2025-06-08,2026-06-08,15870.0,453400.0,Annually,Active,1,Medium,A0069,Agent
POL005886,C03634,Home,2024-04-27,2025-04-27,8980.0,4801200.0,Annually,Expired,1,Low,A0013,Online
POL005887,C00468,Home,2024-11-07,2039-11-07,8300.0,4438800.0,Annually,Active,15,Low,A0018,Bancassurance
POL005888,C00353,Life,2023-10-21,2038-10-21,54010.0,3777000.0,Monthly,Active,15,Medium,A0057,Agent
POL005889,C03128,Motor,2024-05-26,2025-05-26,39420.0,1126200.0,Annually,Expired,1,Medium,A0006,Online
POL005890,C03412,Motor,2024-12-21,2025-12-21,33020.0,725600.0,Annually,Expired,1,High,A0085,Bancassurance
POL005891,C02568,Health,2025-02-16,2026-02-16,22860.0,500000.0,Monthly,Active,1,Low,A0009,Agent
POL005892,C04481,Health,2025-09-25,2026-09-25,25100.0,500000.0,Quarterly,Active,1,Medium,A0069,Online
POL005893,C04127,Motor,2025-01-21,2026-01-21,62550.0,1787200.0,Annually,Active,1,Medium,A0037,Bancassurance
POL005894,C04115,Life,2025-02-03,2045-02-03,136720.0,8187000.0,Annually,Active,20,Medium,A0083,Agent
POL005895,C02753,Home,2023-10-29,2028-10-28,5260.0,2813600.0,Monthly,Active,5,Low,A0086,Agent
POL005896,C00311,Motor,2024-11-08,2025-11-08,27300.0,780100.0,Monthly,Expired,1,Medium,A0017,Referral
POL005897,C02642,Life,2024-05-31,2049-05-28,451790.0,17787000.0,Quarterly,Active,25,Medium,A0083,Bancassurance
POL005898,C02971,Life,2023-09-02,2038-09-02,95030.0,4620000.0,Quarterly,Active,15,Low,A0079,Agent
POL005899,C00756,Health,2024-09-02,2025-09-02,39450.0,750000.0,Quarterly,Expired,1,Medium,A0045,Online
POL005900,C03929,Life,2023-02-28,2043-02-28,86130.0,3472800.0,Monthly,Active,20,Medium,A0018,Agent
POL005901,C01289,Motor,2024-06-02,2025-06-02,20760.0,697800.0,Annually,Lapsed,1,Low,A0010,Agent
POL005902,C03840,Motor,2023-04-07,2024-04-06,16000.0,457100.0,Monthly,Expired,1,Medium,A0026,Bancassurance
POL005903,C04123,Motor,2024-03-16,2025-03-16,38200.0,1283900.0,Annually,Expired,1,Low,A0064,Agent
POL005904,C01734,Health,2025-09-27,2027-09-27,11460.0,300000.0,Annually,Active,2,Medium,A0093,Corporate
POL005905,C01065,Life,2024-01-05,2034-01-05,30810.0,2154900.0,Monthly,Lapsed,10,Medium,A0041,Online
POL005906,C01456,Home,2025-07-14,2040-07-14,2300.0,1046800.0,Monthly,Active,15,Medium,A0028,Agent
POL005907,C03544,Motor,2025-08-02,2026-08-02,12670.0,362000.0,Annually,Active,1,Medium,A0093,Online
POL005908,C03695,Motor,2025-05-23,2026-05-23,57180.0,1633800.0,Annually,Active,1,Medium,A0011,Bancassurance
POL005909,C03075,Life,2024-06-06,2049-06-06,45750.0,2310000.0,Annually,Active,25,Low,A0035,Agent
POL005910,C00684,Motor,2025-07-22,2026-07-22,36060.0,1030400.0,Annually,Active,1,Medium,A0051,Bancassurance
POL005911,C03246,Motor,2023-05-30,2024-05-29,45310.0,1294700.0,Annually,Expired,1,Medium,A0090,Agent
POL005912,C00911,Motor,2023-06-20,2024-06-19,44520.0,978400.0,Annually,Expired,1,High,A0086,Online
POL005913,C02019,Health,2024-06-26,2025-06-26,28100.0,500000.0,Monthly,Lapsed,1,Medium,A0098,Online
POL005914,C01032,Home,2025-07-02,2030-07-02,11250.0,6016300.0,Monthly,Active,5,Low,A0070,Online
POL005915,C01744,Health,2025-06-22,2028-06-22,60900.0,1500000.0,Annually,Active,3,Medium,A0096,Online
POL005916,C03207,Health,2025-07-11,2027-07-11,18120.0,300000.0,Annually,Active,2,Medium,A0043,Bancassurance
POL005917,C03603,Health,2024-06-05,2026-06-05,28180.0,750000.0,Annually,Active,2,Low,A0040,Online
POL005918,C02541,Health,2025-01-06,2026-01-06,18780.0,500000.0,Annually,Active,1,Low,A0026,Bancassurance
POL005919,C03295,Life,2023-04-19,2048-04-19,107180.0,3696000.0,Annually,Active,25,Medium,A0097,Agent
POL005920,C03401,Health,2024-08-31,2025-08-28,20000.0,500000.0,Monthly,Expired,1,Medium,A0037,Online
POL005921,C00435,Home,2025-03-22,2040-03-22,17380.0,7900600.0,Annually,Lapsed,15,Medium,A0076,Online
POL005922,C02855,Health,2025-03-29,2026-03-28,11280.0,300000.0,Monthly,Active,1,Medium,A0036,Online
POL005923,C01858,Life,2023-01-26,2053-01-26,52740.0,3198000.0,Quarterly,Lapsed,30,Low,A0095,Bancassurance
POL005924,C03279,Travel,2023-08-14,2023-10-05,2220.0,217900.0,Annually,Expired,1,Low,A0041,Corporate
POL005925,C02731,Motor,2023-07-25,2024-07-24,27560.0,787300.0,Annually,Expired,1,Medium,A0018,Agent
POL005926,C01078,Health,2023-02-19,2025-02-19,25100.0,500000.0,Annually,Lapsed,2,Medium,A0064,Agent
POL005927,C00836,Health,2024-08-09,2026-08-09,13980.0,300000.0,Annually,Lapsed,2,Medium,A0041,Agent
POL005928,C01050,Home,2024-01-08,2025-01-08,9660.0,4389900.0,Annually,Expired,1,Medium,A0027,Online
POL005929,C03393,Health,2024-10-02,2025-10-02,19550.0,500000.0,Monthly,Expired,1,Low,A0009,Agent
POL005930,C03501,Motor,2023-05-03,2024-05-02,61140.0,1747000.0,Annually,Expired,1,Medium,A0099,Referral
POL005931,C00032,Travel,2023-03-29,2023-05-08,7550.0,739800.0,Annually,Expired,1,Low,A0090,Bancassurance
POL005932,C00158,Life,2025-08-10,2050-08-10,67530.0,4592600.0,Quarterly,Active,25,Low,A0078,Corporate
POL005933,C01715,Home,2025-08-23,2035-08-23,9010.0,4820800.0,Annually,Active,10,Low,A0031,Agent
POL005934,C02849,Home,2023-10-02,2024-10-02,9650.0,4387900.0,Annually,Expired,1,Medium,A0001,Online
POL005935,C04375,Life,2024-08-23,2044-08-23,62640.0,3204000.0,Monthly,Active,20,Low,A0070,Referral
POL005936,C02273,Health,2023-09-13,2025-09-13,44200.0,1000000.0,Annually,Lapsed,2,Medium,A0071,Bancassurance
POL005937,C03379,Motor,2025-08-31,2026-08-31,55810.0,1594600.0,Annually,Active,1,Medium,A0071,Agent
POL005938,C03272,Motor,2024-12-22,2025-12-22,33490.0,956900.0,Annually,Expired,1,Medium,A0075,Agent
POL005939,C01065,Life,2024-09-21,2049-09-21,46280.0,3236400.0,Annually,Active,25,Medium,A0002,Agent
POL005940,C04951,Life,2024-02-27,2039-02-27,65660.0,3192000.0,Quarterly,Active,15,Low,A0035,Online
POL005941,C02822,Home,2024-02-14,2029-02-14,6370.0,3408800.0,Annually,Active,5,Low,A0066,Agent
POL005942,C03233,Travel,2023-12-18,2023-12-25,8370.0,697200.0,Annually,Expired,1,Medium,A0076,Agent
POL005943,C04838,Health,2024-09-05,2027-09-05,10960.0,300000.0,Monthly,Active,3,Low,A0068,Agent
POL005944,C00224,Motor,2023-07-30,2024-07-29,14830.0,498500.0,Monthly,Expired,1,Low,A0093,Agent
POL005945,C03453,Health,2025-04-26,2027-04-26,92480.0,2000000.0,Annually,Active,2,Low,A0088,Referral
POL005946,C04737,Health,2024-02-24,2025-02-24,19800.0,500000.0,Annually,Expired,1,Low,A0015,Online
POL005947,C01536,Health,2024-01-27,2027-01-27,19800.0,500000.0,Quarterly,Active,3,Low,A0068,Agent
POL005948,C03163,Home,2024-06-01,2029-06-01,6360.0,3403500.0,Annually,Active,5,Low,A0013,Online
POL005949,C04796,Health,2024-10-18,2026-10-18,13260.0,300000.0,Quarterly,Cancelled,2,Low,A0016,Agent
POL005950,C01820,Travel,2025-03-31,2025-05-18,8290.0,690400.0,Annually,Lapsed,1,Medium,A0025,Agent
POL005951,C01279,Life,2023-11-14,2038-11-14,28250.0,1825900.0,Annually,Active,15,Low,A0025,Corporate
POL005952,C04277,Life,2024-03-31,2049-03-28,32470.0,2418000.0,Annually,Active,25,Low,A0025,Agent
POL005953,C03006,Travel,2024-10-29,2024-12-28,11370.0,947300.0,Annually,Expired,1,Medium,A0021,Online
POL005954,C00656,Travel,2024-02-05,2024-02-26,6660.0,554800.0,Annually,Expired,1,Medium,A0044,Online
POL005955,C01874,Motor,2023-10-29,2024-10-28,19220.0,549200.0,Annually,Expired,1,Medium,A0032,Corporate
POL005956,C01177,Motor,2025-06-23,2026-06-23,46860.0,1338800.0,Monthly,Active,1,Medium,A0025,Bancassurance
POL005957,C00946,Health,2025-02-16,2026-02-16,27030.0,750000.0,Monthly,Active,1,Low,A0006,Online
POL005958,C01344,Motor,2024-01-07,2025-01-06,48540.0,1386900.0,Annually,Expired,1,Medium,A0079,Referral
POL005959,C03395,Motor,2024-07-01,2025-07-01,33560.0,959000.0,Annually,Expired,1,Medium,A0072,Online
POL005960,C03458,Life,2023-05-02,2033-05-02,63980.0,4128100.0,Annually,Active,10,Medium,A0083,Bancassurance
POL005961,C03072,Life,2025-07-24,2040-07-24,248390.0,11553000.0,Monthly,Active,15,Medium,A0073,Agent
POL005962,C03210,Life,2023-03-15,2033-03-15,83230.0,4491800.0,Annually,Active,10,Low,A0039,Corporate
POL005963,C04718,Home,2024-01-28,2025-01-28,1930.0,1031000.0,Annually,Expired,1,Low,A0022,Online
POL005964,C01959,Health,2023-06-09,2024-06-09,31800.0,750000.0,Annually,Expired,1,Medium,A0067,Agent
POL005965,C03939,Health,2025-06-25,2028-06-25,46000.0,1000000.0,Monthly,Active,3,Medium,A0044,Corporate
POL005966,C01791,Home,2025-08-21,2035-08-21,11150.0,5067100.0,Annually,Active,10,Medium,A0036,Agent
POL005967,C02857,Health,2023-11-07,2024-11-07,66300.0,1500000.0,Monthly,Expired,1,Medium,A0002,Online
POL005968,C02710,Health,2023-09-09,2024-09-09,19100.0,500000.0,Quarterly,Expired,1,Medium,A0090,Online
POL005969,C03384,Home,2023-01-30,2028-01-28,5900.0,3156400.0,Annually,Active,5,Low,A0025,Bancassurance
POL005970,C03324,Life,2024-06-09,2034-06-09,80660.0,5682000.0,Annually,Active,10,Low,A0037,Corporate
POL005971,C00602,Health,2025-08-25,2026-08-25,20310.0,500000.0,Annually,Active,1,Low,A0044,Agent
POL005972,C03751,Life,2025-01-25,2045-01-25,192720.0,9033000.0,Annually,Active,20,Low,A0056,Online
POL005973,C00978,Life,2024-11-11,2034-11-11,82760.0,4077000.0,Annually,Active,10,Medium,A0037,Agent
POL005974,C02520,Home,2024-04-03,2034-04-03,5660.0,2573100.0,Annually,Active,10,Medium,A0002,Agent
POL005975,C03640,Health,2023-01-07,2024-01-07,24500.0,500000.0,Monthly,Expired,1,Medium,A0038,Agent
POL005976,C01968,Motor,2023-02-03,2024-02-03,15640.0,446700.0,Annually,Expired,1,Medium,A0014,Corporate
POL005977,C00448,Motor,2023-03-29,2024-03-28,21880.0,625200.0,Annually,Expired,1,Medium,A0094,Referral
POL005978,C01552,Travel,2025-01-25,2025-03-20,8450.0,828200.0,Monthly,Expired,1,Low,A0056,Agent
POL005979,C04600,Life,2024-08-28,2034-08-28,125230.0,5907000.0,Monthly,Lapsed,10,Medium,A0008,Agent
POL005980,C02946,Motor,2025-07-28,2026-07-28,49590.0,1666900.0,Annually,Active,1,Low,A0079,Online
POL005981,C03103,Health,2025-06-14,2026-06-14,11730.0,300000.0,Monthly,Active,1,Low,A0064,Online
POL005982,C00278,Health,2023-07-28,2024-07-28,80000.0,2000000.0,Annually,Expired,1,Medium,A0031,Agent
POL005983,C03069,Life,2025-07-08,2055-07-08,52620.0,3293000.0,Quarterly,Active,30,Low,A0027,Referral
POL005984,C04983,Health,2023-12-03,2024-12-03,28650.0,750000.0,Annually,Expired,1,Medium,A0004,Corporate
POL005985,C01205,Health,2023-01-06,2024-01-06,45220.0,1000000.0,Quarterly,Expired,1,Low,A0075,Online
POL005986,C00759,Health,2025-04-17,2027-04-17,15780.0,300000.0,Annually,Active,2,Medium,A0069,Agent
POL005987,C03794,Health,2023-04-15,2024-04-15,27800.0,500000.0,Annually,Expired,1,Medium,A0016,Online
POL005988,C04846,Life,2023-06-18,2048-06-18,73800.0,3804000.0,Annually,Active,25,Medium,A0007,Online
POL005989,C02616,Life,2023-02-11,2038-02-11,66650.0,3597000.0,Annually,Active,15,Low,A0002,Agent
POL005990,C04122,Health,2024-04-10,2025-04-10,36530.0,500000.0,Annually,Expired,1,High,A0080,Agent
POL005991,C04749,Motor,2024-09-08,2025-09-08,50100.0,1431500.0,Monthly,Expired,1,Medium,A0076,Online
POL005992,C04652,Health,2023-04-25,2026-04-25,41700.0,750000.0,Quarterly,Lapsed,3,Medium,A0091,Agent
POL005993,C01344,Health,2025-02-20,2026-02-20,18800.0,500000.0,Monthly,Active,1,Medium,A0031,Agent
POL005994,C04377,Health,2025-08-22,2026-08-22,42160.0,1000000.0,Annually,Active,1,Low,A0089,Agent
POL005995,C00741,Motor,2023-03-10,2024-03-09,56850.0,1624300.0,Annually,Expired,1,Medium,A0081,Agent
POL005996,C04415,Motor,2024-01-28,2025-01-27,19270.0,550600.0,Annually,Expired,1,Medium,A0074,Online
POL005997,C03202,Motor,2023-08-24,2024-08-23,12700.0,426800.0,Monthly,Expired,1,Low,A0009,Agent
POL005998,C02120,Motor,2023-07-23,2024-07-22,27670.0,790600.0,Annually,Expired,1,Medium,A0020,Online
POL005999,C01218,Motor,2023-02-08,2024-02-08,40340.0,1152400.0,Monthly,Expired,1,Medium,A0035,Online
POL006000,C03587,Health,2024-09-01,2025-09-01,21330.0,500000.0,Monthly,Expired,1,Low,A0027,Agent
POL006001,C02248,Health,2023-04-04,2024-04-04,28100.0,500000.0,Annually,Expired,1,Medium,A0026,Online
POL006002,C03408,Travel,2023-08-31,2023-09-05,9260.0,907400.0,Annually,Expired,1,Low,A0099,Online
POL006003,C02436,Life,2025-02-05,2045-02-05,70050.0,4183400.0,Monthly,Active,20,Low,A0098,Online
POL006004,C00879,Life,2025-08-02,2050-08-02,74840.0,3879000.0,Quarterly,Lapsed,25,Low,A0075,Agent
POL006005,C01416,Travel,2025-06-02,2025-07-12,3810.0,317400.0,Annually,Expired,1,Medium,A0054,Online
POL006006,C00626,Motor,2024-08-15,2025-08-15,37050.0,1058500.0,Annually,Expired,1,Medium,A0078,Agent
POL006007,C00983,Travel,2024-02-07,2024-02-13,1500.0,69900.0,Monthly,Expired,1,Medium,A0016,Online
POL006008,C03165,Motor,2024-08-26,2025-08-26,80230.0,1763200.0,Annually,Expired,1,High,A0092,Agent
POL006009,C00956,Health,2023-02-23,2024-02-23,74400.0,1500000.0,Annually,Expired,1,Medium,A0093,Agent
POL006010,C00012,Health,2024-07-02,2027-07-02,47200.0,1000000.0,Annually,Active,3,Medium,A0071,Agent
POL006011,C00531,Health,2023-05-10,2024-05-10,18530.0,500000.0,Annually,Expired,1,Low,A0052,Agent
POL006012,C04105,Health,2023-03-27,2024-03-27,13080.0,300000.0,Annually,Expired,1,Medium,A0051,Bancassurance
POL006013,C03405,Home,2024-05-15,2029-05-15,4570.0,2444000.0,Annually,Active,5,Low,A0066,Agent
POL006014,C04341,Home,2025-06-11,2040-06-11,13480.0,7210800.0,Annually,Active,15,Low,A0002,Corporate
POL006015,C01054,Health,2023-08-12,2024-08-12,59480.0,750000.0,Annually,Expired,1,High,A0097,Agent
POL006016,C04888,Home,2024-07-30,2029-07-28,13230.0,7077000.0,Annually,Active,5,Low,A0041,Corporate
POL006017,C00367,Health,2023-03-30,2025-03-28,31620.0,750000.0,Monthly,Expired,2,Low,A0095,Agent
POL006018,C03295,Home,2024-06-05,2025-06-05,9100.0,4134600.0,Annually,Lapsed,1,Medium,A0043,Corporate
POL006019,C02330,Life,2025-03-11,2055-03-11,72360.0,3618000.0,Quarterly,Lapsed,30,Medium,A0085,Online
POL006020,C01809,Health,2023-07-29,2024-07-28,85200.0,1500000.0,Annually,Lapsed,1,Medium,A0022,Agent
POL006021,C01468,Health,2025-08-26,2026-08-26,18280.0,500000.0,Annually,Active,1,Low,A0050,Agent
POL006022,C03900,Health,2024-08-01,2025-08-01,24200.0,500000.0,Annually,Lapsed,1,Medium,A0023,Online
POL006023,C03172,Life,2023-06-03,2033-06-03,165170.0,6660000.0,Monthly,Lapsed,10,Medium,A0031,Bancassurance
POL006024,C00992,Health,2025-02-11,2026-02-11,54060.0,1500000.0,Annually,Active,1,Low,A0004,Bancassurance
POL006025,C01804,Home,2025-08-26,2040-08-26,3870.0,1761300.0,Annually,Active,15,Medium,A0089,Agent
POL006026,C01254,Life,2023-10-10,2038-10-10,42310.0,2958600.0,Monthly,Active,15,Medium,A0031,Online
POL006027,C04833,Health,2025-01-04,2026-01-04,16140.0,300000.0,Quarterly,Active,1,Medium,A0039,Agent
POL006028,C00915,Motor,2024-10-16,2025-10-16,26110.0,746000.0,Annually,Lapsed,1,Medium,A0067,Online
POL006029,C01449,Home,2023-09-08,2033-09-08,10590.0,4813200.0,Annually,Active,10,Medium,A0070,Agent
POL006030,C03067,Life,2025-04-15,2040-04-15,73040.0,4013100.0,Monthly,Lapsed,15,Medium,A0006,Online
POL006031,C00093,Motor,2025-04-24,2026-04-24,12340.0,414800.0,Monthly,Active,1,Low,A0097,Agent
POL006032,C03417,Life,2025-03-23,2045-03-23,215020.0,10719000.0,Quarterly,Lapsed,20,Low,A0014,Online
POL006033,C04667,Motor,2025-06-10,2026-06-10,6000.0,171300.0,Annually,Active,1,Medium,A0067,Agent
POL006034,C03213,Motor,2023-10-14,2024-10-13,33920.0,969100.0,Monthly,Expired,1,Medium,A0011,Bancassurance
POL006035,C03188,Motor,2023-12-28,2024-12-27,25700.0,734100.0,Annually,Expired,1,Medium,A0100,Bancassurance
POL006036,C01520,Motor,2023-08-14,2024-08-13,56250.0,1607300.0,Monthly,Expired,1,Medium,A0091,Online
POL006037,C01391,Motor,2024-03-19,2025-03-19,36040.0,1029700.0,Annually,Expired,1,Medium,A0026,Agent
POL006038,C04215,Health,2025-06-24,2026-06-24,57300.0,1500000.0,Annually,Active,1,Medium,A0098,Online
POL006039,C00817,Motor,2023-08-16,2024-08-15,6610.0,188900.0,Annually,Expired,1,Medium,A0073,Corporate
POL006040,C01694,Motor,2025-09-23,2026-09-23,23790.0,679600.0,Annually,Active,1,Medium,A0100,Bancassurance
POL006041,C01495,Home,2025-09-14,2030-09-14,3030.0,1622800.0,Annually,Active,5,Low,A0057,Agent
POL006042,C01795,Life,2023-05-29,2038-05-28,131180.0,8622000.0,Annually,Active,15,Low,A0040,Bancassurance
POL006043,C02251,Life,2024-03-22,2049-03-22,77620.0,4781100.0,Quarterly,Active,25,Low,A0067,Agent
POL006044,C03212,Health,2025-05-16,2026-05-16,22860.0,500000.0,Quarterly,Active,1,Low,A0064,Bancassurance
POL006045,C02073,Health,2024-01-19,2025-01-19,112400.0,2000000.0,Quarterly,Expired,1,Medium,A0052,Online
POL006046,C04789,Health,2023-01-19,2026-01-19,28400.0,500000.0,Annually,Active,3,Medium,A0053,Online
POL006047,C04610,Motor,2025-09-03,2026-09-03,52660.0,1770100.0,Annually,Active,1,Low,A0084,Agent
POL006048,C03173,Health,2024-07-29,2026-07-28,42670.0,1000000.0,Annually,Lapsed,2,Low,A0052,Bancassurance
POL006049,C04315,Health,2023-02-21,2024-02-21,42160.0,1000000.0,Monthly,Expired,1,Low,A0023,Agent
POL006050,C00936,Life,2025-06-23,2040-06-23,81670.0,4952800.0,Annually,Active,15,Low,A0018,Corporate
POL006051,C04212,Motor,2023-03-27,2024-03-26,61170.0,1747700.0,Annually,Expired,1,Medium,A0040,Online
POL006052,C04395,Life,2023-11-02,2043-11-02,92830.0,4441500.0,Annually,Active,20,Medium,A0011,Agent
POL006053,C03792,Motor,2023-03-06,2024-03-05,62850.0,1795700.0,Annually,Expired,1,Medium,A0031,Online
POL006054,C04308,Motor,2025-08-19,2026-08-19,42740.0,1221100.0,Annually,Active,1,Medium,A0051,Agent
POL006055,C02940,Home,2024-11-26,2025-11-26,11840.0,5383000.0,Annually,Expired,1,Medium,A0099,Bancassurance
POL006056,C00343,Health,2024-07-07,2027-07-07,10660.0,300000.0,Annually,Active,3,Low,A0009,Online
POL006057,C00147,Home,2025-09-19,2026-09-19,11440.0,6118100.0,Annually,Active,1,Low,A0035,Online
POL006058,C01154,Health,2024-04-19,2027-04-19,78900.0,1500000.0,Monthly,Active,3,Medium,A0004,Agent
POL006059,C00849,Home,2025-07-08,2026-07-08,5930.0,3169900.0,Annually,Active,1,Low,A0009,Agent
POL006060,C03786,Health,2023-06-07,2024-06-07,40600.0,1000000.0,Monthly,Expired,1,Medium,A0051,Agent
POL006061,C02057,Motor,2025-05-28,2026-05-28,28310.0,951700.0,Annually,Active,1,Low,A0080,Bancassurance
POL006062,C02996,Motor,2025-02-10,2026-02-10,39690.0,1134000.0,Annually,Active,1,Medium,A0083,Online
POL006063,C03418,Motor,2025-08-16,2026-08-16,47860.0,1367300.0,Annually,Active,1,Medium,A0018,Agent
POL006064,C00455,Health,2024-10-20,2026-10-20,13620.0,300000.0,Monthly,Active,2,Medium,A0052,Agent
POL006065,C01977,Health,2025-03-28,2026-03-28,22100.0,500000.0,Annually,Active,1,Medium,A0021,Agent
POL006066,C03268,Home,2024-08-02,2029-08-02,15320.0,6965800.0,Annually,Active,5,Medium,A0088,Agent
POL006067,C03877,Motor,2025-07-02,2026-07-02,26460.0,756000.0,Annually,Active,1,Medium,A0020,Bancassurance
POL006068,C03498,Life,2023-09-01,2033-09-01,29690.0,2130000.0,Annually,Active,10,Low,A0081,Bancassurance
POL006069,C03893,Life,2024-04-13,2054-04-13,159720.0,7962000.0,Monthly,Active,30,Low,A0100,Corporate
POL006070,C01901,Life,2024-03-03,2044-03-03,59160.0,4168000.0,Quarterly,Active,20,Low,A0045,Agent
POL006071,C04895,Life,2025-09-05,2040-09-05,68000.0,4324000.0,Annually,Active,15,Low,A0072,Agent
POL006072,C04541,Home,2023-07-02,2024-07-02,3300.0,1765300.0,Annually,Expired,1,Low,A0016,Agent
POL006073,C01354,Travel,2025-01-20,2025-02-10,2580.0,215000.0,Annually,Expired,1,Medium,A0047,Agent
POL006074,C02769,Health,2023-09-17,2024-09-17,11270.0,300000.0,Monthly,Expired,1,Low,A0071,Agent
POL006075,C04717,Life,2023-06-12,2043-06-12,38740.0,2349000.0,Monthly,Active,20,Low,A0070,Agent
POL006076,C03281,Health,2023-09-01,2024-09-01,28400.0,500000.0,Annually,Expired,1,Medium,A0100,Agent
POL006077,C01068,Motor,2025-09-03,2026-09-03,49030.0,1400800.0,Annually,Active,1,Medium,A0036,Agent
POL006078,C01335,Home,2024-07-09,2029-07-09,12690.0,5766400.0,Monthly,Active,5,Medium,A0055,Agent
POL006079,C03584,Home,2024-12-27,2029-12-27,6280.0,3357900.0,Annually,Lapsed,5,Low,A0016,Online
POL006080,C00690,Motor,2025-04-04,2026-04-04,35990.0,790900.0,Annually,Active,1,High,A0079,Corporate
POL006081,C03549,Travel,2023-04-16,2023-05-19,4970.0,487300.0,Annually,Expired,1,Low,A0032,Online
POL006082,C02122,Health,2025-06-16,2027-06-16,60940.0,1500000.0,Quarterly,Active,2,Low,A0057,Agent
POL006083,C02241,Health,2024-08-03,2025-08-03,35060.0,750000.0,Annually,Lapsed,1,Low,A0046,Agent
POL006084,C03546,Life,2023-09-19,2048-09-19,31510.0,1941000.0,Quarterly,Active,25,Low,A0019,Agent
POL006085,C00611,Motor,2024-07-27,2025-07-27,7970.0,227700.0,Annually,Expired,1,Medium,A0100,Referral
POL006086,C04663,Life,2025-01-18,2045-01-18,60690.0,3231000.0,Quarterly,Active,20,Low,A0009,Online
POL006087,C02544,Home,2023-06-14,2033-06-14,3350.0,1525000.0,Monthly,Active,10,Medium,A0084,Agent
POL006088,C02031,Life,2023-09-17,2038-09-17,64600.0,3858000.0,Quarterly,Active,15,Low,A0068,Agent
POL006089,C04122,Motor,2025-08-07,2026-08-07,55010.0,1571600.0,Annually,Active,1,Medium,A0010,Online
POL006090,C04285,Life,2025-04-23,2050-04-23,114580.0,4620000.0,Monthly,Active,25,Medium,A0025,Agent
POL006091,C02281,Motor,2025-03-16,2026-03-16,29100.0,831400.0,Annually,Active,1,Medium,A0046,Agent
POL006092,C02834,Health,2023-08-01,2026-08-01,42160.0,1000000.0,Quarterly,Active,3,Low,A0089,Agent
POL006093,C03135,Home,2024-11-10,2025-11-10,3690.0,1974500.0,Annually,Expired,1,Low,A0085,Agent
POL006094,C03497,Life,2024-09-01,2044-09-01,57450.0,3594900.0,Annually,Active,20,Low,A0043,Agent
POL006095,C01671,Life,2024-09-23,2034-09-23,59270.0,3311300.0,Annually,Active,10,Medium,A0098,Corporate
POL006096,C01208,Health,2024-05-04,2025-05-04,12800.0,300000.0,Annually,Expired,1,Low,A0042,Agent
POL006097,C02820,Motor,2023-07-23,2024-07-22,9470.0,270500.0,Monthly,Expired,1,Medium,A0024,Agent
POL006098,C04529,Life,2024-06-15,2044-06-15,102200.0,4890000.0,Annually,Active,20,Medium,A0065,Online
POL006099,C01537,Life,2024-09-22,2034-09-22,91420.0,4500000.0,Annually,Active,10,Low,A0004,Agent
POL006100,C00468,Motor,2023-10-29,2024-10-28,45670.0,1304700.0,Monthly,Expired,1,Medium,A0026,Referral
POL006101,C02385,Health,2023-05-13,2024-05-13,22860.0,500000.0,Quarterly,Expired,1,Low,A0022,Referral
POL006102,C03235,Home,2023-12-25,2028-12-25,6220.0,3328700.0,Annually,Active,5,Low,A0057,Agent
POL006103,C01216,Health,2025-06-26,2026-06-26,12500.0,300000.0,Monthly,Active,1,Low,A0020,Online
POL006104,C00163,Life,2024-12-13,2039-12-13,50450.0,2839700.0,Annually,Active,15,Low,A0006,Online
POL006105,C02520,Life,2025-08-06,2050-08-06,337910.0,12423000.0,Quarterly,Active,25,Medium,A0018,Bancassurance
POL006106,C00002,Health,2024-10-11,2025-10-11,75200.0,2000000.0,Monthly,Expired,1,Medium,A0065,Agent
POL006107,C02332,Life,2023-06-20,2038-06-20,95670.0,5802000.0,Annually,Cancelled,15,Low,A0010,Referral
POL006108,C02980,Health,2023-04-08,2024-04-08,45220.0,1000000.0,Annually,Lapsed,1,Low,A0035,Online
POL006109,C01755,Life,2023-09-25,2038-09-25,235480.0,11739000.0,Annually,Active,15,Low,A0083,Online
POL006110,C03143,Home,2023-03-01,2038-03-01,6490.0,2949400.0,Annually,Active,15,Medium,A0057,Bancassurance
POL006111,C01810,Life,2023-09-21,2048-09-21,161200.0,5862000.0,Annually,Active,25,Medium,A0064,Corporate
POL006112,C03578,Motor,2024-11-06,2025-11-06,14680.0,419500.0,Annually,Expired,1,Medium,A0047,Agent
POL006113,C01241,Motor,2023-01-31,2024-01-31,62040.0,1363400.0,Annually,Expired,1,High,A0011,Bancassurance
POL006114,C01484,Life,2023-02-14,2053-02-14,140140.0,7563000.0,Monthly,Active,30,Low,A0021,Bancassurance
POL006115,C04382,Motor,2024-02-11,2025-02-10,40310.0,1151800.0,Annually,Expired,1,Medium,A0020,Bancassurance
POL006116,C00912,Life,2025-07-24,2035-07-24,96150.0,4880500.0,Quarterly,Active,10,Medium,A0096,Agent
POL006117,C03078,Health,2024-04-14,2025-04-14,18780.0,500000.0,Annually,Expired,1,Low,A0021,Referral
POL006118,C00123,Home,2025-06-01,2035-06-01,9630.0,5147700.0,Annually,Active,10,Low,A0092,Online
POL006119,C04011,Home,2024-06-21,2025-06-21,4060.0,2169700.0,Annually,Lapsed,1,Low,A0080,Online
POL006120,C01942,Motor,2023-04-30,2024-04-29,44220.0,1263400.0,Annually,Expired,1,Medium,A0091,Online
POL006121,C01171,Motor,2025-03-16,2026-03-16,56650.0,1618700.0,Annually,Active,1,Medium,A0004,Agent
POL006122,C01305,Life,2024-02-22,2039-02-22,206940.0,10449000.0,Monthly,Active,15,Low,A0100,Agent
POL006123,C02420,Health,2023-09-19,2024-09-19,35850.0,750000.0,Quarterly,Expired,1,Medium,A0024,Online
POL006124,C04339,Life,2023-02-27,2043-02-27,51730.0,2484000.0,Monthly,Active,20,Low,A0083,Agent
POL006125,C04977,Home,2025-02-11,2040-02-11,16000.0,7272300.0,Annually,Active,15,Medium,A0044,Corporate
POL006126,C00294,Travel,2023-02-01,2023-03-26,8580.0,714600.0,Annually,Expired,1,Medium,A0030,Bancassurance
POL006127,C02626,Health,2024-03-22,2027-03-22,56200.0,1000000.0,Quarterly,Active,3,Medium,A0036,Online
POL006128,C01199,Travel,2023-09-30,2023-11-08,9470.0,928600.0,Annually,Expired,1,Low,A0039,Agent
POL006129,C01332,Life,2024-05-20,2034-05-20,62250.0,4015900.0,Quarterly,Active,10,Medium,A0039,Agent
POL006130,C03470,Motor,2025-01-07,2026-01-07,55410.0,1583000.0,Annually,Active,1,Medium,A0045,Online
POL006131,C01516,Health,2023-11-15,2024-11-15,46600.0,1000000.0,Annually,Expired,1,Medium,A0090,Agent
POL006132,C03693,Motor,2025-07-02,2026-07-02,48000.0,1054900.0,Annually,Lapsed,1,High,A0096,Agent
POL006133,C03358,Life,2025-02-17,2045-02-17,25180.0,1761000.0,Monthly,Active,20,Medium,A0013,Agent
POL006134,C00978,Health,2023-05-02,2025-05-02,14880.0,300000.0,Monthly,Expired,2,Medium,A0039,Online
POL006135,C02661,Health,2023-12-27,2024-12-27,13260.0,300000.0,Quarterly,Expired,1,Medium,A0018,Online
POL006136,C00154,Health,2024-01-18,2026-01-18,13800.0,300000.0,Annually,Active,2,Medium,A0067,Online
POL006137,C03467,Health,2023-06-02,2024-06-02,17220.0,300000.0,Monthly,Expired,1,Medium,A0039,Online
POL006138,C01654,Home,2023-09-28,2028-09-28,8160.0,3708200.0,Annually,Active,5,Medium,A0004,Corporate
POL006139,C00160,Motor,2023-08-14,2024-08-13,14170.0,476200.0,Annually,Expired,1,Low,A0047,Bancassurance
POL006140,C02871,Life,2023-05-05,2038-05-05,189540.0,9330000.0,Monthly,Active,15,Low,A0055,Agent
POL006141,C03381,Travel,2024-03-18,2024-03-30,8460.0,704800.0,Annually,Expired,1,Medium,A0025,Agent
POL006142,C04372,Home,2023-04-05,2024-04-05,9930.0,5311700.0,Annually,Expired,1,Low,A0009,Agent
POL006143,C03765,Travel,2024-02-10,2024-03-17,4680.0,459100.0,Annually,Lapsed,1,Low,A0002,Online
POL006144,C04925,Travel,2025-02-27,2025-03-13,4260.0,355200.0,Annually,Lapsed,1,Medium,A0088,Online
POL006145,C02546,Health,2024-11-09,2025-11-09,13410.0,300000.0,Monthly,Expired,1,Low,A0007,Agent
POL006146,C03194,Life,2023-07-14,2053-07-14,60460.0,3262600.0,Annually,Active,30,Low,A0078,Online
POL006147,C04167,Motor,2024-09-07,2025-09-07,47860.0,1367400.0,Annually,Lapsed,1,Medium,A0089,Agent
POL006148,C01076,Health,2024-11-12,2026-11-12,13800.0,300000.0,Monthly,Active,2,Medium,A0081,Agent
POL006149,C01420,Health,2024-11-25,2025-11-25,15780.0,300000.0,Annually,Expired,1,Medium,A0023,Agent
POL006150,C00868,Health,2023-08-20,2025-08-20,20000.0,500000.0,Annually,Lapsed,2,Medium,A0068,Bancassurance
POL006151,C04736,Health,2024-07-02,2026-07-02,18780.0,500000.0,Monthly,Active,2,Low,A0094,Online
POL006152,C01776,Home,2023-07-17,2038-07-17,6450.0,2930600.0,Annually,Active,15,Medium,A0053,Online
POL006153,C03459,Health,2024-12-28,2027-12-28,116000.0,2000000.0,Quarterly,Active,3,Medium,A0095,Online
POL006154,C04085,Health,2023-01-13,2024-01-13,91460.0,2000000.0,Quarterly,Expired,1,Low,A0013,Bancassurance
POL006155,C04041,Health,2025-05-25,2027-05-25,39100.0,1000000.0,Annually,Active,2,Low,A0033,Online
POL006156,C04632,Health,2025-01-19,2028-01-19,19100.0,500000.0,Annually,Cancelled,3,Medium,A0095,Online
POL006157,C01836,Health,2023-01-29,2025-01-28,120800.0,2000000.0,Annually,Lapsed,2,Medium,A0038,Agent
POL006158,C00707,Health,2025-05-03,2028-05-03,33920.0,750000.0,Monthly,Active,3,Low,A0096,Agent
POL006159,C04985,Motor,2023-03-21,2024-03-20,75830.0,1666700.0,Annually,Expired,1,High,A0090,Corporate
POL006160,C01351,Health,2025-07-09,2027-07-09,20000.0,500000.0,Quarterly,Active,2,Medium,A0027,Online
POL006161,C04381,Life,2024-03-02,2034-03-02,148460.0,8733000.0,Monthly,Active,10,Low,A0095,Agent
POL006162,C00634,Life,2024-11-16,2044-11-16,166100.0,8964000.0,Annually,Active,20,Low,A0015,Online
POL006163,C01323,Motor,2024-05-04,2025-05-04,7990.0,228300.0,Annually,Expired,1,Medium,A0014,Bancassurance
POL006164,C00781,Health,2024-09-25,2025-09-25,18800.0,500000.0,Annually,Lapsed,1,Medium,A0022,Bancassurance
POL006165,C00645,Motor,2023-01-04,2024-01-04,23260.0,664600.0,Annually,Expired,1,Medium,A0053,Referral
POL006166,C00869,Health,2024-09-15,2025-09-15,34500.0,750000.0,Quarterly,Expired,1,Medium,A0042,Online
POL006167,C04905,Motor,2024-03-18,2025-03-18,19910.0,437600.0,Monthly,Expired,1,High,A0099,Online
POL006168,C02559,Health,2024-11-03,2025-11-03,40630.0,1000000.0,Quarterly,Expired,1,Low,A0040,Corporate
POL006169,C00069,Health,2023-05-09,2024-05-09,11730.0,300000.0,Annually,Expired,1,Low,A0002,Agent
POL006170,C03684,Health,2025-09-03,2027-09-03,30860.0,750000.0,Annually,Active,2,Low,A0030,Agent
POL006171,C00722,Health,2024-11-12,2025-11-12,44200.0,1000000.0,Quarterly,Expired,1,Medium,A0075,Online
POL006172,C01967,Travel,2024-01-07,2024-02-03,9660.0,804800.0,Annually,Lapsed,1,Medium,A0011,Referral
POL006173,C04427,Health,2025-01-06,2028-01-06,41700.0,750000.0,Monthly,Active,3,Medium,A0024,Agent
POL006174,C00518,Health,2023-05-21,2025-05-21,34050.0,750000.0,Annually,Expired,2,Medium,A0095,Agent
POL006175,C00245,Home,2024-10-18,2029-10-18,3190.0,1448100.0,Annually,Active,5,Medium,A0099,Agent
POL006176,C04283,Motor,2023-07-18,2024-07-17,29920.0,854900.0,Monthly,Expired,1,Medium,A0087,Bancassurance
POL006177,C00051,Life,2025-05-07,2035-05-07,74500.0,3714000.0,Annually,Active,10,Low,A0090,Referral
POL006178,C02762,Motor,2024-06-24,2025-06-24,62330.0,1780900.0,Monthly,Expired,1,Medium,A0050,Agent
POL006179,C01861,Motor,2023-06-05,2024-06-04,23420.0,669100.0,Annually,Expired,1,Medium,A0075,Referral
POL006180,C04486,Life,2023-12-26,2033-12-26,219910.0,11550000.0,Annually,Lapsed,10,Low,A0086,Referral
POL006181,C01711,Travel,2025-05-03,2025-05-28,1880.0,156600.0,Annually,Expired,1,Medium,A0069,Online
POL006182,C04083,Travel,2024-08-18,2024-09-15,5740.0,478000.0,Annually,Expired,1,Medium,A0098,Agent
POL006183,C01982,Life,2024-10-18,2034-10-18,138800.0,6456000.0,Monthly,Active,10,Medium,A0038,Agent
POL006184,C02568,Motor,2024-07-08,2025-07-08,32640.0,932600.0,Annually,Expired,1,Medium,A0055,Agent
POL006185,C03037,Motor,2023-04-10,2024-04-09,11520.0,329100.0,Annually,Expired,1,Medium,A0035,Agent
POL006186,C04459,Health,2025-04-20,2027-04-20,55590.0,1500000.0,Annually,Active,2,Low,A0028,Referral
POL006187,C00968,Life,2024-09-11,2054-09-11,63250.0,3777000.0,Annually,Active,30,Low,A0019,Online
POL006188,C03241,Home,2023-05-08,2038-05-08,14470.0,6577900.0,Monthly,Active,15,Medium,A0007,Online
POL006189,C04309,Home,2023-03-20,2033-03-20,2350.0,1067300.0,Annually,Active,10,Medium,A0089,Agent
POL006190,C00767,Travel,2024-11-03,2024-12-05,3780.0,371000.0,Annually,Expired,1,Low,A0055,Online
POL006191,C00570,Motor,2024-06-16,2025-06-16,57380.0,1639300.0,Annually,Lapsed,1,Medium,A0074,Agent
POL006192,C01303,Motor,2023-03-21,2024-03-20,53930.0,1540700.0,Annually,Expired,1,Medium,A0098,Agent
POL006193,C01256,Health,2024-09-25,2026-09-25,17580.0,300000.0,Quarterly,Active,2,Medium,A0097,Online
POL006194,C00562,Health,2023-09-28,2024-09-28,49000.0,1000000.0,Monthly,Expired,1,Medium,A0017,Agent
POL006195,C04439,Life,2025-05-22,2035-05-22,46750.0,2269600.0,Monthly,Active,10,Medium,A0002,Agent
POL006196,C01074,Motor,2025-01-13,2026-01-13,78900.0,1734100.0,Annually,Cancelled,1,High,A0022,Agent
POL006197,C02758,Home,2023-10-26,2033-10-26,14030.0,6376200.0,Annually,Active,10,Medium,A0047,Agent
POL006198,C00874,Health,2024-07-10,2026-07-10,111200.0,2000000.0,Annually,Active,2,Medium,A0073,Online
POL006199,C01532,Health,2025-08-11,2028-08-11,22850.0,300000.0,Quarterly,Active,3,High,A0099,Referral
POL006200,C04370,Motor,2025-08-07,2026-08-07,16990.0,485400.0,Annually,Active,1,Medium,A0073,Online
POL006201,C01397,Health,2023-11-10,2025-11-10,78520.0,1000000.0,Annually,Expired,2,High,A0089,Online
POL006202,C02433,Motor,2024-10-28,2025-10-28,19380.0,553900.0,Monthly,Expired,1,Medium,A0036,Online
POL006203,C02588,Health,2024-07-04,2025-07-04,60180.0,1500000.0,Monthly,Expired,1,Low,A0065,Online
POL006204,C02779,Home,2023-04-27,2033-04-27,6180.0,2810200.0,Annually,Active,10,Medium,A0065,Agent
POL006205,C04239,Life,2024-03-11,2034-03-11,39080.0,2676600.0,Quarterly,Active,10,Medium,A0097,Agent
POL006206,C04327,Home,2023-11-23,2028-11-23,4470.0,2387900.0,Annually,Active,5,Low,A0088,Online
POL006207,C01034,Home,2025-02-07,2030-02-07,13840.0,7400600.0,Annually,Active,5,Low,A0097,Agent
POL006208,C03905,Health,2025-02-16,2028-02-16,86100.0,1500000.0,Annually,Active,3,Medium,A0038,Online
POL006209,C00787,Motor,2023-11-09,2024-11-08,68770.0,1511300.0,Annually,Expired,1,High,A0008,Referral
POL006210,C04175,Health,2025-06-22,2026-06-22,37650.0,750000.0,Annually,Active,1,Medium,A0100,Agent
POL006211,C00815,Life,2024-09-18,2044-09-18,94050.0,4500000.0,Annually,Active,20,Medium,A0031,Agent
POL006212,C01972,Motor,2023-10-22,2024-10-21,47700.0,1363000.0,Annually,Expired,1,Medium,A0043,Online
POL006213,C02807,Motor,2025-05-16,2026-05-16,53930.0,1541000.0,Annually,Active,1,Medium,A0013,Online
POL006214,C02502,Life,2024-05-25,2044-05-25,97860.0,3679000.0,Monthly,Active,20,Medium,A0031,Agent
POL006215,C01047,Home,2025-02-20,2040-02-20,8310.0,3777200.0,Annually,Active,15,Medium,A0023,Corporate
POL006216,C03928,Travel,2023-07-20,2023-08-29,10450.0,871200.0,Annually,Expired,1,Medium,A0090,Corporate
POL006217,C01350,Motor,2025-05-21,2026-05-21,33590.0,1129100.0,Annually,Active,1,Low,A0002,Bancassurance
POL006218,C01855,Motor,2025-03-17,2026-03-17,34170.0,976200.0,Annually,Active,1,Medium,A0057,Agent
POL006219,C02978,Travel,2024-01-14,2024-03-06,6280.0,615500.0,Annually,Expired,1,Low,A0057,Bancassurance
POL006220,C04111,Travel,2023-07-05,2023-08-23,7280.0,714100.0,Annually,Expired,1,Low,A0092,Agent
POL006221,C02481,Health,2024-03-09,2025-03-09,39900.0,750000.0,Monthly,Lapsed,1,Medium,A0032,Agent
POL006222,C04906,Health,2023-10-03,2025-10-03,56200.0,1000000.0,Annually,Expired,2,Medium,A0081,Online
POL006223,C04036,Motor,2023-05-17,2024-05-16,12410.0,354700.0,Monthly,Expired,1,Medium,A0045,Bancassurance
POL006224,C00190,Life,2025-06-27,2050-06-27,173510.0,7260000.0,Annually,Active,25,Medium,A0051,Online
POL006225,C00364,Home,2023-03-19,2038-03-19,10740.0,5745500.0,Annually,Lapsed,15,Low,A0072,Agent
POL006226,C02024,Home,2023-10-21,2028-10-21,5990.0,3204400.0,Annually,Active,5,Low,A0050,Corporate
POL006227,C04504,Life,2025-04-02,2045-04-02,193610.0,9828000.0,Annually,Active,20,Medium,A0053,Referral
POL006228,C01083,Travel,2023-12-13,2024-02-01,6660.0,555300.0,Annually,Expired,1,Medium,A0044,Referral
POL006229,C03851,Home,2024-04-09,2039-04-09,7630.0,4080700.0,Annually,Lapsed,15,Low,A0031,Bancassurance
POL006230,C00531,Life,2024-11-22,2039-11-22,45570.0,3099000.0,Monthly,Active,15,Low,A0071,Referral
POL006231,C03183,Health,2023-04-09,2026-04-09,12900.0,300000.0,Quarterly,Active,3,Medium,A0074,Corporate
POL006232,C01489,Motor,2024-12-30,2025-12-30,35820.0,1023400.0,Monthly,Expired,1,Medium,A0033,Online
POL006233,C04824,Motor,2023-07-14,2024-07-13,7520.0,214700.0,Annually,Lapsed,1,Medium,A0064,Agent
POL006234,C03894,Life,2024-06-24,2044-06-24,148000.0,6435000.0,Monthly,Active,20,Medium,A0072,Corporate
POL006235,C00999,Health,2024-10-01,2025-10-01,34050.0,750000.0,Quarterly,Expired,1,Medium,A0098,Online
POL006236,C02087,Health,2023-02-10,2024-02-10,11270.0,300000.0,Annually,Expired,1,Low,A0009,Corporate
POL006237,C00638,Motor,2024-03-07,2025-03-07,23610.0,674600.0,Annually,Expired,1,Medium,A0098,Corporate
POL006238,C01841,Motor,2025-07-27,2026-07-27,28310.0,808800.0,Annually,Active,1,Medium,A0024,Online
POL006239,C03790,Health,2025-05-03,2026-05-03,81260.0,2000000.0,Quarterly,Active,1,Low,A0028,Agent
POL006240,C02423,Life,2023-03-05,2043-03-05,94600.0,5250000.0,Quarterly,Active,20,Low,A0047,Bancassurance
POL006241,C03156,Life,2023-11-03,2048-11-03,70770.0,4479000.0,Monthly,Active,25,Medium,A0021,Referral
POL006242,C01080,Health,2024-02-26,2027-02-26,134000.0,2000000.0,Quarterly,Active,3,Medium,A0095,Corporate
POL006243,C04305,Health,2023-08-17,2024-08-17,67830.0,1500000.0,Annually,Lapsed,1,Low,A0035,Online
POL006244,C04255,Home,2023-04-27,2038-04-27,17480.0,7945200.0,Annually,Active,15,Medium,A0021,Bancassurance
POL006245,C01598,Health,2023-08-23,2026-08-23,31800.0,750000.0,Monthly,Active,3,Medium,A0047,Bancassurance
POL006246,C04723,Health,2023-04-26,2024-04-26,45730.0,1000000.0,Annually,Expired,1,Low,A0091,Agent
POL006247,C01447,Health,2025-09-28,2028-09-28,38200.0,1000000.0,Monthly,Active,3,Medium,A0015,Online
POL006248,C01624,Motor,2025-02-28,2026-02-28,58060.0,1658800.0,Monthly,Active,1,Medium,A0070,Bancassurance
POL006249,C04960,Travel,2023-08-05,2023-09-09,8710.0,725800.0,Annually,Lapsed,1,Medium,A0020,Agent
POL006250,C02194,Home,2023-07-13,2028-07-13,9420.0,5037500.0,Monthly,Active,5,Low,A0025,Agent
POL006251,C01080,Health,2025-02-08,2026-02-08,33500.0,500000.0,Quarterly,Active,1,Medium,A0096,Corporate
POL006252,C01708,Health,2025-07-01,2026-07-01,35830.0,750000.0,Annually,Active,1,Low,A0051,Bancassurance
POL006253,C03917,Home,2025-08-05,2035-08-05,13810.0,6275600.0,Annually,Active,10,Medium,A0065,Online
POL006254,C04106,Health,2024-06-18,2026-06-18,76160.0,2000000.0,Annually,Active,2,Low,A0020,Corporate
POL006255,C00182,Motor,2023-12-03,2024-12-02,37520.0,1072100.0,Annually,Expired,1,Medium,A0097,Online
POL006256,C00985,Motor,2024-09-02,2025-09-02,27100.0,595500.0,Annually,Expired,1,High,A0023,Referral
POL006257,C01501,Motor,2024-03-22,2025-03-22,32940.0,941000.0,Monthly,Expired,1,Medium,A0023,Online
POL006258,C01722,Motor,2025-09-15,2026-09-15,49360.0,1084800.0,Annually,Active,1,High,A0086,Agent
POL006259,C00327,Home,2024-03-28,2034-03-28,9690.0,5184000.0,Annually,Cancelled,10,Low,A0004,Agent
POL006260,C04886,Life,2024-10-06,2044-10-06,55140.0,3060000.0,Monthly,Active,20,Low,A0025,Agent
POL006261,C03916,Home,2025-02-16,2040-02-16,8630.0,3923000.0,Annually,Active,15,Medium,A0042,Corporate
POL006262,C01076,Health,2024-10-13,2027-10-13,58650.0,1500000.0,Monthly,Active,3,Low,A0026,Agent
POL006263,C00477,Motor,2024-06-15,2025-06-15,25650.0,732900.0,Annually,Expired,1,Medium,A0011,Bancassurance
POL006264,C04375,Health,2024-03-03,2025-03-03,35060.0,750000.0,Monthly,Lapsed,1,Low,A0017,Agent
POL006265,C03549,Home,2024-01-11,2034-01-11,12010.0,6424800.0,Annually,Active,10,Low,A0038,Agent
POL006266,C03304,Motor,2023-07-04,2024-07-03,46000.0,1314300.0,Annually,Expired,1,Medium,A0079,Online
POL006267,C00179,Health,2024-04-18,2026-04-18,22700.0,500000.0,Annually,Active,2,Medium,A0072,Online
POL006268,C04399,Health,2025-03-19,2026-03-19,40630.0,1000000.0,Monthly,Active,1,Low,A0019,Agent
POL006269,C00159,Travel,2025-04-21,2025-05-05,5190.0,508700.0,Annually,Lapsed,1,Low,A0007,Online
POL006270,C00740,Motor,2023-11-27,2024-11-26,39930.0,1140900.0,Annually,Expired,1,Medium,A0033,Referral
POL006271,C03930,Life,2023-12-27,2048-12-27,47410.0,2457000.0,Annually,Active,25,Low,A0055,Online
POL006272,C04649,Health,2024-11-02,2025-11-02,14520.0,300000.0,Annually,Expired,1,Medium,A0096,Bancassurance
POL006273,C03060,Health,2024-01-29,2027-01-28,73320.0,1500000.0,Monthly,Active,3,High,A0028,Agent
POL006274,C02137,Health,2025-07-19,2026-07-19,13080.0,300000.0,Quarterly,Active,1,Medium,A0091,Referral
POL006275,C00708,Health,2023-09-11,2026-09-11,9590.0,300000.0,Annually,Active,3,Low,A0050,Agent
POL006276,C02797,Health,2024-06-18,2025-06-18,12360.0,300000.0,Quarterly,Expired,1,Medium,A0045,Agent
POL006277,C04458,Health,2023-02-09,2025-02-09,62480.0,1500000.0,Monthly,Expired,2,Low,A0046,Corporate
POL006278,C00858,Motor,2023-07-15,2024-07-14,47750.0,1049500.0,Annually,Expired,1,High,A0090,Referral
POL006279,C03524,Motor,2023-12-01,2024-11-30,60160.0,1718800.0,Annually,Expired,1,Medium,A0043,Online
POL006280,C04156,Motor,2023-10-10,2024-10-09,45130.0,1289300.0,Annually,Lapsed,1,Medium,A0011,Agent
POL006281,C03023,Travel,2024-11-06,2024-12-31,9970.0,977100.0,Annually,Expired,1,Low,A0022,Online
POL006282,C00705,Life,2023-02-03,2038-02-03,182990.0,8394000.0,Annually,Active,15,Medium,A0013,Bancassurance
POL006283,C00375,Health,2024-10-22,2025-10-22,21080.0,500000.0,Annually,Expired,1,Low,A0089,Corporate
POL006284,C00611,Home,2024-03-11,2039-03-11,2140.0,1144500.0,Annually,Active,15,Low,A0073,Online
POL006285,C03219,Motor,2024-03-11,2025-03-11,36440.0,1041200.0,Annually,Expired,1,Medium,A0067,Corporate
POL006286,C04173,Home,2025-02-24,2035-02-24,4590.0,2087500.0,Annually,Active,10,Medium,A0089,Online
POL006287,C02374,Motor,2025-04-28,2026-04-28,58020.0,1657600.0,Monthly,Active,1,Medium,A0044,Agent
POL006288,C03706,Health,2023-05-21,2025-05-21,25400.0,500000.0,Annually,Expired,2,Medium,A0041,Corporate
POL006289,C01958,Motor,2023-05-18,2024-05-17,60520.0,1330200.0,Annually,Lapsed,1,High,A0047,Online
POL006290,C03245,Health,2023-03-19,2024-03-19,20310.0,500000.0,Annually,Expired,1,Low,A0019,Online
POL006291,C03645,Health,2025-03-15,2027-03-15,11880.0,300000.0,Annually,Active,2,Low,A0043,Agent
POL006292,C00746,Home,2023-05-27,2024-05-27,15410.0,7003400.0,Annually,Expired,1,Medium,A0021,Agent
POL006293,C04994,Health,2023-05-23,2024-05-23,18280.0,500000.0,Annually,Expired,1,Low,A0006,Online
POL006294,C00977,Life,2024-02-19,2044-02-19,54370.0,1875000.0,Annually,Active,20,Medium,A0026,Agent
POL006295,C02698,Travel,2024-12-21,2025-02-05,10130.0,844500.0,Annually,Lapsed,1,Medium,A0042,Online
POL006296,C00980,Health,2025-05-08,2026-05-08,15060.0,300000.0,Monthly,Active,1,Medium,A0070,Referral
POL006297,C01662,Home,2025-06-01,2030-06-01,14330.0,7665700.0,Annually,Active,5,Low,A0075,Online
POL006298,C03166,Motor,2024-08-17,2025-08-17,68810.0,1512400.0,Annually,Expired,1,High,A0011,Online
POL006299,C00435,Life,2025-03-24,2055-03-24,117780.0,4530200.0,Monthly,Cancelled,30,Medium,A0012,Agent
POL006300,C01449,Motor,2025-06-12,2026-06-12,36180.0,795100.0,Annually,Active,1,High,A0099,Online
POL006301,C00720,Life,2023-10-11,2048-10-11,52950.0,3702800.0,Annually,Active,25,Medium,A0089,Agent
POL006302,C04942,Life,2023-10-25,2033-10-25,50310.0,3099000.0,Monthly,Active,10,Low,A0091,Agent
POL006303,C03765,Home,2023-08-01,2028-08-01,10030.0,5364000.0,Annually,Active,5,Low,A0089,Online
POL006304,C00864,Life,2023-06-29,2033-06-28,87720.0,5403000.0,Annually,Active,10,Low,A0056,Referral
POL006305,C00574,Home,2025-01-08,2040-01-08,6260.0,3347500.0,Annually,Active,15,Low,A0087,Agent
POL006306,C03876,Home,2025-09-21,2026-09-21,13040.0,6971700.0,Annually,Active,1,Low,A0098,Corporate
POL006307,C02517,Motor,2024-05-06,2025-05-06,26320.0,884700.0,Annually,Lapsed,1,Low,A0073,Agent
POL006308,C03759,Life,2025-02-26,2050-02-26,153960.0,8322000.0,Annually,Active,25,Medium,A0011,Agent
POL006309,C04435,Home,2023-05-02,2024-05-02,13420.0,7175800.0,Annually,Expired,1,Low,A0093,Online
POL006310,C04019,Home,2025-03-24,2026-03-24,5150.0,2341300.0,Annually,Active,1,Medium,A0075,Corporate
POL006311,C00151,Health,2024-03-10,2025-03-10,49000.0,1000000.0,Annually,Expired,1,Medium,A0093,Online
POL006312,C00642,Health,2023-12-02,2026-12-02,29550.0,750000.0,Annually,Active,3,Medium,A0070,Online
POL006313,C03311,Motor,2025-08-24,2026-08-24,37670.0,1076300.0,Annually,Active,1,Medium,A0053,Agent
POL006314,C04433,Motor,2023-12-15,2024-12-14,32860.0,938900.0,Annually,Expired,1,Medium,A0016,Agent
POL006315,C00019,Home,2024-11-17,2029-11-17,11530.0,6164700.0,Annually,Active,5,Low,A0017,Agent
POL006316,C04986,Health,2025-06-13,2027-06-13,14520.0,300000.0,Annually,Active,2,Medium,A0038,Agent
POL006317,C01045,Motor,2024-10-22,2025-10-22,13050.0,372900.0,Annually,Expired,1,Medium,A0080,Agent
POL006318,C04694,Motor,2023-01-12,2024-01-12,38320.0,1094900.0,Annually,Expired,1,Medium,A0041,Online
POL006319,C04366,Motor,2024-12-15,2025-12-15,29980.0,1007700.0,Annually,Expired,1,Low,A0050,Agent
POL006320,C03323,Health,2025-01-07,2028-01-07,24140.0,500000.0,Annually,Active,3,Low,A0002,Online
POL006321,C04124,Travel,2023-09-09,2023-09-18,5360.0,525700.0,Annually,Expired,1,Low,A0065,Agent
POL006322,C00967,Home,2024-09-29,2029-09-28,4340.0,2322900.0,Annually,Active,5,Low,A0073,Agent
POL006323,C02070,Motor,2025-02-22,2026-02-22,5990.0,171100.0,Annually,Active,1,Medium,A0076,Agent
POL006324,C00351,Health,2024-08-08,2026-08-08,18800.0,500000.0,Annually,Active,2,Medium,A0095,Corporate
POL006325,C03502,Home,2024-05-29,2025-05-28,10580.0,5659500.0,Annually,Expired,1,Low,A0015,Agent
POL006326,C04734,Motor,2024-12-29,2025-12-29,11680.0,333600.0,Monthly,Expired,1,Medium,A0068,Agent
POL006327,C04504,Life,2024-09-24,2049-09-24,193610.0,9828000.0,Monthly,Lapsed,25,Medium,A0037,Corporate
POL006328,C03310,Home,2024-08-28,2025-08-28,2340.0,1251100.0,Annually,Expired,1,Low,A0070,Agent
POL006329,C04666,Health,2024-01-19,2025-01-19,36210.0,750000.0,Quarterly,Expired,1,Low,A0036,Agent
POL006330,C03161,Motor,2024-12-29,2025-12-29,42580.0,1216700.0,Annually,Expired,1,Medium,A0032,Corporate
POL006331,C04196,Home,2024-09-16,2029-09-16,14190.0,7586200.0,Annually,Active,5,Low,A0040,Online
POL006332,C02826,Motor,2023-04-15,2024-04-14,56300.0,1608500.0,Annually,Expired,1,Medium,A0019,Bancassurance
POL006333,C04525,Motor,2023-02-08,2024-02-08,25680.0,733700.0,Annually,Expired,1,Medium,A0069,Online
POL006334,C03169,Health,2024-07-23,2025-07-23,12040.0,300000.0,Monthly,Expired,1,Low,A0083,Referral
POL006335,C03517,Life,2023-05-23,2048-05-23,66160.0,3077300.0,Annually,Active,25,Medium,A0057,Agent
POL006336,C02864,Health,2024-11-04,2026-11-04,20060.0,500000.0,Annually,Active,2,Low,A0083,Agent
POL006337,C01057,Travel,2023-04-15,2023-05-07,9970.0,830800.0,Annually,Expired,1,Medium,A0030,Referral
POL006338,C04881,Life,2024-03-19,2049-03-19,231680.0,11085000.0,Annually,Active,25,Medium,A0028,Agent
POL006339,C03481,Motor,2023-02-01,2024-02-01,10660.0,304500.0,Annually,Expired,1,Medium,A0074,Agent
POL006340,C02726,Health,2024-05-21,2025-05-21,87200.0,2000000.0,Monthly,Expired,1,Medium,A0057,Agent
POL006341,C02479,Motor,2024-11-11,2025-11-11,24280.0,693600.0,Monthly,Lapsed,1,Medium,A0091,Agent
POL006342,C02862,Health,2024-05-16,2026-05-16,16680.0,300000.0,Annually,Active,2,Medium,A0066,Agent
POL006343,C02643,Travel,2025-07-08,2025-08-08,10020.0,835200.0,Annually,Expired,1,Medium,A0021,Referral
POL006344,C01274,Health,2023-02-10,2026-02-10,20820.0,500000.0,Monthly,Lapsed,3,Low,A0052,Agent
POL006345,C04338,Travel,2025-08-28,2025-10-05,11470.0,955600.0,Monthly,Expired,1,Medium,A0071,Online
POL006346,C03192,Life,2024-08-15,2049-08-15,217670.0,13200000.0,Quarterly,Active,25,Low,A0018,Corporate
POL006347,C03291,Motor,2025-08-14,2026-08-14,62740.0,1792700.0,Annually,Active,1,Medium,A0093,Online
POL006348,C02713,Motor,2025-07-02,2026-07-02,35990.0,1028200.0,Annually,Active,1,Medium,A0081,Online
POL006349,C03910,Motor,2024-11-26,2025-11-26,28160.0,946500.0,Monthly,Expired,1,Low,A0099,Corporate
POL006350,C00429,Health,2024-12-29,2026-12-28,43500.0,750000.0,Annually,Active,2,Medium,A0016,Bancassurance
POL006351,C02733,Health,2024-07-25,2026-07-25,31350.0,750000.0,Monthly,Active,2,Medium,A0076,Agent
POL006352,C03586,Life,2024-01-27,2054-01-27,97390.0,4620000.0,Annually,Active,30,Low,A0017,Bancassurance
POL006353,C03521,Motor,2025-03-20,2026-03-20,33990.0,971100.0,Monthly,Active,1,Medium,A0079,Agent
POL006354,C04097,Life,2024-08-03,2054-08-03,69580.0,3065400.0,Annually,Active,30,Medium,A0011,Agent
POL006355,C03360,Health,2025-04-14,2026-04-14,20820.0,500000.0,Quarterly,Active,1,Low,A0086,Corporate
POL006356,C02448,Home,2024-02-26,2039-02-26,7540.0,3426100.0,Annually,Active,15,Medium,A0064,Agent
POL006357,C04143,Home,2023-09-17,2028-09-17,10170.0,5437600.0,Annually,Active,5,Low,A0098,Agent
POL006358,C04775,Travel,2024-03-20,2024-05-05,7990.0,665500.0,Annually,Expired,1,Medium,A0008,Bancassurance
POL006359,C02209,Health,2023-06-26,2024-06-26,12040.0,300000.0,Monthly,Expired,1,Low,A0082,Referral
POL006360,C03102,Health,2024-05-09,2025-05-09,40800.0,750000.0,Monthly,Expired,1,Medium,A0042,Agent
POL006361,C04720,Health,2023-07-31,2025-07-28,12500.0,300000.0,Monthly,Lapsed,2,Low,A0054,Bancassurance
POL006362,C02456,Home,2025-06-27,2035-06-27,12460.0,6663000.0,Annually,Active,10,Low,A0052,Agent
POL006363,C01391,Motor,2024-06-15,2025-06-15,21740.0,730900.0,Annually,Expired,1,Low,A0052,Agent
POL006364,C04598,Health,2024-01-15,2027-01-15,15420.0,300000.0,Annually,Active,3,Medium,A0091,Agent
POL006365,C01198,Health,2025-03-05,2027-03-05,95540.0,2000000.0,Monthly,Active,2,Low,A0011,Agent
POL006366,C02570,Motor,2025-06-30,2026-06-30,6330.0,180700.0,Monthly,Active,1,Medium,A0057,Bancassurance
POL006367,C04822,Motor,2023-09-11,2024-09-10,32710.0,718800.0,Annually,Lapsed,1,High,A0020,Online
POL006368,C04293,Motor,2023-01-12,2024-01-12,40120.0,1146300.0,Annually,Lapsed,1,Medium,A0052,Agent
POL006369,C01342,Health,2025-08-13,2028-08-13,23320.0,300000.0,Quarterly,Active,3,High,A0033,Corporate
POL006370,C00786,Life,2024-08-12,2039-08-12,135720.0,7845000.0,Annually,Active,15,Medium,A0087,Referral
POL006371,C04019,Life,2023-11-01,2043-11-01,77860.0,4350000.0,Monthly,Active,20,Medium,A0081,Corporate
POL006372,C01013,Motor,2025-02-18,2026-02-18,15190.0,434000.0,Annually,Active,1,Medium,A0041,Agent
POL006373,C03728,Home,2023-08-12,2033-08-12,13150.0,5978300.0,Monthly,Active,10,Medium,A0071,Online
POL006374,C02138,Home,2024-08-16,2034-08-16,15950.0,7250100.0,Annually,Active,10,Medium,A0093,Agent
POL006375,C04622,Life,2023-08-16,2038-08-16,69820.0,4419100.0,Quarterly,Active,15,Medium,A0054,Corporate
POL006376,C04670,Motor,2025-02-04,2026-02-04,11370.0,324700.0,Annually,Lapsed,1,Medium,A0013,Agent
POL006377,C03277,Motor,2023-12-29,2024-12-28,47240.0,1349600.0,Annually,Expired,1,Medium,A0005,Agent
POL006378,C03530,Motor,2025-04-23,2026-04-23,31280.0,893800.0,Annually,Active,1,Medium,A0075,Online
POL006379,C03188,Health,2025-06-24,2027-06-24,57880.0,1500000.0,Monthly,Lapsed,2,Low,A0011,Corporate
POL006380,C01956,Life,2025-02-01,2035-02-01,47960.0,3354000.0,Annually,Active,10,Medium,A0083,Bancassurance
POL006381,C03617,Motor,2025-01-20,2026-01-20,14320.0,409100.0,Annually,Active,1,Medium,A0054,Agent
POL006382,C03357,Motor,2024-06-04,2025-06-04,63630.0,1398500.0,Annually,Lapsed,1,High,A0042,Bancassurance
POL006383,C00029,Health,2024-11-02,2027-11-02,21800.0,500000.0,Annually,Active,3,Medium,A0079,Agent
POL006384,C01376,Health,2023-10-28,2024-10-28,27800.0,500000.0,Monthly,Expired,1,Medium,A0065,Agent
POL006385,C03319,Motor,2023-10-09,2024-10-08,38560.0,1101700.0,Annually,Expired,1,Medium,A0097,Online
POL006386,C03740,Health,2024-06-08,2027-06-08,32250.0,750000.0,Quarterly,Active,3,Medium,A0007,Corporate
POL006387,C00260,Health,2024-07-22,2025-07-22,13720.0,300000.0,Annually,Expired,1,Low,A0027,Bancassurance
POL006388,C00927,Health,2023-12-03,2026-12-03,18800.0,500000.0,Monthly,Active,3,Medium,A0036,Agent
POL006389,C01816,Motor,2025-02-01,2026-02-01,49150.0,1404300.0,Annually,Active,1,Medium,A0014,Online
POL006390,C04698,Motor,2025-09-27,2026-09-27,37320.0,820200.0,Annually,Active,1,High,A0034,Online
POL006391,C00504,Life,2024-05-05,2034-05-05,240530.0,11550000.0,Annually,Active,10,Low,A0057,Agent
POL006392,C02764,Motor,2023-06-03,2024-06-02,16340.0,466800.0,Annually,Lapsed,1,Medium,A0072,Agent
POL006393,C02720,Travel,2023-08-24,2023-09-20,5330.0,443900.0,Annually,Expired,1,Medium,A0023,Online
POL006394,C02808,Motor,2023-04-28,2024-04-27,6960.0,234000.0,Annually,Expired,1,Low,A0030,Online
POL006395,C01666,Health,2025-03-31,2026-03-28,34300.0,750000.0,Annually,Active,1,Low,A0095,Agent
POL006396,C02612,Home,2024-10-31,2039-10-28,8330.0,3787900.0,Annually,Active,15,Medium,A0017,Corporate
POL006397,C01543,Motor,2024-12-28,2025-12-28,49200.0,1405800.0,Annually,Expired,1,Medium,A0089,Agent
POL006398,C00556,Motor,2025-02-22,2026-02-22,60020.0,1714800.0,Annually,Active,1,Medium,A0040,Agent
POL006399,C00062,Life,2024-06-05,2044-06-05,46620.0,3067300.0,Annually,Active,20,Medium,A0075,Agent
POL006400,C04497,Health,2025-06-29,2026-06-28,34050.0,750000.0,Annually,Active,1,Medium,A0065,Agent
POL006401,C00597,Travel,2024-06-29,2024-07-18,1500.0,112200.0,Annually,Expired,1,Low,A0057,Agent
POL006402,C00752,Home,2023-09-15,2024-09-15,12480.0,6671600.0,Annually,Expired,1,Low,A0007,Online
POL006403,C01931,Motor,2024-07-03,2025-07-03,9570.0,273500.0,Monthly,Expired,1,Medium,A0038,Referral
POL006404,C01926,Health,2023-07-05,2024-07-05,22700.0,500000.0,Annually,Expired,1,Medium,A0018,Agent
POL006405,C04628,Motor,2025-06-16,2026-06-16,62980.0,1799400.0,Monthly,Cancelled,1,Medium,A0015,Agent
POL006406,C00339,Life,2025-09-30,2045-09-28,41380.0,2037000.0,Quarterly,Active,20,Low,A0013,Corporate
POL006407,C00957,Life,2024-02-22,2034-02-22,220630.0,11745000.0,Annually,Active,10,Low,A0056,Agent
POL006408,C01883,Motor,2025-04-01,2026-04-01,52260.0,1493000.0,Annually,Active,1,Medium,A0009,Online
POL006409,C04302,Travel,2023-02-03,2023-03-23,11660.0,971500.0,Annually,Expired,1,Medium,A0009,Referral
POL006410,C00780,Home,2023-11-16,2024-11-16,13650.0,6206600.0,Annually,Expired,1,Medium,A0090,Agent
POL006411,C01041,Life,2024-09-22,2034-09-22,167640.0,9303000.0,Annually,Active,10,Low,A0007,Referral
POL006412,C01941,Life,2023-02-25,2033-02-25,97660.0,6066000.0,Quarterly,Active,10,Medium,A0050,Agent
POL006413,C04795,Life,2025-07-20,2035-07-20,39450.0,2430000.0,Quarterly,Active,10,Low,A0005,Agent
POL006414,C02226,Health,2024-04-17,2027-04-17,89600.0,2000000.0,Monthly,Active,3,Medium,A0052,Agent
POL006415,C03707,Motor,2024-07-14,2025-07-14,52800.0,1160300.0,Annually,Expired,1,High,A0031,Agent
POL006416,C01514,Home,2023-08-16,2033-08-16,7090.0,3791000.0,Annually,Active,10,Low,A0020,Bancassurance
POL006417,C00031,Motor,2024-07-03,2025-07-03,54280.0,1192900.0,Annually,Lapsed,1,High,A0093,Online
POL006418,C01039,Life,2023-01-15,2043-01-15,57210.0,3267300.0,Quarterly,Active,20,Low,A0030,Agent
POL006419,C01027,Motor,2023-08-06,2024-08-05,60180.0,1719500.0,Annually,Lapsed,1,Medium,A0031,Bancassurance
POL006420,C04029,Life,2023-08-09,2033-08-09,90250.0,4257000.0,Monthly,Active,10,Medium,A0022,Agent
POL006421,C03575,Motor,2025-09-11,2026-09-11,40160.0,882600.0,Annually,Active,1,High,A0001,Agent
POL006422,C01818,Life,2024-12-25,2049-12-25,30250.0,2115600.0,Monthly,Active,25,Medium,A0066,Agent
POL006423,C03407,Home,2025-03-29,2030-03-28,10850.0,4931000.0,Annually,Active,5,Medium,A0024,Referral
POL006424,C03103,Health,2025-06-17,2027-06-17,29320.0,750000.0,Annually,Lapsed,2,Low,A0082,Agent
POL006425,C01301,Motor,2025-03-02,2026-03-02,11690.0,334100.0,Annually,Active,1,Medium,A0009,Online
POL006426,C04872,Home,2023-10-25,2033-10-25,12930.0,6916900.0,Annually,Active,10,Low,A0043,Agent
POL006427,C02705,Motor,2023-09-25,2024-09-24,59000.0,1685700.0,Annually,Expired,1,Medium,A0082,Corporate
POL006428,C02296,Travel,2023-11-25,2023-12-13,8780.0,860600.0,Annually,Expired,1,Low,A0006,Online
POL006429,C00475,Health,2025-06-30,2026-06-28,44710.0,1000000.0,Quarterly,Active,1,Low,A0015,Agent
POL006430,C03304,Health,2025-06-19,2026-06-19,83400.0,1500000.0,Monthly,Active,1,Medium,A0090,Online
POL006431,C00566,Travel,2023-11-27,2024-01-11,1500.0,67200.0,Annually,Expired,1,Low,A0028,Bancassurance
POL006432,C00614,Health,2024-11-28,2027-11-28,37650.0,750000.0,Annually,Active,3,Medium,A0078,Referral
POL006433,C04050,Health,2025-01-16,2026-01-16,13800.0,300000.0,Annually,Active,1,Medium,A0014,Agent
POL006434,C01814,Motor,2024-01-21,2025-01-20,45880.0,1008400.0,Annually,Expired,1,High,A0098,Online
POL006435,C03504,Motor,2023-12-21,2024-12-20,27340.0,781100.0,Annually,Expired,1,Medium,A0009,Agent
POL006436,C04662,Home,2025-07-03,2035-07-03,10880.0,5815500.0,Annually,Active,10,Low,A0047,Agent
POL006437,C03001,Travel,2024-09-21,2024-10-09,11310.0,942200.0,Annually,Expired,1,Medium,A0096,Corporate
POL006438,C01195,Health,2023-02-01,2024-02-01,16860.0,300000.0,Annually,Expired,1,Medium,A0036,Online
POL006439,C03158,Life,2024-11-06,2039-11-06,56540.0,3276500.0,Annually,Active,15,Low,A0036,Agent
POL006440,C00423,Life,2023-06-06,2038-06-06,51270.0,2928000.0,Annually,Cancelled,15,Low,A0038,Agent
POL006441,C00887,Motor,2023-12-05,2024-12-04,50710.0,1448900.0,Monthly,Expired,1,Medium,A0008,Agent
POL006442,C02324,Motor,2024-06-09,2025-06-09,65970.0,1449900.0,Monthly,Expired,1,High,A0076,Agent
POL006443,C02737,Life,2025-09-01,2050-09-01,148210.0,8988000.0,Annually,Active,25,Low,A0073,Online
POL006444,C04022,Travel,2024-04-15,2024-05-22,4600.0,383700.0,Annually,Lapsed,1,Medium,A0028,Bancassurance
POL006445,C00332,Motor,2024-08-10,2025-08-10,57430.0,1262200.0,Monthly,Expired,1,High,A0083,Corporate
POL006446,C00487,Health,2024-01-27,2025-01-27,29710.0,750000.0,Monthly,Expired,1,Low,A0004,Agent
POL006447,C04563,Home,2024-05-19,2029-05-19,3740.0,1699800.0,Monthly,Active,5,Medium,A0070,Agent
POL006448,C01932,Motor,2024-07-04,2025-07-04,49880.0,1425100.0,Annually,Expired,1,Medium,A0056,Referral
POL006449,C03347,Motor,2023-04-22,2024-04-21,20850.0,595800.0,Annually,Expired,1,Medium,A0093,Corporate
POL006450,C02739,Life,2023-12-29,2048-12-28,286440.0,11550000.0,Quarterly,Active,25,Medium,A0067,Online
POL006451,C02268,Health,2024-12-16,2025-12-16,28200.0,750000.0,Annually,Expired,1,Medium,A0004,Corporate
POL006452,C03813,Home,2024-03-21,2025-03-21,4620.0,2472300.0,Annually,Expired,1,Low,A0010,Bancassurance
POL006453,C00595,Life,2025-09-05,2055-09-05,27160.0,1686700.0,Quarterly,Active,30,Medium,A0014,Online
POL006454,C03682,Motor,2023-08-30,2024-08-29,43310.0,1237400.0,Annually,Expired,1,Medium,A0096,Agent
POL006455,C00166,Motor,2024-01-09,2025-01-08,44560.0,1273200.0,Annually,Expired,1,Medium,A0079,Agent
POL006456,C02707,Home,2023-08-15,2038-08-15,16510.0,7505300.0,Monthly,Active,15,Medium,A0083,Bancassurance
POL006457,C03978,Travel,2024-11-12,2024-12-15,2920.0,243100.0,Annually,Lapsed,1,Medium,A0052,Bancassurance
POL006458,C00087,Health,2024-01-27,2026-01-27,28940.0,750000.0,Annually,Lapsed,2,Low,A0030,Referral
POL006459,C03445,Health,2025-08-02,2027-08-02,18800.0,500000.0,Monthly,Active,2,Medium,A0006,Referral
POL006460,C01563,Health,2024-09-13,2025-09-13,23880.0,500000.0,Annually,Expired,1,Low,A0025,Bancassurance
POL006461,C04329,Motor,2023-05-11,2024-05-10,11300.0,323000.0,Monthly,Lapsed,1,Medium,A0085,Bancassurance
POL006462,C04703,Travel,2025-06-28,2025-07-23,9380.0,781300.0,Annually,Expired,1,Medium,A0070,Online
POL006463,C01403,Health,2024-12-08,2025-12-08,57140.0,750000.0,Monthly,Expired,1,High,A0047,Online
POL006464,C02112,Health,2025-06-22,2026-06-22,44710.0,1000000.0,Annually,Active,1,Low,A0089,Agent
POL006465,C01319,Motor,2023-07-01,2024-06-30,47250.0,1350100.0,Annually,Expired,1,Medium,A0018,Bancassurance
POL006466,C01090,Life,2023-12-31,2038-12-28,130660.0,7686000.0,Annually,Lapsed,15,Low,A0038,Agent
POL006467,C00860,Health,2023-03-07,2024-03-07,11730.0,300000.0,Monthly,Expired,1,Low,A0095,Agent
POL006468,C02510,Home,2025-07-24,2026-07-24,12740.0,5792200.0,Annually,Active,1,Medium,A0094,Bancassurance
POL006469,C04109,Home,2023-01-27,2028-01-27,2210.0,1180800.0,Annually,Active,5,Low,A0045,Bancassurance
POL006470,C01987,Travel,2024-08-06,2024-09-03,4280.0,420000.0,Annually,Expired,1,Low,A0072,Agent
POL006471,C00679,Home,2024-07-06,2034-07-06,11410.0,6100900.0,Annually,Active,10,Low,A0043,Agent
POL006472,C04417,Health,2023-01-25,2025-01-25,19800.0,500000.0,Annually,Expired,2,Low,A0051,Agent
POL006473,C00309,Home,2024-11-06,2029-11-06,7890.0,3587100.0,Annually,Active,5,Medium,A0074,Bancassurance
POL006474,C03032,Motor,2024-07-17,2025-07-17,26190.0,748300.0,Annually,Expired,1,Medium,A0075,Agent
POL006475,C04061,Life,2023-02-24,2033-02-24,53240.0,3441600.0,Monthly,Active,10,Low,A0091,Online
POL006476,C04568,Home,2023-07-01,2028-07-01,11860.0,6342600.0,Annually,Active,5,Low,A0076,Agent
POL006477,C04462,Life,2025-09-21,2035-09-21,37650.0,2394000.0,Annually,Active,10,Low,A0053,Online
POL006478,C04539,Health,2024-04-13,2025-04-13,19550.0,500000.0,Annually,Expired,1,Low,A0054,Bancassurance
POL006479,C02416,Motor,2023-02-04,2024-02-04,31050.0,887100.0,Annually,Lapsed,1,Medium,A0010,Agent
POL006480,C03998,Health,2024-04-24,2026-04-24,38100.0,750000.0,Monthly,Active,2,Medium,A0077,Bancassurance
POL006481,C01280,Home,2023-01-18,2038-01-18,14750.0,6703900.0,Annually,Lapsed,15,Medium,A0030,Online
POL006482,C04511,Motor,2025-05-02,2026-05-02,37940.0,1084000.0,Annually,Active,1,Medium,A0046,Online
POL006483,C02009,Health,2025-06-20,2027-06-20,114800.0,2000000.0,Annually,Lapsed,2,Medium,A0016,Referral
POL006484,C03636,Motor,2023-07-11,2024-07-10,28150.0,804200.0,Monthly,Expired,1,Medium,A0033,Corporate
POL006485,C04995,Health,2025-09-09,2027-09-09,34680.0,750000.0,Annually,Active,2,Low,A0005,Bancassurance
POL006486,C00721,Travel,2024-02-22,2024-04-14,1500.0,86800.0,Annually,Expired,1,Medium,A0088,Agent
POL006487,C03220,Health,2025-04-20,2026-04-20,20300.0,500000.0,Quarterly,Active,1,Medium,A0009,Online
POL006488,C02987,Health,2024-06-29,2026-06-28,108800.0,2000000.0,Annually,Active,2,Medium,A0036,Online
POL006489,C00139,Health,2024-09-06,2025-09-06,40800.0,750000.0,Monthly,Expired,1,Medium,A0053,Online
POL006490,C02591,Life,2024-03-17,2039-03-17,65110.0,3829700.0,Annually,Active,15,Low,A0090,Agent
POL006491,C01633,Home,2024-03-19,2034-03-19,4210.0,2249100.0,Annually,Active,10,Low,A0084,Agent
POL006492,C00614,Motor,2024-10-23,2025-10-23,59780.0,1708000.0,Annually,Expired,1,Medium,A0093,Bancassurance
POL006493,C02508,Motor,2024-07-16,2025-07-16,48790.0,1394000.0,Annually,Lapsed,1,Medium,A0044,Bancassurance
POL006494,C01156,Motor,2025-08-01,2026-08-01,52230.0,1492400.0,Annually,Active,1,Medium,A0051,Online
POL006495,C00389,Health,2024-04-09,2025-04-09,19100.0,500000.0,Quarterly,Lapsed,1,Medium,A0077,Online
POL006496,C01226,Life,2025-06-13,2035-06-13,51540.0,3201000.0,Annually,Active,10,Medium,A0053,Corporate
POL006497,C03069,Life,2024-01-26,2054-01-26,89090.0,4738900.0,Annually,Cancelled,30,Medium,A0061,Online
POL006498,C04456,Home,2024-03-03,2029-03-03,4120.0,2203000.0,Monthly,Active,5,Low,A0055,Online
POL006499,C00141,Life,2025-02-12,2050-02-12,71470.0,3520600.0,Monthly,Active,25,Medium,A0021,Online
POL006500,C02367,Home,2023-05-30,2033-05-28,14890.0,7963800.0,Annually,Active,10,Low,A0087,Agent
POL006501,C01443,Motor,2025-05-11,2026-05-11,61050.0,1744400.0,Annually,Lapsed,1,Medium,A0055,Online
POL006502,C01829,Motor,2025-09-04,2026-09-04,18450.0,405500.0,Monthly,Active,1,High,A0007,Online
POL006503,C02263,Travel,2023-04-03,2023-04-23,4640.0,455200.0,Annually,Expired,1,Low,A0093,Corporate
POL006504,C01614,Motor,2024-05-30,2025-05-30,8220.0,234900.0,Annually,Expired,1,Medium,A0054,Referral
POL006505,C00112,Home,2024-04-26,2034-04-26,12470.0,5669900.0,Annually,Active,10,Medium,A0036,Agent
POL006506,C03144,Motor,2024-09-23,2025-09-23,36130.0,1032300.0,Annually,Expired,1,Medium,A0051,Agent
POL006507,C03622,Life,2023-10-18,2048-10-18,183590.0,8925000.0,Quarterly,Active,25,Low,A0056,Agent
POL006508,C02965,Life,2023-09-19,2043-09-19,139350.0,7785000.0,Annually,Active,20,Medium,A0077,Online
POL006509,C04444,Life,2025-01-26,2045-01-26,55780.0,3606000.0,Annually,Active,20,Low,A0080,Referral
POL006510,C03557,Health,2024-03-13,2025-03-13,33150.0,750000.0,Quarterly,Lapsed,1,Low,A0086,Online
POL006511,C04150,Health,2025-04-08,2028-04-08,24500.0,500000.0,Monthly,Active,3,Medium,A0069,Agent
POL006512,C04937,Health,2023-11-22,2024-11-22,60060.0,750000.0,Annually,Expired,1,High,A0096,Online
POL006513,C04228,Life,2023-03-22,2038-03-22,55100.0,3147000.0,Monthly,Active,15,Low,A0065,Bancassurance
POL006514,C00194,Travel,2024-03-28,2024-05-14,10140.0,994200.0,Annually,Lapsed,1,Low,A0061,Online
POL006515,C00882,Life,2025-01-08,2050-01-08,82950.0,5250000.0,Annually,Active,25,Medium,A0016,Online
POL006516,C02582,Health,2023-10-03,2025-10-03,27500.0,500000.0,Quarterly,Expired,2,Medium,A0046,Corporate
POL006517,C00989,Life,2024-12-03,2039-12-03,123930.0,5319000.0,Monthly,Active,15,Medium,A0100,Online
POL006518,C02436,Life,2023-07-08,2043-07-08,43050.0,2571000.0,Annually,Active,20,Low,A0046,Agent
POL006519,C01940,Home,2024-09-21,2029-09-21,15330.0,6970300.0,Annually,Active,5,Medium,A0038,Online
POL006520,C03251,Health,2023-10-02,2025-10-02,27200.0,500000.0,Annually,Expired,2,Medium,A0097,Referral
POL006521,C03003,Health,2025-09-12,2026-09-12,11280.0,300000.0,Annually,Active,1,Medium,A0033,Corporate
POL006522,C01476,Health,2023-08-31,2024-08-28,76400.0,2000000.0,Quarterly,Lapsed,1,Medium,A0100,Bancassurance
POL006523,C01566,Motor,2023-12-02,2024-12-01,48140.0,1375400.0,Monthly,Expired,1,Medium,A0050,Agent
POL006524,C02857,Health,2025-09-30,2028-09-28,88400.0,2000000.0,Annually,Active,3,Medium,A0044,Online
POL006525,C02344,Motor,2025-09-26,2026-09-26,75440.0,1657900.0,Annually,Active,1,High,A0047,Corporate
POL006526,C02029,Health,2023-05-31,2026-05-28,32000.0,750000.0,Quarterly,Active,3,Low,A0076,Bancassurance
POL006527,C03179,Motor,2024-09-16,2025-09-16,67430.0,1481900.0,Annually,Expired,1,High,A0088,Agent
POL006528,C02715,Motor,2025-06-11,2026-06-11,52720.0,1506300.0,Monthly,Active,1,Medium,A0018,Corporate
POL006529,C01882,Home,2023-02-28,2038-02-28,4650.0,2485500.0,Annually,Active,15,Low,A0098,Agent
POL006530,C03664,Life,2023-10-05,2053-10-05,80370.0,3907000.0,Annually,Active,30,Low,A0007,Referral
POL006531,C00675,Motor,2023-04-13,2024-04-12,31910.0,701300.0,Annually,Expired,1,High,A0097,Agent
POL006532,C01614,Health,2024-07-16,2025-07-16,83300.0,2000000.0,Monthly,Expired,1,Low,A0005,Agent
POL006533,C00693,Motor,2023-01-25,2024-01-25,48150.0,1375700.0,Annually,Lapsed,1,Medium,A0057,Online
POL006534,C02848,Life,2024-10-09,2054-10-09,44620.0,2169000.0,Monthly,Active,30,Low,A0016,Agent
POL006535,C01161,Motor,2023-04-08,2024-04-07,32910.0,940400.0,Annually,Expired,1,Medium,A0064,Online
POL006536,C00211,Motor,2024-11-25,2025-11-25,57310.0,1637500.0,Annually,Expired,1,Medium,A0044,Online
POL006537,C04301,Home,2024-05-18,2034-05-18,7380.0,3356700.0,Annually,Active,10,Medium,A0011,Online
POL006538,C02498,Life,2025-06-28,2035-06-28,60060.0,3642100.0,Annually,Active,10,Low,A0028,Referral
POL006539,C02560,Motor,2024-08-30,2025-08-30,50820.0,1452100.0,Annually,Expired,1,Medium,A0080,Corporate
POL006540,C04170,Home,2025-01-31,2040-01-28,14240.0,7613900.0,Annually,Lapsed,15,Low,A0092,Bancassurance
POL006541,C03822,Health,2023-10-28,2025-10-28,40040.0,500000.0,Annually,Expired,2,High,A0036,Online
POL006542,C02279,Health,2025-06-29,2026-06-28,13870.0,300000.0,Annually,Active,1,Low,A0018,Agent
POL006543,C02407,Health,2024-09-18,2025-09-18,12340.0,300000.0,Monthly,Lapsed,1,Low,A0085,Online
POL006544,C03236,Home,2023-06-24,2033-06-24,3830.0,2045800.0,Annually,Active,10,Low,A0026,Online
POL006545,C03262,Motor,2023-04-08,2024-04-07,25860.0,738800.0,Annually,Lapsed,1,Medium,A0019,Agent
POL006546,C00742,Life,2023-07-04,2043-07-04,61380.0,4174400.0,Annually,Active,20,Low,A0047,Agent
POL006547,C04382,Health,2025-02-16,2028-02-16,22100.0,500000.0,Monthly,Active,3,Low,A0019,Online
POL006548,C02242,Motor,2023-07-01,2024-06-30,60880.0,1739400.0,Annually,Expired,1,Medium,A0014,Bancassurance
POL006549,C03302,Life,2024-02-15,2034-02-15,30490.0,2004000.0,Monthly,Active,10,Low,A0091,Bancassurance
POL006550,C03503,Life,2023-05-02,2038-05-02,86210.0,4310400.0,Annually,Cancelled,15,Medium,A0031,Online
POL006551,C02775,Motor,2025-08-18,2026-08-18,35470.0,1013500.0,Monthly,Active,1,Medium,A0001,Online
POL006552,C03821,Health,2023-10-19,2025-10-19,18800.0,500000.0,Monthly,Expired,2,Medium,A0092,Agent
POL006553,C04964,Travel,2024-01-15,2024-01-27,1650.0,161300.0,Annually,Lapsed,1,Low,A0079,Agent
POL006554,C02763,Home,2025-03-08,2035-03-08,6850.0,3115500.0,Monthly,Active,10,Medium,A0013,Agent
POL006555,C01017,Health,2023-03-15,2026-03-15,32770.0,750000.0,Annually,Active,3,Low,A0044,Online
POL006556,C02682,Motor,2023-07-16,2024-07-15,35630.0,783000.0,Monthly,Expired,1,High,A0047,Agent
POL006557,C02179,Motor,2025-04-17,2026-04-17,14790.0,422700.0,Monthly,Active,1,Medium,A0044,Referral
POL006558,C03581,Health,2025-03-11,2026-03-11,31350.0,750000.0,Monthly,Active,1,Medium,A0061,Online
POL006559,C04391,Motor,2023-01-04,2024-01-04,6330.0,212700.0,Annually,Expired,1,Low,A0084,Online
POL006560,C00522,Travel,2023-06-12,2023-06-23,8770.0,731200.0,Annually,Expired,1,Medium,A0069,Agent
POL006561,C01067,Life,2024-06-25,2044-06-25,61800.0,4433000.0,Monthly,Active,20,Low,A0008,Bancassurance
POL006562,C04100,Health,2023-01-02,2024-01-02,45400.0,1000000.0,Monthly,Expired,1,Medium,A0057,Agent
POL006563,C01534,Life,2024-12-15,2044-12-15,70650.0,4284100.0,Annually,Lapsed,20,Low,A0092,Online
POL006564,C04269,Home,2025-05-06,2030-05-06,14030.0,6377600.0,Annually,Active,5,Medium,A0091,Online
POL006565,C01838,Health,2025-08-12,2026-08-12,36040.0,1000000.0,Monthly,Lapsed,1,Low,A0075,Agent
POL006566,C03342,Health,2024-09-10,2026-09-10,90440.0,2000000.0,Annually,Active,2,Low,A0015,Agent
POL006567,C01679,Health,2024-04-30,2026-04-28,12180.0,300000.0,Quarterly,Active,2,Medium,A0004,Corporate
POL006568,C02249,Life,2024-07-28,2049-07-28,129660.0,6387000.0,Monthly,Cancelled,25,Medium,A0047,Agent
POL006569,C01688,Motor,2024-03-19,2025-03-19,23940.0,804700.0,Annually,Expired,1,Low,A0085,Online
POL006570,C02147,Home,2025-03-24,2026-03-24,5140.0,2750200.0,Annually,Active,1,Low,A0096,Agent
POL006571,C02234,Health,2023-11-23,2025-11-23,14880.0,300000.0,Annually,Expired,2,Medium,A0078,Online
POL006572,C03894,Health,2025-02-08,2028-02-08,46750.0,1000000.0,Quarterly,Active,3,Low,A0083,Corporate
POL006573,C03157,Motor,2024-05-18,2025-05-18,37850.0,1081300.0,Annually,Lapsed,1,Medium,A0034,Online
POL006574,C02033,Motor,2024-09-06,2025-09-06,56050.0,1231800.0,Monthly,Expired,1,High,A0031,Bancassurance
POL006575,C01915,Health,2025-05-09,2028-05-09,25100.0,500000.0,Monthly,Lapsed,3,Medium,A0004,Bancassurance
POL006576,C01481,Travel,2025-08-20,2025-10-19,5320.0,443500.0,Annually,Expired,1,Medium,A0061,Agent
POL006577,C00109,Health,2024-04-15,2025-04-15,21080.0,500000.0,Monthly,Lapsed,1,Low,A0075,Online
POL006578,C02625,Home,2025-07-30,2035-07-28,8410.0,3823800.0,Annually,Active,10,Medium,A0027,Online
POL006579,C02411,Home,2025-10-01,2030-10-01,3810.0,1731200.0,Annually,Active,5,Medium,A0075,Referral
POL006580,C03368,Health,2025-05-15,2026-05-15,12190.0,300000.0,Quarterly,Lapsed,1,Low,A0098,Agent
POL006581,C00577,Health,2025-03-22,2026-03-22,17040.0,300000.0,Monthly,Active,1,Medium,A0095,Agent
POL006582,C04532,Life,2023-05-27,2033-05-27,51800.0,3622400.0,Monthly,Active,10,Medium,A0099,Referral
POL006583,C03491,Travel,2025-08-30,2025-10-12,3850.0,377000.0,Annually,Lapsed,1,Low,A0082,Online
POL006584,C04997,Home,2024-07-15,2039-07-15,17270.0,7848800.0,Monthly,Active,15,Medium,A0092,Online
POL006585,C02896,Home,2023-11-28,2028-11-28,3450.0,1844100.0,Monthly,Active,5,Low,A0036,Referral
POL006586,C00892,Life,2023-10-09,2033-10-09,110110.0,5676000.0,Monthly,Active,10,Medium,A0085,Online
POL006587,C03963,Home,2025-07-17,2026-07-17,13150.0,7030100.0,Annually,Active,1,Low,A0009,Bancassurance
POL006588,C01689,Life,2024-10-28,2039-10-28,182280.0,7884000.0,Quarterly,Active,15,Low,A0046,Online
POL006589,C03081,Home,2023-01-04,2028-01-04,7670.0,4102400.0,Annually,Active,5,Low,A0051,Agent
POL006590,C03989,Motor,2025-09-27,2026-09-27,79360.0,1744100.0,Annually,Active,1,High,A0098,Referral
POL006591,C02464,Motor,2023-10-01,2024-09-30,26850.0,590200.0,Annually,Expired,1,High,A0070,Agent
POL006592,C03741,Home,2024-05-11,2029-05-11,13430.0,6103800.0,Annually,Active,5,Medium,A0066,Referral
POL006593,C01061,Life,2025-04-16,2035-04-16,94270.0,4885900.0,Annually,Active,10,Low,A0025,Agent
POL006594,C04930,Life,2023-12-31,2038-12-28,63980.0,3453000.0,Annually,Active,15,Low,A0055,Bancassurance
POL006595,C03229,Life,2025-03-21,2045-03-21,39480.0,2358000.0,Annually,Active,20,Low,A0086,Online
POL006596,C03433,Life,2025-01-17,2035-01-17,44970.0,2814000.0,Monthly,Active,10,Low,A0092,Agent
POL006597,C04586,Health,2023-01-20,2025-01-20,12650.0,300000.0,Quarterly,Expired,2,Low,A0082,Agent
POL006598,C01839,Health,2023-07-08,2024-07-08,42150.0,750000.0,Annually,Expired,1,Medium,A0061,Bancassurance
POL006599,C04837,Health,2023-09-03,2025-09-03,19100.0,500000.0,Annually,Expired,2,Medium,A0089,Agent
POL006600,C01685,Motor,2023-12-02,2024-12-01,30730.0,675500.0,Annually,Expired,1,High,A0036,Agent
POL006601,C01873,Life,2024-02-21,2044-02-21,34590.0,2352000.0,Annually,Active,20,Low,A0035,Agent
POL006602,C02425,Life,2023-07-19,2038-07-19,25760.0,1587000.0,Quarterly,Active,15,Low,A0007,Agent
POL006603,C02342,Motor,2024-11-04,2025-11-04,31110.0,888700.0,Monthly,Expired,1,Medium,A0078,Online
POL006604,C01746,Health,2024-07-10,2025-07-10,17940.0,300000.0,Annually,Expired,1,Medium,A0037,Agent
POL006605,C02741,Home,2023-03-16,2033-03-16,4900.0,2618800.0,Annually,Active,10,Low,A0100,Online
POL006606,C02257,Travel,2024-05-23,2024-07-15,6370.0,624500.0,Annually,Expired,1,Low,A0066,Agent
POL006607,C03245,Health,2024-02-04,2025-02-04,60940.0,1500000.0,Monthly,Expired,1,Low,A0058,Agent
POL006608,C03409,Home,2025-07-09,2035-07-09,5650.0,2566000.0,Annually,Active,10,Medium,A0037,Online
POL006609,C00054,Health,2024-09-11,2025-09-11,80240.0,2000000.0,Annually,Expired,1,Low,A0039,Bancassurance
POL006610,C00363,Motor,2024-02-14,2025-02-13,57940.0,1655400.0,Annually,Expired,1,Medium,A0054,Online
POL006611,C04594,Home,2023-02-20,2028-02-20,14610.0,7811200.0,Annually,Active,5,Low,A0099,Agent
POL006612,C01361,Health,2023-12-22,2024-12-22,38080.0,1000000.0,Quarterly,Lapsed,1,Low,A0027,Agent
POL006613,C02546,Home,2024-04-06,2039-04-06,14020.0,7495800.0,Annually,Active,15,Low,A0095,Referral
POL006614,C02720,Health,2023-01-23,2026-01-23,13260.0,300000.0,Annually,Active,3,Medium,A0056,Agent
POL006615,C04525,Health,2023-08-06,2026-08-06,16860.0,300000.0,Quarterly,Active,3,Medium,A0005,Online
POL006616,C01020,Motor,2023-06-06,2024-06-05,31130.0,889300.0,Annually,Expired,1,Medium,A0024,Online
POL006617,C04714,Motor,2025-08-22,2026-08-22,51500.0,1471400.0,Monthly,Active,1,Medium,A0073,Agent
POL006618,C02424,Life,2023-11-04,2038-11-04,89160.0,4899000.0,Annually,Active,15,Medium,A0055,Agent
POL006619,C03970,Home,2025-02-26,2035-02-26,12630.0,6754800.0,Annually,Lapsed,10,Low,A0025,Agent
POL006620,C03287,Motor,2023-05-08,2024-05-07,13270.0,379000.0,Annually,Expired,1,Medium,A0057,Referral
POL006621,C00280,Motor,2023-11-15,2024-11-14,62450.0,1784300.0,Annually,Expired,1,Medium,A0081,Online
POL006622,C02776,Home,2023-04-16,2028-04-16,5090.0,2314000.0,Annually,Active,5,Medium,A0092,Agent
POL006623,C00214,Motor,2023-10-24,2024-10-23,47470.0,1356400.0,Annually,Expired,1,Medium,A0022,Online
POL006624,C04177,Life,2023-02-18,2048-02-18,87400.0,4652400.0,Quarterly,Active,25,Low,A0032,Bancassurance
POL006625,C04839,Travel,2024-10-29,2024-12-06,4340.0,361900.0,Annually,Expired,1,Medium,A0081,Online
POL006626,C02045,Motor,2025-05-10,2026-05-10,48010.0,1371600.0,Annually,Active,1,Medium,A0022,Agent
POL006627,C01127,Home,2024-12-16,2029-12-16,3490.0,1868400.0,Annually,Active,5,Low,A0078,Online
POL006628,C00041,Life,2024-11-05,2044-11-05,83500.0,4162300.0,Monthly,Active,20,Low,A0020,Online
POL006629,C00395,Health,2025-09-06,2026-09-06,30200.0,500000.0,Annually,Active,1,Medium,A0006,Agent
POL006630,C03100,Home,2023-07-24,2038-07-24,13480.0,6125900.0,Annually,Active,15,Medium,A0056,Agent
POL006631,C02784,Health,2024-09-26,2025-09-26,86100.0,1500000.0,Quarterly,Expired,1,Medium,A0030,Agent
POL006632,C04932,Health,2025-02-05,2026-02-05,22610.0,500000.0,Annually,Active,1,Low,A0006,Corporate
POL006633,C00948,Health,2023-06-09,2025-06-09,26600.0,500000.0,Quarterly,Expired,2,Medium,A0035,Bancassurance
POL006634,C04870,Motor,2024-08-03,2025-08-03,49270.0,1407800.0,Annually,Lapsed,1,Medium,A0006,Agent
POL006635,C02658,Motor,2025-08-27,2026-08-27,45270.0,1293500.0,Annually,Active,1,Medium,A0025,Corporate
POL006636,C02933,Health,2025-05-30,2028-05-28,44850.0,750000.0,Monthly,Active,3,Medium,A0087,Online
POL006637,C02634,Home,2023-10-04,2028-10-04,6360.0,2891400.0,Annually,Active,5,Medium,A0028,Referral
POL006638,C02951,Health,2023-01-26,2024-01-26,37600.0,1000000.0,Annually,Expired,1,Medium,A0020,Agent
POL006639,C03695,Health,2025-04-19,2028-04-19,92400.0,1500000.0,Annually,Active,3,Medium,A0084,Agent
POL006640,C00036,Home,2023-10-03,2038-10-03,16870.0,7668800.0,Annually,Active,15,Medium,A0053,Corporate
POL006641,C02829,Motor,2024-01-11,2025-01-10,58950.0,1684400.0,Annually,Expired,1,Medium,A0017,Referral
POL006642,C02673,Health,2024-10-02,2025-10-02,24200.0,500000.0,Quarterly,Expired,1,Medium,A0099,Online
POL006643,C01861,Health,2023-03-18,2026-03-18,11120.0,300000.0,Annually,Active,3,Low,A0023,Online
POL006644,C04708,Travel,2023-01-09,2023-02-18,5670.0,556000.0,Annually,Expired,1,Low,A0084,Agent
POL006645,C01849,Health,2024-12-04,2026-12-04,52600.0,1000000.0,Quarterly,Active,2,Medium,A0072,Online
POL006646,C02252,Health,2023-05-28,2026-05-28,31240.0,750000.0,Annually,Active,3,Low,A0047,Online
POL006647,C02427,Health,2023-04-19,2026-04-19,29600.0,500000.0,Monthly,Active,3,Medium,A0095,Agent
POL006648,C00373,Motor,2025-01-31,2026-01-31,39760.0,1136000.0,Annually,Active,1,Medium,A0094,Bancassurance
POL006649,C03033,Motor,2024-12-26,2025-12-26,26590.0,759700.0,Monthly,Expired,1,Medium,A0093,Referral
POL006650,C04888,Home,2024-03-24,2039-03-24,3050.0,1630200.0,Annually,Cancelled,15,Low,A0018,Online
POL006651,C04685,Health,2024-10-08,2025-10-08,28940.0,750000.0,Monthly,Expired,1,Low,A0046,Bancassurance
POL006652,C01471,Home,2025-04-09,2035-04-09,6130.0,2785800.0,Annually,Active,10,Medium,A0091,Bancassurance
POL006653,C03479,Health,2025-05-25,2026-05-25,63240.0,1500000.0,Annually,Active,1,Low,A0075,Referral
POL006654,C02012,Motor,2023-09-14,2024-09-13,19760.0,564500.0,Monthly,Lapsed,1,Medium,A0031,Referral
POL006655,C01674,Life,2023-04-13,2038-04-13,43670.0,2663000.0,Annually,Active,15,Medium,A0078,Agent
POL006656,C00205,Health,2024-01-25,2027-01-25,28560.0,750000.0,Quarterly,Active,3,Low,A0004,Referral
POL006657,C04944,Home,2025-02-08,2040-02-08,3600.0,1923100.0,Annually,Active,15,Low,A0008,Agent
POL006658,C01322,Motor,2023-07-09,2024-07-08,43020.0,1229100.0,Annually,Lapsed,1,Medium,A0002,Online
POL006659,C02600,Health,2024-06-25,2025-06-25,21840.0,500000.0,Monthly,Expired,1,Low,A0024,Referral
POL006660,C00479,Motor,2023-06-01,2024-05-31,28850.0,824300.0,Annually,Expired,1,Medium,A0044,Bancassurance
POL006661,C03286,Motor,2024-04-08,2025-04-08,7300.0,208500.0,Annually,Expired,1,Medium,A0010,Agent
POL006662,C02327,Health,2025-02-28,2026-02-28,22100.0,500000.0,Monthly,Active,1,Low,A0075,Agent
POL006663,C00829,Health,2023-06-30,2026-06-28,38100.0,750000.0,Monthly,Active,3,Medium,A0014,Agent
POL006664,C01218,Health,2023-10-02,2024-10-02,26300.0,500000.0,Quarterly,Expired,1,Medium,A0031,Referral
POL006665,C04622,Life,2025-05-15,2040-05-15,36610.0,2317100.0,Monthly,Active,15,Medium,A0025,Bancassurance
POL006666,C03250,Health,2024-11-02,2025-11-02,13570.0,300000.0,Quarterly,Expired,1,Low,A0053,Agent
POL006667,C01482,Home,2025-01-13,2040-01-13,15370.0,6988500.0,Annually,Active,15,Medium,A0008,Bancassurance
POL006668,C04105,Home,2025-09-28,2030-09-28,4470.0,2030900.0,Annually,Lapsed,5,Medium,A0011,Bancassurance
POL006669,C00698,Home,2025-07-21,2026-07-21,17480.0,7947600.0,Annually,Active,1,Medium,A0051,Referral
POL006670,C02050,Motor,2023-03-05,2024-03-04,46770.0,1336200.0,Annually,Expired,1,Medium,A0039,Agent
POL006671,C02870,Life,2025-09-01,2040-09-01,62100.0,3057000.0,Annually,Active,15,Low,A0097,Online
POL006672,C00968,Health,2023-04-11,2026-04-11,12340.0,300000.0,Annually,Lapsed,3,Low,A0040,Agent
POL006673,C01140,Life,2024-03-23,2039-03-23,54610.0,2868000.0,Annually,Active,15,Low,A0044,Corporate
POL006674,C02023,Motor,2024-12-18,2025-12-18,11990.0,403000.0,Annually,Lapsed,1,Low,A0039,Agent
POL006675,C02528,Health,2025-09-10,2026-09-10,37600.0,1000000.0,Monthly,Lapsed,1,Medium,A0051,Bancassurance
POL006676,C04746,Home,2025-09-08,2035-09-08,5900.0,3157700.0,Monthly,Active,10,Low,A0089,Online
POL006677,C01532,Health,2024-07-16,2025-07-16,76180.0,1000000.0,Quarterly,Expired,1,High,A0093,Online
POL006678,C01441,Home,2025-05-06,2040-05-06,2230.0,1191700.0,Annually,Active,15,Low,A0074,Online
POL006679,C02892,Motor,2024-06-09,2025-06-09,37010.0,1057600.0,Annually,Expired,1,Medium,A0080,Bancassurance
POL006680,C00783,Health,2025-05-04,2026-05-04,19380.0,300000.0,Annually,Active,1,Medium,A0043,Online
POL006681,C00625,Home,2024-05-09,2034-05-09,12040.0,5470700.0,Annually,Active,10,Medium,A0027,Online
POL006682,C01842,Health,2024-02-11,2027-02-11,84760.0,1000000.0,Annually,Active,3,High,A0010,Bancassurance
POL006683,C03925,Motor,2024-07-01,2025-07-01,7160.0,204500.0,Annually,Expired,1,Medium,A0086,Online
POL006684,C00326,Life,2025-04-27,2035-04-27,82020.0,4308000.0,Monthly,Active,10,Low,A0087,Corporate
POL006685,C00727,Health,2024-06-08,2025-06-08,21080.0,500000.0,Monthly,Lapsed,1,Low,A0002,Agent
POL006686,C02483,Motor,2023-03-07,2024-03-06,21470.0,613500.0,Annually,Expired,1,Medium,A0070,Referral
POL006687,C02608,Health,2024-05-11,2025-05-11,20820.0,500000.0,Quarterly,Expired,1,Low,A0040,Agent
POL006688,C00562,Life,2023-08-01,2038-08-01,60940.0,3585000.0,Monthly,Active,15,Low,A0054,Agent
POL006689,C04419,Health,2025-08-15,2026-08-15,53800.0,1000000.0,Quarterly,Active,1,Medium,A0025,Agent
POL006690,C03439,Health,2023-03-22,2024-03-22,24400.0,500000.0,Monthly,Expired,1,Low,A0068,Agent
POL006691,C03943,Home,2024-07-07,2034-07-07,15380.0,6989300.0,Monthly,Active,10,Medium,A0055,Agent
POL006692,C02831,Motor,2024-12-30,2025-12-30,51210.0,1463200.0,Annually,Lapsed,1,Medium,A0006,Agent
POL006693,C02692,Health,2023-08-04,2025-08-04,12950.0,300000.0,Annually,Expired,2,Low,A0078,Agent
POL006694,C01501,Motor,2023-04-07,2024-04-06,59850.0,1710100.0,Annually,Expired,1,Medium,A0073,Agent
POL006695,C00210,Motor,2023-08-12,2024-08-11,48780.0,1393600.0,Monthly,Expired,1,Medium,A0077,Corporate
POL006696,C00028,Motor,2023-02-02,2024-02-02,25850.0,738600.0,Annually,Expired,1,Medium,A0055,Agent
POL006697,C00134,Health,2024-06-21,2025-06-21,62700.0,1500000.0,Annually,Lapsed,1,Medium,A0037,Referral
POL006698,C02445,Life,2025-01-26,2045-01-26,66470.0,3652000.0,Monthly,Active,20,Medium,A0065,Agent
POL006699,C03119,Home,2023-02-01,2028-02-01,14550.0,7781700.0,Annually,Active,5,Low,A0065,Agent
POL006700,C02917,Life,2024-08-12,2044-08-12,306890.0,10806000.0,Annually,Active,20,Medium,A0030,Agent
POL006701,C00908,Motor,2025-07-09,2026-07-09,49480.0,1413700.0,Annually,Active,1,Medium,A0002,Online
POL006702,C02637,Motor,2025-05-31,2026-05-31,13250.0,445500.0,Annually,Lapsed,1,Low,A0028,Agent
POL006703,C01516,Home,2025-06-24,2030-06-24,2850.0,1526300.0,Annually,Cancelled,5,Low,A0005,Online
POL006704,C03962,Health,2025-04-26,2026-04-26,34300.0,750000.0,Quarterly,Active,1,Low,A0083,Agent
POL006705,C02239,Motor,2025-05-15,2026-05-15,58440.0,1669700.0,Annually,Active,1,Medium,A0022,Agent
POL006706,C01892,Home,2023-05-01,2028-05-01,4450.0,2022500.0,Monthly,Active,5,Medium,A0088,Bancassurance
POL006707,C00325,Health,2024-03-06,2027-03-06,116000.0,2000000.0,Annually,Active,3,Medium,A0078,Agent
POL006708,C01039,Health,2025-04-23,2026-04-23,21330.0,500000.0,Annually,Active,1,Low,A0090,Referral
POL006709,C04239,Life,2023-04-18,2043-04-18,54900.0,3760300.0,Quarterly,Active,20,Medium,A0015,Agent
POL006710,C04082,Home,2025-03-29,2030-03-28,8640.0,4620800.0,Annually,Active,5,Low,A0001,Corporate
POL006711,C04731,Home,2025-08-09,2030-08-09,8560.0,3890600.0,Annually,Active,5,Medium,A0069,Online
POL006712,C01936,Health,2024-05-13,2026-05-13,74400.0,1500000.0,Annually,Lapsed,2,Medium,A0007,Agent
POL006713,C01773,Motor,2023-01-13,2024-01-13,7280.0,244700.0,Annually,Lapsed,1,Low,A0050,Corporate
POL006714,C01805,Motor,2023-04-10,2024-04-09,30730.0,878000.0,Annually,Expired,1,Medium,A0016,Agent
POL006715,C04668,Health,2024-02-19,2027-02-19,34500.0,750000.0,Monthly,Active,3,Medium,A0092,Agent
POL006716,C02096,Life,2025-06-05,2045-06-05,204740.0,11067000.0,Annually,Active,20,Medium,A0045,Agent
POL006717,C04798,Motor,2024-05-12,2025-05-12,31660.0,904700.0,Annually,Expired,1,Medium,A0053,Online
POL006718,C02462,Health,2023-06-03,2025-06-03,15780.0,300000.0,Annually,Expired,2,Medium,A0057,Corporate
POL006719,C01950,Motor,2023-11-17,2024-11-16,44600.0,1274300.0,Annually,Lapsed,1,Medium,A0041,Corporate
POL006720,C04364,Motor,2024-03-16,2025-03-16,61060.0,1342000.0,Annually,Expired,1,High,A0078,Corporate
POL006721,C01405,Life,2023-02-17,2038-02-17,64160.0,4305900.0,Annually,Active,15,Medium,A0100,Bancassurance
POL006722,C03907,Health,2024-04-09,2025-04-09,19800.0,500000.0,Monthly,Lapsed,1,Low,A0022,Referral
POL006723,C03706,Motor,2023-05-05,2024-05-04,33760.0,964500.0,Annually,Lapsed,1,Medium,A0096,Agent
POL006724,C03473,Health,2023-05-05,2025-05-05,57140.0,750000.0,Annually,Expired,2,High,A0088,Bancassurance
POL006725,C03566,Motor,2025-08-04,2026-08-04,34400.0,982800.0,Monthly,Active,1,Medium,A0046,Agent
POL006726,C03359,Travel,2024-12-16,2024-12-31,5070.0,496900.0,Annually,Lapsed,1,Low,A0067,Bancassurance
POL006727,C02015,Health,2024-02-17,2025-02-17,20300.0,500000.0,Quarterly,Expired,1,Medium,A0038,Agent
POL006728,C03231,Home,2024-05-12,2039-05-12,9500.0,5079800.0,Annually,Active,15,Low,A0040,Online
POL006729,C03767,Health,2025-08-31,2026-08-28,72600.0,1500000.0,Annually,Cancelled,1,Medium,A0052,Online
POL006730,C01448,Motor,2023-09-20,2024-09-19,51240.0,1464100.0,Annually,Expired,1,Medium,A0037,Agent
POL006731,C04582,Home,2023-02-22,2033-02-22,10380.0,4719600.0,Annually,Active,10,Medium,A0041,Agent
POL006732,C03659,Health,2025-07-23,2026-07-23,38550.0,750000.0,Monthly,Active,1,Medium,A0079,Agent
POL006733,C02605,Health,2025-03-26,2028-03-26,60940.0,1500000.0,Monthly,Active,3,Low,A0096,Online
POL006734,C02721,Travel,2024-03-30,2024-05-05,4830.0,473700.0,Monthly,Expired,1,Low,A0045,Agent
POL006735,C02766,Motor,2024-02-27,2025-02-26,10750.0,236200.0,Annually,Expired,1,High,A0016,Referral
POL006736,C01338,Health,2023-03-26,2026-03-26,12950.0,300000.0,Quarterly,Active,3,Low,A0098,Online
POL006737,C04936,Motor,2024-10-26,2025-10-26,37190.0,1062600.0,Annually,Expired,1,Medium,A0079,Corporate
POL006738,C00784,Motor,2025-06-08,2026-06-08,48750.0,1392900.0,Annually,Active,1,Medium,A0092,Agent
POL006739,C02284,Health,2025-09-23,2026-09-23,45750.0,750000.0,Quarterly,Active,1,Medium,A0018,Online
POL006740,C00621,Health,2025-08-24,2026-08-24,18480.0,300000.0,Monthly,Active,1,Medium,A0064,Online
POL006741,C04304,Motor,2024-10-27,2025-10-27,31790.0,698600.0,Annually,Expired,1,High,A0050,Online
POL006742,C02309,Motor,2023-05-21,2024-05-20,55290.0,1579800.0,Monthly,Expired,1,Medium,A0038,Agent
POL006743,C04599,Home,2023-01-07,2028-01-07,4100.0,2190600.0,Monthly,Active,5,Low,A0066,Agent
POL006744,C00505,Life,2023-11-05,2038-11-05,52000.0,2768200.0,Annually,Active,15,Low,A0018,Corporate
POL006745,C02415,Health,2023-10-21,2025-10-21,78900.0,1500000.0,Quarterly,Lapsed,2,Medium,A0055,Agent
POL006746,C04565,Life,2023-09-24,2033-09-24,48790.0,3411700.0,Monthly,Active,10,Medium,A0070,Referral
POL006747,C04239,Motor,2024-07-18,2025-07-18,49710.0,1420300.0,Annually,Lapsed,1,Medium,A0063,Agent
POL006748,C03057,Life,2023-07-06,2033-07-06,45320.0,2532000.0,Annually,Active,10,Medium,A0050,Agent
POL006749,C04466,Travel,2023-10-04,2023-10-31,1880.0,156400.0,Annually,Expired,1,Medium,A0087,Agent
POL006750,C02720,Health,2025-04-27,2026-04-27,13260.0,300000.0,Monthly,Lapsed,1,Medium,A0022,Online
POL006751,C01937,Health,2024-12-22,2026-12-22,13870.0,300000.0,Annually,Active,2,Low,A0070,Agent
POL006752,C02091,Motor,2023-11-11,2024-11-10,32590.0,931200.0,Annually,Expired,1,Medium,A0010,Online
POL006753,C01788,Life,2024-09-09,2034-09-09,63390.0,3568400.0,Monthly,Active,10,Low,A0085,Agent
POL006754,C03853,Motor,2024-04-13,2025-04-13,17120.0,575400.0,Annually,Expired,1,Low,A0019,Corporate
POL006755,C01447,Motor,2025-04-29,2026-04-29,33160.0,728900.0,Annually,Active,1,High,A0006,Online
POL006756,C01690,Home,2025-06-11,2040-06-11,3930.0,2100500.0,Annually,Cancelled,15,Low,A0012,Online
POL006757,C01079,Travel,2023-06-05,2023-06-11,4250.0,416700.0,Annually,Expired,1,Low,A0071,Agent
POL006758,C03604,Health,2024-11-12,2026-11-12,22100.0,500000.0,Annually,Active,2,Low,A0004,Bancassurance
POL006759,C04601,Life,2024-04-25,2044-04-25,101470.0,3730600.0,Annually,Active,20,Medium,A0046,Corporate
POL006760,C02593,Life,2025-01-24,2035-01-24,105620.0,7386000.0,Annually,Active,10,Medium,A0052,Agent
POL006761,C00566,Motor,2023-11-20,2024-11-19,18550.0,529900.0,Monthly,Lapsed,1,Medium,A0047,Online
POL006762,C00898,Motor,2024-12-14,2025-12-14,45540.0,1301200.0,Annually,Expired,1,Medium,A0032,Bancassurance
POL006763,C02979,Health,2025-02-17,2026-02-17,21590.0,500000.0,Annually,Active,1,Low,A0068,Bancassurance
POL006764,C03608,Health,2024-07-07,2026-07-07,60060.0,750000.0,Monthly,Active,2,High,A0098,Online
POL006765,C03888,Health,2023-10-02,2024-10-02,19040.0,500000.0,Annually,Lapsed,1,Low,A0032,Agent
POL006766,C00049,Motor,2025-05-08,2026-05-08,40990.0,1171100.0,Annually,Active,1,Medium,A0083,Corporate
POL006767,C01468,Motor,2023-09-27,2024-09-26,8620.0,246200.0,Annually,Expired,1,Medium,A0099,Referral
POL006768,C00269,Health,2024-12-28,2026-12-28,45730.0,1000000.0,Monthly,Active,2,Low,A0075,Bancassurance
POL006769,C04107,Motor,2024-12-28,2025-12-28,8530.0,243700.0,Annually,Expired,1,Medium,A0024,Referral
POL006770,C04289,Health,2025-05-08,2026-05-08,23300.0,500000.0,Annually,Active,1,Medium,A0042,Agent
POL006771,C03204,Home,2023-03-19,2038-03-19,5120.0,1790900.0,Annually,Active,15,High,A0023,Agent
POL006772,C04818,Health,2023-03-06,2024-03-06,31620.0,750000.0,Annually,Lapsed,1,Low,A0010,Online
POL006773,C03213,Health,2023-01-12,2025-01-12,90600.0,1500000.0,Annually,Expired,2,Medium,A0017,Bancassurance
POL006774,C04720,Motor,2025-06-17,2026-06-17,17600.0,502700.0,Annually,Active,1,Medium,A0015,Online
POL006775,C01464,Motor,2024-12-06,2025-12-06,75420.0,1657700.0,Monthly,Expired,1,High,A0075,Referral
POL006776,C02791,Life,2023-03-31,2038-03-28,32070.0,1755000.0,Annually,Active,15,Low,A0041,Bancassurance
POL006777,C02428,Health,2024-09-04,2027-09-04,41700.0,750000.0,Quarterly,Lapsed,3,Medium,A0061,Online
POL006778,C04076,Health,2024-08-21,2026-08-21,49000.0,1000000.0,Quarterly,Active,2,Medium,A0004,Corporate
POL006779,C02468,Travel,2024-06-18,2024-07-22,4960.0,486000.0,Annually,Expired,1,Low,A0007,Agent
POL006780,C04564,Health,2025-09-13,2026-09-13,28200.0,750000.0,Monthly,Lapsed,1,Medium,A0083,Agent
POL006781,C02145,Home,2024-02-25,2034-02-25,4990.0,2265900.0,Monthly,Lapsed,10,Medium,A0100,Agent
POL006782,C02827,Health,2025-05-04,2027-05-04,47260.0,1000000.0,Annually,Active,2,Low,A0004,Agent
POL006783,C00178,Motor,2023-02-21,2024-02-21,45000.0,1512500.0,Monthly,Expired,1,Low,A0088,Online
POL006784,C03399,Life,2023-09-16,2038-09-16,56680.0,2921700.0,Annually,Active,15,Medium,A0064,Online
POL006785,C03565,Motor,2024-04-22,2025-04-22,13630.0,389400.0,Annually,Lapsed,1,Medium,A0080,Online
POL006786,C04032,Life,2024-11-28,2044-11-28,31570.0,2597500.0,Annually,Active,20,Low,A0084,Agent
POL006787,C00474,Home,2023-07-17,2024-07-17,10360.0,5539900.0,Annually,Lapsed,1,Low,A0095,Agent
POL006788,C02634,Life,2023-12-10,2053-12-10,75580.0,3123000.0,Annually,Active,30,Medium,A0072,Online
POL006789,C01069,Health,2024-01-29,2025-01-28,78520.0,1000000.0,Quarterly,Expired,1,High,A0027,Agent
POL006790,C02093,Health,2023-12-11,2024-12-11,27030.0,750000.0,Annually,Expired,1,Low,A0071,Bancassurance
POL006791,C00500,Home,2023-12-01,2024-12-01,11160.0,5968100.0,Monthly,Expired,1,Low,A0065,Agent
POL006792,C04988,Motor,2025-04-04,2026-04-04,33900.0,968600.0,Annually,Active,1,Medium,A0050,Agent
POL006793,C00664,Home,2023-11-25,2028-11-25,2070.0,1106600.0,Annually,Lapsed,5,Low,A0064,Agent
POL006794,C01565,Health,2023-08-21,2024-08-21,20060.0,500000.0,Monthly,Expired,1,Low,A0004,Online
POL006795,C02102,Home,2023-06-19,2024-06-19,16720.0,7602000.0,Annually,Lapsed,1,Medium,A0074,Agent
POL006796,C02480,Travel,2023-10-01,2023-11-21,7490.0,734100.0,Annually,Expired,1,Low,A0022,Bancassurance
POL006797,C04726,Health,2023-09-30,2024-09-28,34300.0,750000.0,Annually,Expired,1,Low,A0085,Online
POL006798,C00981,Health,2025-05-19,2028-05-19,57120.0,1500000.0,Monthly,Active,3,Low,A0006,Online
POL006799,C00613,Home,2024-09-10,2034-09-10,7760.0,4149100.0,Annually,Active,10,Low,A0070,Bancassurance
POL006800,C04264,Health,2023-09-20,2024-09-20,73100.0,2000000.0,Annually,Expired,1,Low,A0056,Online
POL006801,C00101,Motor,2025-02-12,2026-02-12,50210.0,1434600.0,Annually,Active,1,Medium,A0031,Agent
POL006802,C01939,Motor,2023-01-07,2024-01-07,62970.0,1799200.0,Annually,Expired,1,Medium,A0069,Agent
POL006803,C02495,Motor,2023-02-13,2024-02-13,55180.0,1576700.0,Annually,Expired,1,Medium,A0037,Corporate
POL006804,C04984,Health,2024-08-19,2025-08-19,61600.0,1000000.0,Annually,Expired,1,Medium,A0075,Bancassurance
POL006805,C03264,Home,2025-07-15,2030-07-15,14730.0,6695500.0,Annually,Lapsed,5,Medium,A0035,Online
POL006806,C01214,Motor,2023-11-21,2024-11-20,26230.0,881800.0,Annually,Expired,1,Low,A0018,Online
POL006807,C04465,Home,2023-05-06,2038-05-06,4410.0,2005400.0,Annually,Active,15,Medium,A0018,Agent
POL006808,C02078,Life,2024-09-08,2049-09-08,36470.0,2107900.0,Monthly,Active,25,Medium,A0007,Agent
POL006809,C02244,Motor,2023-08-17,2024-08-16,50950.0,1455800.0,Annually,Lapsed,1,Medium,A0055,Online
POL006810,C04842,Life,2024-06-22,2049-06-22,186560.0,10974000.0,Monthly,Active,25,Medium,A0066,Agent
POL006811,C02307,Life,2025-01-28,2050-01-28,23010.0,1564600.0,Monthly,Active,25,Low,A0047,Bancassurance
POL006812,C02033,Travel,2023-07-03,2023-08-02,1660.0,138000.0,Annually,Expired,1,Medium,A0035,Corporate
POL006813,C04626,Health,2023-05-10,2025-05-10,73500.0,1500000.0,Annually,Expired,2,Medium,A0093,Agent
POL006814,C02623,Motor,2023-10-11,2024-10-10,28170.0,804800.0,Annually,Lapsed,1,Medium,A0080,Agent
POL006815,C00105,Health,2023-07-07,2026-07-07,13720.0,300000.0,Annually,Active,3,Low,A0094,Bancassurance
POL006816,C03057,Motor,2024-02-01,2025-01-31,48460.0,1384400.0,Monthly,Expired,1,Medium,A0035,Referral
POL006817,C04530,Life,2023-11-06,2048-11-06,57070.0,3408000.0,Annually,Active,25,Low,A0024,Agent
POL006818,C02832,Motor,2023-07-23,2024-07-22,7210.0,205900.0,Annually,Expired,1,Medium,A0008,Agent
POL006819,C02729,Life,2025-01-16,2050-01-16,128790.0,8190000.0,Annually,Active,25,Low,A0019,Online
POL006820,C01904,Life,2024-11-24,2039-11-24,76480.0,3912000.0,Quarterly,Active,15,Low,A0017,Agent
POL006821,C00097,Life,2024-06-23,2039-06-23,113600.0,6927000.0,Monthly,Active,15,Medium,A0027,Bancassurance
POL006822,C04196,Motor,2024-10-23,2025-10-23,6770.0,193300.0,Annually,Lapsed,1,Medium,A0068,Corporate
POL006823,C00217,Motor,2023-02-20,2024-02-20,32050.0,915600.0,Annually,Expired,1,Medium,A0056,Online
POL006824,C00906,Health,2025-09-18,2027-09-18,44800.0,1000000.0,Monthly,Active,2,Medium,A0036,Online
POL006825,C04423,Life,2025-03-27,2055-03-27,57270.0,2907000.0,Monthly,Active,30,Medium,A0033,Bancassurance
POL006826,C03208,Life,2023-02-04,2043-02-04,39720.0,2058500.0,Monthly,Active,20,Low,A0014,Bancassurance
POL006827,C02604,Home,2024-03-09,2034-03-09,8390.0,3813300.0,Annually,Active,10,Medium,A0080,Agent
POL006828,C04084,Life,2024-03-07,2049-03-07,67490.0,3693000.0,Annually,Active,25,Low,A0011,Corporate
POL006829,C01021,Life,2024-08-29,2034-08-28,46920.0,1763900.0,Monthly,Lapsed,10,Medium,A0044,Bancassurance
POL006830,C00304,Home,2025-03-03,2040-03-03,13030.0,6969700.0,Annually,Lapsed,15,Low,A0018,Agent
POL006831,C01435,Home,2023-09-21,2028-09-21,14370.0,7683100.0,Annually,Active,5,Low,A0085,Bancassurance
POL006832,C01847,Motor,2023-08-26,2024-08-25,52400.0,1151600.0,Annually,Lapsed,1,High,A0026,Agent
POL006833,C03799,Motor,2024-09-29,2025-09-29,47340.0,1352500.0,Annually,Expired,1,Medium,A0051,Agent
POL006834,C00406,Life,2024-11-29,2044-11-28,99140.0,6861000.0,Quarterly,Active,20,Low,A0024,Agent
POL006835,C04712,Motor,2023-02-08,2024-02-08,16030.0,458100.0,Annually,Expired,1,Medium,A0066,Agent
POL006836,C04311,Health,2024-11-14,2027-11-14,63400.0,1000000.0,Annually,Active,3,Medium,A0085,Online
POL006837,C00603,Health,2024-11-16,2027-11-16,27410.0,750000.0,Monthly,Active,3,Low,A0033,Online
POL006838,C03834,Life,2023-07-13,2038-07-13,135210.0,7611000.0,Monthly,Lapsed,15,Low,A0046,Online
POL006839,C01575,Life,2023-10-21,2053-10-21,50600.0,3142600.0,Monthly,Active,30,Medium,A0045,Online
POL006840,C04075,Health,2023-07-15,2025-07-15,71060.0,2000000.0,Annually,Expired,2,Low,A0068,Online
POL006841,C04475,Travel,2024-09-11,2024-09-29,10040.0,984600.0,Annually,Lapsed,1,Low,A0039,Bancassurance
POL006842,C03373,Home,2023-08-08,2024-08-08,14520.0,7767100.0,Annually,Expired,1,Low,A0069,Online
POL006843,C03475,Life,2025-07-01,2050-07-01,65790.0,4164000.0,Annually,Active,25,Medium,A0030,Referral
POL006844,C03593,Motor,2024-10-06,2025-10-06,52130.0,1489500.0,Annually,Expired,1,Medium,A0014,Agent
POL006845,C02564,Motor,2025-08-20,2026-08-20,8710.0,249000.0,Annually,Active,1,Medium,A0072,Online
POL006846,C01233,Travel,2023-02-06,2023-03-06,3150.0,262200.0,Annually,Lapsed,1,Medium,A0085,Online
POL006847,C00009,Motor,2024-11-04,2025-11-04,75800.0,1666000.0,Annually,Expired,1,High,A0055,Agent
POL006848,C02757,Home,2024-08-29,2039-08-28,7940.0,2774800.0,Annually,Active,15,High,A0096,Agent
POL006849,C00275,Motor,2024-02-13,2025-02-12,27390.0,920600.0,Annually,Expired,1,Low,A0051,Online
POL006850,C03760,Health,2024-12-01,2025-12-01,56200.0,1000000.0,Annually,Expired,1,Medium,A0088,Agent
POL006851,C03472,Health,2025-04-05,2026-04-05,15780.0,300000.0,Annually,Active,1,Medium,A0052,Online
POL006852,C04514,Life,2023-12-16,2033-12-16,90220.0,4723800.0,Annually,Active,10,Medium,A0031,Agent
POL006853,C04830,Life,2024-12-28,2034-12-28,58870.0,3221100.0,Annually,Active,10,Low,A0084,Agent
POL006854,C03894,Life,2024-12-31,2034-12-28,125800.0,6435000.0,Annually,Active,10,Low,A0008,Agent
POL006855,C03731,Travel,2023-09-05,2023-09-21,7880.0,656900.0,Annually,Expired,1,Medium,A0074,Agent
POL006856,C00453,Health,2025-09-06,2027-09-06,38590.0,1000000.0,Monthly,Active,2,Low,A0004,Online
POL006857,C03855,Health,2024-12-18,2025-12-18,91460.0,2000000.0,Quarterly,Expired,1,Low,A0096,Referral
POL006858,C02247,Life,2023-03-25,2048-03-25,368320.0,16014000.0,Monthly,Active,25,Medium,A0076,Online
POL006859,C03403,Motor,2024-02-18,2025-02-17,37550.0,1072700.0,Annually,Expired,1,Medium,A0038,Agent
POL006860,C02374,Health,2024-08-04,2026-08-04,44850.0,750000.0,Annually,Active,2,Medium,A0036,Online
POL006861,C03397,Home,2025-06-26,2035-06-26,2700.0,1446300.0,Annually,Active,10,Low,A0043,Bancassurance
POL006862,C04657,Travel,2024-07-08,2024-08-06,4930.0,482900.0,Monthly,Expired,1,Low,A0038,Corporate
POL006863,C01465,Home,2023-07-01,2028-07-01,6760.0,3613900.0,Annually,Active,5,Low,A0032,Bancassurance
POL006864,C03592,Home,2024-04-04,2029-04-04,10300.0,4684100.0,Annually,Active,5,Medium,A0010,Online
POL006865,C03667,Motor,2024-10-30,2025-10-30,41220.0,905900.0,Monthly,Expired,1,High,A0068,Agent
POL006866,C01156,Motor,2025-08-31,2026-08-31,16970.0,484800.0,Annually,Active,1,Medium,A0030,Online
POL006867,C01240,Health,2023-11-17,2025-11-17,16320.0,300000.0,Monthly,Expired,2,Medium,A0061,Agent
POL006868,C01452,Motor,2023-02-01,2024-02-01,26920.0,591700.0,Monthly,Expired,1,High,A0039,Agent
POL006869,C00652,Life,2025-04-09,2050-04-09,452140.0,15591000.0,Annually,Active,25,Medium,A0097,Agent
POL006870,C02640,Health,2024-04-05,2027-04-05,18800.0,500000.0,Quarterly,Active,3,Medium,A0017,Agent
POL006871,C03139,Motor,2025-09-14,2026-09-14,33480.0,956500.0,Annually,Active,1,Medium,A0066,Agent
POL006872,C04178,Motor,2024-11-12,2025-11-12,23570.0,673400.0,Annually,Expired,1,Medium,A0073,Agent
POL006873,C02364,Life,2024-10-08,2054-10-08,91900.0,4527000.0,Annually,Active,30,Medium,A0046,Online
POL006874,C01677,Home,2023-02-01,2028-02-01,8070.0,3670300.0,Annually,Active,5,Medium,A0026,Referral
POL006875,C02327,Life,2025-09-22,2050-09-22,120070.0,6570000.0,Annually,Active,25,Low,A0027,Agent
POL006876,C04803,Life,2024-10-29,2044-10-28,52030.0,2767400.0,Annually,Active,20,Medium,A0013,Online
POL006877,C03532,Home,2023-07-30,2033-07-28,8720.0,4662800.0,Annually,Active,10,Low,A0010,Online
POL006878,C04940,Motor,2023-07-16,2024-07-15,30250.0,864100.0,Annually,Expired,1,Medium,A0051,Online
POL006879,C00734,Health,2024-12-18,2025-12-18,12340.0,300000.0,Annually,Expired,1,Low,A0004,Online
POL006880,C02128,Health,2024-10-04,2027-10-04,18660.0,300000.0,Monthly,Active,3,Medium,A0032,Agent
POL006881,C02399,Health,2024-06-11,2025-06-11,39000.0,750000.0,Annually,Expired,1,Medium,A0044,Online
POL006882,C01206,Motor,2025-08-23,2026-08-23,54180.0,1548000.0,Annually,Active,1,Medium,A0050,Online
POL006883,C01507,Life,2023-11-14,2043-11-14,59490.0,3845700.0,Quarterly,Active,20,Low,A0013,Agent
POL006884,C04498,Home,2024-10-12,2025-10-12,7600.0,3452400.0,Annually,Expired,1,Medium,A0093,Online
POL006885,C03761,Motor,2023-12-28,2024-12-27,20870.0,596400.0,Annually,Expired,1,Medium,A0018,Agent
POL006886,C00237,Life,2023-10-10,2033-10-10,77250.0,3755600.0,Monthly,Lapsed,10,Low,A0047,Online
POL006887,C04921,Home,2025-09-18,2026-09-18,14420.0,6552900.0,Annually,Lapsed,1,Medium,A0018,Agent
POL006888,C02341,Motor,2023-03-29,2024-03-28,47380.0,1353700.0,Annually,Expired,1,Medium,A0041,Online
POL006889,C00795,Motor,2023-07-19,2024-07-18,57210.0,1634600.0,Annually,Expired,1,Medium,A0031,Agent
POL006890,C03232,Home,2024-08-28,2025-08-28,3740.0,2001000.0,Annually,Expired,1,Low,A0080,Agent
POL006891,C02017,Health,2024-11-30,2026-11-28,22610.0,500000.0,Annually,Active,2,Low,A0052,Agent
POL006892,C02011,Life,2025-03-13,2035-03-13,113590.0,5004000.0,Annually,Active,10,Medium,A0005,Agent
POL006893,C00048,Health,2025-03-27,2026-03-27,31620.0,750000.0,Quarterly,Active,1,Low,A0082,Agent
POL006894,C03451,Health,2024-07-04,2026-07-04,28560.0,750000.0,Annually,Active,2,Low,A0022,Corporate
POL006895,C00984,Motor,2023-06-07,2024-06-06,47030.0,1343800.0,Annually,Expired,1,Medium,A0087,Bancassurance
POL006896,C04922,Health,2023-01-18,2025-01-18,30470.0,750000.0,Monthly,Lapsed,2,Low,A0041,Referral
POL006897,C03058,Life,2023-01-19,2048-01-19,52120.0,3645000.0,Annually,Active,25,Medium,A0031,Agent
POL006898,C01451,Travel,2024-03-09,2024-03-28,9940.0,974100.0,Annually,Lapsed,1,Low,A0042,Corporate
POL006899,C03478,Home,2024-06-26,2034-06-26,5310.0,2839300.0,Annually,Lapsed,10,Low,A0040,Bancassurance
POL006900,C00524,Life,2023-12-14,2043-12-14,57850.0,4390900.0,Monthly,Active,20,Low,A0038,Bancassurance
POL006901,C04978,Motor,2023-10-22,2024-10-21,9640.0,275300.0,Annually,Lapsed,1,Medium,A0055,Corporate
POL006902,C04224,Life,2024-06-02,2034-06-02,55970.0,4604900.0,Annually,Active,10,Low,A0027,Bancassurance
POL006903,C00170,Motor,2025-05-02,2026-05-02,45310.0,1294500.0,Monthly,Lapsed,1,Medium,A0082,Online
POL006904,C01005,Life,2024-09-08,2049-09-08,99770.0,5958000.0,Quarterly,Active,25,Low,A0031,Agent
POL006905,C02462,Health,2024-02-10,2025-02-10,15780.0,300000.0,Annually,Lapsed,1,Medium,A0033,Corporate
POL006906,C01424,Life,2023-08-12,2048-08-12,65060.0,4456200.0,Quarterly,Active,25,Medium,A0016,Agent
POL006907,C02963,Travel,2023-05-22,2023-07-21,2470.0,241900.0,Annually,Expired,1,Low,A0027,Online
POL006908,C04613,Motor,2025-08-07,2026-08-07,7550.0,215700.0,Annually,Lapsed,1,Medium,A0077,Bancassurance
POL006909,C03944,Life,2025-05-04,2050-05-04,34320.0,2400000.0,Annually,Active,25,Medium,A0086,Online
POL006910,C01264,Health,2025-02-28,2027-02-28,39610.0,1000000.0,Annually,Active,2,Low,A0011,Online
POL006911,C02076,Health,2023-11-28,2024-11-28,20820.0,500000.0,Quarterly,Lapsed,1,Low,A0008,Agent
POL006912,C04860,Motor,2025-02-27,2026-02-27,53460.0,1527400.0,Annually,Active,1,Medium,A0094,Agent
POL006913,C02331,Life,2025-02-14,2045-02-14,59260.0,3485800.0,Annually,Active,20,Medium,A0095,Agent
POL006914,C03106,Home,2024-10-27,2029-10-27,8880.0,4748600.0,Annually,Active,5,Low,A0040,Online
POL006915,C04719,Motor,2023-01-29,2024-01-29,31000.0,885800.0,Monthly,Expired,1,Medium,A0013,Agent
POL006916,C03394,Health,2025-05-03,2026-05-03,17760.0,300000.0,Monthly,Active,1,Medium,A0098,Bancassurance
POL006917,C04236,Motor,2023-10-06,2024-10-05,14750.0,421400.0,Annually,Lapsed,1,Medium,A0002,Online
POL006918,C04614,Life,2024-07-15,2054-07-15,119710.0,4769400.0,Annually,Active,30,Medium,A0073,Corporate
POL006919,C04826,Motor,2024-10-07,2025-10-07,38380.0,843400.0,Annually,Expired,1,High,A0095,Agent
POL006920,C00056,Health,2023-06-17,2024-06-17,24260.0,300000.0,Annually,Lapsed,1,High,A0037,Agent
POL006921,C03913,Home,2024-10-08,2025-10-08,7450.0,3983100.0,Annually,Expired,1,Low,A0005,Agent
POL006922,C02924,Motor,2023-08-29,2024-08-28,61650.0,1761400.0,Monthly,Expired,1,Medium,A0001,Agent
POL006923,C01313,Motor,2023-12-18,2024-12-17,42660.0,1219000.0,Annually,Expired,1,Medium,A0040,Bancassurance
POL006924,C01990,Health,2024-01-10,2027-01-10,30860.0,750000.0,Monthly,Active,3,Low,A0011,Online
POL006925,C00828,Home,2025-09-03,2040-09-03,9570.0,5118000.0,Annually,Lapsed,15,Low,A0069,Online
POL006926,C03090,Motor,2023-04-28,2024-04-27,35070.0,1002000.0,Annually,Expired,1,Medium,A0019,Agent
POL006927,C02897,Health,2023-10-28,2024-10-28,41200.0,1000000.0,Quarterly,Lapsed,1,Medium,A0071,Agent
POL006928,C00582,Motor,2024-06-20,2025-06-20,55650.0,1589900.0,Annually,Lapsed,1,Medium,A0015,Online
POL006929,C04066,Health,2023-11-08,2024-11-08,12190.0,300000.0,Annually,Expired,1,Low,A0013,Online
POL006930,C01597,Life,2023-11-30,2048-11-28,54350.0,3696400.0,Annually,Active,25,Low,A0051,Agent
POL006931,C00519,Motor,2025-03-08,2026-03-08,42970.0,1227700.0,Monthly,Active,1,Medium,A0050,Online
POL006932,C03101,Health,2023-01-14,2024-01-14,14160.0,300000.0,Annually,Expired,1,Medium,A0042,Online
POL006933,C02108,Life,2024-02-03,2039-02-03,338540.0,15969000.0,Quarterly,Active,15,Medium,A0054,Agent
POL006934,C04478,Life,2023-04-19,2043-04-19,141730.0,5580000.0,Annually,Active,20,Medium,A0009,Agent
POL006935,C01651,Home,2024-03-19,2029-03-19,6550.0,3500400.0,Annually,Active,5,Low,A0066,Agent
POL006936,C03625,Health,2023-01-26,2024-01-26,58000.0,1000000.0,Monthly,Expired,1,Medium,A0025,Online
POL006937,C03529,Motor,2023-04-22,2024-04-21,49850.0,1424300.0,Monthly,Lapsed,1,Medium,A0087,Agent
POL006938,C03577,Home,2025-09-26,2040-09-26,14320.0,6508800.0,Annually,Active,15,Medium,A0005,Online
POL006939,C04450,Travel,2025-02-02,2025-03-04,2420.0,201300.0,Annually,Expired,1,Medium,A0013,Online
POL006940,C03435,Motor,2024-03-17,2025-03-17,6630.0,189500.0,Annually,Expired,1,Medium,A0076,Online
POL006941,C00569,Life,2025-09-07,2035-09-07,92410.0,4853300.0,Annually,Active,10,Low,A0011,Agent
POL006942,C04376,Life,2023-02-28,2048-02-28,25900.0,1671000.0,Annually,Active,25,Medium,A0005,Bancassurance
POL006943,C01866,Life,2025-05-27,2045-05-27,34480.0,2193000.0,Monthly,Active,20,Low,A0070,Agent
POL006944,C01727,Home,2024-10-18,2034-10-18,16610.0,7549300.0,Annually,Active,10,Medium,A0020,Agent
POL006945,C04139,Motor,2024-11-13,2025-11-13,41220.0,1177800.0,Annually,Expired,1,Medium,A0026,Online
POL006946,C02576,Health,2024-05-18,2027-05-18,60180.0,1500000.0,Annually,Active,3,Low,A0091,Agent
POL006947,C03412,Motor,2023-04-15,2024-04-14,20730.0,592400.0,Annually,Expired,1,Medium,A0011,Agent
POL006948,C00421,Motor,2025-08-19,2026-08-19,46340.0,1324100.0,Annually,Active,1,Medium,A0025,Agent
POL006949,C03128,Travel,2023-09-14,2023-09-19,9310.0,775700.0,Annually,Expired,1,Medium,A0094,Online
POL006950,C03915,Health,2023-04-23,2025-04-23,12190.0,300000.0,Quarterly,Expired,2,Low,A0098,Agent
POL006951,C03340,Motor,2024-03-09,2025-03-09,17700.0,595000.0,Annually,Expired,1,Low,A0001,Agent
POL006952,C00568,Travel,2023-02-25,2023-04-25,1500.0,134500.0,Annually,Expired,1,Low,A0004,Agent
POL006953,C04695,Travel,2023-03-09,2023-04-18,11010.0,917800.0,Annually,Lapsed,1,Medium,A0008,Corporate
POL006954,C03899,Home,2024-08-18,2025-08-18,3090.0,1403400.0,Annually,Expired,1,Medium,A0032,Bancassurance
POL006955,C03487,Life,2025-05-20,2055-05-20,42330.0,2490000.0,Monthly,Lapsed,30,Low,A0079,Online
POL006956,C03410,Health,2025-06-21,2026-06-21,69000.0,1500000.0,Quarterly,Active,1,Medium,A0068,Online
POL006957,C01978,Life,2024-06-29,2039-06-28,101730.0,4005000.0,Annually,Active,15,Medium,A0051,Online
POL006958,C03793,Motor,2025-01-20,2026-01-20,36890.0,1053900.0,Annually,Active,1,Medium,A0050,Referral
POL006959,C00445,Health,2023-02-24,2026-02-24,15960.0,300000.0,Annually,Active,3,Medium,A0084,Bancassurance
POL006960,C03206,Travel,2025-03-27,2025-04-03,9780.0,959100.0,Monthly,Expired,1,Low,A0072,Agent
POL006961,C02556,Health,2023-12-18,2024-12-18,28180.0,750000.0,Annually,Expired,1,Low,A0035,Online
POL006962,C00067,Health,2025-03-14,2028-03-14,22350.0,500000.0,Annually,Active,3,Low,A0043,Agent
POL006963,C00833,Motor,2024-06-12,2025-06-12,13190.0,377000.0,Annually,Expired,1,Medium,A0095,Corporate
POL006964,C04112,Health,2023-09-05,2025-09-05,38080.0,1000000.0,Monthly,Expired,2,Low,A0067,Bancassurance
POL006965,C03137,Travel,2023-09-12,2023-10-27,6870.0,673700.0,Annually,Expired,1,Low,A0100,Bancassurance
POL006966,C01972,Motor,2024-03-03,2025-03-03,43770.0,1250700.0,Monthly,Expired,1,Medium,A0023,Agent
POL006967,C00363,Motor,2025-01-19,2026-01-19,39420.0,1126200.0,Annually,Active,1,Medium,A0006,Corporate
POL006968,C01110,Health,2023-09-05,2026-09-05,38800.0,1000000.0,Monthly,Active,3,Medium,A0085,Online
POL006969,C01862,Health,2024-09-29,2025-09-28,20570.0,500000.0,Quarterly,Lapsed,1,Low,A0096,Agent
POL006970,C02417,Health,2023-04-17,2026-04-17,16140.0,300000.0,Monthly,Active,3,Medium,A0039,Agent
POL006971,C01681,Motor,2024-07-04,2025-07-04,50870.0,1453600.0,Annually,Expired,1,Medium,A0075,Referral
POL006972,C04361,Life,2023-06-04,2033-06-04,49310.0,2625000.0,Annually,Active,10,Low,A0010,Bancassurance
POL006973,C01564,Motor,2025-06-23,2026-06-23,28160.0,804600.0,Annually,Active,1,Medium,A0056,Bancassurance
POL006974,C01209,Travel,2024-12-13,2024-12-25,1500.0,97400.0,Annually,Expired,1,Medium,A0013,Online
POL006975,C04786,Health,2025-02-16,2027-02-16,25220.0,500000.0,Monthly,Active,2,High,A0057,Agent
POL006976,C03854,Health,2023-08-06,2024-08-06,25700.0,500000.0,Quarterly,Expired,1,Medium,A0076,Agent
POL006977,C01284,Life,2023-10-07,2043-10-07,70600.0,4973600.0,Annually,Active,20,Low,A0096,Online
POL006978,C00407,Health,2023-03-23,2026-03-23,58650.0,1500000.0,Monthly,Active,3,Low,A0097,Online
POL006979,C03312,Health,2025-03-15,2027-03-15,39400.0,1000000.0,Annually,Active,2,Medium,A0098,Bancassurance
POL006980,C03540,Motor,2023-02-03,2024-02-03,20260.0,578800.0,Annually,Expired,1,Medium,A0069,Agent
POL006981,C03345,Motor,2025-02-04,2026-02-04,16730.0,477900.0,Annually,Active,1,Medium,A0100,Agent
POL006982,C04122,Health,2023-02-21,2024-02-21,56200.0,1000000.0,Annually,Expired,1,Medium,A0025,Agent
POL006983,C03312,Travel,2024-08-01,2024-08-22,10700.0,891300.0,Annually,Expired,1,Medium,A0017,Agent
POL006984,C02725,Travel,2023-11-29,2023-12-07,9570.0,797400.0,Annually,Expired,1,Medium,A0016,Agent
POL006985,C03556,Home,2023-04-05,2024-04-05,15800.0,7182600.0,Monthly,Expired,1,Medium,A0085,Agent
POL006986,C01071,Motor,2023-06-04,2024-06-03,12730.0,427800.0,Annually,Expired,1,Low,A0067,Agent
POL006987,C03776,Life,2023-12-06,2048-12-06,41180.0,2192000.0,Monthly,Active,25,Low,A0025,Online
POL006988,C03402,Motor,2025-05-25,2026-05-25,56240.0,1606700.0,Annually,Active,1,Medium,A0005,Bancassurance
POL006989,C04411,Life,2024-10-19,2044-10-19,74610.0,4744400.0,Quarterly,Active,20,Low,A0010,Agent
POL006990,C03042,Health,2023-04-16,2026-04-16,12500.0,300000.0,Annually,Active,3,Low,A0028,Agent
POL006991,C02893,Travel,2023-04-05,2023-05-12,1500.0,140400.0,Monthly,Expired,1,Low,A0038,Bancassurance
POL006992,C00878,Health,2023-07-16,2026-07-16,30090.0,750000.0,Monthly,Active,3,Low,A0018,Agent
POL006993,C04706,Home,2024-04-14,2039-04-14,12030.0,5466000.0,Annually,Active,15,Medium,A0039,Online
POL006994,C02034,Motor,2025-07-02,2026-07-02,18210.0,520200.0,Annually,Active,1,Medium,A0008,Agent
POL006995,C04855,Motor,2023-12-11,2024-12-10,60210.0,1720200.0,Annually,Lapsed,1,Medium,A0099,Agent
POL006996,C01153,Health,2024-10-15,2027-10-15,20600.0,500000.0,Annually,Active,3,Medium,A0001,Referral
POL006997,C02257,Health,2023-02-20,2024-02-20,13570.0,300000.0,Monthly,Expired,1,Low,A0018,Online
POL006998,C00801,Health,2023-08-03,2025-08-03,15060.0,300000.0,Monthly,Expired,2,Medium,A0011,Referral
POL006999,C00118,Travel,2023-08-18,2023-09-11,8910.0,873500.0,Annually,Expired,1,Low,A0077,Agent
POL007000,C00359,Travel,2025-04-01,2025-04-24,1980.0,165400.0,Monthly,Expired,1,Medium,A0076,Agent
POL007001,C03029,Motor,2024-10-18,2025-10-18,51530.0,1472400.0,Annually,Expired,1,Medium,A0039,Referral
POL007002,C03439,Life,2024-06-25,2044-06-25,47840.0,2325700.0,Monthly,Active,20,Low,A0005,Corporate
POL007003,C03771,Health,2023-12-25,2025-12-25,29900.0,500000.0,Monthly,Expired,2,Medium,A0026,Online
POL007004,C00328,Home,2023-05-27,2033-05-27,6010.0,2733200.0,Annually,Active,10,Medium,A0067,Agent
POL007005,C04908,Health,2024-07-19,2026-07-19,42160.0,1000000.0,Annually,Active,2,Low,A0075,Bancassurance
POL007006,C02036,Travel,2025-05-18,2025-06-29,10010.0,834400.0,Annually,Lapsed,1,Medium,A0008,Online
POL007007,C00951,Life,2023-01-27,2033-01-27,29530.0,1737000.0,Annually,Active,10,Low,A0091,Agent
POL007008,C04782,Motor,2025-04-29,2026-04-29,43320.0,1237600.0,Annually,Active,1,Medium,A0028,Agent
POL007009,C02514,Home,2023-09-16,2038-09-16,9420.0,5035500.0,Annually,Active,15,Low,A0075,Online
POL007010,C03294,Motor,2025-08-09,2026-08-09,28600.0,817000.0,Annually,Lapsed,1,Medium,A0021,Agent
POL007011,C01178,Health,2025-03-02,2028-03-02,33920.0,750000.0,Annually,Active,3,Low,A0087,Agent
POL007012,C04193,Motor,2025-04-07,2026-04-07,57420.0,1640500.0,Annually,Active,1,Medium,A0078,Agent
POL007013,C00992,Health,2023-08-25,2024-08-25,27030.0,750000.0,Monthly,Expired,1,Low,A0004,Online
POL007014,C02310,Health,2025-09-29,2026-09-28,11280.0,300000.0,Monthly,Lapsed,1,Medium,A0090,Corporate
POL007015,C00320,Health,2025-09-01,2026-09-01,56200.0,1000000.0,Annually,Cancelled,1,Medium,A0003,Online
POL007016,C02804,Travel,2024-07-28,2024-09-17,1500.0,104400.0,Annually,Expired,1,Medium,A0084,Online
POL007017,C02429,Health,2023-09-29,2024-09-28,30470.0,750000.0,Monthly,Expired,1,Low,A0087,Agent
POL007018,C00382,Health,2024-04-20,2025-04-20,56400.0,1500000.0,Annually,Expired,1,Medium,A0044,Bancassurance
POL007019,C00288,Home,2024-07-03,2025-07-03,13830.0,6284900.0,Annually,Expired,1,Medium,A0052,Online
POL007020,C04643,Life,2023-03-16,2038-03-16,48670.0,2036500.0,Annually,Active,15,Medium,A0011,Online
POL007021,C02643,Life,2024-04-12,2039-04-12,85280.0,3966400.0,Annually,Active,15,Medium,A0075,Referral
POL007022,C01777,Life,2024-05-20,2044-05-20,27500.0,1923000.0,Monthly,Active,20,Medium,A0098,Online
POL007023,C00851,Motor,2025-07-22,2026-07-22,23620.0,674700.0,Annually,Active,1,Medium,A0057,Online
POL007024,C03474,Motor,2024-02-03,2025-02-02,13820.0,394700.0,Annually,Expired,1,Medium,A0040,Agent
POL007025,C00169,Motor,2024-10-22,2025-10-22,68880.0,1513800.0,Annually,Expired,1,High,A0009,Bancassurance
POL007026,C00414,Motor,2024-03-16,2025-03-16,29850.0,853000.0,Annually,Expired,1,Medium,A0083,Agent
POL007027,C00070,Motor,2023-04-10,2024-04-09,16120.0,460500.0,Annually,Expired,1,Medium,A0033,Online
POL007028,C04797,Travel,2025-07-20,2025-09-05,5810.0,484300.0,Monthly,Expired,1,Medium,A0072,Agent
POL007029,C00559,Motor,2025-04-15,2026-04-15,38710.0,1106100.0,Annually,Active,1,Medium,A0085,Online
POL007030,C02172,Health,2024-12-06,2025-12-06,11460.0,300000.0,Monthly,Expired,1,Medium,A0027,Online
POL007031,C03779,Health,2024-02-29,2027-02-28,12650.0,300000.0,Annually,Active,3,Low,A0019,Bancassurance
POL007032,C04102,Life,2024-05-08,2049-05-08,127080.0,5187000.0,Annually,Active,25,Medium,A0018,Online
POL007033,C03028,Health,2024-04-19,2025-04-19,27410.0,750000.0,Quarterly,Expired,1,Low,A0099,Online
POL007034,C04574,Home,2025-03-14,2026-03-14,11340.0,5153400.0,Annually,Active,1,Medium,A0020,Agent
POL007035,C00514,Motor,2025-03-31,2026-03-31,42440.0,1212500.0,Annually,Active,1,Medium,A0020,Bancassurance
POL007036,C04885,Home,2025-01-02,2040-01-02,14670.0,6668500.0,Annually,Active,15,Medium,A0047,Agent
POL007037,C04601,Home,2024-01-03,2025-01-03,6810.0,3094300.0,Annually,Expired,1,Medium,A0078,Agent
POL007038,C01233,Life,2024-02-20,2039-02-20,70000.0,3665200.0,Annually,Active,15,Medium,A0017,Agent
POL007039,C03660,Motor,2024-12-17,2025-12-17,8060.0,230400.0,Annually,Expired,1,Medium,A0037,Agent
POL007040,C00450,Health,2025-07-03,2027-07-03,75200.0,2000000.0,Monthly,Active,2,Medium,A0067,Agent
POL007041,C01248,Motor,2023-03-17,2024-03-16,60110.0,1717300.0,Annually,Expired,1,Medium,A0054,Online
POL007042,C02047,Life,2023-03-26,2033-03-26,55690.0,3459000.0,Annually,Active,10,Medium,A0044,Bancassurance
POL007043,C00532,Home,2023-05-15,2038-05-15,4340.0,1973000.0,Annually,Active,15,Medium,A0085,Online
POL007044,C02118,Home,2023-09-28,2038-09-28,16940.0,7699000.0,Monthly,Active,15,Medium,A0014,Agent
POL007045,C02787,Home,2024-11-16,2039-11-16,9100.0,4134200.0,Annually,Active,15,Medium,A0071,Online
POL007046,C00839,Motor,2023-01-02,2024-01-02,70870.0,1557500.0,Annually,Expired,1,High,A0065,Agent
POL007047,C04991,Motor,2025-04-10,2026-04-10,60550.0,1730100.0,Annually,Active,1,Medium,A0088,Online
POL007048,C01770,Motor,2024-06-10,2025-06-10,46250.0,1016600.0,Annually,Expired,1,High,A0028,Referral
POL007049,C01761,Life,2025-06-11,2035-06-11,159320.0,6927000.0,Quarterly,Active,10,Medium,A0061,Online
POL007050,C02209,Travel,2023-03-23,2023-05-10,1500.0,126700.0,Annually,Expired,1,Low,A0087,Online
POL007051,C02003,Home,2024-12-29,2034-12-28,7890.0,3585100.0,Monthly,Active,10,Medium,A0021,Bancassurance
POL007052,C04859,Travel,2023-04-24,2023-05-24,5140.0,428600.0,Annually,Lapsed,1,Medium,A0080,Agent
POL007053,C03208,Life,2024-06-19,2039-06-19,44590.0,2311100.0,Annually,Active,15,Low,A0026,Agent
POL007054,C04344,Motor,2023-07-22,2024-07-21,34080.0,973700.0,Annually,Expired,1,Medium,A0094,Agent
POL007055,C02558,Home,2024-09-18,2025-09-18,4760.0,2543700.0,Annually,Expired,1,Low,A0072,Referral
POL007056,C04760,Health,2024-03-21,2025-03-21,46650.0,750000.0,Monthly,Expired,1,Medium,A0079,Agent
POL007057,C04157,Travel,2024-01-21,2024-03-20,4080.0,399800.0,Annually,Lapsed,1,Low,A0020,Online
POL007058,C00361,Life,2024-03-06,2044-03-06,41680.0,2694000.0,Annually,Active,20,Low,A0057,Online
POL007059,C02139,Health,2024-07-11,2026-07-11,46650.0,750000.0,Monthly,Active,2,Medium,A0065,Agent
POL007060,C02695,Life,2025-08-09,2045-08-09,28630.0,1545000.0,Quarterly,Active,20,Low,A0068,Agent
POL007061,C03300,Travel,2024-03-19,2024-05-08,5560.0,544900.0,Annually,Expired,1,Low,A0001,Referral
POL007062,C00156,Life,2023-11-15,2043-11-15,85910.0,4836000.0,Quarterly,Active,20,Low,A0037,Online
POL007063,C03944,Health,2024-06-09,2025-06-09,56400.0,1500000.0,Monthly,Expired,1,Medium,A0074,Agent
POL007064,C02297,Health,2025-09-04,2027-09-04,15240.0,300000.0,Annually,Active,2,Medium,A0100,Agent
POL007065,C00791,Health,2023-08-24,2024-08-24,19290.0,500000.0,Annually,Expired,1,Low,A0031,Bancassurance
POL007066,C02203,Motor,2023-03-27,2024-03-26,46950.0,1032000.0,Annually,Lapsed,1,High,A0045,Agent
POL007067,C02745,Travel,2023-08-17,2023-10-15,9540.0,935400.0,Annually,Expired,1,Low,A0054,Online
POL007068,C02984,Motor,2023-03-01,2024-02-29,24240.0,692500.0,Annually,Lapsed,1,Medium,A0071,Online
POL007069,C01126,Motor,2025-08-19,2026-08-19,79800.0,1753900.0,Annually,Lapsed,1,High,A0091,Online
POL007070,C03727,Life,2023-04-18,2043-04-18,115500.0,5775000.0,Quarterly,Active,20,Medium,A0066,Referral
POL007071,C04452,Health,2024-04-09,2026-04-09,28200.0,750000.0,Monthly,Active,2,Medium,A0076,Bancassurance
POL007072,C02923,Motor,2023-09-28,2024-09-27,44570.0,1273500.0,Annually,Expired,1,Medium,A0039,Online
POL007073,C04000,Life,2024-03-03,2049-03-03,48150.0,3367200.0,Annually,Cancelled,25,Medium,A0030,Online
POL007074,C03442,Health,2024-12-06,2027-12-06,116000.0,2000000.0,Monthly,Active,3,Medium,A0061,Agent
POL007075,C03172,Health,2023-05-10,2025-05-10,87900.0,1500000.0,Quarterly,Expired,2,Medium,A0045,Agent
POL007076,C00844,Motor,2025-07-22,2026-07-22,30530.0,872300.0,Annually,Active,1,Medium,A0053,Referral
POL007077,C02892,Health,2025-04-28,2027-04-28,28940.0,750000.0,Annually,Active,2,Low,A0054,Agent
POL007078,C02505,Motor,2023-12-03,2024-12-02,59840.0,1709800.0,Annually,Lapsed,1,Medium,A0042,Online
POL007079,C02359,Health,2024-10-21,2025-10-21,20570.0,500000.0,Monthly,Expired,1,Low,A0067,Online
POL007080,C00814,Health,2025-08-18,2027-08-18,12900.0,300000.0,Annually,Active,2,Medium,A0045,Agent
POL007081,C01679,Health,2025-07-11,2026-07-11,60900.0,1500000.0,Annually,Active,1,Medium,A0002,Bancassurance
POL007082,C04489,Health,2025-04-11,2026-04-11,12040.0,300000.0,Annually,Active,1,Low,A0068,Referral
POL007083,C04651,Motor,2024-11-06,2025-11-06,8620.0,246200.0,Monthly,Expired,1,Medium,A0075,Online
POL007084,C04258,Motor,2023-11-19,2024-11-18,6300.0,211700.0,Annually,Expired,1,Low,A0038,Bancassurance
POL007085,C02967,Health,2023-07-26,2025-07-26,29710.0,750000.0,Monthly,Lapsed,2,Low,A0046,Corporate
POL007086,C04575,Health,2024-01-10,2025-01-10,12040.0,300000.0,Annually,Expired,1,Low,A0081,Agent
POL007087,C04640,Life,2023-05-10,2033-05-10,61420.0,4105700.0,Annually,Active,10,Low,A0096,Online
POL007088,C02301,Health,2025-06-29,2026-06-28,35530.0,1000000.0,Annually,Active,1,Low,A0011,Online
POL007089,C03098,Motor,2024-04-02,2025-04-02,55780.0,1593600.0,Annually,Lapsed,1,Medium,A0098,Agent
POL007090,C01603,Motor,2023-04-23,2024-04-22,61330.0,1752300.0,Annually,Expired,1,Medium,A0020,Agent
POL007091,C03401,Health,2023-09-24,2026-09-24,60000.0,1500000.0,Quarterly,Lapsed,3,Medium,A0054,Agent
POL007092,C04205,Home,2024-03-26,2025-03-26,5930.0,2696900.0,Annually,Expired,1,Medium,A0081,Online
POL007093,C01835,Health,2024-07-28,2027-07-28,15060.0,300000.0,Monthly,Active,3,Medium,A0054,Agent
POL007094,C01104,Motor,2024-02-26,2025-02-25,24580.0,702300.0,Annually,Expired,1,Medium,A0072,Corporate
POL007095,C02773,Health,2024-12-08,2025-12-08,20310.0,500000.0,Monthly,Lapsed,1,Low,A0013,Corporate
POL007096,C01381,Home,2024-04-22,2025-04-22,6750.0,3611100.0,Annually,Expired,1,Low,A0025,Bancassurance
POL007097,C02898,Life,2024-03-12,2034-03-12,70480.0,3105000.0,Monthly,Active,10,Medium,A0004,Agent
POL007098,C02488,Life,2025-05-29,2045-05-28,290740.0,14322000.0,Quarterly,Active,20,Medium,A0045,Online
POL007099,C01628,Life,2024-02-19,2039-02-19,92890.0,4788000.0,Annually,Cancelled,15,Medium,A0047,Corporate
POL007100,C04807,Home,2024-07-26,2034-07-26,15590.0,7087300.0,Annually,Active,10,Medium,A0045,Online
POL007101,C02654,Life,2024-08-26,2044-08-26,122920.0,6456000.0,Annually,Active,20,Low,A0017,Agent
POL007102,C04225,Health,2024-05-11,2026-05-11,37600.0,1000000.0,Monthly,Active,2,Medium,A0100,Online
POL007103,C03186,Motor,2025-03-09,2026-03-09,51260.0,1464500.0,Annually,Active,1,Medium,A0067,Online
POL007104,C04536,Motor,2024-07-03,2025-07-03,36970.0,1056200.0,Monthly,Expired,1,Medium,A0065,Referral
POL007105,C00116,Life,2023-11-28,2053-11-28,223490.0,10395000.0,Annually,Active,30,Medium,A0038,Online
POL007106,C03265,Life,2025-08-28,2055-08-28,149180.0,8163000.0,Monthly,Active,30,Low,A0038,Agent
POL007107,C04867,Motor,2025-09-10,2026-09-10,35430.0,778700.0,Annually,Active,1,High,A0042,Referral
POL007108,C03247,Health,2025-04-08,2026-04-08,47550.0,750000.0,Monthly,Cancelled,1,Medium,A0036,Referral
POL007109,C02760,Life,2023-03-07,2043-03-07,26060.0,1822200.0,Annually,Active,20,Medium,A0084,Agent
POL007110,C01159,Travel,2023-10-11,2023-10-22,5050.0,495600.0,Monthly,Expired,1,Low,A0055,Bancassurance
POL007111,C02810,Life,2025-03-04,2050-03-04,52890.0,3535200.0,Monthly,Active,25,Low,A0072,Agent
POL007112,C00341,Home,2025-02-27,2026-02-27,14330.0,7663800.0,Annually,Active,1,Low,A0084,Agent
POL007113,C01853,Life,2024-01-23,2039-01-23,35510.0,1916400.0,Annually,Active,15,Low,A0100,Online
POL007114,C04624,Motor,2024-10-02,2025-10-02,46770.0,1336200.0,Annually,Expired,1,Medium,A0061,Bancassurance
POL007115,C04976,Life,2025-03-28,2035-03-28,53870.0,3317800.0,Quarterly,Cancelled,10,Low,A0099,Corporate
POL007116,C00147,Life,2023-09-12,2048-09-12,66230.0,4353000.0,Monthly,Lapsed,25,Low,A0065,Agent
POL007117,C03469,Home,2024-07-18,2029-07-18,4380.0,2342700.0,Monthly,Active,5,Low,A0036,Online
POL007118,C03189,Motor,2023-09-10,2024-09-09,28930.0,826400.0,Annually,Expired,1,Medium,A0068,Referral
POL007119,C01671,Motor,2023-11-09,2024-11-08,9520.0,271900.0,Annually,Expired,1,Medium,A0037,Agent
POL007120,C00846,Life,2024-09-04,2044-09-04,68760.0,3611300.0,Quarterly,Active,20,Low,A0094,Online
POL007121,C03641,Motor,2025-06-10,2026-06-10,8680.0,248000.0,Annually,Active,1,Medium,A0023,Corporate
POL007122,C03436,Motor,2023-09-08,2024-09-07,49700.0,1420000.0,Annually,Expired,1,Medium,A0036,Online
POL007123,C00336,Life,2023-08-13,2043-08-13,50040.0,3427300.0,Monthly,Cancelled,20,Medium,A0052,Agent
POL007124,C04249,Life,2025-08-13,2045-08-13,55410.0,3703600.0,Annually,Active,20,Low,A0037,Online
POL007125,C01392,Home,2025-09-29,2035-09-28,15160.0,6892500.0,Monthly,Active,10,Medium,A0020,Bancassurance
POL007126,C01283,Home,2023-09-09,2038-09-09,4670.0,2499400.0,Annually,Active,15,Low,A0041,Agent
POL007127,C02513,Health,2023-02-06,2025-02-06,39100.0,1000000.0,Monthly,Lapsed,2,Low,A0093,Agent
POL007128,C01371,Motor,2024-02-05,2025-02-04,17980.0,513800.0,Annually,Expired,1,Medium,A0070,Bancassurance
POL007129,C01999,Health,2023-09-09,2026-09-09,43690.0,1000000.0,Monthly,Active,3,Low,A0006,Online
POL007130,C00538,Health,2023-06-23,2024-06-23,12800.0,300000.0,Quarterly,Lapsed,1,Low,A0067,Bancassurance
POL007131,C00811,Motor,2023-11-22,2024-11-21,12590.0,359600.0,Annually,Expired,1,Medium,A0057,Agent
POL007132,C01124,Health,2023-02-08,2024-02-08,18530.0,500000.0,Annually,Lapsed,1,Low,A0075,Agent
POL007133,C01954,Travel,2025-05-09,2025-07-01,11500.0,958100.0,Monthly,Expired,1,Medium,A0050,Agent
POL007134,C03010,Health,2025-03-11,2026-03-11,38100.0,750000.0,Quarterly,Active,1,Medium,A0072,Online
POL007135,C00318,Motor,2024-11-15,2025-11-15,50430.0,1440900.0,Annually,Expired,1,Medium,A0085,Agent
POL007136,C00881,Health,2024-05-22,2025-05-22,56200.0,1000000.0,Quarterly,Expired,1,Medium,A0097,Online
POL007137,C01511,Health,2023-08-12,2024-08-12,39610.0,1000000.0,Monthly,Lapsed,1,Low,A0084,Referral
POL007138,C04685,Life,2023-03-22,2038-03-22,87460.0,4805500.0,Monthly,Active,15,Medium,A0076,Agent
POL007139,C00223,Health,2023-05-17,2024-05-17,11270.0,300000.0,Quarterly,Expired,1,Low,A0098,Agent
POL007140,C03471,Motor,2024-06-13,2025-06-13,67770.0,1489500.0,Monthly,Expired,1,High,A0094,Referral
POL007141,C03306,Motor,2025-04-23,2026-04-23,50050.0,1430000.0,Annually,Active,1,Medium,A0090,Corporate
POL007142,C02225,Life,2023-11-15,2033-11-15,88400.0,3522000.0,Quarterly,Active,10,Medium,A0014,Bancassurance
POL007143,C01466,Home,2025-06-10,2030-06-10,2920.0,1561800.0,Annually,Active,5,Low,A0097,Agent
POL007144,C04716,Motor,2023-06-25,2024-06-24,8390.0,239800.0,Annually,Expired,1,Medium,A0084,Agent
POL007145,C04808,Motor,2025-04-25,2026-04-25,45230.0,1292200.0,Annually,Active,1,Medium,A0074,Online
POL007146,C02994,Life,2023-04-04,2043-04-04,103440.0,4557000.0,Annually,Active,20,Medium,A0057,Online
POL007147,C03844,Travel,2024-03-30,2024-05-28,6210.0,609200.0,Annually,Expired,1,Low,A0016,Bancassurance
POL007148,C02284,Motor,2025-06-02,2026-06-02,8230.0,235100.0,Monthly,Active,1,Medium,A0083,Referral
POL007149,C00673,Motor,2024-10-19,2025-10-19,30670.0,876400.0,Annually,Expired,1,Medium,A0025,Corporate
POL007150,C02534,Motor,2024-08-22,2025-08-22,28350.0,810100.0,Annually,Lapsed,1,Medium,A0021,Agent
POL007151,C00181,Motor,2023-05-16,2024-05-15,59310.0,1694600.0,Annually,Expired,1,Medium,A0005,Referral
POL007152,C01898,Health,2023-02-18,2026-02-18,42670.0,1000000.0,Quarterly,Active,3,Low,A0088,Online
POL007153,C00567,Health,2023-08-10,2024-08-10,11420.0,300000.0,Annually,Expired,1,Low,A0045,Agent
POL007154,C04104,Health,2024-04-16,2025-04-16,13720.0,300000.0,Annually,Expired,1,Low,A0001,Bancassurance
POL007155,C01567,Travel,2025-08-08,2025-08-30,1920.0,187800.0,Annually,Expired,1,Low,A0084,Referral
POL007156,C03452,Life,2025-01-09,2050-01-09,49880.0,2655200.0,Quarterly,Active,25,Low,A0018,Online
POL007157,C04807,Life,2025-04-30,2050-04-28,182660.0,8496000.0,Monthly,Active,25,Medium,A0042,Bancassurance
POL007158,C04872,Health,2023-04-18,2024-04-18,22350.0,500000.0,Annually,Expired,1,Low,A0090,Online
POL007159,C02547,Motor,2025-05-20,2026-05-20,39810.0,1137400.0,Annually,Active,1,Medium,A0096,Bancassurance
POL007160,C01763,Motor,2024-03-27,2025-03-27,52220.0,1492100.0,Annually,Lapsed,1,Medium,A0032,Online
POL007161,C03513,Life,2024-10-11,2054-10-11,61560.0,3567500.0,Monthly,Active,30,Low,A0061,Online
POL007162,C02478,Motor,2024-11-05,2025-11-05,52360.0,1496000.0,Annually,Expired,1,Medium,A0024,Referral
POL007163,C03591,Life,2025-08-18,2035-08-18,105800.0,3933000.0,Monthly,Active,10,Medium,A0032,Agent
POL007164,C01024,Health,2023-11-15,2025-11-15,93200.0,2000000.0,Monthly,Expired,2,Medium,A0054,Agent
POL007165,C03655,Health,2025-06-04,2026-06-04,11880.0,300000.0,Monthly,Active,1,Low,A0074,Agent
POL007166,C03910,Life,2025-07-28,2045-07-28,48120.0,3060000.0,Monthly,Active,20,Low,A0072,Agent
POL007167,C04080,Home,2025-01-09,2035-01-09,11270.0,6027900.0,Annually,Active,10,Low,A0005,Agent
POL007168,C00485,Health,2025-05-26,2026-05-26,13980.0,300000.0,Quarterly,Active,1,Medium,A0011,Agent
POL007169,C03315,Motor,2025-07-14,2026-07-14,24010.0,807200.0,Monthly,Active,1,Low,A0069,Bancassurance
POL007170,C02398,Motor,2024-09-06,2025-09-06,29120.0,832100.0,Annually,Expired,1,Medium,A0074,Referral
POL007171,C00118,Home,2023-06-25,2024-06-25,6380.0,3412500.0,Annually,Expired,1,Low,A0077,Online
POL007172,C01437,Health,2023-09-23,2024-09-23,13410.0,300000.0,Annually,Expired,1,Low,A0052,Online
POL007173,C03568,Health,2024-10-30,2026-10-28,70800.0,1500000.0,Monthly,Active,2,Medium,A0028,Agent
POL007174,C00495,Health,2023-09-26,2024-09-26,65540.0,1500000.0,Monthly,Expired,1,Low,A0045,Agent
POL007175,C00517,Life,2024-02-14,2049-02-14,64630.0,4812000.0,Quarterly,Active,25,Low,A0092,Bancassurance
POL007176,C00234,Health,2023-03-01,2024-03-01,57400.0,1000000.0,Monthly,Expired,1,Medium,A0011,Agent
POL007177,C00535,Health,2025-08-27,2026-08-27,35530.0,1000000.0,Monthly,Active,1,Low,A0007,Corporate
POL007178,C01044,Health,2025-06-20,2026-06-20,11420.0,300000.0,Annually,Active,1,Low,A0011,Agent
POL007179,C02553,Home,2025-04-20,2030-04-20,8460.0,4526200.0,Annually,Active,5,Low,A0068,Bancassurance
POL007180,C04885,Life,2025-05-15,2040-05-15,61220.0,4281300.0,Quarterly,Active,15,Medium,A0094,Bancassurance
POL007181,C03128,Travel,2025-01-14,2025-03-12,9690.0,807200.0,Annually,Expired,1,Medium,A0020,Agent
POL007182,C04596,Health,2025-02-10,2028-02-10,57400.0,1000000.0,Monthly,Active,3,Medium,A0089,Bancassurance
POL007183,C02956,Health,2023-02-09,2024-02-09,28400.0,500000.0,Annually,Expired,1,Medium,A0099,Online
POL007184,C04024,Motor,2023-12-01,2024-11-30,39880.0,1139400.0,Monthly,Expired,1,Medium,A0096,Agent
POL007185,C03295,Motor,2025-08-10,2026-08-10,27520.0,786300.0,Annually,Active,1,Medium,A0041,Bancassurance
POL007186,C03870,Motor,2024-12-03,2025-12-03,36540.0,1044000.0,Annually,Expired,1,Medium,A0084,Agent
POL007187,C00716,Life,2025-04-14,2050-04-14,76310.0,5376000.0,Monthly,Active,25,Low,A0035,Agent
POL007188,C02003,Life,2024-11-19,2044-11-19,45040.0,3062900.0,Monthly,Active,20,Low,A0069,Referral
POL007189,C04279,Health,2023-10-21,2025-10-21,28700.0,500000.0,Monthly,Expired,2,Medium,A0018,Corporate
POL007190,C04541,Health,2025-03-10,2026-03-10,35060.0,750000.0,Annually,Active,1,Low,A0086,Referral
POL007191,C02695,Life,2023-02-06,2053-02-06,83880.0,4526900.0,Annually,Active,30,Low,A0035,Agent
POL007192,C04592,Health,2023-10-22,2024-10-22,21800.0,500000.0,Annually,Expired,1,Medium,A0069,Agent
POL007193,C01783,Health,2023-09-24,2025-09-24,49660.0,1000000.0,Annually,Expired,2,High,A0098,Corporate
POL007194,C02307,Health,2023-09-02,2026-09-02,32700.0,750000.0,Monthly,Active,3,Medium,A0071,Online
POL007195,C03372,Life,2024-04-15,2049-04-15,126750.0,7239000.0,Annually,Active,25,Low,A0086,Agent
POL007196,C04175,Life,2024-06-15,2039-06-15,82480.0,4710300.0,Monthly,Active,15,Low,A0071,Agent
POL007197,C00931,Home,2023-09-16,2024-09-16,11630.0,6221500.0,Annually,Lapsed,1,Low,A0016,Online
POL007198,C00848,Motor,2024-09-06,2025-09-06,48750.0,1392700.0,Annually,Expired,1,Medium,A0051,Online
POL007199,C04858,Motor,2024-04-07,2025-04-07,7330.0,246400.0,Annually,Expired,1,Low,A0053,Online
POL007200,C03177,Motor,2024-05-27,2025-05-27,59640.0,1703900.0,Annually,Expired,1,Medium,A0006,Online
POL007201,C00725,Life,2024-10-06,2049-10-06,49440.0,3546500.0,Monthly,Active,25,Low,A0016,Corporate
POL007202,C03069,Motor,2025-09-12,2026-09-12,22630.0,646500.0,Annually,Active,1,Medium,A0077,Online
POL007203,C02596,Life,2024-02-05,2044-02-05,28900.0,1559700.0,Annually,Active,20,Low,A0087,Agent
POL007204,C02490,Health,2025-04-23,2027-04-23,21080.0,500000.0,Monthly,Active,2,Low,A0037,Online
POL007205,C00399,Motor,2024-08-29,2025-08-29,58550.0,1672900.0,Annually,Expired,1,Medium,A0100,Online
POL007206,C00870,Health,2023-10-06,2024-10-06,21840.0,500000.0,Monthly,Expired,1,Low,A0081,Online
POL007207,C02977,Life,2024-10-19,2049-10-19,32740.0,2289500.0,Monthly,Active,25,Medium,A0009,Bancassurance
POL007208,C02991,Motor,2023-04-07,2024-04-06,10640.0,304000.0,Annually,Expired,1,Medium,A0007,Online
POL007209,C02326,Motor,2023-11-27,2024-11-26,12530.0,357900.0,Annually,Lapsed,1,Medium,A0091,Online
POL007210,C02471,Travel,2025-06-09,2025-07-18,7940.0,661300.0,Monthly,Expired,1,Medium,A0077,Corporate
POL007211,C00490,Life,2024-09-14,2039-09-14,69960.0,4115100.0,Annually,Active,15,Low,A0033,Online
POL007212,C04121,Life,2023-02-13,2053-02-13,21170.0,1480600.0,Annually,Cancelled,30,Medium,A0092,Referral
POL007213,C03644,Life,2023-03-31,2038-03-28,80550.0,4668300.0,Annually,Active,15,Low,A0009,Referral
POL007214,C00373,Life,2023-05-13,2043-05-13,70120.0,4523800.0,Monthly,Lapsed,20,Medium,A0039,Agent
POL007215,C04110,Motor,2025-04-20,2026-04-20,23840.0,681000.0,Monthly,Active,1,Medium,A0042,Agent
POL007216,C01547,Life,2024-07-23,2054-07-23,60110.0,4203500.0,Quarterly,Active,30,Medium,A0030,Bancassurance
POL007217,C01262,Home,2023-08-17,2028-08-17,12930.0,5877600.0,Annually,Active,5,Medium,A0068,Bancassurance
POL007218,C01401,Motor,2024-06-28,2025-06-28,52160.0,1490400.0,Annually,Lapsed,1,Medium,A0040,Corporate
POL007219,C02689,Health,2024-08-12,2025-08-12,13980.0,300000.0,Annually,Expired,1,Medium,A0080,Referral
POL007220,C03456,Home,2025-02-13,2040-02-13,12230.0,6538800.0,Annually,Cancelled,15,Low,A0046,Online
POL007221,C00160,Health,2025-01-27,2026-01-27,26600.0,500000.0,Monthly,Active,1,Medium,A0068,Bancassurance
POL007222,C02732,Motor,2025-04-10,2026-04-10,37180.0,1249800.0,Annually,Active,1,Low,A0014,Online
POL007223,C00474,Travel,2024-05-09,2024-07-07,11750.0,978800.0,Annually,Lapsed,1,Medium,A0015,Referral
POL007224,C02692,Health,2024-04-01,2025-04-01,38100.0,750000.0,Annually,Expired,1,Medium,A0017,Bancassurance
POL007225,C01854,Life,2023-12-05,2033-12-05,90150.0,4647100.0,Annually,Active,10,Medium,A0074,Online
POL007226,C01793,Life,2024-07-04,2044-07-04,38500.0,2391000.0,Monthly,Active,20,Medium,A0055,Agent
POL007227,C01951,Life,2023-11-27,2033-11-27,82240.0,4837800.0,Annually,Active,10,Medium,A0015,Bancassurance
POL007228,C03201,Motor,2023-03-09,2024-03-08,43850.0,963700.0,Annually,Expired,1,High,A0015,Online
POL007229,C02599,Motor,2025-01-17,2026-01-17,6210.0,177500.0,Annually,Active,1,Medium,A0005,Corporate
POL007230,C01005,Motor,2023-07-14,2024-07-13,9950.0,284400.0,Annually,Expired,1,Medium,A0098,Corporate
POL007231,C00870,Motor,2024-06-22,2025-06-22,4850.0,163000.0,Annually,Expired,1,Low,A0040,Referral
POL007232,C00141,Home,2024-08-21,2025-08-21,10130.0,4604100.0,Annually,Expired,1,Medium,A0033,Online
POL007233,C03354,Motor,2023-11-22,2024-11-21,29820.0,655400.0,Annually,Expired,1,High,A0036,Bancassurance
POL007234,C01213,Health,2023-07-20,2024-07-20,23600.0,500000.0,Annually,Expired,1,Medium,A0046,Bancassurance
POL007235,C00958,Motor,2024-11-07,2025-11-07,19680.0,562300.0,Annually,Expired,1,Medium,A0070,Online
POL007236,C04256,Health,2023-11-19,2024-11-19,10810.0,300000.0,Monthly,Expired,1,Low,A0050,Bancassurance
POL007237,C02414,Motor,2024-02-12,2025-02-11,32090.0,916700.0,Annually,Expired,1,Medium,A0047,Agent
POL007238,C00202,Life,2023-12-11,2043-12-11,61930.0,3331200.0,Quarterly,Active,20,High,A0035,Agent
POL007239,C04246,Life,2025-01-06,2040-01-06,36340.0,2541200.0,Quarterly,Active,15,Medium,A0068,Bancassurance
POL007240,C00356,Motor,2023-05-03,2024-05-02,19410.0,554700.0,Monthly,Expired,1,Medium,A0002,Online
POL007241,C04741,Health,2023-12-17,2025-12-17,90440.0,2000000.0,Monthly,Expired,2,Low,A0019,Online
POL007242,C02526,Health,2025-02-25,2028-02-25,15420.0,300000.0,Monthly,Active,3,Medium,A0084,Referral
POL007243,C03117,Home,2024-05-11,2034-05-11,3660.0,1956100.0,Annually,Lapsed,10,Low,A0096,Agent
POL007244,C04442,Life,2025-01-30,2045-01-28,50750.0,3549200.0,Annually,Active,20,Medium,A0057,Agent
POL007245,C00223,Health,2024-06-01,2026-06-01,28180.0,750000.0,Monthly,Active,2,Low,A0002,Referral
POL007246,C00776,Motor,2025-08-22,2026-08-22,13780.0,393700.0,Annually,Active,1,Medium,A0085,Agent
POL007247,C01519,Life,2024-08-16,2034-08-16,82000.0,3346800.0,Annually,Cancelled,10,Medium,A0042,Online
POL007248,C03485,Life,2024-08-09,2044-08-09,17250.0,1206500.0,Annually,Active,20,Medium,A0037,Online
POL007249,C00335,Life,2025-05-19,2050-05-19,47700.0,2250000.0,Monthly,Active,25,Medium,A0018,Corporate
POL007250,C00473,Health,2023-05-06,2024-05-06,19040.0,500000.0,Quarterly,Expired,1,Low,A0001,Online
POL007251,C02747,Motor,2024-04-19,2025-04-19,14380.0,411000.0,Annually,Expired,1,Medium,A0091,Bancassurance
POL007252,C02667,Home,2023-12-20,2028-12-20,13370.0,6076900.0,Annually,Lapsed,5,Medium,A0036,Corporate
POL007253,C00266,Life,2023-11-15,2043-11-15,59460.0,3497600.0,Monthly,Active,20,Low,A0038,Agent
POL007254,C02933,Life,2025-06-08,2050-06-08,117350.0,4620000.0,Monthly,Active,25,Medium,A0045,Corporate
POL007255,C02790,Health,2024-01-23,2025-01-23,22860.0,500000.0,Annually,Expired,1,Low,A0013,Bancassurance
POL007256,C00795,Health,2023-10-12,2024-10-12,15600.0,300000.0,Annually,Expired,1,Medium,A0035,Agent
POL007257,C00522,Motor,2023-08-04,2024-08-03,35410.0,1011800.0,Monthly,Expired,1,Medium,A0043,Agent
POL007258,C02530,Motor,2024-12-14,2025-12-14,16400.0,468700.0,Annually,Expired,1,Medium,A0030,Bancassurance
POL007259,C04575,Motor,2024-06-23,2025-06-23,60640.0,1732600.0,Annually,Lapsed,1,Medium,A0044,Agent
POL007260,C03440,Health,2025-09-30,2026-09-28,29710.0,750000.0,Quarterly,Active,1,Low,A0021,Agent
POL007261,C04927,Health,2025-06-04,2026-06-04,30450.0,750000.0,Annually,Active,1,Medium,A0006,Bancassurance
POL007262,C03335,Motor,2025-09-27,2026-09-27,33410.0,954600.0,Annually,Active,1,Medium,A0082,Agent
POL007263,C03639,Home,2025-08-25,2035-08-25,5180.0,2768300.0,Annually,Active,10,Low,A0001,Agent
POL007264,C01846,Motor,2023-11-04,2024-11-03,6570.0,187800.0,Annually,Expired,1,Medium,A0046,Online
POL007265,C03231,Home,2025-09-06,2030-09-06,12840.0,5837000.0,Annually,Active,5,Medium,A0079,Bancassurance
POL007266,C00580,Motor,2023-11-05,2024-11-04,22550.0,495600.0,Annually,Expired,1,High,A0004,Online
POL007267,C00391,Motor,2023-04-19,2024-04-18,26080.0,876800.0,Annually,Expired,1,Low,A0031,Agent
POL007268,C03816,Health,2024-10-02,2026-10-02,40630.0,1000000.0,Annually,Active,2,Low,A0013,Agent
POL007269,C04892,Life,2024-01-10,2049-01-10,27820.0,1798300.0,Annually,Active,25,Low,A0030,Agent
POL007270,C02603,Motor,2023-01-12,2024-01-12,22330.0,638100.0,Monthly,Expired,1,Medium,A0028,Online
POL007271,C04633,Life,2024-07-11,2039-07-11,27420.0,1566000.0,Annually,Active,15,Low,A0011,Agent
POL007272,C03378,Health,2023-07-03,2024-07-03,41140.0,1000000.0,Quarterly,Expired,1,Low,A0024,Bancassurance
POL007273,C02610,Motor,2024-01-04,2025-01-03,33960.0,970200.0,Annually,Expired,1,Medium,A0006,Online
POL007274,C03525,Health,2025-04-18,2026-04-18,32770.0,750000.0,Annually,Active,1,Low,A0019,Agent
POL007275,C01684,Home,2024-12-05,2025-12-05,10120.0,4600600.0,Annually,Expired,1,Medium,A0005,Corporate
POL007276,C03324,Health,2023-11-24,2025-11-24,10810.0,300000.0,Annually,Expired,2,Low,A0082,Agent
POL007277,C00547,Motor,2024-02-13,2025-02-12,18270.0,614100.0,Annually,Expired,1,Low,A0006,Bancassurance
POL007278,C03696,Home,2025-06-21,2035-06-21,9560.0,4346900.0,Annually,Active,10,Medium,A0095,Online
POL007279,C00055,Travel,2024-04-17,2024-04-25,4240.0,353500.0,Annually,Expired,1,Medium,A0093,Bancassurance
POL007280,C04373,Health,2024-12-25,2025-12-25,27800.0,500000.0,Monthly,Lapsed,1,Medium,A0019,Online
POL007281,C04942,Home,2025-09-17,2040-09-17,14380.0,7689800.0,Annually,Active,15,Low,A0013,Referral
POL007282,C04882,Health,2025-03-15,2026-03-15,36660.0,750000.0,Annually,Active,1,High,A0020,Corporate
POL007283,C02451,Health,2025-01-09,2026-01-09,26300.0,500000.0,Annually,Active,1,Medium,A0077,Agent
POL007284,C02069,Health,2024-05-03,2025-05-03,18780.0,500000.0,Annually,Lapsed,1,Low,A0095,Agent
POL007285,C02939,Life,2023-03-17,2033-03-17,29950.0,1845000.0,Annually,Active,10,Low,A0076,Bancassurance
POL007286,C03288,Health,2024-10-05,2025-10-05,22100.0,500000.0,Monthly,Expired,1,Low,A0069,Agent
POL007287,C00239,Travel,2025-02-22,2025-03-05,9520.0,933400.0,Monthly,Expired,1,Low,A0039,Online
POL007288,C00997,Motor,2024-06-23,2025-06-23,10220.0,343600.0,Annually,Expired,1,Low,A0002,Bancassurance
POL007289,C01011,Home,2025-08-10,2035-08-10,16580.0,7537800.0,Monthly,Active,10,Medium,A0099,Agent
POL007290,C04926,Travel,2023-04-14,2023-04-19,10460.0,871300.0,Annually,Expired,1,Medium,A0083,Online
POL007291,C01020,Travel,2024-06-18,2024-06-23,8020.0,668600.0,Annually,Expired,1,Medium,A0064,Agent
POL007292,C00821,Health,2025-06-08,2028-06-08,27410.0,750000.0,Annually,Active,3,Low,A0056,Agent
POL007293,C01176,Motor,2023-08-04,2024-08-03,11330.0,323600.0,Annually,Expired,1,Medium,A0098,Agent
POL007294,C00332,Home,2024-04-16,2034-04-16,12970.0,5894100.0,Annually,Active,10,Medium,A0010,Bancassurance
POL007295,C03437,Health,2023-03-08,2025-03-08,84320.0,2000000.0,Annually,Expired,2,Low,A0013,Agent
POL007296,C04182,Health,2023-02-26,2024-02-26,49300.0,1000000.0,Monthly,Expired,1,Low,A0024,Agent
POL007297,C01171,Life,2024-07-28,2044-07-28,94490.0,5730000.0,Annually,Lapsed,20,Low,A0050,Bancassurance
POL007298,C02845,Life,2023-10-31,2043-10-28,21230.0,1227000.0,Annually,Active,20,Medium,A0064,Agent
POL007299,C00583,Life,2025-05-18,2050-05-18,147200.0,7830000.0,Monthly,Active,25,Medium,A0082,Agent
POL007300,C02051,Motor,2024-06-13,2025-06-13,23320.0,666400.0,Monthly,Expired,1,Medium,A0081,Bancassurance
POL007301,C04704,Motor,2024-03-08,2025-03-08,8580.0,288300.0,Annually,Expired,1,Low,A0077,Corporate
POL007302,C01438,Travel,2023-01-23,2023-02-15,6790.0,666100.0,Annually,Lapsed,1,Low,A0100,Agent
POL007303,C02737,Health,2024-02-14,2026-02-14,12190.0,300000.0,Annually,Active,2,Low,A0085,Referral
POL007304,C04322,Health,2024-09-25,2027-09-25,24500.0,500000.0,Annually,Active,3,Medium,A0027,Online
POL007305,C02066,Motor,2023-01-08,2024-01-08,37030.0,1058000.0,Monthly,Expired,1,Medium,A0039,Online
POL007306,C03367,Health,2023-06-05,2024-06-05,28100.0,500000.0,Annually,Expired,1,Medium,A0035,Bancassurance
POL007307,C01731,Health,2023-10-22,2024-10-22,12340.0,300000.0,Annually,Expired,1,Low,A0054,Online
POL007308,C03866,Motor,2023-10-01,2024-09-30,41760.0,1193000.0,Annually,Expired,1,Medium,A0088,Referral
POL007309,C00796,Life,2025-02-28,2045-02-28,95150.0,3618000.0,Annually,Active,20,Medium,A0022,Referral
POL007310,C04352,Health,2025-06-16,2026-06-16,76160.0,2000000.0,Annually,Lapsed,1,Low,A0036,Bancassurance
POL007311,C04405,Life,2023-05-06,2043-05-06,40460.0,2532000.0,Quarterly,Active,20,Low,A0078,Online
POL007312,C00541,Health,2024-12-16,2026-12-16,22860.0,500000.0,Monthly,Active,2,Low,A0021,Agent
POL007313,C00842,Life,2024-09-06,2039-09-06,70130.0,3772400.0,Monthly,Active,15,High,A0084,Agent
POL007314,C01107,Motor,2023-08-20,2024-08-19,53910.0,1540400.0,Annually,Lapsed,1,Medium,A0083,Agent
POL007315,C03268,Health,2025-05-28,2026-05-28,15420.0,300000.0,Annually,Active,1,Medium,A0026,Referral
POL007316,C04500,Health,2023-01-06,2026-01-06,79220.0,2000000.0,Annually,Active,3,Low,A0087,Bancassurance
POL007317,C01045,Life,2025-09-10,2040-09-10,55470.0,3048000.0,Annually,Active,15,Medium,A0009,Online
POL007318,C01115,Life,2023-08-05,2048-08-05,43740.0,2534700.0,Monthly,Active,25,Low,A0065,Referral
POL007319,C01105,Health,2023-01-26,2024-01-26,13720.0,300000.0,Quarterly,Expired,1,Low,A0040,Agent
POL007320,C02376,Life,2024-10-16,2044-10-16,115630.0,7182000.0,Quarterly,Active,20,Medium,A0011,Agent
POL007321,C03612,Life,2023-07-14,2048-07-14,180050.0,7260000.0,Annually,Active,25,Medium,A0047,Agent
POL007322,C03118,Health,2025-03-09,2026-03-09,38590.0,1000000.0,Monthly,Active,1,Low,A0045,Agent
POL007323,C00733,Life,2024-04-05,2049-04-05,146190.0,8754000.0,Annually,Lapsed,25,Medium,A0073,Bancassurance
POL007324,C03383,Health,2024-08-27,2025-08-27,18800.0,500000.0,Monthly,Expired,1,Medium,A0077,Agent
POL007325,C01220,Health,2024-04-04,2025-04-04,65400.0,1500000.0,Monthly,Expired,1,Medium,A0056,Bancassurance
POL007326,C01246,Life,2025-02-18,2040-02-18,68700.0,4231800.0,Monthly,Cancelled,15,Low,A0097,Agent
POL007327,C02465,Life,2024-02-27,2054-02-27,63640.0,3158200.0,Quarterly,Active,30,High,A0056,Online
POL007328,C02869,Health,2023-12-19,2025-12-19,35400.0,750000.0,Annually,Expired,2,Medium,A0067,Agent
POL007329,C03400,Home,2023-08-14,2033-08-14,15680.0,7125900.0,Annually,Active,10,Medium,A0011,Bancassurance
POL007330,C01448,Life,2024-09-21,2034-09-21,69990.0,4117300.0,Monthly,Active,10,Low,A0099,Corporate
POL007331,C04488,Health,2023-09-27,2024-09-27,30860.0,750000.0,Monthly,Expired,1,Low,A0001,Bancassurance
POL007332,C00643,Motor,2024-03-25,2025-03-25,9840.0,281100.0,Annually,Lapsed,1,Medium,A0057,Bancassurance
POL007333,C03739,Motor,2023-04-12,2024-04-11,49930.0,1678200.0,Annually,Expired,1,Low,A0009,Online
POL007334,C02711,Health,2024-03-05,2027-03-05,53800.0,1000000.0,Annually,Active,3,Medium,A0085,Agent
POL007335,C00058,Life,2023-01-11,2033-01-11,95270.0,4197000.0,Monthly,Active,10,Medium,A0013,Online
POL007336,C02795,Health,2025-03-30,2028-03-28,44200.0,1000000.0,Monthly,Active,3,Medium,A0015,Bancassurance
POL007337,C00954,Home,2025-07-27,2026-07-27,14790.0,6724200.0,Annually,Active,1,Medium,A0043,Bancassurance
POL007338,C04894,Health,2023-01-08,2024-01-08,34300.0,750000.0,Monthly,Expired,1,Low,A0047,Agent
POL007339,C04218,Life,2023-06-11,2043-06-11,97560.0,6105000.0,Annually,Cancelled,20,Low,A0060,Agent
POL007340,C02463,Motor,2023-05-30,2024-05-29,27530.0,925500.0,Annually,Expired,1,Low,A0065,Corporate
POL007341,C01083,Travel,2023-05-30,2023-07-20,9570.0,797400.0,Annually,Expired,1,Medium,A0100,Agent
POL007342,C04495,Health,2023-05-04,2024-05-04,67060.0,1500000.0,Annually,Lapsed,1,Low,A0027,Agent
POL007343,C03697,Motor,2023-06-28,2024-06-27,7420.0,163100.0,Annually,Expired,1,High,A0041,Agent
POL007344,C00396,Home,2024-10-29,2029-10-28,8140.0,3700800.0,Annually,Active,5,Medium,A0008,Agent
POL007345,C01397,Health,2023-06-01,2026-06-01,30200.0,500000.0,Monthly,Active,3,Medium,A0100,Corporate
POL007346,C00498,Home,2023-03-14,2033-03-14,13480.0,7210700.0,Annually,Active,10,Low,A0077,Bancassurance
POL007347,C03621,Home,2024-01-02,2039-01-02,11900.0,6361200.0,Annually,Active,15,Low,A0074,Online
POL007348,C01672,Motor,2023-03-21,2024-03-20,49200.0,1653600.0,Annually,Expired,1,Low,A0039,Agent
POL007349,C00937,Life,2024-05-29,2054-05-28,33990.0,2151000.0,Quarterly,Active,30,Medium,A0003,Agent
POL007350,C02734,Health,2024-07-18,2025-07-18,23120.0,500000.0,Quarterly,Expired,1,Low,A0031,Referral
POL007351,C02598,Health,2025-08-09,2026-08-09,14020.0,300000.0,Quarterly,Active,1,Low,A0006,Online
POL007352,C04593,Health,2025-03-17,2027-03-17,30470.0,750000.0,Quarterly,Active,2,Low,A0079,Agent
POL007353,C00930,Motor,2024-12-24,2025-12-24,34340.0,981200.0,Annually,Expired,1,Medium,A0025,Corporate
POL007354,C03510,Health,2025-04-19,2026-04-19,11120.0,300000.0,Annually,Active,1,Low,A0090,Bancassurance
POL007355,C00886,Home,2024-06-20,2029-06-20,13120.0,7014600.0,Annually,Active,5,Low,A0009,Agent
POL007356,C00944,Health,2024-02-28,2026-02-28,92000.0,2000000.0,Annually,Active,2,Medium,A0076,Corporate
POL007357,C03801,Health,2023-05-13,2026-05-13,29710.0,750000.0,Monthly,Active,3,Low,A0089,Agent
POL007358,C02851,Motor,2025-04-28,2026-04-28,46780.0,1028200.0,Monthly,Active,1,High,A0091,Online
POL007359,C04187,Motor,2024-05-02,2025-05-02,37320.0,1066300.0,Annually,Expired,1,Medium,A0079,Online
POL007360,C01415,Life,2023-01-30,2048-01-28,81700.0,4395000.0,Annually,Active,25,High,A0068,Agent
POL007361,C04093,Health,2024-06-15,2026-06-15,34950.0,750000.0,Monthly,Active,2,Medium,A0073,Referral
POL007362,C00845,Motor,2024-03-18,2025-03-18,23130.0,660900.0,Annually,Expired,1,Medium,A0018,Online
POL007363,C00642,Motor,2024-09-02,2025-09-02,28820.0,823400.0,Annually,Expired,1,Medium,A0025,Agent
POL007364,C01384,Life,2023-11-23,2043-11-23,67350.0,4084000.0,Monthly,Cancelled,20,Low,A0011,Agent
POL007365,C02874,Motor,2024-02-26,2025-02-25,26160.0,747400.0,Annually,Expired,1,Medium,A0074,Online
POL007366,C02818,Life,2025-08-10,2055-08-10,43110.0,3014600.0,Annually,Active,30,Medium,A0053,Agent
POL007367,C04214,Travel,2025-06-19,2025-07-23,3840.0,376400.0,Annually,Lapsed,1,Low,A0089,Referral
POL007368,C00993,Life,2025-07-05,2035-07-05,109010.0,5883000.0,Monthly,Active,10,Low,A0061,Agent
POL007369,C04962,Health,2024-04-24,2025-04-24,13870.0,300000.0,Monthly,Expired,1,Low,A0067,Online
POL007370,C02767,Travel,2024-02-01,2024-02-21,5830.0,486200.0,Annually,Expired,1,Medium,A0079,Online
POL007371,C04374,Health,2023-04-19,2025-04-19,36550.0,1000000.0,Monthly,Lapsed,2,Low,A0035,Bancassurance
POL007372,C00347,Health,2023-06-09,2026-06-09,31100.0,500000.0,Monthly,Active,3,Medium,A0019,Corporate
POL007373,C03434,Health,2023-08-07,2025-08-07,40600.0,1000000.0,Quarterly,Expired,2,Medium,A0073,Corporate
POL007374,C00078,Motor,2024-06-27,2025-06-27,24090.0,688400.0,Annually,Expired,1,Medium,A0090,Agent
POL007375,C04437,Life,2025-07-12,2040-07-12,143170.0,7380000.0,Annually,Active,15,Medium,A0044,Referral
POL007376,C04779,Health,2024-11-07,2025-11-07,21080.0,500000.0,Quarterly,Expired,1,Low,A0070,Online
POL007377,C00914,Home,2023-05-15,2038-05-15,11140.0,5954900.0,Annually,Active,15,Low,A0061,Online
POL007378,C03245,Life,2024-08-06,2054-08-06,144900.0,8787000.0,Annually,Active,30,Low,A0039,Referral
POL007379,C01576,Health,2025-03-20,2026-03-20,12190.0,300000.0,Annually,Active,1,Low,A0037,Corporate
POL007380,C00516,Health,2024-01-15,2025-01-15,53300.0,1500000.0,Annually,Expired,1,Low,A0019,Agent
POL007381,C00575,Motor,2025-07-31,2026-07-31,20250.0,578600.0,Annually,Active,1,Medium,A0069,Referral
POL007382,C04253,Home,2024-04-13,2034-04-13,14570.0,6621800.0,Annually,Active,10,Medium,A0070,Online
POL007383,C00619,Motor,2024-04-22,2025-04-22,14180.0,476800.0,Annually,Expired,1,Low,A0050,Agent
POL007384,C00302,Travel,2024-02-22,2024-04-05,6970.0,581000.0,Annually,Expired,1,Medium,A0015,Online
POL007385,C03755,Motor,2024-11-24,2025-11-24,49010.0,1400300.0,Annually,Lapsed,1,Medium,A0020,Agent
POL007386,C03026,Motor,2024-09-19,2025-09-19,13240.0,378300.0,Monthly,Expired,1,Medium,A0095,Bancassurance
POL007387,C02274,Health,2024-01-12,2026-01-12,56800.0,1000000.0,Annually,Active,2,Medium,A0091,Agent
POL007388,C02266,Health,2023-08-12,2024-08-12,55600.0,1000000.0,Monthly,Expired,1,Medium,A0061,Agent
POL007389,C00751,Home,2024-09-19,2034-09-19,4840.0,2585600.0,Annually,Active,10,Low,A0065,Corporate
POL007390,C01836,Life,2023-12-28,2053-12-28,57050.0,2220000.0,Monthly,Active,30,Medium,A0057,Corporate
POL007391,C00757,Health,2023-01-24,2024-01-24,49600.0,1000000.0,Monthly,Expired,1,Medium,A0066,Agent
POL007392,C02677,Life,2024-05-29,2039-05-28,104140.0,4149000.0,Quarterly,Lapsed,15,Medium,A0085,Agent
POL007393,C03317,Health,2024-01-04,2027-01-04,30090.0,750000.0,Quarterly,Active,3,Low,A0045,Agent
POL007394,C02841,Travel,2023-01-29,2023-02-07,1660.0,138500.0,Annually,Expired,1,Medium,A0067,Online
POL007395,C00037,Motor,2023-06-07,2024-06-06,44010.0,1257500.0,Annually,Expired,1,Medium,A0013,Online
POL007396,C03992,Health,2024-03-09,2026-03-09,31240.0,750000.0,Quarterly,Active,2,Low,A0053,Corporate
POL007397,C03496,Health,2024-06-15,2027-06-15,12340.0,300000.0,Monthly,Active,3,Low,A0018,Agent
POL007398,C02468,Life,2023-07-28,2038-07-28,53840.0,1856500.0,Annually,Active,15,Medium,A0070,Agent
POL007399,C03165,Motor,2023-03-24,2024-03-23,58300.0,1281300.0,Annually,Expired,1,High,A0041,Corporate
POL007400,C04186,Health,2025-05-19,2027-05-19,38090.0,500000.0,Monthly,Active,2,High,A0081,Online
POL007401,C00033,Health,2025-07-07,2026-07-07,19290.0,500000.0,Monthly,Lapsed,1,Low,A0097,Online
POL007402,C00149,Health,2025-07-06,2026-07-06,40600.0,1000000.0,Monthly,Active,1,Medium,A0016,Corporate
POL007403,C02253,Health,2024-11-12,2026-11-12,27800.0,750000.0,Annually,Active,2,Low,A0082,Online
POL007404,C01947,Home,2024-12-06,2034-12-06,6430.0,3439700.0,Monthly,Active,10,Low,A0006,Online
POL007405,C02533,Home,2024-12-06,2039-12-06,7170.0,3258900.0,Annually,Active,15,Medium,A0020,Agent
POL007406,C02636,Health,2025-09-04,2026-09-04,57400.0,1000000.0,Quarterly,Active,1,Medium,A0080,Agent
POL007407,C00595,Motor,2025-02-04,2026-02-04,16570.0,473400.0,Annually,Active,1,Medium,A0089,Agent
POL007408,C02871,Life,2024-07-20,2049-07-20,189540.0,9330000.0,Annually,Active,25,Low,A0026,Agent
POL007409,C02945,Health,2024-10-23,2025-10-23,52000.0,1000000.0,Annually,Expired,1,Medium,A0094,Corporate
POL007410,C00929,Health,2025-01-26,2027-01-26,31240.0,750000.0,Monthly,Active,2,Low,A0005,Online
POL007411,C00678,Motor,2024-03-28,2025-03-28,32530.0,929500.0,Annually,Expired,1,Medium,A0026,Referral
POL007412,C04463,Home,2025-01-27,2030-01-27,5810.0,2642800.0,Annually,Active,5,Medium,A0100,Online
POL007413,C01908,Motor,2025-08-12,2026-08-12,19360.0,553200.0,Annually,Active,1,Medium,A0052,Agent
POL007414,C01142,Health,2025-07-05,2026-07-05,46000.0,1000000.0,Quarterly,Active,1,Medium,A0088,Agent
POL007415,C00576,Health,2023-04-22,2025-04-22,56400.0,1500000.0,Annually,Lapsed,2,Medium,A0032,Agent
POL007416,C02071,Life,2023-10-23,2038-10-23,65140.0,4210700.0,Annually,Active,15,Low,A0068,Bancassurance
POL007417,C01060,Motor,2024-10-04,2025-10-04,55340.0,1581300.0,Annually,Lapsed,1,Medium,A0075,Agent
POL007418,C01503,Travel,2023-02-17,2023-03-14,3100.0,304400.0,Annually,Expired,1,Low,A0061,Agent
POL007419,C00917,Life,2024-12-22,2044-12-22,62360.0,4360700.0,Annually,Lapsed,20,Medium,A0024,Corporate
POL007420,C01778,Travel,2024-06-21,2024-07-12,2650.0,259700.0,Annually,Expired,1,Low,A0093,Referral
POL007421,C04512,Motor,2025-02-16,2026-02-16,27230.0,598600.0,Annually,Active,1,High,A0072,Online
POL007422,C04505,Health,2024-09-14,2025-09-14,10050.0,300000.0,Monthly,Expired,1,Low,A0094,Corporate
POL007423,C00082,Home,2023-01-22,2033-01-22,11760.0,6287300.0,Annually,Active,10,Low,A0022,Agent
POL007424,C01282,Home,2023-04-09,2028-04-09,13740.0,7347900.0,Monthly,Active,5,Low,A0066,Agent
POL007425,C01568,Life,2023-06-11,2043-06-11,74630.0,4723700.0,Annually,Active,20,Medium,A0053,Agent
POL007426,C00747,Health,2025-06-18,2026-06-18,18020.0,500000.0,Annually,Active,1,Low,A0082,Agent
POL007427,C00468,Motor,2024-02-19,2025-02-18,22660.0,647300.0,Annually,Lapsed,1,Medium,A0024,Agent
POL007428,C04432,Home,2024-10-31,2034-10-28,14930.0,6787200.0,Annually,Lapsed,10,Medium,A0010,Agent
POL007429,C03734,Motor,2023-10-04,2024-10-03,39260.0,1319500.0,Monthly,Expired,1,Low,A0087,Bancassurance
POL007430,C02830,Health,2025-06-20,2027-06-20,58200.0,1500000.0,Quarterly,Active,2,Medium,A0100,Bancassurance
POL007431,C03133,Motor,2025-07-10,2026-07-10,62580.0,1788000.0,Annually,Lapsed,1,Medium,A0097,Online
POL007432,C00074,Home,2025-08-03,2035-08-03,2270.0,1216600.0,Annually,Active,10,Low,A0009,Referral
POL007433,C03822,Motor,2024-10-13,2025-10-13,73450.0,1614200.0,Annually,Expired,1,High,A0065,Agent
POL007434,C02030,Motor,2023-08-17,2024-08-16,13870.0,396400.0,Annually,Expired,1,Medium,A0050,Agent
POL007435,C02206,Home,2023-05-01,2033-05-01,7940.0,3608500.0,Annually,Lapsed,10,Medium,A0001,Referral
POL007436,C03176,Motor,2023-03-28,2024-03-27,53050.0,1515800.0,Annually,Expired,1,Medium,A0046,Agent
POL007437,C03168,Health,2023-08-02,2024-08-02,27800.0,500000.0,Annually,Expired,1,Medium,A0098,Online
POL007438,C01183,Life,2025-05-18,2035-05-18,24350.0,1524000.0,Quarterly,Lapsed,10,Low,A0087,Agent
POL007439,C03893,Health,2024-09-26,2025-09-26,84300.0,1500000.0,Monthly,Lapsed,1,Medium,A0016,Online
POL007440,C02549,Life,2024-11-07,2044-11-07,80050.0,4191300.0,Quarterly,Active,20,Medium,A0041,Agent
POL007441,C04096,Home,2025-01-18,2030-01-18,12530.0,6703100.0,Monthly,Cancelled,5,Low,A0038,Online
POL007442,C00852,Health,2025-04-28,2026-04-28,12650.0,300000.0,Monthly,Lapsed,1,Low,A0061,Referral
POL007443,C03220,Life,2024-01-24,2039-01-24,82290.0,5208000.0,Monthly,Active,15,Medium,A0076,Referral
POL007444,C00177,Life,2025-03-07,2050-03-07,63160.0,3255400.0,Annually,Active,25,Medium,A0076,Agent
POL007445,C01405,Health,2023-09-07,2026-09-07,19400.0,500000.0,Annually,Active,3,Medium,A0086,Referral
POL007446,C01357,Life,2025-01-24,2050-01-24,83710.0,4226900.0,Annually,Active,25,Low,A0069,Agent
POL007447,C03875,Motor,2024-11-26,2025-11-26,45080.0,1288000.0,Annually,Expired,1,Medium,A0095,Bancassurance
POL007448,C02427,Health,2025-02-02,2026-02-02,17760.0,300000.0,Annually,Active,1,Medium,A0070,Bancassurance
POL007449,C03892,Motor,2025-04-24,2026-04-24,7770.0,222100.0,Annually,Active,1,Medium,A0081,Corporate
POL007450,C03620,Health,2023-11-25,2024-11-25,57400.0,1000000.0,Monthly,Expired,1,Medium,A0028,Agent
POL007451,C01204,Health,2023-06-18,2024-06-18,14880.0,300000.0,Annually,Expired,1,Medium,A0073,Agent
POL007452,C01025,Motor,2023-04-12,2024-04-11,52730.0,1506500.0,Annually,Expired,1,Medium,A0071,Online
POL007453,C04799,Health,2024-08-12,2025-08-12,22100.0,500000.0,Monthly,Expired,1,Low,A0098,Online
POL007454,C04449,Travel,2024-04-05,2024-05-11,4700.0,460300.0,Annually,Expired,1,Low,A0023,Agent
POL007455,C02518,Motor,2023-12-15,2024-12-14,58030.0,1657900.0,Annually,Expired,1,Medium,A0052,Agent
POL007456,C04492,Life,2024-08-20,2034-08-20,68730.0,4517400.0,Quarterly,Active,10,Low,A0098,Agent
POL007457,C01989,Health,2023-07-14,2024-07-14,93300.0,1500000.0,Annually,Expired,1,Medium,A0028,Agent
POL007458,C00668,Health,2023-09-19,2024-09-19,60940.0,1500000.0,Monthly,Expired,1,Low,A0053,Agent
POL007459,C01996,Life,2024-05-30,2044-05-28,201920.0,8556000.0,Monthly,Active,20,Medium,A0068,Agent
POL007460,C03619,Health,2024-07-12,2027-07-12,55000.0,1000000.0,Annually,Active,3,Medium,A0084,Agent
POL007461,C03740,Health,2024-04-05,2025-04-05,12900.0,300000.0,Quarterly,Expired,1,Medium,A0037,Referral
POL007462,C00803,Life,2025-07-31,2045-07-28,69560.0,3531000.0,Annually,Active,20,Medium,A0035,Agent
POL007463,C01856,Motor,2025-01-11,2026-01-11,51920.0,1483500.0,Annually,Active,1,Medium,A0038,Bancassurance
POL007464,C03562,Travel,2023-07-01,2023-08-21,2070.0,203000.0,Annually,Expired,1,Low,A0027,Bancassurance
POL007465,C01767,Home,2023-11-30,2038-11-28,2000.0,908800.0,Annually,Active,15,Medium,A0010,Online
POL007466,C00854,Motor,2023-03-20,2024-03-19,61550.0,1758600.0,Annually,Expired,1,Medium,A0015,Online
POL007467,C04520,Health,2024-10-26,2025-10-26,22100.0,500000.0,Quarterly,Expired,1,Medium,A0091,Agent
POL007468,C03785,Life,2024-10-20,2044-10-20,71190.0,3613600.0,Annually,Lapsed,20,Medium,A0046,Agent
POL007469,C04222,Health,2024-09-17,2027-09-17,27800.0,750000.0,Annually,Active,3,Low,A0023,Online
POL007470,C02906,Health,2024-03-20,2027-03-20,12360.0,300000.0,Quarterly,Active,3,Medium,A0025,Agent
POL007471,C03149,Life,2023-09-17,2038-09-17,59900.0,3291200.0,Monthly,Active,15,Medium,A0098,Online
POL007472,C03133,Motor,2023-10-01,2024-09-30,54640.0,1561100.0,Annually,Expired,1,Medium,A0045,Online
POL007473,C04294,Life,2025-03-07,2055-03-07,197750.0,10038000.0,Monthly,Active,30,Medium,A0010,Agent
POL007474,C03924,Home,2024-08-09,2039-08-09,8790.0,3997200.0,Monthly,Active,15,Medium,A0016,Online
POL007475,C00506,Motor,2023-12-31,2024-12-30,40710.0,1163300.0,Annually,Expired,1,Medium,A0088,Online
POL007476,C01743,Motor,2024-08-07,2025-08-07,38810.0,1109000.0,Annually,Expired,1,Medium,A0089,Agent
POL007477,C04987,Health,2025-02-08,2026-02-08,25400.0,500000.0,Annually,Active,1,Medium,A0009,Bancassurance
POL007478,C00031,Health,2025-03-29,2026-03-28,28200.0,750000.0,Annually,Lapsed,1,Medium,A0005,Agent
POL007479,C04333,Life,2023-06-21,2043-06-21,84490.0,3212500.0,Monthly,Active,20,Medium,A0085,Corporate
POL007480,C03650,Health,2024-01-30,2026-01-28,20060.0,500000.0,Annually,Active,2,Low,A0011,Agent
POL007481,C00777,Life,2025-07-06,2045-07-06,63760.0,3489000.0,Monthly,Active,20,Low,A0089,Online
POL007482,C04682,Motor,2023-10-08,2024-10-07,57560.0,1644600.0,Annually,Lapsed,1,Medium,A0036,Agent
POL007483,C02156,Health,2023-02-27,2024-02-27,21800.0,500000.0,Quarterly,Expired,1,Medium,A0011,Online
POL007484,C01780,Travel,2024-04-14,2024-05-28,8680.0,723400.0,Monthly,Expired,1,Medium,A0094,Agent
POL007485,C00325,Health,2024-03-08,2027-03-08,58000.0,1000000.0,Quarterly,Active,3,Medium,A0035,Corporate
POL007486,C03197,Travel,2023-03-30,2023-04-13,3210.0,267400.0,Annually,Lapsed,1,Medium,A0067,Agent
POL007487,C03068,Life,2023-04-04,2043-04-04,69880.0,2961000.0,Annually,Active,20,Medium,A0064,Bancassurance
POL007488,C02141,Life,2025-06-26,2050-06-26,70050.0,3537000.0,Quarterly,Active,25,Low,A0007,Agent
POL007489,C01295,Health,2024-03-28,2025-03-28,32000.0,750000.0,Annually,Expired,1,Low,A0013,Agent
POL007490,C04720,Travel,2024-01-14,2024-02-02,9940.0,974400.0,Annually,Expired,1,Low,A0079,Online
POL007491,C04790,Life,2023-04-26,2033-04-26,28390.0,1865900.0,Monthly,Active,10,Low,A0030,Online
POL007492,C02873,Motor,2025-01-09,2026-01-09,34040.0,972600.0,Annually,Active,1,Medium,A0099,Online
POL007493,C01183,Health,2024-08-25,2026-08-25,19800.0,500000.0,Monthly,Active,2,Low,A0005,Agent
POL007494,C04695,Home,2024-10-16,2034-10-16,2110.0,959100.0,Annually,Active,10,Medium,A0025,Agent
POL007495,C03749,Life,2023-08-22,2053-08-22,111780.0,5058000.0,Monthly,Active,30,Medium,A0099,Bancassurance
POL007496,C03002,Motor,2024-06-05,2025-06-05,34600.0,760400.0,Annually,Expired,1,High,A0094,Online
POL007497,C04427,Motor,2023-04-24,2024-04-23,28050.0,801600.0,Monthly,Expired,1,Medium,A0041,Online
POL007498,C02777,Travel,2023-05-14,2023-07-08,3820.0,318100.0,Monthly,Expired,1,Medium,A0077,Bancassurance
POL007499,C03114,Motor,2023-01-17,2024-01-17,35280.0,1008100.0,Annually,Expired,1,Medium,A0067,Agent
POL007500,C02916,Life,2025-09-30,2040-09-28,72230.0,2778000.0,Annually,Cancelled,15,Medium,A0043,Online
POL007501,C04262,Motor,2024-10-11,2025-10-11,7810.0,223100.0,Annually,Expired,1,Medium,A0094,Agent
POL007502,C02624,Life,2024-06-25,2049-06-25,88540.0,3255300.0,Monthly,Active,25,Medium,A0010,Agent
POL007503,C01385,Home,2023-03-28,2033-03-28,9410.0,5034400.0,Annually,Lapsed,10,Low,A0015,Agent
POL007504,C03785,Home,2025-04-21,2030-04-21,10810.0,4914300.0,Annually,Active,5,Medium,A0061,Agent
POL007505,C03784,Motor,2024-11-22,2025-11-22,49190.0,1405400.0,Annually,Expired,1,Medium,A0068,Online
POL007506,C03312,Travel,2023-05-17,2023-07-03,3400.0,283700.0,Annually,Expired,1,Medium,A0010,Agent
POL007507,C02229,Motor,2024-12-06,2025-12-06,62630.0,1789400.0,Annually,Expired,1,Medium,A0047,Agent
POL007508,C04915,Life,2024-04-17,2039-04-17,83860.0,4192900.0,Quarterly,Active,15,Medium,A0050,Online
POL007509,C04223,Life,2025-05-26,2055-05-26,44760.0,2484000.0,Monthly,Active,30,Low,A0057,Bancassurance
POL007510,C03901,Travel,2023-08-26,2023-09-12,4640.0,386300.0,Annually,Expired,1,Medium,A0036,Agent
POL007511,C01340,Motor,2023-08-06,2024-08-05,27940.0,798400.0,Annually,Expired,1,Medium,A0039,Corporate
POL007512,C04322,Health,2023-03-12,2024-03-12,24500.0,500000.0,Annually,Lapsed,1,Medium,A0015,Online
POL007513,C03499,Motor,2025-08-28,2026-08-28,14590.0,416900.0,Annually,Lapsed,1,Medium,A0055,Agent
POL007514,C02153,Health,2024-09-14,2027-09-14,40350.0,750000.0,Monthly,Active,3,Medium,A0056,Corporate
POL007515,C00549,Motor,2023-10-21,2024-10-20,60100.0,1717000.0,Annually,Lapsed,1,Medium,A0027,Agent
POL007516,C04788,Health,2024-01-05,2026-01-05,43500.0,750000.0,Monthly,Active,2,Medium,A0009,Bancassurance
POL007517,C03346,Life,2023-05-05,2048-05-05,68360.0,3793600.0,Annually,Active,25,Low,A0005,Agent
POL007518,C03523,Motor,2025-02-21,2026-02-21,6160.0,176100.0,Monthly,Active,1,Medium,A0028,Bancassurance
POL007519,C02654,Motor,2024-12-28,2025-12-28,52610.0,1503200.0,Annually,Expired,1,Medium,A0084,Referral
POL007520,C01043,Travel,2023-04-14,2023-05-14,8720.0,726600.0,Annually,Expired,1,Medium,A0071,Agent
POL007521,C04552,Motor,2024-11-18,2025-11-18,55620.0,1589100.0,Annually,Lapsed,1,Medium,A0095,Bancassurance
POL007522,C02940,Health,2024-10-21,2026-10-21,28200.0,750000.0,Monthly,Active,2,Medium,A0061,Bancassurance
POL007523,C01445,Life,2024-04-03,2049-04-03,80840.0,4135000.0,Quarterly,Active,25,Low,A0069,Online
POL007524,C03793,Motor,2023-04-23,2024-04-22,60930.0,1741000.0,Annually,Expired,1,Medium,A0025,Online
POL007525,C01291,Home,2024-06-20,2025-06-20,8550.0,4573800.0,Annually,Expired,1,Low,A0052,Agent
POL007526,C04228,Travel,2023-01-02,2023-02-23,8940.0,876200.0,Annually,Expired,1,Low,A0044,Bancassurance
POL007527,C03979,Home,2024-09-16,2034-09-16,4570.0,2079400.0,Monthly,Lapsed,10,Medium,A0015,Online
POL007528,C01609,Health,2023-04-30,2026-04-28,71700.0,1500000.0,Quarterly,Active,3,Medium,A0041,Online
POL007529,C01426,Health,2025-09-10,2026-09-10,30450.0,750000.0,Quarterly,Active,1,Medium,A0041,Bancassurance
POL007530,C02201,Health,2023-05-13,2024-05-13,22350.0,500000.0,Monthly,Expired,1,Low,A0042,Online
POL007531,C00075,Travel,2023-03-27,2023-04-09,7460.0,731300.0,Annually,Expired,1,Low,A0047,Online
POL007532,C03184,Home,2025-02-03,2030-02-03,10920.0,5837200.0,Annually,Active,5,Low,A0055,Agent
POL007533,C01740,Motor,2024-02-11,2025-02-10,25340.0,724000.0,Annually,Expired,1,Medium,A0041,Corporate
POL007534,C00039,Motor,2024-01-01,2024-12-31,50190.0,1433900.0,Annually,Lapsed,1,Medium,A0095,Agent
POL007535,C02871,Health,2023-06-12,2024-06-12,17040.0,300000.0,Annually,Expired,1,Medium,A0079,Bancassurance
POL007536,C01218,Life,2024-06-12,2039-06-12,99450.0,5367000.0,Annually,Active,15,Low,A0018,Corporate
POL007537,C01175,Health,2023-04-19,2025-04-19,42400.0,1000000.0,Quarterly,Expired,2,Medium,A0087,Bancassurance
POL007538,C02743,Life,2025-04-06,2040-04-06,71270.0,4267800.0,Annually,Active,15,Medium,A0053,Online
POL007539,C04840,Travel,2025-09-18,2025-11-02,7700.0,755200.0,Annually,Expired,1,Low,A0070,Bancassurance
POL007540,C00442,Health,2025-03-06,2028-03-06,22400.0,500000.0,Monthly,Active,3,Medium,A0005,Corporate
POL007541,C03313,Motor,2024-02-22,2025-02-21,38820.0,1109200.0,Annually,Expired,1,Medium,A0042,Agent
POL007542,C00856,Travel,2024-05-11,2024-06-04,1500.0,81700.0,Annually,Expired,1,Low,A0084,Bancassurance
POL007543,C01456,Health,2023-09-07,2025-09-07,30000.0,750000.0,Quarterly,Lapsed,2,Medium,A0092,Agent
POL007544,C01964,Motor,2024-12-17,2025-12-17,26300.0,751500.0,Monthly,Expired,1,Medium,A0027,Bancassurance
POL007545,C01458,Life,2023-09-27,2038-09-27,36880.0,2169500.0,Monthly,Lapsed,15,Low,A0025,Agent
POL007546,C04570,Motor,2023-07-14,2024-07-13,58640.0,1675300.0,Annually,Expired,1,Medium,A0002,Bancassurance
POL007547,C00561,Motor,2023-06-16,2024-06-15,37340.0,820700.0,Annually,Expired,1,High,A0099,Online
POL007548,C00889,Health,2025-08-12,2026-08-12,20820.0,500000.0,Annually,Active,1,Low,A0081,Bancassurance
POL007549,C03964,Life,2023-06-27,2038-06-27,69010.0,4726600.0,Annually,Active,15,Medium,A0042,Online
POL007550,C02967,Motor,2024-07-07,2025-07-07,21690.0,619600.0,Annually,Expired,1,Medium,A0066,Online
POL007551,C03624,Life,2023-01-06,2033-01-06,68320.0,4243500.0,Quarterly,Active,10,Medium,A0068,Agent
POL007552,C04313,Travel,2023-09-30,2023-10-07,8630.0,718900.0,Annually,Expired,1,Medium,A0065,Agent
POL007553,C02313,Life,2024-03-27,2039-03-27,56810.0,3891000.0,Quarterly,Active,15,Medium,A0043,Agent
POL007554,C00294,Motor,2024-08-31,2025-08-31,50560.0,1444500.0,Annually,Expired,1,Medium,A0006,Agent
POL007555,C03391,Health,2023-04-02,2026-04-02,17940.0,300000.0,Annually,Active,3,Medium,A0083,Corporate
POL007556,C00369,Motor,2025-02-17,2026-02-17,12570.0,359100.0,Annually,Lapsed,1,Medium,A0027,Online
POL007557,C04566,Motor,2023-03-18,2024-03-17,55800.0,1594300.0,Annually,Expired,1,Medium,A0073,Agent
POL007558,C02552,Home,2024-07-09,2039-07-09,4070.0,1848300.0,Annually,Active,15,Medium,A0040,Agent
POL007559,C04750,Health,2023-09-27,2024-09-27,11730.0,300000.0,Annually,Expired,1,Low,A0064,Agent
POL007560,C03087,Home,2024-08-23,2029-08-23,11420.0,6108800.0,Annually,Active,5,Low,A0022,Online
POL007561,C03636,Health,2023-11-08,2025-11-08,49800.0,750000.0,Annually,Lapsed,2,Medium,A0054,Agent
POL007562,C00765,Health,2025-02-15,2027-02-15,34680.0,750000.0,Annually,Active,2,Low,A0031,Bancassurance
POL007563,C00070,Motor,2024-10-24,2025-10-24,47230.0,1349500.0,Annually,Expired,1,Medium,A0008,Online
POL007564,C01314,Home,2023-04-17,2024-04-17,4650.0,2115100.0,Annually,Lapsed,1,Medium,A0069,Agent
POL007565,C00073,Life,2025-03-21,2045-03-21,72220.0,4751500.0,Monthly,Active,20,Medium,A0099,Bancassurance
POL007566,C01494,Motor,2023-12-08,2024-12-07,52200.0,1491400.0,Monthly,Expired,1,Medium,A0080,Corporate
POL007567,C03802,Health,2025-06-16,2027-06-16,75200.0,2000000.0,Quarterly,Active,2,Medium,A0007,Online
POL007568,C01745,Health,2025-04-14,2026-04-14,30500.0,500000.0,Annually,Active,1,Medium,A0086,Corporate
POL007569,C02928,Life,2025-09-24,2050-09-24,156750.0,7716000.0,Monthly,Active,25,Low,A0075,Agent
POL007570,C04974,Health,2024-09-11,2025-09-11,13980.0,300000.0,Annually,Expired,1,Medium,A0089,Online
POL007571,C03755,Life,2024-06-04,2044-06-04,65150.0,4372500.0,Annually,Active,20,Medium,A0087,Online
POL007572,C03995,Life,2024-02-17,2044-02-17,65520.0,3441000.0,Annually,Active,20,Low,A0057,Referral
POL007573,C02395,Life,2024-07-07,2039-07-07,59760.0,2741200.0,Annually,Active,15,Medium,A0046,Referral
POL007574,C02564,Motor,2025-04-18,2026-04-18,45140.0,1289800.0,Annually,Active,1,Medium,A0098,Agent
POL007575,C01891,Home,2023-05-10,2033-05-10,11450.0,5204000.0,Annually,Active,10,Medium,A0089,Referral
POL007576,C01186,Home,2025-08-03,2040-08-03,8840.0,4018000.0,Annually,Lapsed,15,Medium,A0064,Online
POL007577,C01558,Life,2024-04-24,2049-04-24,70940.0,2637000.0,Annually,Active,25,Medium,A0032,Corporate
POL007578,C03178,Life,2023-12-09,2043-12-09,60790.0,2992200.0,Quarterly,Active,20,Low,A0084,Agent
POL007579,C04559,Motor,2023-02-01,2024-02-01,12630.0,360900.0,Annually,Expired,1,Medium,A0085,Bancassurance
POL007580,C00369,Motor,2024-09-16,2025-09-16,60810.0,1737400.0,Annually,Expired,1,Medium,A0092,Agent
POL007581,C04618,Motor,2024-11-16,2025-11-16,31070.0,887700.0,Annually,Expired,1,Medium,A0051,Agent
POL007582,C01311,Health,2024-09-28,2026-09-28,36550.0,1000000.0,Monthly,Active,2,Low,A0057,Agent
POL007583,C04451,Motor,2024-01-17,2025-01-16,25770.0,736300.0,Monthly,Expired,1,Medium,A0067,Agent
POL007584,C01232,Motor,2025-04-23,2026-04-23,46570.0,1330700.0,Annually,Active,1,Medium,A0090,Online
POL007585,C02392,Motor,2024-05-07,2025-05-07,60560.0,1730200.0,Annually,Expired,1,Medium,A0041,Online
POL007586,C02287,Motor,2023-08-02,2024-08-01,5760.0,164400.0,Monthly,Expired,1,Medium,A0026,Agent
POL007587,C00547,Home,2025-08-04,2035-08-04,9030.0,4828200.0,Annually,Active,10,Low,A0001,Online
POL007588,C01969,Life,2025-08-24,2055-08-24,87620.0,4259800.0,Monthly,Active,30,Low,A0042,Online
POL007589,C00383,Health,2023-12-12,2026-12-12,22350.0,500000.0,Annually,Active,3,Low,A0006,Online
POL007590,C04028,Health,2024-03-06,2025-03-06,13870.0,300000.0,Annually,Expired,1,Low,A0080,Online
POL007591,C01354,Health,2024-08-17,2027-08-17,30450.0,750000.0,Monthly,Active,3,Medium,A0026,Agent
POL007592,C00255,Motor,2023-06-26,2024-06-25,27540.0,787000.0,Annually,Lapsed,1,Medium,A0004,Bancassurance
POL007593,C02788,Health,2024-03-28,2025-03-28,21200.0,500000.0,Monthly,Expired,1,Medium,A0013,Agent
POL007594,C02197,Motor,2023-08-24,2024-08-23,47730.0,1604300.0,Annually,Expired,1,Low,A0081,Bancassurance
POL007595,C00560,Life,2023-12-20,2038-12-20,173990.0,8355000.0,Annually,Active,15,Low,A0013,Online
POL007596,C03429,Health,2025-09-07,2028-09-07,31240.0,750000.0,Monthly,Active,3,Low,A0023,Agent
POL007597,C02813,Health,2025-05-16,2026-05-16,58650.0,1500000.0,Annually,Lapsed,1,Low,A0004,Agent
POL007598,C02611,Motor,2023-06-12,2024-06-11,26340.0,885200.0,Annually,Expired,1,Low,A0061,Bancassurance
POL007599,C02839,Home,2023-03-29,2033-03-28,11600.0,5274600.0,Monthly,Active,10,Medium,A0050,Referral
POL007600,C01787,Life,2025-04-26,2055-04-26,87450.0,4473000.0,Monthly,Active,30,Low,A0075,Online
POL007601,C01028,Health,2023-01-18,2025-01-18,21500.0,500000.0,Monthly,Expired,2,Medium,A0016,Agent
POL007602,C01948,Motor,2023-06-17,2024-06-16,5860.0,167400.0,Annually,Expired,1,Medium,A0080,Referral
POL007603,C00859,Home,2023-11-27,2033-11-27,2110.0,961000.0,Annually,Active,10,Medium,A0066,Online
POL007604,C01942,Motor,2023-07-23,2024-07-22,6050.0,172700.0,Annually,Expired,1,Medium,A0051,Agent
POL007605,C03041,Motor,2025-02-28,2026-02-28,58810.0,1680300.0,Annually,Active,1,Medium,A0093,Agent
POL007606,C04975,Travel,2025-08-28,2025-10-20,6570.0,547900.0,Annually,Expired,1,Medium,A0052,Online
POL007607,C00365,Home,2025-01-04,2040-01-04,13280.0,6036500.0,Monthly,Active,15,Medium,A0093,Corporate
POL007608,C00976,Motor,2024-03-04,2025-03-04,66120.0,1453200.0,Annually,Expired,1,High,A0051,Online
POL007609,C04155,Motor,2023-05-27,2024-05-26,38780.0,852200.0,Annually,Lapsed,1,High,A0039,Bancassurance
POL007610,C03914,Home,2024-07-13,2029-07-13,12160.0,5525700.0,Monthly,Active,5,Medium,A0090,Agent
POL007611,C02764,Motor,2023-12-30,2024-12-29,48950.0,1398500.0,Annually,Expired,1,Medium,A0046,Corporate
POL007612,C03105,Health,2024-06-12,2025-06-12,23790.0,300000.0,Annually,Expired,1,High,A0070,Agent
POL007613,C00785,Life,2023-05-11,2043-05-11,164800.0,7260000.0,Annually,Active,20,Medium,A0023,Agent
POL007614,C01713,Life,2023-08-10,2053-08-10,55420.0,3360600.0,Quarterly,Active,30,Low,A0085,Referral
POL007615,C00173,Life,2025-04-20,2040-04-20,33800.0,1827000.0,Quarterly,Active,15,Medium,A0001,Online
POL007616,C03715,Life,2024-11-04,2034-11-04,39050.0,2524100.0,Monthly,Active,10,Low,A0031,Bancassurance
POL007617,C02815,Home,2023-02-28,2038-02-28,8850.0,4022100.0,Monthly,Active,15,Medium,A0011,Agent
POL007618,C02293,Health,2023-10-06,2024-10-06,64770.0,1500000.0,Annually,Expired,1,Low,A0100,Agent
POL007619,C01164,Health,2023-01-28,2025-01-28,75140.0,2000000.0,Annually,Expired,2,Low,A0093,Online
POL007620,C03136,Health,2024-12-19,2025-12-19,28180.0,750000.0,Monthly,Lapsed,1,Low,A0056,Agent
POL007621,C03622,Motor,2024-04-19,2025-04-19,40670.0,1162000.0,Annually,Expired,1,Medium,A0077,Agent
POL007622,C01817,Motor,2024-04-25,2025-04-25,7560.0,216000.0,Monthly,Expired,1,Medium,A0069,Corporate
POL007623,C04091,Health,2025-09-15,2026-09-15,21590.0,500000.0,Monthly,Active,1,Low,A0064,Agent
POL007624,C03859,Health,2024-02-05,2025-02-05,36040.0,1000000.0,Quarterly,Expired,1,Low,A0094,Agent
POL007625,C01685,Home,2023-09-22,2033-09-22,10800.0,4907800.0,Annually,Active,10,Medium,A0006,Agent
POL007626,C02404,Home,2025-07-31,2030-07-28,9230.0,4934800.0,Annually,Active,5,Low,A0004,Bancassurance
POL007627,C04065,Life,2023-02-26,2048-02-26,122820.0,7335000.0,Quarterly,Active,25,Low,A0071,Bancassurance
POL007628,C03755,Motor,2025-04-25,2026-04-25,20780.0,593800.0,Annually,Active,1,Medium,A0004,Referral
POL007629,C02084,Motor,2023-07-12,2024-07-11,14290.0,408300.0,Annually,Expired,1,Medium,A0061,Agent
POL007630,C03687,Motor,2025-08-07,2026-08-07,8630.0,246600.0,Annually,Active,1,Medium,A0027,Agent
POL007631,C03877,Life,2023-10-02,2038-10-02,88020.0,4152000.0,Quarterly,Active,15,Medium,A0092,Online
POL007632,C03642,Motor,2023-09-13,2024-09-12,53210.0,1520200.0,Annually,Expired,1,Medium,A0094,Agent
POL007633,C04013,Life,2024-01-25,2044-01-25,53620.0,2884100.0,Monthly,Active,20,High,A0051,Agent
POL007634,C00249,Home,2025-03-10,2040-03-10,13780.0,7371300.0,Annually,Active,15,Low,A0064,Corporate
POL007635,C03520,Travel,2024-07-30,2024-08-14,9660.0,804900.0,Annually,Expired,1,Medium,A0013,Agent
POL007636,C03407,Health,2023-02-27,2024-02-27,15960.0,300000.0,Monthly,Expired,1,Medium,A0037,Agent
POL007637,C03994,Health,2025-02-05,2028-02-05,14700.0,300000.0,Annually,Active,3,Medium,A0073,Agent
POL007638,C01507,Home,2025-05-16,2040-05-16,11690.0,6249300.0,Annually,Active,15,Low,A0080,Bancassurance
POL007639,C00990,Health,2025-08-12,2027-08-12,83300.0,2000000.0,Quarterly,Active,2,Low,A0093,Agent
POL007640,C00625,Travel,2023-11-25,2024-01-04,5620.0,468000.0,Annually,Expired,1,Medium,A0080,Agent
POL007641,C04679,Life,2023-04-30,2043-04-28,132530.0,7569000.0,Monthly,Active,20,Low,A0094,Online
POL007642,C00737,Motor,2025-04-16,2026-04-16,49670.0,1419200.0,Annually,Active,1,Medium,A0027,Online
POL007643,C03505,Life,2023-01-05,2033-01-05,58110.0,3224800.0,Quarterly,Active,10,Low,A0011,Agent
POL007644,C03690,Home,2025-06-06,2026-06-06,6550.0,3503100.0,Annually,Active,1,Low,A0018,Bancassurance
POL007645,C04653,Home,2024-04-25,2029-04-25,1510.0,809400.0,Annually,Active,5,Low,A0037,Referral
POL007646,C04191,Home,2024-05-05,2039-05-05,10230.0,5473000.0,Annually,Lapsed,15,Low,A0050,Agent
POL007647,C00482,Health,2024-03-27,2027-03-27,53300.0,1500000.0,Annually,Cancelled,3,Low,A0070,Agent
POL007648,C02723,Motor,2024-06-16,2025-06-16,46080.0,1316600.0,Annually,Expired,1,Medium,A0088,Bancassurance
POL007649,C01981,Health,2024-02-07,2025-02-07,32770.0,750000.0,Monthly,Expired,1,Low,A0060,Bancassurance
POL007650,C04773,Travel,2025-04-10,2025-05-02,8620.0,718300.0,Annually,Expired,1,Medium,A0041,Agent
POL007651,C04924,Motor,2024-07-08,2025-07-08,27480.0,785000.0,Annually,Lapsed,1,Medium,A0015,Bancassurance
POL007652,C01560,Motor,2024-08-21,2025-08-21,42260.0,1420600.0,Annually,Expired,1,Low,A0097,Agent
POL007653,C03571,Motor,2023-07-24,2024-07-23,41510.0,1186000.0,Annually,Expired,1,Medium,A0037,Agent
POL007654,C04291,Health,2023-08-28,2024-08-28,31100.0,500000.0,Annually,Expired,1,Medium,A0100,Agent
POL007655,C03744,Health,2023-05-21,2026-05-21,28100.0,500000.0,Quarterly,Active,3,Medium,A0005,Agent
POL007656,C01806,Health,2024-02-04,2027-02-04,59420.0,1500000.0,Annually,Lapsed,3,Low,A0100,Corporate
POL007657,C01921,Travel,2025-07-26,2025-08-15,2380.0,198200.0,Annually,Expired,1,Medium,A0008,Online
POL007658,C04916,Travel,2024-10-31,2024-11-11,6530.0,544000.0,Annually,Expired,1,Medium,A0014,Agent
POL007659,C04151,Life,2024-01-23,2049-01-23,59420.0,4691500.0,Quarterly,Active,25,Low,A0085,Agent
POL007660,C00605,Life,2025-04-26,2040-04-26,205210.0,10230000.0,Quarterly,Lapsed,15,Low,A0085,Online
POL007661,C00204,Motor,2024-05-28,2025-05-28,24070.0,809000.0,Monthly,Expired,1,Low,A0077,Online
POL007662,C00090,Travel,2023-07-30,2023-08-04,1500.0,52800.0,Annually,Expired,1,Low,A0007,Online
POL007663,C00921,Life,2023-05-26,2038-05-26,94730.0,4468500.0,Annually,Active,15,Medium,A0076,Online
POL007664,C00150,Travel,2023-03-25,2023-05-15,11420.0,951400.0,Annually,Lapsed,1,Medium,A0040,Agent
POL007665,C03610,Motor,2024-12-30,2025-12-30,30220.0,863500.0,Monthly,Expired,1,Medium,A0073,Bancassurance
POL007666,C03423,Home,2023-07-21,2033-07-21,12870.0,6881600.0,Annually,Active,10,Low,A0004,Corporate
POL007667,C03230,Health,2023-08-16,2024-08-16,88400.0,2000000.0,Monthly,Lapsed,1,Low,A0025,Bancassurance
POL007668,C04595,Motor,2025-07-19,2026-07-19,60090.0,1717000.0,Annually,Active,1,Medium,A0032,Corporate
POL007669,C03767,Health,2025-08-27,2026-08-27,24200.0,500000.0,Monthly,Active,1,Medium,A0071,Agent
POL007670,C04441,Motor,2025-09-12,2026-09-12,30920.0,883300.0,Annually,Active,1,Medium,A0074,Agent
POL007671,C00748,Health,2024-09-07,2025-09-07,61000.0,1000000.0,Monthly,Expired,1,Medium,A0091,Online
POL007672,C04608,Motor,2024-05-30,2025-05-30,23560.0,673100.0,Annually,Expired,1,Medium,A0081,Referral
POL007673,C04174,Health,2024-02-11,2027-02-11,13980.0,300000.0,Quarterly,Active,3,Medium,A0008,Online
POL007674,C03942,Motor,2024-09-04,2025-09-04,23620.0,674900.0,Annually,Lapsed,1,Medium,A0082,Bancassurance
POL007675,C01338,Travel,2024-10-22,2024-12-21,6150.0,602600.0,Annually,Expired,1,Low,A0081,Agent
POL007676,C01434,Home,2024-08-16,2025-08-16,13010.0,6958400.0,Annually,Expired,1,Low,A0008,Bancassurance
POL007677,C03506,Motor,2025-02-24,2026-02-24,61250.0,1749900.0,Annually,Active,1,Medium,A0019,Online
POL007678,C03654,Health,2024-11-13,2026-11-13,20310.0,500000.0,Monthly,Active,2,Low,A0093,Online
POL007679,C03657,Life,2023-08-01,2043-08-01,151190.0,7260000.0,Annually,Active,20,Low,A0097,Bancassurance
POL007680,C04557,Home,2023-08-04,2024-08-04,5860.0,3131700.0,Annually,Expired,1,Low,A0044,Agent
POL007681,C04521,Life,2023-08-08,2033-08-08,39450.0,2682900.0,Annually,Active,10,Low,A0032,Agent
POL007682,C01496,Motor,2024-08-11,2025-08-11,20920.0,597700.0,Annually,Expired,1,Medium,A0003,Online
POL007683,C04793,Life,2023-07-01,2043-07-01,54060.0,2922000.0,Annually,Cancelled,20,Medium,A0013,Agent
POL007684,C04257,Travel,2024-04-16,2024-05-06,6570.0,644300.0,Annually,Expired,1,Low,A0013,Bancassurance
POL007685,C03921,Health,2024-06-24,2025-06-24,37570.0,1000000.0,Monthly,Expired,1,Low,A0070,Online
POL007686,C00911,Motor,2024-11-03,2025-11-03,6870.0,150900.0,Annually,Lapsed,1,High,A0044,Online
POL007687,C00853,Motor,2023-05-28,2024-05-27,27700.0,791400.0,Annually,Expired,1,Medium,A0047,Bancassurance
POL007688,C04264,Motor,2023-03-31,2024-03-30,59440.0,1698300.0,Annually,Lapsed,1,Medium,A0035,Online
POL007689,C03165,Travel,2023-04-24,2023-06-17,9180.0,588500.0,Annually,Expired,1,High,A0082,Agent
POL007690,C00994,Health,2023-03-04,2024-03-04,20600.0,500000.0,Monthly,Expired,1,Medium,A0067,Agent
POL007691,C02904,Motor,2023-05-13,2024-05-12,31840.0,909600.0,Annually,Lapsed,1,Medium,A0092,Online
POL007692,C00162,Life,2025-05-11,2050-05-11,36400.0,2353200.0,Quarterly,Active,25,Low,A0025,Referral
POL007693,C03135,Home,2024-12-03,2034-12-03,3130.0,1421200.0,Monthly,Active,10,Medium,A0077,Online
POL007694,C03007,Home,2025-06-04,2035-06-04,3470.0,1578800.0,Annually,Lapsed,10,Medium,A0079,Agent
POL007695,C04252,Motor,2025-06-20,2026-06-20,34260.0,978800.0,Annually,Active,1,Medium,A0087,Bancassurance
POL007696,C01414,Health,2024-12-28,2027-12-28,63240.0,1500000.0,Annually,Lapsed,3,Low,A0025,Agent
POL007697,C03246,Home,2023-06-26,2028-06-26,3930.0,2100200.0,Annually,Active,5,Low,A0070,Online
POL007698,C04993,Health,2024-02-28,2025-02-28,42670.0,1000000.0,Monthly,Expired,1,Low,A0038,Bancassurance
POL007699,C03773,Health,2023-04-28,2024-04-28,63240.0,1500000.0,Monthly,Lapsed,1,Low,A0010,Online
POL007700,C03309,Motor,2024-10-29,2025-10-29,48330.0,1380900.0,Annually,Expired,1,Medium,A0071,Agent
POL007701,C03680,Life,2024-01-03,2049-01-03,55980.0,2940000.0,Annually,Active,25,Low,A0005,Agent
POL007702,C00035,Health,2025-04-30,2026-04-28,96800.0,2000000.0,Annually,Active,1,Medium,A0055,Bancassurance
POL007703,C00181,Motor,2023-09-06,2024-09-05,12630.0,361000.0,Annually,Expired,1,Medium,A0031,Online
POL007704,C00993,Health,2025-08-28,2026-08-28,44710.0,1000000.0,Annually,Active,1,Low,A0094,Bancassurance
POL007705,C04706,Motor,2023-12-10,2024-12-09,22800.0,651400.0,Annually,Expired,1,Medium,A0011,Online
POL007706,C04755,Home,2024-06-28,2039-06-28,5180.0,2355900.0,Annually,Active,15,Medium,A0092,Bancassurance
POL007707,C03021,Travel,2023-12-06,2024-01-19,6150.0,603000.0,Monthly,Expired,1,Low,A0078,Agent
POL007708,C04844,Motor,2025-08-21,2026-08-21,44020.0,1257700.0,Annually,Active,1,Medium,A0021,Online
POL007709,C03441,Health,2025-08-05,2027-08-05,11280.0,300000.0,Monthly,Active,2,Medium,A0093,Bancassurance
POL007710,C00768,Life,2023-04-23,2033-04-23,23660.0,1371000.0,Annually,Active,10,Low,A0076,Agent
POL007711,C03662,Home,2023-03-21,2033-03-21,10430.0,4739200.0,Annually,Active,10,Medium,A0094,Corporate
POL007712,C01743,Home,2024-09-08,2025-09-08,4670.0,2124800.0,Annually,Expired,1,Medium,A0068,Corporate
POL007713,C02366,Health,2023-09-26,2025-09-26,23120.0,500000.0,Annually,Expired,2,Low,A0080,Agent
POL007714,C00126,Motor,2023-04-24,2024-04-23,19980.0,570900.0,Annually,Lapsed,1,Medium,A0097,Agent
POL007715,C03282,Life,2025-06-19,2050-06-19,213610.0,11184000.0,Monthly,Active,25,Medium,A0073,Bancassurance
POL007716,C03763,Home,2023-08-16,2028-08-16,9870.0,5275800.0,Annually,Active,5,Low,A0088,Bancassurance
POL007717,C01704,Travel,2024-09-22,2024-10-05,8020.0,786300.0,Annually,Expired,1,Low,A0042,Agent
POL007718,C03842,Life,2023-04-29,2038-04-28,62340.0,3840000.0,Annually,Active,15,Low,A0038,Online
POL007719,C00409,Motor,2024-10-21,2025-10-21,9920.0,283400.0,Annually,Expired,1,Medium,A0005,Online
POL007720,C01415,Home,2024-07-30,2025-07-28,10070.0,4575600.0,Annually,Expired,1,Medium,A0016,Online
POL007721,C04824,Motor,2025-01-14,2026-01-14,16150.0,355000.0,Annually,Active,1,High,A0006,Agent
POL007722,C01695,Motor,2023-01-06,2024-01-06,56710.0,1620400.0,Annually,Lapsed,1,Medium,A0093,Agent
POL007723,C01725,Health,2023-08-09,2025-08-09,34680.0,750000.0,Annually,Expired,2,Low,A0004,Agent
POL007724,C02219,Health,2023-01-16,2024-01-16,29000.0,500000.0,Annually,Expired,1,Medium,A0074,Online
POL007725,C03291,Travel,2024-10-28,2024-12-21,1500.0,54600.0,Monthly,Expired,1,Medium,A0040,Online
POL007726,C03601,Life,2024-07-15,2039-07-15,76280.0,4851000.0,Quarterly,Active,15,Low,A0092,Corporate
POL007727,C01089,Motor,2024-08-09,2025-08-09,52470.0,1499000.0,Annually,Lapsed,1,Medium,A0094,Agent
POL007728,C02276,Motor,2023-04-24,2024-04-23,14640.0,418200.0,Annually,Expired,1,Medium,A0096,Online
POL007729,C04963,Travel,2024-01-13,2024-02-13,7130.0,698800.0,Annually,Expired,1,Low,A0030,Agent
POL007730,C04580,Health,2024-10-12,2027-10-12,68600.0,1500000.0,Annually,Active,3,Low,A0096,Online
POL007731,C01166,Motor,2025-04-09,2026-04-09,5600.0,160000.0,Monthly,Active,1,Medium,A0038,Agent
POL007732,C00466,Motor,2023-08-04,2024-08-03,11450.0,327100.0,Monthly,Lapsed,1,Medium,A0061,Online
POL007733,C03883,Life,2023-07-17,2038-07-17,41760.0,2747300.0,Monthly,Lapsed,15,Medium,A0081,Bancassurance
POL007734,C01109,Home,2025-07-24,2035-07-24,1500.0,802000.0,Annually,Active,10,Low,A0073,Bancassurance
POL007735,C04576,Motor,2025-01-03,2026-01-03,18840.0,538300.0,Annually,Active,1,Medium,A0042,Agent
POL007736,C01421,Life,2025-08-02,2035-08-02,123960.0,6978000.0,Monthly,Active,10,Low,A0056,Agent
POL007737,C01630,Health,2024-05-19,2025-05-19,56800.0,1000000.0,Quarterly,Expired,1,Medium,A0073,Agent
POL007738,C04904,Motor,2025-04-29,2026-04-29,34260.0,978800.0,Annually,Active,1,Medium,A0088,Online
POL007739,C04502,Home,2024-02-27,2025-02-27,9920.0,4507000.0,Annually,Expired,1,Medium,A0015,Agent
POL007740,C03577,Life,2023-08-12,2043-08-12,120640.0,6417000.0,Annually,Active,20,Medium,A0081,Agent
POL007741,C03610,Motor,2024-08-07,2025-08-07,31280.0,893700.0,Annually,Expired,1,Medium,A0065,Agent
POL007742,C01113,Home,2023-04-02,2024-04-02,6460.0,3457000.0,Annually,Expired,1,Low,A0027,Agent
POL007743,C04141,Health,2025-07-07,2026-07-07,40120.0,1000000.0,Quarterly,Active,1,Low,A0093,Agent
POL007744,C00611,Health,2024-10-31,2027-10-28,36550.0,1000000.0,Monthly,Active,3,Low,A0037,Agent
POL007745,C04192,Travel,2024-08-02,2024-09-11,1710.0,142400.0,Annually,Expired,1,Medium,A0065,Corporate
POL007746,C01056,Motor,2025-04-01,2026-04-01,30600.0,1028700.0,Monthly,Active,1,Low,A0093,Online
POL007747,C01697,Motor,2023-12-21,2024-12-20,57110.0,1631800.0,Annually,Lapsed,1,Medium,A0054,Bancassurance
POL007748,C02371,Life,2024-10-23,2044-10-23,208210.0,10122000.0,Annually,Active,20,Low,A0088,Agent
POL007749,C04116,Health,2023-09-03,2024-09-03,16140.0,300000.0,Annually,Expired,1,Medium,A0036,Bancassurance
POL007750,C00521,Life,2023-01-22,2038-01-22,205530.0,9300000.0,Quarterly,Active,15,Medium,A0002,Corporate
POL007751,C01480,Life,2023-01-12,2033-01-12,76720.0,4959100.0,Monthly,Active,10,Low,A0067,Agent
POL007752,C03942,Motor,2025-08-02,2026-08-02,60800.0,1737300.0,Annually,Active,1,Medium,A0066,Agent
POL007753,C03286,Health,2024-04-08,2027-04-08,86100.0,1500000.0,Monthly,Active,3,Medium,A0069,Agent
POL007754,C04029,Travel,2024-01-31,2024-03-29,1500.0,74600.0,Monthly,Expired,1,Low,A0026,Agent
POL007755,C04884,Health,2023-11-29,2026-11-28,18800.0,500000.0,Quarterly,Active,3,Medium,A0100,Online
POL007756,C01406,Health,2023-10-16,2024-10-16,20310.0,500000.0,Monthly,Expired,1,Low,A0007,Bancassurance
POL007757,C02362,Health,2024-09-03,2025-09-03,17940.0,300000.0,Monthly,Lapsed,1,Medium,A0054,Bancassurance
POL007758,C03070,Life,2024-11-07,2049-11-07,88270.0,3141300.0,Annually,Active,25,Medium,A0073,Online
POL007759,C03483,Health,2023-01-02,2024-01-02,27410.0,750000.0,Annually,Expired,1,Low,A0013,Corporate
POL007760,C01228,Health,2025-08-15,2027-08-15,28400.0,500000.0,Monthly,Active,2,Medium,A0055,Online
POL007761,C03069,Home,2024-10-16,2034-10-16,2460.0,1314800.0,Annually,Active,10,Low,A0021,Corporate
POL007762,C01976,Motor,2025-05-22,2026-05-22,53440.0,1526900.0,Annually,Active,1,Medium,A0073,Online
POL007763,C04058,Health,2023-10-21,2024-10-21,12720.0,300000.0,Monthly,Expired,1,Medium,A0076,Agent
POL007764,C00323,Motor,2023-06-28,2024-06-27,39010.0,1114500.0,Annually,Expired,1,Medium,A0093,Online
POL007765,C04676,Motor,2023-09-29,2024-09-28,49160.0,1080500.0,Annually,Expired,1,High,A0071,Agent
POL007766,C02150,Home,2024-07-10,2029-07-10,3690.0,1975000.0,Annually,Active,5,Low,A0054,Corporate
POL007767,C03301,Motor,2024-01-27,2025-01-26,11580.0,389300.0,Monthly,Lapsed,1,Low,A0028,Bancassurance
POL007768,C01198,Motor,2024-10-28,2025-10-28,46440.0,1326900.0,Monthly,Expired,1,Medium,A0015,Bancassurance
POL007769,C01085,Health,2025-03-30,2026-03-28,21590.0,500000.0,Annually,Active,1,Low,A0088,Online
POL007770,C03824,Health,2023-10-25,2025-10-25,28700.0,500000.0,Annually,Expired,2,Medium,A0014,Agent
POL007771,C01469,Health,2024-12-12,2025-12-12,16680.0,300000.0,Annually,Lapsed,1,Medium,A0100,Online
POL007772,C01545,Motor,2024-04-22,2025-04-22,37210.0,1063000.0,Annually,Expired,1,Medium,A0014,Bancassurance
POL007773,C03675,Motor,2023-11-14,2024-11-13,47720.0,1363500.0,Annually,Expired,1,Medium,A0086,Referral
POL007774,C03058,Travel,2023-02-09,2023-03-11,2560.0,250500.0,Annually,Expired,1,Low,A0001,Corporate
POL007775,C02782,Health,2023-01-21,2026-01-21,19040.0,500000.0,Annually,Active,3,Low,A0093,Agent
POL007776,C02647,Motor,2024-08-31,2025-08-31,27930.0,797900.0,Annually,Expired,1,Medium,A0070,Referral
POL007777,C01698,Motor,2024-04-29,2025-04-29,17510.0,384700.0,Annually,Expired,1,High,A0051,Agent
POL007778,C01237,Home,2023-03-26,2033-03-26,11430.0,5195600.0,Annually,Active,10,Medium,A0021,Agent
POL007779,C03909,Home,2025-01-10,2030-01-10,14520.0,7762100.0,Monthly,Active,5,Low,A0085,Agent
POL007780,C04366,Life,2023-06-24,2043-06-24,84310.0,4098600.0,Monthly,Active,20,Low,A0082,Online
POL007781,C00913,Life,2024-03-19,2044-03-19,236980.0,9330000.0,Annually,Lapsed,20,Medium,A0041,Agent
POL007782,C01087,Motor,2023-06-03,2024-06-02,31680.0,905000.0,Annually,Expired,1,Medium,A0097,Online
POL007783,C03190,Health,2024-09-06,2025-09-06,41250.0,750000.0,Monthly,Expired,1,Medium,A0099,Referral
POL007784,C03134,Travel,2024-10-25,2024-11-04,10090.0,841200.0,Annually,Expired,1,Medium,A0091,Online
POL007785,C00606,Health,2023-03-02,2025-03-02,41800.0,1000000.0,Quarterly,Expired,2,Medium,A0002,Online
POL007786,C03014,Life,2024-09-07,2044-09-07,31350.0,2248700.0,Quarterly,Lapsed,20,Low,A0020,Online
POL007787,C02367,Travel,2024-02-17,2024-04-11,2950.0,246000.0,Annually,Expired,1,Medium,A0083,Agent
POL007788,C01539,Motor,2024-08-20,2025-08-20,28380.0,810900.0,Monthly,Expired,1,Medium,A0068,Corporate
POL007789,C03034,Home,2023-08-25,2033-08-25,15040.0,6836700.0,Annually,Active,10,Medium,A0047,Corporate
POL007790,C01198,Life,2024-08-11,2054-08-11,90940.0,4533500.0,Annually,Cancelled,30,Low,A0013,Agent
POL007791,C03773,Health,2025-06-20,2026-06-20,49600.0,1000000.0,Annually,Active,1,Medium,A0088,Agent
POL007792,C01751,Travel,2024-02-11,2024-04-08,6520.0,639300.0,Annually,Lapsed,1,Low,A0022,Agent
POL007793,C01872,Home,2024-01-06,2029-01-06,3740.0,2000100.0,Annually,Active,5,Low,A0064,Corporate
POL007794,C03490,Motor,2023-03-16,2024-03-15,19930.0,569400.0,Annually,Expired,1,Medium,A0037,Agent
POL007795,C04671,Life,2024-02-12,2044-02-12,83720.0,4581000.0,Monthly,Active,20,Low,A0001,Bancassurance
POL007796,C04981,Motor,2023-05-12,2024-05-11,60040.0,1715500.0,Annually,Expired,1,Medium,A0069,Agent
POL007797,C03009,Life,2023-10-12,2048-10-12,52660.0,2964000.0,Quarterly,Active,25,Low,A0047,Agent
POL007798,C02412,Home,2025-01-02,2035-01-02,3860.0,2065400.0,Annually,Active,10,Low,A0085,Online
POL007799,C02910,Motor,2025-02-18,2026-02-18,50630.0,1446600.0,Annually,Active,1,Medium,A0043,Agent
POL007800,C03000,Home,2023-08-28,2038-08-28,5580.0,2981500.0,Annually,Active,15,Low,A0055,Bancassurance
POL007801,C03703,Motor,2025-03-14,2026-03-14,7950.0,227200.0,Annually,Active,1,Medium,A0072,Agent
POL007802,C02905,Travel,2025-06-27,2025-07-11,2250.0,187500.0,Annually,Expired,1,Medium,A0088,Bancassurance
POL007803,C00773,Life,2023-10-11,2043-10-11,26450.0,1629000.0,Monthly,Active,20,Low,A0006,Online
POL007804,C02482,Motor,2023-09-06,2024-09-05,49260.0,1407500.0,Annually,Expired,1,Medium,A0074,Referral
POL007805,C04221,Health,2023-12-18,2026-12-18,17760.0,300000.0,Quarterly,Active,3,Medium,A0035,Bancassurance
POL007806,C04154,Life,2024-03-11,2034-03-11,70790.0,2787000.0,Quarterly,Lapsed,10,Medium,A0023,Online
POL007807,C03611,Life,2023-04-20,2053-04-20,49740.0,3504300.0,Annually,Cancelled,30,Low,A0055,Agent
POL007808,C03070,Home,2023-01-27,2024-01-27,6430.0,2924800.0,Annually,Expired,1,Medium,A0006,Corporate
POL007809,C00917,Motor,2024-08-09,2025-08-09,51350.0,1128600.0,Monthly,Expired,1,High,A0033,Corporate
POL007810,C02841,Health,2025-09-13,2026-09-13,17510.0,500000.0,Monthly,Cancelled,1,Low,A0062,Agent
POL007811,C01430,Motor,2024-05-16,2025-05-16,8380.0,239500.0,Annually,Expired,1,Medium,A0015,Agent
POL007812,C02863,Home,2025-08-12,2040-08-12,3780.0,1717100.0,Annually,Active,15,Medium,A0011,Online
POL007813,C04018,Motor,2024-12-23,2025-12-23,58240.0,1663900.0,Annually,Expired,1,Medium,A0042,Agent
POL007814,C03958,Motor,2023-01-29,2024-01-29,59830.0,1314900.0,Annually,Expired,1,High,A0018,Corporate
POL007815,C01477,Health,2024-02-08,2026-02-08,31620.0,750000.0,Annually,Active,2,Low,A0083,Bancassurance
POL007816,C01064,Health,2024-12-24,2025-12-24,39610.0,1000000.0,Monthly,Expired,1,Low,A0017,Online
POL007817,C03997,Travel,2024-06-01,2024-07-14,7060.0,588700.0,Annually,Expired,1,Medium,A0036,Bancassurance
POL007818,C04953,Motor,2024-10-15,2025-10-15,33730.0,963700.0,Annually,Expired,1,Medium,A0055,Agent
POL007819,C04567,Home,2025-05-10,2040-05-10,19570.0,6841800.0,Monthly,Cancelled,15,High,A0051,Online
POL007820,C00908,Travel,2023-04-11,2023-06-09,4160.0,407600.0,Annually,Expired,1,Low,A0074,Online
POL007821,C00152,Home,2025-04-14,2026-04-14,1830.0,832900.0,Monthly,Active,1,Medium,A0053,Online
POL007822,C03011,Home,2025-08-21,2040-08-21,15460.0,7028700.0,Annually,Cancelled,15,Medium,A0089,Referral
POL007823,C01282,Health,2024-11-04,2025-11-04,12540.0,300000.0,Monthly,Expired,1,Medium,A0085,Agent
POL007824,C02889,Life,2025-07-12,2055-07-12,21350.0,1404600.0,Annually,Lapsed,30,Medium,A0038,Agent
POL007825,C03363,Life,2025-09-20,2045-09-20,38510.0,2533900.0,Annually,Active,20,Medium,A0053,Corporate
POL007826,C01467,Life,2023-10-10,2053-10-10,26940.0,1864200.0,Quarterly,Active,30,Low,A0035,Online
POL007827,C04418,Life,2024-07-11,2039-07-11,86850.0,4687200.0,Annually,Active,15,Low,A0015,Online
POL007828,C00818,Life,2024-01-05,2049-01-05,293800.0,12774000.0,Annually,Active,25,Medium,A0010,Online
POL007829,C04206,Motor,2023-04-16,2024-04-15,34960.0,998900.0,Annually,Expired,1,Medium,A0064,Online
POL007830,C00016,Life,2024-07-13,2044-07-13,79980.0,3888000.0,Quarterly,Active,20,Low,A0079,Online
POL007831,C00923,Life,2023-09-08,2038-09-08,85720.0,4967600.0,Quarterly,Active,15,Low,A0055,Bancassurance
POL007832,C01451,Motor,2025-04-28,2026-04-28,10190.0,291100.0,Annually,Active,1,Medium,A0011,Online
POL007833,C03223,Motor,2024-07-26,2025-07-26,11100.0,317200.0,Annually,Expired,1,Medium,A0073,Agent
POL007834,C00295,Home,2025-02-02,2030-02-02,12720.0,6800200.0,Annually,Active,5,Low,A0038,Agent
POL007835,C04543,Health,2023-02-22,2025-02-22,15600.0,300000.0,Monthly,Lapsed,2,Medium,A0004,Agent
POL007836,C01644,Health,2023-05-24,2024-05-24,20600.0,500000.0,Monthly,Expired,1,Medium,A0023,Bancassurance
POL007837,C01281,Home,2024-10-19,2034-10-19,3630.0,1651900.0,Annually,Active,10,Medium,A0015,Online
POL007838,C00670,Motor,2023-03-13,2024-03-12,17580.0,502400.0,Annually,Expired,1,Medium,A0024,Online
POL007839,C04700,Home,2023-12-10,2033-12-10,5320.0,2417600.0,Annually,Active,10,Medium,A0021,Agent
POL007840,C04226,Motor,2024-08-07,2025-08-07,43060.0,1230400.0,Monthly,Expired,1,Medium,A0056,Agent
POL007841,C03349,Life,2025-02-05,2050-02-05,121250.0,6774000.0,Annually,Lapsed,25,Medium,A0030,Bancassurance
POL007842,C01255,Life,2024-01-07,2039-01-07,206990.0,9495000.0,Monthly,Active,15,Medium,A0044,Referral
POL007843,C04299,Health,2023-09-27,2024-09-27,13980.0,300000.0,Annually,Expired,1,Medium,A0099,Online
POL007844,C03741,Health,2023-09-20,2024-09-20,32300.0,500000.0,Annually,Lapsed,1,Medium,A0079,Bancassurance
POL007845,C00181,Home,2023-11-18,2028-11-18,5810.0,3104500.0,Annually,Active,5,Low,A0066,Corporate
POL007846,C00401,Motor,2025-05-02,2026-05-02,28790.0,822500.0,Annually,Active,1,Medium,A0028,Corporate
POL007847,C00365,Health,2025-01-28,2027-01-28,20820.0,500000.0,Annually,Active,2,Low,A0089,Online
POL007848,C00119,Travel,2023-04-20,2023-05-11,10200.0,999700.0,Annually,Expired,1,Low,A0011,Online
POL007849,C00749,Motor,2023-04-01,2024-03-31,30040.0,858400.0,Annually,Expired,1,Medium,A0035,Online
POL007850,C00701,Home,2023-04-06,2038-04-06,2090.0,1118400.0,Annually,Active,15,Low,A0096,Referral
POL007851,C00534,Motor,2024-04-10,2025-04-10,41930.0,1198100.0,Annually,Expired,1,Medium,A0055,Agent
POL007852,C04488,Travel,2023-10-29,2023-11-08,9210.0,903000.0,Annually,Expired,1,Low,A0038,Bancassurance
POL007853,C01945,Health,2024-03-10,2026-03-10,43000.0,1000000.0,Annually,Active,2,Medium,A0005,Agent
POL007854,C01864,Health,2024-01-06,2025-01-06,12040.0,300000.0,Quarterly,Expired,1,Low,A0026,Agent
POL007855,C01147,Travel,2024-07-20,2024-09-08,3580.0,298100.0,Annually,Expired,1,Medium,A0085,Agent
POL007856,C04054,Health,2025-06-09,2026-06-09,34300.0,750000.0,Annually,Active,1,Low,A0001,Agent
POL007857,C01213,Motor,2024-02-06,2025-02-05,28200.0,805800.0,Annually,Lapsed,1,Medium,A0025,Agent
POL007858,C00384,Health,2024-01-03,2027-01-03,26300.0,500000.0,Quarterly,Active,3,Medium,A0085,Online
POL007859,C01889,Life,2023-11-30,2038-11-28,34840.0,2124500.0,Monthly,Active,15,Medium,A0047,Agent
POL007860,C04013,Health,2023-07-09,2025-07-09,24440.0,500000.0,Annually,Expired,2,High,A0071,Corporate
POL007861,C04932,Life,2023-10-23,2038-10-23,49710.0,2646000.0,Annually,Active,15,Low,A0078,Agent
POL007862,C03996,Motor,2023-10-01,2024-09-30,24230.0,532600.0,Annually,Expired,1,High,A0023,Agent
POL007863,C04917,Health,2023-10-05,2024-10-05,41200.0,1000000.0,Quarterly,Lapsed,1,Medium,A0083,Corporate
POL007864,C03578,Life,2025-09-05,2050-09-05,428500.0,19656000.0,Monthly,Active,25,Medium,A0097,Online
POL007865,C02545,Life,2023-03-04,2043-03-04,27430.0,2256800.0,Quarterly,Active,20,Low,A0067,Bancassurance
POL007866,C03673,Motor,2023-02-20,2024-02-20,28060.0,801800.0,Annually,Lapsed,1,Medium,A0076,Agent
POL007867,C00326,Home,2023-11-29,2033-11-28,2550.0,1364800.0,Monthly,Active,10,Low,A0037,Corporate
POL007868,C00063,Health,2023-10-21,2024-10-21,45400.0,1000000.0,Monthly,Expired,1,Medium,A0079,Agent
POL007869,C03749,Travel,2024-03-31,2024-04-28,5030.0,419500.0,Annually,Lapsed,1,Medium,A0041,Bancassurance
POL007870,C03630,Health,2024-06-22,2025-06-22,12360.0,300000.0,Annually,Expired,1,Medium,A0078,Agent
POL007871,C03307,Motor,2023-10-03,2024-10-02,23150.0,661500.0,Monthly,Expired,1,Medium,A0077,Bancassurance
POL007872,C04644,Life,2025-07-23,2040-07-23,61880.0,3165000.0,Quarterly,Active,15,Low,A0009,Referral
POL007873,C03765,Travel,2025-06-19,2025-07-16,1690.0,165900.0,Annually,Expired,1,Low,A0068,Online
POL007874,C01454,Home,2025-03-23,2030-03-23,12190.0,5541200.0,Annually,Active,5,Medium,A0043,Online
POL007875,C04710,Health,2023-03-26,2024-03-26,29710.0,750000.0,Monthly,Expired,1,Low,A0020,Agent
POL007876,C01934,Health,2023-02-23,2024-02-23,11460.0,300000.0,Quarterly,Expired,1,Medium,A0010,Agent
POL007877,C00748,Motor,2023-09-19,2024-09-18,47370.0,1353400.0,Annually,Expired,1,Medium,A0054,Agent
POL007878,C01293,Travel,2024-06-07,2024-07-30,10310.0,859500.0,Annually,Expired,1,Medium,A0014,Referral
POL007879,C04468,Health,2025-04-02,2028-04-02,11120.0,300000.0,Monthly,Lapsed,3,Low,A0041,Corporate
POL007880,C01094,Motor,2023-06-01,2024-05-31,7910.0,173900.0,Annually,Expired,1,High,A0050,Online
POL007881,C00772,Motor,2023-10-03,2024-10-02,30110.0,860300.0,Annually,Expired,1,Medium,A0088,Agent
POL007882,C02949,Motor,2025-05-09,2026-05-09,7290.0,160100.0,Monthly,Active,1,High,A0031,Bancassurance
POL007883,C01402,Motor,2023-01-17,2024-01-17,37630.0,1075100.0,Monthly,Expired,1,Medium,A0036,Online
POL007884,C02203,Motor,2025-03-03,2026-03-03,81310.0,1787100.0,Annually,Active,1,High,A0068,Agent
POL007885,C01285,Motor,2025-01-04,2026-01-04,36460.0,1041600.0,Monthly,Active,1,Medium,A0004,Bancassurance
POL007886,C03437,Life,2023-02-25,2043-02-25,89140.0,5166000.0,Annually,Active,20,Low,A0015,Agent
POL007887,C00362,Home,2023-08-10,2033-08-10,8270.0,4421400.0,Annually,Active,10,Low,A0079,Referral
POL007888,C01353,Motor,2025-08-11,2026-08-11,27990.0,799700.0,Annually,Active,1,Medium,A0056,Bancassurance
POL007889,C03936,Life,2023-09-02,2033-09-02,28480.0,1971000.0,Annually,Active,10,Low,A0090,Agent
POL007890,C02452,Health,2024-06-02,2026-06-02,71700.0,1500000.0,Monthly,Active,2,Medium,A0071,Corporate
POL007891,C02492,Health,2023-01-21,2026-01-21,15420.0,300000.0,Monthly,Active,3,Medium,A0076,Agent
POL007892,C04762,Life,2025-06-23,2050-06-23,28910.0,1869000.0,Annually,Active,25,Low,A0011,Corporate
POL007893,C04547,Motor,2024-05-20,2025-05-20,14980.0,503500.0,Monthly,Expired,1,Low,A0080,Agent
POL007894,C03713,Life,2025-03-19,2045-03-19,57000.0,3238800.0,Quarterly,Active,20,Medium,A0005,Agent
POL007895,C04197,Life,2025-02-02,2050-02-02,33210.0,2182500.0,Monthly,Active,25,Low,A0091,Online
POL007896,C01375,Motor,2024-10-17,2025-10-17,51230.0,1463800.0,Annually,Expired,1,Medium,A0038,Agent
POL007897,C01022,Travel,2024-08-20,2024-09-27,2150.0,211100.0,Annually,Expired,1,Low,A0071,Agent
POL007898,C01766,Life,2023-07-12,2043-07-12,41820.0,2946000.0,Annually,Active,20,Low,A0066,Corporate
POL007899,C01754,Motor,2025-03-23,2026-03-23,14360.0,410200.0,Annually,Active,1,Medium,A0066,Agent
POL007900,C00134,Life,2023-12-08,2038-12-08,65440.0,3990000.0,Monthly,Cancelled,15,Medium,A0038,Referral
POL007901,C04090,Travel,2023-03-17,2023-04-14,1500.0,63500.0,Annually,Expired,1,Medium,A0072,Agent
POL007902,C01336,Motor,2024-07-27,2025-07-27,26010.0,874300.0,Annually,Expired,1,Low,A0097,Agent
POL007903,C00811,Health,2023-01-18,2025-01-18,22350.0,500000.0,Annually,Expired,2,Low,A0067,Corporate
POL007904,C03205,Health,2023-05-31,2026-05-28,60640.0,750000.0,Monthly,Lapsed,3,High,A0001,Online
POL007905,C02842,Motor,2024-09-18,2025-09-18,60520.0,1729200.0,Annually,Expired,1,Medium,A0025,Referral
POL007906,C04767,Home,2024-07-20,2025-07-20,2300.0,1229200.0,Annually,Expired,1,Low,A0085,Agent
POL007907,C00614,Health,2023-12-18,2025-12-18,50200.0,1000000.0,Annually,Expired,2,Medium,A0045,Corporate
POL007908,C01054,Life,2023-03-03,2043-03-03,277450.0,10671000.0,Annually,Active,20,Medium,A0043,Online
POL007909,C03018,Health,2025-06-03,2026-06-03,26300.0,500000.0,Monthly,Active,1,Medium,A0014,Referral
POL007910,C02432,Life,2024-09-27,2044-09-27,65640.0,2817000.0,Quarterly,Active,20,Medium,A0011,Agent
POL007911,C01799,Health,2024-10-18,2026-10-18,122000.0,2000000.0,Monthly,Active,2,Medium,A0016,Agent
POL007912,C02240,Home,2023-04-18,2028-04-18,15600.0,5454600.0,Annually,Active,5,High,A0030,Agent
POL007913,C04552,Life,2025-02-27,2045-02-27,226520.0,10536000.0,Monthly,Active,20,Medium,A0086,Online
POL007914,C00430,Life,2024-03-27,2039-03-27,30750.0,1809000.0,Annually,Active,15,Low,A0088,Online
POL007915,C03040,Health,2023-04-13,2024-04-13,38100.0,750000.0,Monthly,Expired,1,Medium,A0050,Agent
POL007916,C01047,Home,2025-01-27,2035-01-27,7140.0,3816000.0,Annually,Active,10,Low,A0050,Online
POL007917,C01944,Motor,2024-05-18,2025-05-18,18040.0,515300.0,Monthly,Expired,1,Medium,A0042,Agent
POL007918,C02758,Life,2023-06-24,2043-06-24,34400.0,2514000.0,Quarterly,Active,20,Low,A0042,Corporate
POL007919,C01984,Motor,2024-09-02,2025-09-02,51570.0,1473400.0,Annually,Expired,1,Medium,A0094,Corporate
POL007920,C01027,Home,2025-05-27,2035-05-27,12340.0,6596600.0,Annually,Active,10,Low,A0071,Referral
POL007921,C02399,Motor,2024-10-08,2025-10-08,32230.0,920900.0,Annually,Expired,1,Medium,A0006,Agent
POL007922,C04974,Motor,2023-03-16,2024-03-15,68740.0,1510700.0,Annually,Expired,1,High,A0002,Agent
POL007923,C01572,Health,2024-01-30,2025-01-28,43950.0,750000.0,Monthly,Expired,1,Medium,A0057,Online
POL007924,C00236,Home,2025-09-30,2035-09-28,2160.0,1153500.0,Monthly,Active,10,Low,A0044,Corporate
POL007925,C02523,Motor,2024-02-20,2025-02-19,33760.0,964500.0,Annually,Expired,1,Medium,A0030,Corporate
POL007926,C01700,Health,2023-09-15,2024-09-15,28650.0,750000.0,Monthly,Expired,1,Medium,A0018,Agent
POL007927,C00205,Health,2025-02-13,2027-02-13,33600.0,750000.0,Annually,Active,2,Medium,A0030,Agent
POL007928,C01675,Home,2023-10-28,2033-10-28,12340.0,6601000.0,Annually,Active,10,Low,A0061,Referral
POL007929,C04772,Health,2024-01-21,2025-01-21,18280.0,500000.0,Annually,Expired,1,Low,A0011,Online
POL007930,C01874,Travel,2023-04-06,2023-05-24,2520.0,246700.0,Annually,Expired,1,Low,A0020,Referral
POL007931,C02955,Health,2025-09-06,2026-09-06,23560.0,300000.0,Monthly,Active,1,High,A0083,Online
POL007932,C02025,Health,2024-07-09,2025-07-09,62480.0,1500000.0,Annually,Expired,1,Low,A0032,Online
POL007933,C04589,Motor,2023-04-06,2024-04-05,62190.0,1776800.0,Annually,Expired,1,Medium,A0069,Online
POL007934,C02377,Home,2025-01-10,2035-01-10,6290.0,2857800.0,Annually,Active,10,Medium,A0051,Bancassurance
POL007935,C04792,Life,2025-08-21,2040-08-21,36070.0,1475800.0,Monthly,Active,15,High,A0020,Bancassurance
POL007936,C02040,Life,2025-02-07,2035-02-07,30950.0,1936600.0,Annually,Active,10,Low,A0044,Agent
POL007937,C03582,Life,2023-01-23,2038-01-23,34430.0,2088000.0,Annually,Active,15,Low,A0014,Bancassurance
POL007938,C04379,Health,2024-01-01,2026-01-01,26300.0,500000.0,Annually,Active,2,Medium,A0053,Online
POL007939,C03373,Travel,2024-08-16,2024-10-13,3500.0,343500.0,Annually,Expired,1,Low,A0064,Corporate
POL007940,C01726,Health,2024-05-28,2026-05-28,13110.0,300000.0,Annually,Active,2,Low,A0042,Agent
POL007941,C04385,Home,2024-11-20,2025-11-20,8950.0,4786600.0,Annually,Lapsed,1,Low,A0079,Corporate
POL007942,C02160,Health,2023-08-20,2024-08-20,28560.0,750000.0,Annually,Expired,1,Low,A0009,Online
POL007943,C00199,Motor,2024-04-08,2025-04-08,8980.0,256500.0,Monthly,Expired,1,Medium,A0097,Agent
POL007944,C02503,Motor,2024-03-02,2025-03-02,32750.0,935700.0,Annually,Expired,1,Medium,A0001,Bancassurance
POL007945,C00749,Motor,2023-04-19,2024-04-18,58130.0,1660900.0,Annually,Expired,1,Medium,A0084,Referral
POL007946,C01453,Home,2025-07-15,2035-07-15,2250.0,1024000.0,Monthly,Active,10,Medium,A0097,Online
POL007947,C03158,Home,2024-02-29,2029-02-28,10120.0,5414000.0,Annually,Active,5,Low,A0051,Agent
POL007948,C03651,Motor,2023-08-28,2024-08-27,48450.0,1384200.0,Annually,Expired,1,Medium,A0081,Agent
POL007949,C00738,Motor,2024-02-28,2025-02-27,57650.0,1647100.0,Annually,Expired,1,Medium,A0018,Agent
POL007950,C02047,Life,2024-10-30,2034-10-28,55690.0,3459000.0,Annually,Active,10,Medium,A0038,Agent
POL007951,C03545,Motor,2024-04-06,2025-04-06,24660.0,542100.0,Annually,Expired,1,High,A0094,Corporate
POL007952,C04496,Motor,2025-02-11,2026-02-11,24980.0,713600.0,Annually,Active,1,Medium,A0075,Online
POL007953,C02278,Motor,2024-07-12,2025-07-12,20150.0,575800.0,Annually,Expired,1,Medium,A0075,Bancassurance
POL007954,C01654,Life,2023-09-09,2038-09-09,56430.0,3648000.0,Quarterly,Active,15,Low,A0040,Bancassurance
POL007955,C00631,Health,2023-10-20,2024-10-20,12650.0,300000.0,Annually,Expired,1,Low,A0026,Agent
POL007956,C03111,Life,2025-01-02,2045-01-02,19230.0,1290900.0,Annually,Active,20,Medium,A0052,Online
POL007957,C04130,Health,2025-06-19,2026-06-19,18780.0,500000.0,Annually,Lapsed,1,Low,A0100,Agent
POL007958,C03811,Motor,2025-03-31,2026-03-31,59120.0,1689200.0,Annually,Active,1,Medium,A0010,Online
POL007959,C00610,Travel,2023-11-14,2023-11-27,4590.0,450200.0,Annually,Expired,1,Low,A0021,Agent
POL007960,C02737,Life,2024-07-24,2054-07-24,148210.0,8988000.0,Quarterly,Active,30,Low,A0032,Online
POL007961,C01881,Travel,2024-03-30,2024-04-24,9000.0,882300.0,Annually,Expired,1,Low,A0053,Agent
POL007962,C02291,Life,2023-07-22,2043-07-22,174990.0,9711000.0,Monthly,Active,20,Low,A0088,Agent
POL007963,C04321,Health,2023-07-17,2025-07-17,12800.0,300000.0,Annually,Expired,2,Low,A0040,Agent
POL007964,C03612,Home,2024-12-18,2029-12-18,2990.0,1359200.0,Monthly,Active,5,Medium,A0043,Agent
POL007965,C02789,Motor,2025-07-28,2026-07-28,22550.0,644300.0,Annually,Active,1,Medium,A0097,Corporate
POL007966,C02719,Motor,2024-08-09,2025-08-09,22070.0,630700.0,Annually,Expired,1,Medium,A0098,Agent
POL007967,C02703,Motor,2023-04-15,2024-04-14,40650.0,1161500.0,Monthly,Lapsed,1,Medium,A0024,Bancassurance
POL007968,C03858,Life,2023-05-08,2048-05-08,31620.0,1754500.0,Monthly,Active,25,Low,A0037,Agent
POL007969,C01773,Motor,2024-06-25,2025-06-25,44540.0,1272500.0,Annually,Expired,1,Medium,A0015,Online
POL007970,C03674,Health,2025-01-15,2026-01-15,18020.0,500000.0,Monthly,Cancelled,1,Low,A0014,Bancassurance
POL007971,C04410,Motor,2024-04-18,2025-04-18,53640.0,1532600.0,Annually,Expired,1,Medium,A0008,Agent
POL007972,C02112,Life,2023-12-25,2038-12-25,70380.0,3798000.0,Annually,Active,15,Low,A0069,Agent
POL007973,C04992,Life,2024-11-09,2039-11-09,101700.0,4602000.0,Monthly,Active,15,Medium,A0075,Agent
POL007974,C01374,Health,2023-05-19,2024-05-19,16500.0,300000.0,Quarterly,Expired,1,Medium,A0027,Agent
POL007975,C03222,Motor,2023-06-28,2024-06-27,8590.0,188800.0,Annually,Expired,1,High,A0097,Online
POL007976,C03299,Life,2025-03-28,2040-03-28,80880.0,4365000.0,Annually,Active,15,Low,A0004,Bancassurance
POL007977,C02635,Motor,2023-07-03,2024-07-02,63950.0,1405600.0,Annually,Lapsed,1,High,A0010,Agent
POL007978,C04593,Motor,2024-09-23,2025-09-23,51460.0,1470200.0,Annually,Expired,1,Medium,A0097,Online
POL007979,C01332,Motor,2023-05-09,2024-05-08,37270.0,1065000.0,Annually,Expired,1,Medium,A0093,Agent
POL007980,C02062,Home,2023-06-07,2024-06-07,12360.0,6609700.0,Annually,Expired,1,Low,A0069,Agent
POL007981,C04421,Life,2025-04-12,2045-04-12,98460.0,4337400.0,Monthly,Active,20,Medium,A0067,Corporate
POL007982,C03958,Motor,2025-02-18,2026-02-18,75820.0,1666400.0,Monthly,Active,1,High,A0093,Online
POL007983,C01378,Home,2025-01-16,2040-01-16,6520.0,3487600.0,Annually,Active,15,Low,A0043,Bancassurance
POL007984,C03274,Life,2025-08-10,2045-08-10,53510.0,2211000.0,Quarterly,Active,20,Medium,A0005,Online
POL007985,C00089,Health,2025-05-26,2028-05-26,38100.0,750000.0,Annually,Active,3,Medium,A0026,Online
POL007986,C04242,Travel,2023-08-26,2023-09-19,10540.0,878700.0,Annually,Expired,1,Medium,A0092,Bancassurance
POL007987,C03905,Health,2025-06-30,2026-06-28,57400.0,1000000.0,Monthly,Active,1,Medium,A0040,Corporate
POL007988,C02188,Home,2024-06-08,2039-06-08,13840.0,7402700.0,Monthly,Active,15,Low,A0091,Agent
POL007989,C03422,Health,2025-08-29,2026-08-28,40600.0,1000000.0,Monthly,Active,1,Medium,A0056,Corporate
POL007990,C02243,Health,2024-11-13,2025-11-13,30860.0,750000.0,Quarterly,Lapsed,1,Low,A0053,Online
POL007991,C01310,Health,2023-01-15,2024-01-15,15600.0,300000.0,Monthly,Expired,1,Medium,A0013,Bancassurance
POL007992,C00940,Motor,2023-03-18,2024-03-17,10270.0,293500.0,Annually,Expired,1,Medium,A0082,Bancassurance
POL007993,C01624,Home,2025-06-20,2040-06-20,13480.0,7208700.0,Annually,Lapsed,15,Low,A0026,Online
POL007994,C03289,Health,2023-09-07,2024-09-07,18280.0,500000.0,Quarterly,Expired,1,Low,A0047,Bancassurance
POL007995,C00694,Health,2024-09-28,2026-09-28,87380.0,2000000.0,Annually,Cancelled,2,Low,A0082,Corporate
POL007996,C00175,Motor,2023-05-29,2024-05-28,59170.0,1690500.0,Annually,Expired,1,Medium,A0057,Bancassurance
POL007997,C02515,Life,2024-04-07,2044-04-07,46720.0,2421500.0,Monthly,Active,20,Low,A0006,Referral
POL007998,C02091,Health,2025-04-21,2026-04-21,13980.0,300000.0,Monthly,Active,1,Medium,A0016,Agent
POL007999,C02518,Life,2024-09-21,2044-09-21,96740.0,4563000.0,Quarterly,Active,20,Medium,A0096,Bancassurance
POL008000,C04434,Life,2025-07-15,2045-07-15,55510.0,3315000.0,Annually,Active,20,Low,A0051,Online
